{"number":1,"name":"سورة الفاتحة","transliteration_en":"Al-Faatiha","translation_en":"The Opening","total_verses":7,"revelation_type":"Meccan","verses":[{"number":1,"text":"بِسْمِ ٱللَّهِ ٱلرَّحْمَٰنِ ٱلرَّحِيمِ","translation_en":"In the name of Allah, the Entirely Merciful, the Especially Merciful.","translation_id":"Dengan menyebut nama Allah Yang Maha Pemurah lagi Maha Penyayang."},{"number":2,"text":"ٱلْحَمْدُ لِلَّهِ رَبِّ ٱلْعَٰلَمِينَ","translation_en":"[All] praise is [due] to Allah, Lord of the worlds -","translation_id":"Segala puji bagi Allah, Tuhan semesta alam."},{"number":3,"text":"ٱلرَّحْمَٰنِ ٱلرَّحِيمِ","translation_en":"The Entirely Merciful, the Especially Merciful,","translation_id":"Maha Pemurah lagi Maha Penyayang."},{"number":4,"text":"مَٰلِكِ يَوْمِ ٱلدِّينِ","translation_en":"Sovereign of the Day of Recompense.","translation_id":"Yang menguasai di Hari Pembalasan."},{"number":5,"text":"إِيَّاكَ نَعْبُدُ وَإِيَّاكَ نَسْتَعِينُ","translation_en":"It is You we worship and You we ask for help.","translation_id":"Hanya Engkaulah yang kami sembah, dan hanya kepada Engkaulah kami meminta pertolongan."},{"number":6,"text":"ٱهْدِنَا ٱلصِّرَٰطَ ٱلْمُسْتَقِيمَ","translation_en":"Guide us to the straight path -","translation_id":"Tunjukilah kami jalan yang lurus,"},{"number":7,"text":"صِرَٰطَ ٱلَّذِينَ أَنْعَمْتَ عَلَيْهِمْ غَيْرِ ٱلْمَغْضُوبِ عَلَيْهِمْ وَلَا ٱلضَّآلِّينَ","translation_en":"The path of those upon whom You have bestowed favor, not of those who have evoked [Your] anger or of those who are astray.","translation_id":"(yaitu) Jalan orang-orang yang telah Engkau beri nikmat kepada mereka; bukan (jalan) mereka yang dimurkai dan bukan (pula jalan) mereka yang sesat."}]}