{"number":10,"name":"سورة يونس","transliteration_en":"Yunus","translation_en":"Jonas","total_verses":109,"revelation_type":"Meccan","verses":[{"number":1,"text":"بِسْمِ ٱللَّهِ ٱلرَّحْمَٰنِ ٱلرَّحِيمِ الٓر تِلْكَ ءَايَٰتُ ٱلْكِتَٰبِ ٱلْحَكِيمِ","translation_en":"Alif, Lam, Ra. These are the verses of the wise Book","translation_id":"Alif laam raa. Inilah ayat-ayat Al Quran yang mengandung hikmah."},{"number":2,"text":"أَكَانَ لِلنَّاسِ عَجَبًا أَنْ أَوْحَيْنَآ إِلَىٰ رَجُلٍ مِّنْهُمْ أَنْ أَنذِرِ ٱلنَّاسَ وَبَشِّرِ ٱلَّذِينَ ءَامَنُوٓا۟ أَنَّ لَهُمْ قَدَمَ صِدْقٍ عِندَ رَبِّهِمْ قَالَ ٱلْكَٰفِرُونَ إِنَّ هَٰذَا لَسَٰحِرٌ مُّبِينٌ","translation_en":"Have the people been amazed that We revealed [revelation] to a man from among them, [saying], \"Warn mankind and give good tidings to those who believe that they will have a [firm] precedence of honor with their Lord\"? [But] the disbelievers say, \"Indeed, this is an obvious magician.\"","translation_id":"Patutkah menjadi keheranan bagi manusia bahwa Kami mewahyukan kepada seorang laki-laki di antara mereka: \"Berilah peringatan kepada manusia dan gembirakanlah orang-orang beriman bahwa mereka mempunyai kedudukan yang tinggi di sisi Tuhan mereka\". Orang-orang kafir berkata: \"Sesungguhnya orang ini (Muhammad) benar-benar adalah tukang sihir yang nyata\"."},{"number":3,"text":"إِنَّ رَبَّكُمُ ٱللَّهُ ٱلَّذِى خَلَقَ ٱلسَّمَٰوَٰتِ وَٱلْأَرْضَ فِى سِتَّةِ أَيَّامٍ ثُمَّ ٱسْتَوَىٰ عَلَى ٱلْعَرْشِ يُدَبِّرُ ٱلْأَمْرَ مَا مِن شَفِيعٍ إِلَّا مِنۢ بَعْدِ إِذْنِهِۦ ذَٰلِكُمُ ٱللَّهُ رَبُّكُمْ فَٱعْبُدُوهُ أَفَلَا تَذَكَّرُونَ","translation_en":"Indeed, your Lord is Allah, who created the heavens and the earth in six days and then established Himself above the Throne, arranging the matter [of His creation]. There is no intercessor except after His permission. That is Allah, your Lord, so worship Him. Then will you not remember?","translation_id":"Sesungguhnya Tuhan kamu ialah Allah Yang menciptakan langit dan bumi dalam enam masa, kemudian Dia bersemayam di atas 'Arsy untuk mengatur segala urusan. Tiada seorangpun yang akan memberi syafa'at kecuali sesudah ada izin-Nya. (Dzat) yang demikian itulah Allah, Tuhan kamu, maka sembahlah Dia. Maka apakah kamu tidak mengambil pelajaran?"},{"number":4,"text":"إِلَيْهِ مَرْجِعُكُمْ جَمِيعًا وَعْدَ ٱللَّهِ حَقًّا إِنَّهُۥ يَبْدَؤُا۟ ٱلْخَلْقَ ثُمَّ يُعِيدُهُۥ لِيَجْزِىَ ٱلَّذِينَ ءَامَنُوا۟ وَعَمِلُوا۟ ٱلصَّٰلِحَٰتِ بِٱلْقِسْطِ وَٱلَّذِينَ كَفَرُوا۟ لَهُمْ شَرَابٌ مِّنْ حَمِيمٍ وَعَذَابٌ أَلِيمٌۢ بِمَا كَانُوا۟ يَكْفُرُونَ","translation_en":"To Him is your return all together. [It is] the promise of Allah [which is] truth. Indeed, He begins the [process of] creation and then repeats it that He may reward those who have believed and done righteous deeds, in justice. But those who disbelieved will have a drink of scalding water and a painful punishment for what they used to deny.","translation_id":"Hanya kepada-Nya-lah kamu semuanya akan kembali; sebagai janji yang benar daripada Allah, sesungguhnya Allah menciptakan makhluk pada permulaannya kemudian mengulanginya (menghidupkannya) kembali (sesudah berbangkit), agar Dia memberi pembalasan kepada orang-orang yang beriman dan yang mengerjakan amal saleh dengan adil. Dan untuk orang-orang kafir disediakan minuman air yang panas dan azab yang pedih disebabkan kekafiran mereka."},{"number":5,"text":"هُوَ ٱلَّذِى جَعَلَ ٱلشَّمْسَ ضِيَآءً وَٱلْقَمَرَ نُورًا وَقَدَّرَهُۥ مَنَازِلَ لِتَعْلَمُوا۟ عَدَدَ ٱلسِّنِينَ وَٱلْحِسَابَ مَا خَلَقَ ٱللَّهُ ذَٰلِكَ إِلَّا بِٱلْحَقِّ يُفَصِّلُ ٱلْءَايَٰتِ لِقَوْمٍ يَعْلَمُونَ","translation_en":"It is He who made the sun a shining light and the moon a derived light and determined for it phases - that you may know the number of years and account [of time]. Allah has not created this except in truth. He details the signs for a people who know","translation_id":"Dialah yang menjadikan matahari bersinar dan bulan bercahaya dan ditetapkan-Nya manzilah-manzilah (tempat-tempat) bagi perjalanan bulan itu, supaya kamu mengetahui bilangan tahun dan perhitungan (waktu). Allah tidak menciptakan yang demikian itu melainkan dengan hak. Dia menjelaskan tanda-tanda (kebesaran-Nya) kepada orang-orang yang mengetahui."},{"number":6,"text":"إِنَّ فِى ٱخْتِلَٰفِ ٱلَّيْلِ وَٱلنَّهَارِ وَمَا خَلَقَ ٱللَّهُ فِى ٱلسَّمَٰوَٰتِ وَٱلْأَرْضِ لَءَايَٰتٍ لِّقَوْمٍ يَتَّقُونَ","translation_en":"Indeed, in the alternation of the night and the day and [in] what Allah has created in the heavens and the earth are signs for a people who fear Allah","translation_id":"Sesungguhnya pada pertukaran malam dan siang itu dan pada apa yang diciptakan Allah di langit dan di bumi, benar-benar terdapat tanda-tanda (kekuasaan-Nya) bagi orang-orang yang bertakwa."},{"number":7,"text":"إِنَّ ٱلَّذِينَ لَا يَرْجُونَ لِقَآءَنَا وَرَضُوا۟ بِٱلْحَيَوٰةِ ٱلدُّنْيَا وَٱطْمَأَنُّوا۟ بِهَا وَٱلَّذِينَ هُمْ عَنْ ءَايَٰتِنَا غَٰفِلُونَ","translation_en":"Indeed, those who do not expect the meeting with Us and are satisfied with the life of this world and feel secure therein and those who are heedless of Our signs","translation_id":"Sesungguhnya orang-orang yang tidak mengharapkan (tidak percaya akan) pertemuan dengan Kami, dan merasa puas dengan kehidupan dunia serta merasa tenteram dengan kehidupan itu dan orang-orang yang melalaikan ayat-ayat Kami,"},{"number":8,"text":"أُو۟لَٰٓئِكَ مَأْوَىٰهُمُ ٱلنَّارُ بِمَا كَانُوا۟ يَكْسِبُونَ","translation_en":"For those their refuge will be the Fire because of what they used to earn.","translation_id":"mereka itu tempatnya ialah neraka, disebabkan apa yang selalu mereka kerjakan."},{"number":9,"text":"إِنَّ ٱلَّذِينَ ءَامَنُوا۟ وَعَمِلُوا۟ ٱلصَّٰلِحَٰتِ يَهْدِيهِمْ رَبُّهُم بِإِيمَٰنِهِمْ تَجْرِى مِن تَحْتِهِمُ ٱلْأَنْهَٰرُ فِى جَنَّٰتِ ٱلنَّعِيمِ","translation_en":"Indeed, those who have believed and done righteous deeds - their Lord will guide them because of their faith. Beneath them rivers will flow in the Gardens of Pleasure","translation_id":"Sesungguhnya orang-orang yang beriman dan mengerjakan amal-amal saleh, mereka diberi petunjuk oleh Tuhan mereka karena keimanannya, di bawah mereka mengalir sungai-sungai di dalam surga yang penuh kenikmatan."},{"number":10,"text":"دَعْوَىٰهُمْ فِيهَا سُبْحَٰنَكَ ٱللَّهُمَّ وَتَحِيَّتُهُمْ فِيهَا سَلَٰمٌ وَءَاخِرُ دَعْوَىٰهُمْ أَنِ ٱلْحَمْدُ لِلَّهِ رَبِّ ٱلْعَٰلَمِينَ","translation_en":"Their call therein will be, \"Exalted are You, O Allah,\" and their greeting therein will be, \"Peace.\" And the last of their call will be, \"Praise to Allah, Lord of the worlds!\"","translation_id":"Do'a mereka di dalamnya ialah: \"Subhanakallahumma\", dan salam penghormatan mereka ialah: \"Salam\". Dan penutup doa mereka ialah: \"Alhamdulilaahi Rabbil 'aalamin\"."},{"number":11,"text":"وَلَوْ يُعَجِّلُ ٱللَّهُ لِلنَّاسِ ٱلشَّرَّ ٱسْتِعْجَالَهُم بِٱلْخَيْرِ لَقُضِىَ إِلَيْهِمْ أَجَلُهُمْ فَنَذَرُ ٱلَّذِينَ لَا يَرْجُونَ لِقَآءَنَا فِى طُغْيَٰنِهِمْ يَعْمَهُونَ","translation_en":"And if Allah was to hasten for the people the evil [they invoke] as He hastens for them the good, their term would have been ended for them. But We leave the ones who do not expect the meeting with Us, in their transgression, wandering blindly","translation_id":"Dan kalau sekiranya Allah menyegerakan kejahatan bagi manusia seperti permintaan mereka untuk menyegerakan kebaikan, pastilah diakhiri umur mereka. Maka Kami biarkan orang-orang yang tidak mengharapkan pertemuan dengan Kami, bergelimangan di dalam kesesatan mereka."},{"number":12,"text":"وَإِذَا مَسَّ ٱلْإِنسَٰنَ ٱلضُّرُّ دَعَانَا لِجَنۢبِهِۦٓ أَوْ قَاعِدًا أَوْ قَآئِمًا فَلَمَّا كَشَفْنَا عَنْهُ ضُرَّهُۥ مَرَّ كَأَن لَّمْ يَدْعُنَآ إِلَىٰ ضُرٍّ مَّسَّهُۥ كَذَٰلِكَ زُيِّنَ لِلْمُسْرِفِينَ مَا كَانُوا۟ يَعْمَلُونَ","translation_en":"And when affliction touches man, he calls upon Us, whether lying on his side or sitting or standing; but when We remove from him his affliction, he continues [in disobedience] as if he had never called upon Us to [remove] an affliction that touched him. Thus is made pleasing to the transgressors that which they have been doing","translation_id":"Dan apabila manusia ditimpa bahaya dia berdoa kepada Kami dalam keadaan berbaring, duduk atau berdiri, tetapi setelah Kami hilangkan bahaya itu daripadanya, dia (kembali) melalui (jalannya yang sesat), seolah-olah dia tidak pernah berdoa kepada Kami untuk (menghilangkan) bahaya yang telah menimpanya. Begitulah orang-orang yang melampaui batas itu memandang baik apa yang selalu mereka kerjakan."},{"number":13,"text":"وَلَقَدْ أَهْلَكْنَا ٱلْقُرُونَ مِن قَبْلِكُمْ لَمَّا ظَلَمُوا۟ وَجَآءَتْهُمْ رُسُلُهُم بِٱلْبَيِّنَٰتِ وَمَا كَانُوا۟ لِيُؤْمِنُوا۟ كَذَٰلِكَ نَجْزِى ٱلْقَوْمَ ٱلْمُجْرِمِينَ","translation_en":"And We had already destroyed generations before you when they wronged, and their messengers had come to them with clear proofs, but they were not to believe. Thus do We recompense the criminal people","translation_id":"Dan sesungguhnya Kami telah membinasakan umat-umat sebelum kamu, ketika mereka berbuat kezaliman, padahal rasul-rasul mereka telah datang kepada mereka dengan membawa keterangan-keterangan yang nyata, tetapi mereka sekali-kali tidak hendak beriman. Demikianlah Kami memberi pembalasan kepada orang-orang yang berbuat dosa."},{"number":14,"text":"ثُمَّ جَعَلْنَٰكُمْ خَلَٰٓئِفَ فِى ٱلْأَرْضِ مِنۢ بَعْدِهِمْ لِنَنظُرَ كَيْفَ تَعْمَلُونَ","translation_en":"Then We made you successors in the land after them so that We may observe how you will do.","translation_id":"Kemudian Kami jadikan kamu pengganti-pengganti (mereka) di muka bumi sesudah mereka, supaya Kami memperhatikan bagaimana kamu berbuat."},{"number":15,"text":"وَإِذَا تُتْلَىٰ عَلَيْهِمْ ءَايَاتُنَا بَيِّنَٰتٍ قَالَ ٱلَّذِينَ لَا يَرْجُونَ لِقَآءَنَا ٱئْتِ بِقُرْءَانٍ غَيْرِ هَٰذَآ أَوْ بَدِّلْهُ قُلْ مَا يَكُونُ لِىٓ أَنْ أُبَدِّلَهُۥ مِن تِلْقَآئِ نَفْسِىٓ إِنْ أَتَّبِعُ إِلَّا مَا يُوحَىٰٓ إِلَىَّ إِنِّىٓ أَخَافُ إِنْ عَصَيْتُ رَبِّى عَذَابَ يَوْمٍ عَظِيمٍ","translation_en":"And when Our verses are recited to them as clear evidences, those who do not expect the meeting with Us say, \"Bring us a Qur'an other than this or change it.\" Say, [O Muhammad], \"It is not for me to change it on my own accord. I only follow what is revealed to me. Indeed I fear, if I should disobey my Lord, the punishment of a tremendous Day.\"","translation_id":"Dan apabila dibacakan kepada mereka ayat-ayat Kami yang nyata, orang-orang yang tidak mengharapkan pertemuan dengan Kami berkata: \"Datangkanlah Al Quran yang lain dari ini atau gantilah dia\". Katakanlah: \"Tidaklah patut bagiku menggantinya dari pihak diriku sendiri. Aku tidak mengikut kecuali apa yang diwahyukan kepadaku. Sesungguhnya aku takut jika mendurhakai Tuhanku kepada siksa hari yang besar (kiamat)\"."},{"number":16,"text":"قُل لَّوْ شَآءَ ٱللَّهُ مَا تَلَوْتُهُۥ عَلَيْكُمْ وَلَآ أَدْرَىٰكُم بِهِۦ فَقَدْ لَبِثْتُ فِيكُمْ عُمُرًا مِّن قَبْلِهِۦٓ أَفَلَا تَعْقِلُونَ","translation_en":"Say, \"If Allah had willed, I would not have recited it to you, nor would He have made it known to you, for I had remained among you a lifetime before it. Then will you not reason?\"","translation_id":"Katakanlah: \"Jikalau Allah menghendaki, niscaya aku tidak membacakannya kepadamu dan Allah tidak (pula) memberitahukannya kepadamu\". Sesungguhnya aku telah tinggal bersamamu beberapa lama sebelumnya. Maka apakah kamu tidak memikirkannya?"},{"number":17,"text":"فَمَنْ أَظْلَمُ مِمَّنِ ٱفْتَرَىٰ عَلَى ٱللَّهِ كَذِبًا أَوْ كَذَّبَ بِـَٔايَٰتِهِۦٓ إِنَّهُۥ لَا يُفْلِحُ ٱلْمُجْرِمُونَ","translation_en":"So who is more unjust than he who invents a lie about Allah or denies His signs? Indeed, the criminals will not succeed","translation_id":"Maka siapakah yang lebih zalim daripada orang yang mengada-adakan kedustaan terhadap Allah atau mendustakan ayat-ayat-Nya? Sesungguhnya, tiadalah beruntung orang-orang yang berbuat dosa."},{"number":18,"text":"وَيَعْبُدُونَ مِن دُونِ ٱللَّهِ مَا لَا يَضُرُّهُمْ وَلَا يَنفَعُهُمْ وَيَقُولُونَ هَٰٓؤُلَآءِ شُفَعَٰٓؤُنَا عِندَ ٱللَّهِ قُلْ أَتُنَبِّـُٔونَ ٱللَّهَ بِمَا لَا يَعْلَمُ فِى ٱلسَّمَٰوَٰتِ وَلَا فِى ٱلْأَرْضِ سُبْحَٰنَهُۥ وَتَعَٰلَىٰ عَمَّا يُشْرِكُونَ","translation_en":"And they worship other than Allah that which neither harms them nor benefits them, and they say, \"These are our intercessors with Allah \" Say, \"Do you inform Allah of something He does not know in the heavens or on the earth?\" Exalted is He and high above what they associate with Him","translation_id":"Dan mereka menyembah selain daripada Allah apa yang tidak dapat mendatangkan kemudharatan kepada mereka dan tidak (pula) kemanfaatan, dan mereka berkata: \"Mereka itu adalah pemberi syafa'at kepada kami di sisi Allah\". Katakanlah: \"Apakah kamu mengabarkan kepada Allah apa yang tidak diketahui-Nya baik di langit dan tidak (pula) dibumi?\" Maha Suci Allah dan Maha Tinggi dan apa yang mereka mempersekutukan (itu)."},{"number":19,"text":"وَمَا كَانَ ٱلنَّاسُ إِلَّآ أُمَّةً وَٰحِدَةً فَٱخْتَلَفُوا۟ وَلَوْلَا كَلِمَةٌ سَبَقَتْ مِن رَّبِّكَ لَقُضِىَ بَيْنَهُمْ فِيمَا فِيهِ يَخْتَلِفُونَ","translation_en":"And mankind was not but one community [united in religion], but [then] they differed. And if not for a word that preceded from your Lord, it would have been judged between them [immediately] concerning that over which they differ.","translation_id":"Manusia dahulunya hanyalah satu umat, kemudian mereka berselisih. Kalau tidaklah karena suatu ketetapan yang telah ada dari Tuhanmu dahulu, pastilah telah diberi keputusan di antara mereka, tentang apa yang mereka perselisihkan itu."},{"number":20,"text":"وَيَقُولُونَ لَوْلَآ أُنزِلَ عَلَيْهِ ءَايَةٌ مِّن رَّبِّهِۦ فَقُلْ إِنَّمَا ٱلْغَيْبُ لِلَّهِ فَٱنتَظِرُوٓا۟ إِنِّى مَعَكُم مِّنَ ٱلْمُنتَظِرِينَ","translation_en":"And they say, \"Why is a sign not sent down to him from his Lord?\" So say, \"The unseen is only for Allah [to administer], so wait; indeed, I am with you among those who wait.\"","translation_id":"Dan mereka berkata: \"Mepada tidak diturunkan kepadanya (Muhammad) suatu keterangan (mukjizat) dari Tuhannya?\" Maka katakanlah: \"Sesungguhnya yang ghaib itu kepunyaan Allah, sebab itu tunggu (sajalah) olehmu, sesungguhnya aku bersama kamu termasuk orang-orang yang manunggu."},{"number":21,"text":"وَإِذَآ أَذَقْنَا ٱلنَّاسَ رَحْمَةً مِّنۢ بَعْدِ ضَرَّآءَ مَسَّتْهُمْ إِذَا لَهُم مَّكْرٌ فِىٓ ءَايَاتِنَا قُلِ ٱللَّهُ أَسْرَعُ مَكْرًا إِنَّ رُسُلَنَا يَكْتُبُونَ مَا تَمْكُرُونَ","translation_en":"And when We give the people a taste of mercy after adversity has touched them, at once they conspire against Our verses. Say, \"Allah is swifter in strategy.\" Indeed, Our messengers record that which you conspire","translation_id":"Dan apabila Kami merasakan kepada manusia suatu rahmat, sesudah (datangnya) bahaya menimpa mereka, tiba-tiba mereka mempunyai tipu daya dalam (menentang) tanda-tanda kekuasaan Kami. Katakanlah: \"Allah lebih cepat pembalasannya (atas tipu daya itu)\". Sesungguhnya malaikat-malaikat Kami menuliskan tipu dayamu."},{"number":22,"text":"هُوَ ٱلَّذِى يُسَيِّرُكُمْ فِى ٱلْبَرِّ وَٱلْبَحْرِ حَتَّىٰٓ إِذَا كُنتُمْ فِى ٱلْفُلْكِ وَجَرَيْنَ بِهِم بِرِيحٍ طَيِّبَةٍ وَفَرِحُوا۟ بِهَا جَآءَتْهَا رِيحٌ عَاصِفٌ وَجَآءَهُمُ ٱلْمَوْجُ مِن كُلِّ مَكَانٍ وَظَنُّوٓا۟ أَنَّهُمْ أُحِيطَ بِهِمْ دَعَوُا۟ ٱللَّهَ مُخْلِصِينَ لَهُ ٱلدِّينَ لَئِنْ أَنجَيْتَنَا مِنْ هَٰذِهِۦ لَنَكُونَنَّ مِنَ ٱلشَّٰكِرِينَ","translation_en":"It is He who enables you to travel on land and sea until, when you are in ships and they sail with them by a good wind and they rejoice therein, there comes a storm wind and the waves come upon them from everywhere and they assume that they are surrounded, supplicating Allah, sincere to Him in religion, \"If You should save us from this, we will surely be among the thankful.\"","translation_id":"Dialah Tuhan yang menjadikan kamu dapat berjalan di daratan, (berlayar) di lautan. Sehingga apabila kamu berada di dalam bahtera, dan meluncurlah bahtera itu membawa orang-orang yang ada di dalamnya dengan tiupan angin yang baik, dan mereka bergembira karenanya, datanglah angin badai, dan (apabila) gelombang dari segenap penjuru menimpanya, dan mereka yakin bahwa mereka telah terkepung (bahaya), maka mereka berdoa kepada Allah dengan mengikhlaskan ketaatan kepada-Nya semata-mata. (Mereka berkata): \"Sesungguhnya jika Engkau menyelamatkan kami dari bahaya ini, pastilah kami akan termasuk orang-orang yang bersyukur\"."},{"number":23,"text":"فَلَمَّآ أَنجَىٰهُمْ إِذَا هُمْ يَبْغُونَ فِى ٱلْأَرْضِ بِغَيْرِ ٱلْحَقِّ يَٰٓأَيُّهَا ٱلنَّاسُ إِنَّمَا بَغْيُكُمْ عَلَىٰٓ أَنفُسِكُم مَّتَٰعَ ٱلْحَيَوٰةِ ٱلدُّنْيَا ثُمَّ إِلَيْنَا مَرْجِعُكُمْ فَنُنَبِّئُكُم بِمَا كُنتُمْ تَعْمَلُونَ","translation_en":"But when He saves them, at once they commit injustice upon the earth without right. O mankind, your injustice is only against yourselves, [being merely] the enjoyment of worldly life. Then to Us is your return, and We will inform you of what you used to do.","translation_id":"Maka tatkala Allah menyelamatkan mereka, tiba-tiba mereka membuat kezaliman di muka bumi tanpa (alasan) yang benar. Hai manusia, sesungguhnya (bencana) kezalimanmu akan menimpa dirimu sendiri; (hasil kezalimanmu) itu hanyalah kenikmatan hidup duniawi, kemudian kepada Kami-lah kembalimu, lalu Kami kabarkan kepadamu apa yang telah kamu kerjakan."},{"number":24,"text":"إِنَّمَا مَثَلُ ٱلْحَيَوٰةِ ٱلدُّنْيَا كَمَآءٍ أَنزَلْنَٰهُ مِنَ ٱلسَّمَآءِ فَٱخْتَلَطَ بِهِۦ نَبَاتُ ٱلْأَرْضِ مِمَّا يَأْكُلُ ٱلنَّاسُ وَٱلْأَنْعَٰمُ حَتَّىٰٓ إِذَآ أَخَذَتِ ٱلْأَرْضُ زُخْرُفَهَا وَٱزَّيَّنَتْ وَظَنَّ أَهْلُهَآ أَنَّهُمْ قَٰدِرُونَ عَلَيْهَآ أَتَىٰهَآ أَمْرُنَا لَيْلًا أَوْ نَهَارًا فَجَعَلْنَٰهَا حَصِيدًا كَأَن لَّمْ تَغْنَ بِٱلْأَمْسِ كَذَٰلِكَ نُفَصِّلُ ٱلْءَايَٰتِ لِقَوْمٍ يَتَفَكَّرُونَ","translation_en":"The example of [this] worldly life is but like rain which We have sent down from the sky that the plants of the earth absorb - [those] from which men and livestock eat - until, when the earth has taken on its adornment and is beautified and its people suppose that they have capability over it, there comes to it Our command by night or by day, and We make it as a harvest, as if it had not flourished yesterday. Thus do We explain in detail the signs for a people who give thought.","translation_id":"Sesungguhnya perumpamaan kehidupan duniawi itu, adalah seperti air (hujan) yang Kami turunkan dan langit, lalu tumbuhlah dengan suburnya karena air itu tanam-tanaman bumi, di antaranya ada yang dimakan manusia dan binatang ternak. Hingga apabila bumi itu telah sempurna keindahannya, dan memakai (pula) perhiasannya, dan pemilik-permliknya mengira bahwa mereka pasti menguasasinya, tiba-tiba datanglah kepadanya azab Kami di waktu malam atau siang, lalu Kami jadikan (tanam-tanamannya) laksana tanam-tanaman yang sudah disabit, seakan-akan belum pernah tumbuh kemarin. Demikianlah Kami menjelaskan tanda-tanda kekuasaan (Kami) kepada orang-orang berfikir."},{"number":25,"text":"وَٱللَّهُ يَدْعُوٓا۟ إِلَىٰ دَارِ ٱلسَّلَٰمِ وَيَهْدِى مَن يَشَآءُ إِلَىٰ صِرَٰطٍ مُّسْتَقِيمٍ","translation_en":"And Allah invites to the Home of Peace and guides whom He wills to a straight path","translation_id":"Allah menyeru (manusia) ke Darussalam (surga), dan menunjuki orang yang dikehendaki-Nya kepada jalan yang lurus (Islam)."},{"number":26,"text":"لِّلَّذِينَ أَحْسَنُوا۟ ٱلْحُسْنَىٰ وَزِيَادَةٌ وَلَا يَرْهَقُ وُجُوهَهُمْ قَتَرٌ وَلَا ذِلَّةٌ أُو۟لَٰٓئِكَ أَصْحَٰبُ ٱلْجَنَّةِ هُمْ فِيهَا خَٰلِدُونَ","translation_en":"For them who have done good is the best [reward] and extra. No darkness will cover their faces, nor humiliation. Those are companions of Paradise; they will abide therein eternally","translation_id":"Bagi orang-orang yang berbuat baik, ada pahala yang terbaik (surga) dan tambahannya. Dan muka mereka tidak ditutupi debu hitam dan tidak (pula) kehinaan. Mereka itulah penghuni surga, mereka kekal di dalamnya."},{"number":27,"text":"وَٱلَّذِينَ كَسَبُوا۟ ٱلسَّيِّـَٔاتِ جَزَآءُ سَيِّئَةٍۭ بِمِثْلِهَا وَتَرْهَقُهُمْ ذِلَّةٌ مَّا لَهُم مِّنَ ٱللَّهِ مِنْ عَاصِمٍ كَأَنَّمَآ أُغْشِيَتْ وُجُوهُهُمْ قِطَعًا مِّنَ ٱلَّيْلِ مُظْلِمًا أُو۟لَٰٓئِكَ أَصْحَٰبُ ٱلنَّارِ هُمْ فِيهَا خَٰلِدُونَ","translation_en":"But they who have earned [blame for] evil doings - the recompense of an evil deed is its equivalent, and humiliation will cover them. They will have from Allah no protector. It will be as if their faces are covered with pieces of the night - so dark [are they]. Those are the companions of the Fire; they will abide therein eternally.","translation_id":"Dan orang-orang yang mengerjakan kejahatan (mendapat) balasan yang setimpal dan mereka ditutupi kehinaan. Tidak ada bagi mereka seorang pelindungpun dari (azab) Allah, seakan-akan muka mereka ditutupi dengan kepingan-kepingan malam yang gelap gelita. Mereka itulah penghuni neraka; mereka kekal di dalamnya."},{"number":28,"text":"وَيَوْمَ نَحْشُرُهُمْ جَمِيعًا ثُمَّ نَقُولُ لِلَّذِينَ أَشْرَكُوا۟ مَكَانَكُمْ أَنتُمْ وَشُرَكَآؤُكُمْ فَزَيَّلْنَا بَيْنَهُمْ وَقَالَ شُرَكَآؤُهُم مَّا كُنتُمْ إِيَّانَا تَعْبُدُونَ","translation_en":"And [mention, O Muhammad], the Day We will gather them all together - then We will say to those who associated others with Allah, \"[Remain in] your place, you and your 'partners.' \" Then We will separate them, and their \"partners\" will say, \"You did not used to worship us,","translation_id":"(Ingatlah) suatu hari (ketika itu). Kami mengumpulkan mereka semuanya, kemudian Kami berkata kepada orang-orang yang mempersekutukan (Tuhan): \"Tetaplah kamu dan sekutu-sekutumu di tempatmu itu\". Lalu Kami pisahkan mereka dan berkatalah sekutu-sekutu mereka: \"Kamu sekali-kali tidak pernah menyembah kami."},{"number":29,"text":"فَكَفَىٰ بِٱللَّهِ شَهِيدًۢا بَيْنَنَا وَبَيْنَكُمْ إِن كُنَّا عَنْ عِبَادَتِكُمْ لَغَٰفِلِينَ","translation_en":"And sufficient is Allah as a witness between us and you that we were of your worship unaware.\"","translation_id":"Dan cukuplah Allah menjadi saksi antara kami dengan kamu, bahwa kami tidak tahu-menahu tentang penyembahan kamu (kepada kami)."},{"number":30,"text":"هُنَالِكَ تَبْلُوا۟ كُلُّ نَفْسٍ مَّآ أَسْلَفَتْ وَرُدُّوٓا۟ إِلَى ٱللَّهِ مَوْلَىٰهُمُ ٱلْحَقِّ وَضَلَّ عَنْهُم مَّا كَانُوا۟ يَفْتَرُونَ","translation_en":"There, [on that Day], every soul will be put to trial for what it did previously, and they will be returned to Allah, their master, the Truth, and lost from them is whatever they used to invent.","translation_id":"Di tempat itu (padang Mahsyar), tiap-tiap diri merasakan pembalasan dari apa yang telah dikerjakannya dahulu dan mereka dikembalikan kepada Allah Pelindung mereka yang sebenarnya dan lenyaplah dari mereka apa yang mereka ada-adakan."},{"number":31,"text":"قُلْ مَن يَرْزُقُكُم مِّنَ ٱلسَّمَآءِ وَٱلْأَرْضِ أَمَّن يَمْلِكُ ٱلسَّمْعَ وَٱلْأَبْصَٰرَ وَمَن يُخْرِجُ ٱلْحَىَّ مِنَ ٱلْمَيِّتِ وَيُخْرِجُ ٱلْمَيِّتَ مِنَ ٱلْحَىِّ وَمَن يُدَبِّرُ ٱلْأَمْرَ فَسَيَقُولُونَ ٱللَّهُ فَقُلْ أَفَلَا تَتَّقُونَ","translation_en":"Say, \"Who provides for you from the heaven and the earth? Or who controls hearing and sight and who brings the living out of the dead and brings the dead out of the living and who arranges [every] matter?\" They will say, \"Allah,\" so say, \"Then will you not fear Him?\"","translation_id":"Katakanlah: \"Siapakah yang memberi rezeki kepadamu dari langit dan bumi, atau siapakah yang kuasa (menciptakan) pendengaran dan penglihatan, dan siapakah yang mengeluarkan yang hidup dari yang mati dan mengeluarkan yang mati dari yang hidup dan siapakah yang mengatur segala urusan?\" Maka mereka akan menjawab: \"Allah\". Maka katakanlah \"Mangapa kamu tidak bertakwa kepada-Nya)?\""},{"number":32,"text":"فَذَٰلِكُمُ ٱللَّهُ رَبُّكُمُ ٱلْحَقُّ فَمَاذَا بَعْدَ ٱلْحَقِّ إِلَّا ٱلضَّلَٰلُ فَأَنَّىٰ تُصْرَفُونَ","translation_en":"For that is Allah, your Lord, the Truth. And what can be beyond truth except error? So how are you averted?","translation_id":"Maka (Zat yang demikian) itulah Allah Tuhan kamu yang sebenarnya; maka tidak ada sesudah kebenaran itu, melainkan kesesatan. Maka bagaimanakah kamu dipalingkan (dari kebenaran)?"},{"number":33,"text":"كَذَٰلِكَ حَقَّتْ كَلِمَتُ رَبِّكَ عَلَى ٱلَّذِينَ فَسَقُوٓا۟ أَنَّهُمْ لَا يُؤْمِنُونَ","translation_en":"Thus the word of your Lord has come into effect upon those who defiantly disobeyed - that they will not believe.","translation_id":"Demikianlah telah tetap hukuman Tuhanmu terhadap orang-orang yang fasik, karena sesungguhnya mereka tidak beriman."},{"number":34,"text":"قُلْ هَلْ مِن شُرَكَآئِكُم مَّن يَبْدَؤُا۟ ٱلْخَلْقَ ثُمَّ يُعِيدُهُۥ قُلِ ٱللَّهُ يَبْدَؤُا۟ ٱلْخَلْقَ ثُمَّ يُعِيدُهُۥ فَأَنَّىٰ تُؤْفَكُونَ","translation_en":"Say, \"Are there of your 'partners' any who begins creation and then repeats it?\" Say, \"Allah begins creation and then repeats it, so how are you deluded?\"","translation_id":"Katakanlah: \"Apakah di antara sekutu-sekutumu ada yang dapat memulai penciptaan makhluk, kemudian mengulanginya (menghidupkannya) kembali?\" katakanlah: \"Allah-lah yang memulai penciptaan makhluk, kemudian mengulanginya (menghidupkannya) kembali; maka bagaimanakah kamu dipalingkan (kepada menyembah yang selain Allah)?\""},{"number":35,"text":"قُلْ هَلْ مِن شُرَكَآئِكُم مَّن يَهْدِىٓ إِلَى ٱلْحَقِّ قُلِ ٱللَّهُ يَهْدِى لِلْحَقِّ أَفَمَن يَهْدِىٓ إِلَى ٱلْحَقِّ أَحَقُّ أَن يُتَّبَعَ أَمَّن لَّا يَهِدِّىٓ إِلَّآ أَن يُهْدَىٰ فَمَا لَكُمْ كَيْفَ تَحْكُمُونَ","translation_en":"Say, \"Are there of your 'partners' any who guides to the truth?\" Say, \"Allah guides to the truth. So is He who guides to the truth more worthy to be followed or he who guides not unless he is guided? Then what is [wrong] with you - how do you judge?\"","translation_id":"Katakanlah: \"Apakah di antara sekutu-sekuturmu ada yang menunjuki kepada kebenaran?\" Katakanlah \"Allah-lah yang menunjuki kepada kebenaran\". Maka apakah orang-orang yang menunjuki kepada kebenaran itu lebih berhak diikuti ataukah orang yang tidak dapat memberi petunjuk kecuali (bila) diberi petunjuk? Mengapa kamu (berbuat demikian)? Bagaimanakah kamu mengambil keputusan?"},{"number":36,"text":"وَمَا يَتَّبِعُ أَكْثَرُهُمْ إِلَّا ظَنًّا إِنَّ ٱلظَّنَّ لَا يُغْنِى مِنَ ٱلْحَقِّ شَيْـًٔا إِنَّ ٱللَّهَ عَلِيمٌۢ بِمَا يَفْعَلُونَ","translation_en":"And most of them follow not except assumption. Indeed, assumption avails not against the truth at all. Indeed, Allah is Knowing of what they do.","translation_id":"Dan kebanyakan mereka tidak mengikuti kecuali persangkaan saja. Sesungguhnya persangkaan itu tidak sedikitpun berguna untuk mencapai kebenaran. Sesungguhnya Allah Maha Mengetahui apa yang mereka kerjakan."},{"number":37,"text":"وَمَا كَانَ هَٰذَا ٱلْقُرْءَانُ أَن يُفْتَرَىٰ مِن دُونِ ٱللَّهِ وَلَٰكِن تَصْدِيقَ ٱلَّذِى بَيْنَ يَدَيْهِ وَتَفْصِيلَ ٱلْكِتَٰبِ لَا رَيْبَ فِيهِ مِن رَّبِّ ٱلْعَٰلَمِينَ","translation_en":"And it was not [possible] for this Qur'an to be produced by other than Allah, but [it is] a confirmation of what was before it and a detailed explanation of the [former] Scripture, about which there is no doubt, from the Lord of the worlds.","translation_id":"Tidaklah mungkin Al Quran ini dibuat oleh selain Allah; akan tetapi (Al Quran itu) membenarkan kitab-kitab yang sebelumnya dan menjelaskan hukum-hukum yang telah ditetapkannya, tidak ada keraguan di dalamnya, (diturunkan) dari Tuhan semesta alam."},{"number":38,"text":"أَمْ يَقُولُونَ ٱفْتَرَىٰهُ قُلْ فَأْتُوا۟ بِسُورَةٍ مِّثْلِهِۦ وَٱدْعُوا۟ مَنِ ٱسْتَطَعْتُم مِّن دُونِ ٱللَّهِ إِن كُنتُمْ صَٰدِقِينَ","translation_en":"Or do they say [about the Prophet], \"He invented it?\" Say, \"Then bring forth a surah like it and call upon [for assistance] whomever you can besides Allah, if you should be truthful.\"","translation_id":"Atau (patutkah) mereka mengatakan \"Muhammad membuat-buatnya\". Katakanlah: \"(Kalau benar yang kamu katakan itu), maka cobalah datangkan sebuah surat seumpamanya dan panggillah siapa-siapa yang dapat kamu panggil (untuk membuatnya) selain Allah, jika kamu orang yang benar\"."},{"number":39,"text":"بَلْ كَذَّبُوا۟ بِمَا لَمْ يُحِيطُوا۟ بِعِلْمِهِۦ وَلَمَّا يَأْتِهِمْ تَأْوِيلُهُۥ كَذَٰلِكَ كَذَّبَ ٱلَّذِينَ مِن قَبْلِهِمْ فَٱنظُرْ كَيْفَ كَانَ عَٰقِبَةُ ٱلظَّٰلِمِينَ","translation_en":"Rather, they have denied that which they encompass not in knowledge and whose interpretation has not yet come to them. Thus did those before them deny. Then observe how was the end of the wrongdoers.","translation_id":"Bahkan yang sebenarnya, mereka mendustakan apa yang mereka belum mengetahuinya dengan sempurna padahal belum datang kepada mereka penjelasannya. Demikianlah orang-orang yang sebelum mereka telah mendustakan (rasul). Maka perhatikanlah bagaimana akibat orang-orang yang zalim itu."},{"number":40,"text":"وَمِنْهُم مَّن يُؤْمِنُ بِهِۦ وَمِنْهُم مَّن لَّا يُؤْمِنُ بِهِۦ وَرَبُّكَ أَعْلَمُ بِٱلْمُفْسِدِينَ","translation_en":"And of them are those who believe in it, and of them are those who do not believe in it. And your Lord is most knowing of the corrupters","translation_id":"Di antara mereka ada orang-orang yang beriman kepada Al Quran, dan di antaranya ada (pula) orang-orang yang tidak beriman kepadanya. Tuhanmu lebih mengetahui tentang orang-orang yang berbuat kerusakan."},{"number":41,"text":"وَإِن كَذَّبُوكَ فَقُل لِّى عَمَلِى وَلَكُمْ عَمَلُكُمْ أَنتُم بَرِيٓـُٔونَ مِمَّآ أَعْمَلُ وَأَنَا۠ بَرِىٓءٌ مِّمَّا تَعْمَلُونَ","translation_en":"And if they deny you, [O Muhammad], then say, \"For me are my deeds, and for you are your deeds. You are disassociated from what I do, and I am disassociated from what you do.\"","translation_id":"Jika mereka mendustakan kamu, maka katakanlah: \"Bagiku pekerjaanku dan bagimu pekerjaanmu. Kamu berlepas diri terhadap apa yang aku kerjakan dan akupun berlepas diri terhadap apa yang kamu kerjakan\"."},{"number":42,"text":"وَمِنْهُم مَّن يَسْتَمِعُونَ إِلَيْكَ أَفَأَنتَ تُسْمِعُ ٱلصُّمَّ وَلَوْ كَانُوا۟ لَا يَعْقِلُونَ","translation_en":"And among them are those who listen to you. But can you cause the deaf to hear, although they will not use reason?","translation_id":"Dan di antara mereka ada orang yang mendengarkanmu. Apakah kamu dapat menjadikan orang-orang tuli itu mendengar walaupun mereka tidak mengerti."},{"number":43,"text":"وَمِنْهُم مَّن يَنظُرُ إِلَيْكَ أَفَأَنتَ تَهْدِى ٱلْعُمْىَ وَلَوْ كَانُوا۟ لَا يُبْصِرُونَ","translation_en":"And among them are those who look at you. But can you guide the blind although they will not [attempt to] see?","translation_id":"Dan di antara mereka ada orang yang melihat kepadamu, apakah dapat kamu memberi petunjuk kepada orang-orang yang buta, walaupun mereka tidak dapat memperhatikan."},{"number":44,"text":"إِنَّ ٱللَّهَ لَا يَظْلِمُ ٱلنَّاسَ شَيْـًٔا وَلَٰكِنَّ ٱلنَّاسَ أَنفُسَهُمْ يَظْلِمُونَ","translation_en":"Indeed, Allah does not wrong the people at all, but it is the people who are wronging themselves.","translation_id":"Sesungguhnya Allah tidak berbuat zalim kepada manusia sedikitpun, akan tetapi manusia itulah yang berbuat zalim kepada diri mereka sendiri."},{"number":45,"text":"وَيَوْمَ يَحْشُرُهُمْ كَأَن لَّمْ يَلْبَثُوٓا۟ إِلَّا سَاعَةً مِّنَ ٱلنَّهَارِ يَتَعَارَفُونَ بَيْنَهُمْ قَدْ خَسِرَ ٱلَّذِينَ كَذَّبُوا۟ بِلِقَآءِ ٱللَّهِ وَمَا كَانُوا۟ مُهْتَدِينَ","translation_en":"And on the Day when He will gather them, [it will be] as if they had not remained [in the world] but an hour of the day, [and] they will know each other. Those will have lost who denied the meeting with Allah and were not guided","translation_id":"Dan (ingatlah) akan hari (yang di waktu itu) Allah mengumpulkan mereka, (mereka merasa di hari itu) seakan-akan mereka tidak pernah berdiam (di dunia) hanya sesaat di siang hari, (di waktu itu) mereka saling berkenalan. Sesungguhnya rugilah orang-orang yang mendustakan pertemuan mereka dengan Allah dan mereka tidak mendapat petunjuk"},{"number":46,"text":"وَإِمَّا نُرِيَنَّكَ بَعْضَ ٱلَّذِى نَعِدُهُمْ أَوْ نَتَوَفَّيَنَّكَ فَإِلَيْنَا مَرْجِعُهُمْ ثُمَّ ٱللَّهُ شَهِيدٌ عَلَىٰ مَا يَفْعَلُونَ","translation_en":"And whether We show you some of what We promise them, [O Muhammad], or We take you in death, to Us is their return; then, [either way], Allah is a witness concerning what they are doing","translation_id":"Dan jika Kami perlihatkan kepadamu sebahagian dari (siksa) yang Kami ancamkan kepada mereka, (tentulah kamu akan melihatnya) atau (jika) Kami wafatkan kamu (sebelum itu), maka kepada Kami jualah mereka kembali, dan Allah menjadi saksi atas apa yang mereka kerjakan."},{"number":47,"text":"وَلِكُلِّ أُمَّةٍ رَّسُولٌ فَإِذَا جَآءَ رَسُولُهُمْ قُضِىَ بَيْنَهُم بِٱلْقِسْطِ وَهُمْ لَا يُظْلَمُونَ","translation_en":"And for every nation is a messenger. So when their messenger comes, it will be judged between them in justice, and they will not be wronged","translation_id":"Tiap-tiap umat mempunyai rasul; maka apabila telah datang rasul mereka, diberikanlah keputusan antara mereka dengan adil dan mereka (sedikitpun) tidak dianiaya."},{"number":48,"text":"وَيَقُولُونَ مَتَىٰ هَٰذَا ٱلْوَعْدُ إِن كُنتُمْ صَٰدِقِينَ","translation_en":"And they say, \"When is [the fulfillment of] this promise, if you should be truthful?\"","translation_id":"Mereka mengatakan: \"Bilakah (datangnya) ancaman itu, jika memang kamu orang-orang yang benar?\""},{"number":49,"text":"قُل لَّآ أَمْلِكُ لِنَفْسِى ضَرًّا وَلَا نَفْعًا إِلَّا مَا شَآءَ ٱللَّهُ لِكُلِّ أُمَّةٍ أَجَلٌ إِذَا جَآءَ أَجَلُهُمْ فَلَا يَسْتَـْٔخِرُونَ سَاعَةً وَلَا يَسْتَقْدِمُونَ","translation_en":"Say, \"I possess not for myself any harm or benefit except what Allah should will. For every nation is a [specified] term. When their time has come, then they will not remain behind an hour, nor will they precede [it].\"","translation_id":"Katakanlah: \"Aku tidak berkuasa mendatangkan kemudharatan dan tidak (pula) kemanfaatan kepada diriku, melainkan apa yang dikehendaki Allah\". Tiap-tiap umat mempunyai ajal. Apabila telah datang ajal mereka, maka mereka tidak dapat mengundurkannya barang sesaatpun dan tidak (pula) mendahulukan(nya)."},{"number":50,"text":"قُلْ أَرَءَيْتُمْ إِنْ أَتَىٰكُمْ عَذَابُهُۥ بَيَٰتًا أَوْ نَهَارًا مَّاذَا يَسْتَعْجِلُ مِنْهُ ٱلْمُجْرِمُونَ","translation_en":"Say, \"Have you considered: if His punishment should come to you by night or by day - for which [aspect] of it would the criminals be impatient?\"","translation_id":"Katakanlah: \"Terangkan kepadaku, jika datang kepada kamu sekalian sikaaan-Nya di waktu malam atau di siang hari, apakah orang-orang yang berdosa itu meminta disegerakan juga?\""},{"number":51,"text":"أَثُمَّ إِذَا مَا وَقَعَ ءَامَنتُم بِهِۦٓ ءَآلْـَٰٔنَ وَقَدْ كُنتُم بِهِۦ تَسْتَعْجِلُونَ","translation_en":"Then is it that when it has [actually] occurred you will believe in it? Now? And you were [once] for it impatient","translation_id":"Kemudian apakah setelah terjadinya (azab itu), kemudian itu kamu baru mempercayainya? Apakah sekarang (baru kamu mempercayai), padahal sebelumnya kamu selalu meminta supaya disegerakan?"},{"number":52,"text":"ثُمَّ قِيلَ لِلَّذِينَ ظَلَمُوا۟ ذُوقُوا۟ عَذَابَ ٱلْخُلْدِ هَلْ تُجْزَوْنَ إِلَّا بِمَا كُنتُمْ تَكْسِبُونَ","translation_en":"Then it will be said to those who had wronged, \"Taste the punishment of eternity; are you being recompensed except for what you used to earn?\"","translation_id":"Kemudian dikatakan kepada orang-orang yang zalim (musyrik) itu: \"Rasakanlah olehmu siksaan yang kekal; kamu tidak diberi balasan melainkan dengan apa yang telah kamu kerjakan\"."},{"number":53,"text":"وَيَسْتَنۢبِـُٔونَكَ أَحَقٌّ هُوَ قُلْ إِى وَرَبِّىٓ إِنَّهُۥ لَحَقٌّ وَمَآ أَنتُم بِمُعْجِزِينَ","translation_en":"And they ask information of you, [O Muhammad], \"Is it true?\" Say, \"Yes, by my Lord. Indeed, it is truth; and you will not cause failure [to Allah].\"","translation_id":"Dan mereka menanyakan kepadamu: \"Benarkah (azab yang dijanjikan) itu? Katakanlah: \"Ya, demi Tuhanku, sesungguhnya azab itu adalah benar dan kamu sekali-kali tidak bisa luput (daripadanya)\"."},{"number":54,"text":"وَلَوْ أَنَّ لِكُلِّ نَفْسٍ ظَلَمَتْ مَا فِى ٱلْأَرْضِ لَٱفْتَدَتْ بِهِۦ وَأَسَرُّوا۟ ٱلنَّدَامَةَ لَمَّا رَأَوُا۟ ٱلْعَذَابَ وَقُضِىَ بَيْنَهُم بِٱلْقِسْطِ وَهُمْ لَا يُظْلَمُونَ","translation_en":"And if each soul that wronged had everything on earth, it would offer it in ransom. And they will confide regret when they see the punishment; and they will be judged in justice, and they will not be wronged","translation_id":"Dan kalau setiap diri yang zalim (muayrik) itu mempunyai segala apa yang ada di bumi ini, tentu dia menebus dirinya dengan itu, dan mereka membunyikan penyesalannya ketika mereka telah menyaksikan azab itu. Dan telah diberi keputusan di antara mereka dengan adil, sedang mereka tidak dianiaya."},{"number":55,"text":"أَلَآ إِنَّ لِلَّهِ مَا فِى ٱلسَّمَٰوَٰتِ وَٱلْأَرْضِ أَلَآ إِنَّ وَعْدَ ٱللَّهِ حَقٌّ وَلَٰكِنَّ أَكْثَرَهُمْ لَا يَعْلَمُونَ","translation_en":"Unquestionably, to Allah belongs whatever is in the heavens and the earth. Unquestionably, the promise of Allah is truth, but most of them do not know","translation_id":"Ingatlah, sesungguhnya kepunyaan Allah apa yang ada di langit dan di bumi. Ingatlah, sesungguhnya janji Allah itu benar, tetapi kebanyakan mereka tidak mengetahui(nya)."},{"number":56,"text":"هُوَ يُحْىِۦ وَيُمِيتُ وَإِلَيْهِ تُرْجَعُونَ","translation_en":"He gives life and causes death, and to Him you will be returned","translation_id":"Dialah yang menghidupkan dan mematikan dan hanya kepada-Nya-lah kamu dikembalikan."},{"number":57,"text":"يَٰٓأَيُّهَا ٱلنَّاسُ قَدْ جَآءَتْكُم مَّوْعِظَةٌ مِّن رَّبِّكُمْ وَشِفَآءٌ لِّمَا فِى ٱلصُّدُورِ وَهُدًى وَرَحْمَةٌ لِّلْمُؤْمِنِينَ","translation_en":"O mankind, there has to come to you instruction from your Lord and healing for what is in the breasts and guidance and mercy for the believers.","translation_id":"Hai manusia, sesungguhnya telah datang kepadamu pelajaran dari Tuhanmu dan penyembuh bagi penyakit-penyakit (yang berada) dalam dada dan petunjuk serta rahmat bagi orang-orang yang beriman."},{"number":58,"text":"قُلْ بِفَضْلِ ٱللَّهِ وَبِرَحْمَتِهِۦ فَبِذَٰلِكَ فَلْيَفْرَحُوا۟ هُوَ خَيْرٌ مِّمَّا يَجْمَعُونَ","translation_en":"Say, \"In the bounty of Allah and in His mercy - in that let them rejoice; it is better than what they accumulate.\"","translation_id":"Katakanlah: \"Dengan kurnia Allah dan rahmat-Nya, hendaklah dengan itu mereka bergembira. Kurnia Allah dan rahmat-Nya itu adalah lebih baik dari apa yang mereka kumpulkan\"."},{"number":59,"text":"قُلْ أَرَءَيْتُم مَّآ أَنزَلَ ٱللَّهُ لَكُم مِّن رِّزْقٍ فَجَعَلْتُم مِّنْهُ حَرَامًا وَحَلَٰلًا قُلْ ءَآللَّهُ أَذِنَ لَكُمْ أَمْ عَلَى ٱللَّهِ تَفْتَرُونَ","translation_en":"Say, \"Have you seen what Allah has sent down to you of provision of which you have made [some] lawful and [some] unlawful?\" Say, \"Has Allah permitted you [to do so], or do you invent [something] about Allah?\"","translation_id":"Katakanlah: \"Terangkanlah kepadaku tentang rezeki yang diturunkan Allah kepadamu, lalu kamu jadikan sebagiannya haram dan (sebagiannya) halal\". Katakanlah: \"Apakah Allah telah memberikan izin kepadamu (tentang ini) atau kamu mengada-adakan saja terhadap Allah?\""},{"number":60,"text":"وَمَا ظَنُّ ٱلَّذِينَ يَفْتَرُونَ عَلَى ٱللَّهِ ٱلْكَذِبَ يَوْمَ ٱلْقِيَٰمَةِ إِنَّ ٱللَّهَ لَذُو فَضْلٍ عَلَى ٱلنَّاسِ وَلَٰكِنَّ أَكْثَرَهُمْ لَا يَشْكُرُونَ","translation_en":"And what will be the supposition of those who invent falsehood about Allah on the Day of Resurrection? Indeed, Allah is full of bounty to the people, but most of them are not grateful.\"","translation_id":"Apakah dugaan orang-orang yang mengada-adakan kebohongan terhadap Allah pada hari kiamat? Sesungguhnya Allah benar-benar mempunyai karunia (yang dilimpahkan) atas manusia, tetapi kebanyakan mereka tidak mensyukuri(nya)."},{"number":61,"text":"وَمَا تَكُونُ فِى شَأْنٍ وَمَا تَتْلُوا۟ مِنْهُ مِن قُرْءَانٍ وَلَا تَعْمَلُونَ مِنْ عَمَلٍ إِلَّا كُنَّا عَلَيْكُمْ شُهُودًا إِذْ تُفِيضُونَ فِيهِ وَمَا يَعْزُبُ عَن رَّبِّكَ مِن مِّثْقَالِ ذَرَّةٍ فِى ٱلْأَرْضِ وَلَا فِى ٱلسَّمَآءِ وَلَآ أَصْغَرَ مِن ذَٰلِكَ وَلَآ أَكْبَرَ إِلَّا فِى كِتَٰبٍ مُّبِينٍ","translation_en":"And, [O Muhammad], you are not [engaged] in any matter or recite any of the Qur'an and you [people] do not do any deed except that We are witness over you when you are involved in it. And not absent from your Lord is any [part] of an atom's weight within the earth or within the heaven or [anything] smaller than that or greater but that it is in a clear register.","translation_id":"Kamu tidak berada dalam suatu keadaan dan tidak membaca suatu ayat dari Al Quran dan kamu tidak mengerjakan suatu pekerjaan, melainkan Kami menjadi saksi atasmu di waktu kamu melakukannya. Tidak luput dari pengetahuan Tuhanmu biarpun sebesar zarrah (atom) di bumi ataupun di langit. Tidak ada yang lebih kecil dan tidak (pula) yang lebih besar dari itu, melainkan (semua tercatat) dalam kitab yang nyata (Lauh Mahfuzh)."},{"number":62,"text":"أَلَآ إِنَّ أَوْلِيَآءَ ٱللَّهِ لَا خَوْفٌ عَلَيْهِمْ وَلَا هُمْ يَحْزَنُونَ","translation_en":"Unquestionably, [for] the allies of Allah there will be no fear concerning them, nor will they grieve","translation_id":"Ingatlah, sesungguhnya wali-wali Allah itu, tidak ada kekhawatiran terhadap mereka dan tidak (pula) mereka bersedih hati."},{"number":63,"text":"ٱلَّذِينَ ءَامَنُوا۟ وَكَانُوا۟ يَتَّقُونَ","translation_en":"Those who believed and were fearing Allah","translation_id":"(Yaitu) orang-orang yang beriman dan mereka selalu bertakwa."},{"number":64,"text":"لَهُمُ ٱلْبُشْرَىٰ فِى ٱلْحَيَوٰةِ ٱلدُّنْيَا وَفِى ٱلْءَاخِرَةِ لَا تَبْدِيلَ لِكَلِمَٰتِ ٱللَّهِ ذَٰلِكَ هُوَ ٱلْفَوْزُ ٱلْعَظِيمُ","translation_en":"For them are good tidings in the worldly life and in the Hereafter. No change is there in the words of Allah. That is what is the great attainment.","translation_id":"Bagi mereka berita gembira di dalam kehidupan di dunia dan (dalam kehidupan} di akhirat. Tidak ada perubahan bagi kalimat-kalimat (janji-janji) Allah. Yang demikian itu adalah kemenangan yang besar."},{"number":65,"text":"وَلَا يَحْزُنكَ قَوْلُهُمْ إِنَّ ٱلْعِزَّةَ لِلَّهِ جَمِيعًا هُوَ ٱلسَّمِيعُ ٱلْعَلِيمُ","translation_en":"And let not their speech grieve you. Indeed, honor [due to power] belongs to Allah entirely. He is the Hearing, the Knowing.","translation_id":"Janganlah kamu sedih oleh perkataan mereka. Sesungguhnya kekuasaan itu seluruhnya adalah kepunyaan Allah. Dialah Yang Maha Mendengar lagi Maha Mengetahui."},{"number":66,"text":"أَلَآ إِنَّ لِلَّهِ مَن فِى ٱلسَّمَٰوَٰتِ وَمَن فِى ٱلْأَرْضِ وَمَا يَتَّبِعُ ٱلَّذِينَ يَدْعُونَ مِن دُونِ ٱللَّهِ شُرَكَآءَ إِن يَتَّبِعُونَ إِلَّا ٱلظَّنَّ وَإِنْ هُمْ إِلَّا يَخْرُصُونَ","translation_en":"Unquestionably, to Allah belongs whoever is in the heavens and whoever is on the earth. And those who invoke other than Allah do not [actually] follow [His] \"partners.\" They follow not except assumption, and they are not but falsifying","translation_id":"Ingatlah, sesungguhnya kepunyaan Allah semua yang ada di langit dan semua yang ada di bumi. Dan orang-orang yang menyeru sekutu-sekutu selain Allah, tidaklah mengikuti (suatu keyakinan). Mereka tidak mengikuti kecuali prasangka belaka, dan mereka hanyalah menduga-duga."},{"number":67,"text":"هُوَ ٱلَّذِى جَعَلَ لَكُمُ ٱلَّيْلَ لِتَسْكُنُوا۟ فِيهِ وَٱلنَّهَارَ مُبْصِرًا إِنَّ فِى ذَٰلِكَ لَءَايَٰتٍ لِّقَوْمٍ يَسْمَعُونَ","translation_en":"It is He who made for you the night to rest therein and the day, giving sight. Indeed in that are signs for a people who listen.","translation_id":"Dialah yang menjadikan malam bagi kamu supaya kamu beristirahat padanya dan (menjadikan) siang terang benderang (supaya kamu mencari karunia Allah). Sesungguhnya pada yang demikian itu terdapat tanda-tanda (kekuasaan Allah) bagi orang-orang yang mendengar."},{"number":68,"text":"قَالُوا۟ ٱتَّخَذَ ٱللَّهُ وَلَدًا سُبْحَٰنَهُۥ هُوَ ٱلْغَنِىُّ لَهُۥ مَا فِى ٱلسَّمَٰوَٰتِ وَمَا فِى ٱلْأَرْضِ إِنْ عِندَكُم مِّن سُلْطَٰنٍۭ بِهَٰذَآ أَتَقُولُونَ عَلَى ٱللَّهِ مَا لَا تَعْلَمُونَ","translation_en":"They have said, \"Allah has taken a son.\" Exalted is He; He is the [one] Free of need. To Him belongs whatever is in the heavens and whatever is in the earth. You have no authority for this [claim]. Do you say about Allah that which you do not know?","translation_id":"Mereka (orang-orang Yahudi dan Nasrani) berkata: \"Allah mempuyai anak\". Maha Suci Allah; Dialah Yang Maha Kaya; kepunyaan-Nya apa yang ada di langit dan apa yang di bumi. Kamu tidak mempunyai hujjah tentang ini. Pantaskah kamu mengatakan terhadap Allah apa yang tidak kamu ketahui?"},{"number":69,"text":"قُلْ إِنَّ ٱلَّذِينَ يَفْتَرُونَ عَلَى ٱللَّهِ ٱلْكَذِبَ لَا يُفْلِحُونَ","translation_en":"Say, \"Indeed, those who invent falsehood about Allah will not succeed.\"","translation_id":"Katakanlah: \"Sesungguhnya orang-orang yang mengada-adakan kebohongan terhadap Allah tidak beruntung\"."},{"number":70,"text":"مَتَٰعٌ فِى ٱلدُّنْيَا ثُمَّ إِلَيْنَا مَرْجِعُهُمْ ثُمَّ نُذِيقُهُمُ ٱلْعَذَابَ ٱلشَّدِيدَ بِمَا كَانُوا۟ يَكْفُرُونَ","translation_en":"[For them is brief] enjoyment in this world; then to Us is their return; then We will make them taste the severe punishment because they used to disbelieve","translation_id":"(Bagi mereka) kesenangan (sementara) di dunia, kemudian kepada Kami-lah mereka kembali, kemudian Kami rasakan kepada mereka siksa yang berat, disebabkan kekafiran mereka."},{"number":71,"text":"وَٱتْلُ عَلَيْهِمْ نَبَأَ نُوحٍ إِذْ قَالَ لِقَوْمِهِۦ يَٰقَوْمِ إِن كَانَ كَبُرَ عَلَيْكُم مَّقَامِى وَتَذْكِيرِى بِـَٔايَٰتِ ٱللَّهِ فَعَلَى ٱللَّهِ تَوَكَّلْتُ فَأَجْمِعُوٓا۟ أَمْرَكُمْ وَشُرَكَآءَكُمْ ثُمَّ لَا يَكُنْ أَمْرُكُمْ عَلَيْكُمْ غُمَّةً ثُمَّ ٱقْضُوٓا۟ إِلَىَّ وَلَا تُنظِرُونِ","translation_en":"And recite to them the news of Noah, when he said to his people, \"O my people, if my residence and my reminding of the signs of Allah has become burdensome upon you - then I have relied upon Allah. So resolve upon your plan and [call upon] your associates. Then let not your plan be obscure to you. Then carry it out upon me and do not give me respite.","translation_id":"Dan bacakanIah kepada mereka berita penting tentang Nuh di waktu dia berkata kepada kaumnya: \"Hai kaumku, jika terasa berat bagimu tinggal (bersamaku) dan peringatanku (kepadamu) dengan ayat-ayat Allah, maka kepada Allah-lah aku bertawakal, karena itu bulatkanlah keputusanmu dan (kumpulkanlah) sekutu-sekutumu (untuk membinasakanku). Kemudian janganlah keputusanmu itu dirahasiakan, lalu lakukanlah terhadap diriku, dan janganlah kamu memberi tangguh kepadaku."},{"number":72,"text":"فَإِن تَوَلَّيْتُمْ فَمَا سَأَلْتُكُم مِّنْ أَجْرٍ إِنْ أَجْرِىَ إِلَّا عَلَى ٱللَّهِ وَأُمِرْتُ أَنْ أَكُونَ مِنَ ٱلْمُسْلِمِينَ","translation_en":"And if you turn away [from my advice] then no payment have I asked of you. My reward is only from Allah, and I have been commanded to be of the Muslims.\"","translation_id":"Jika kamu berpaling (dari peringatanku), aku tidak meminta upah sedikitpun dari padamu. Upahku tidak lain hanyalah dari Allah belaka, dan aku disuruh supaya aku termasuk golongan orang-orang yang berserah diri (kepada-Nya)\"."},{"number":73,"text":"فَكَذَّبُوهُ فَنَجَّيْنَٰهُ وَمَن مَّعَهُۥ فِى ٱلْفُلْكِ وَجَعَلْنَٰهُمْ خَلَٰٓئِفَ وَأَغْرَقْنَا ٱلَّذِينَ كَذَّبُوا۟ بِـَٔايَٰتِنَا فَٱنظُرْ كَيْفَ كَانَ عَٰقِبَةُ ٱلْمُنذَرِينَ","translation_en":"And they denied him, so We saved him and those with him in the ship and made them successors, and We drowned those who denied Our signs. Then see how was the end of those who were warned.","translation_id":"Lalu mereka mendustakan Nuh, maka Kami selamatkan dia dan orang-orang yang bersamanya di dalam bahtera, dan Kami jadikan mereka itu pemegang kekuasaan dan Kami tenggelamkan orang-orang yang mendustakan ayat-ayat Kami. Maka perhatikanlah bagaimana kesesudahan orang-orang yang diberi peringatan itu."},{"number":74,"text":"ثُمَّ بَعَثْنَا مِنۢ بَعْدِهِۦ رُسُلًا إِلَىٰ قَوْمِهِمْ فَجَآءُوهُم بِٱلْبَيِّنَٰتِ فَمَا كَانُوا۟ لِيُؤْمِنُوا۟ بِمَا كَذَّبُوا۟ بِهِۦ مِن قَبْلُ كَذَٰلِكَ نَطْبَعُ عَلَىٰ قُلُوبِ ٱلْمُعْتَدِينَ","translation_en":"Then We sent after him messengers to their peoples, and they came to them with clear proofs. But they were not to believe in that which they had denied before. Thus We seal over the hearts of the transgressors","translation_id":"Kemudian sesudah Nuh, Kami utus beberapa rasul kepada kaum mereka (masing-masing), maka rasul-rasul itu datang kepada mereka dengan membawa keterangan-keterangan yang nyata, tetapi mereka tidak hendak beriman karena mereka dahulu telah (biasa) mendustakannya. Demikianlah Kami mengunci mati hati orang-orang yang melampaui batas."},{"number":75,"text":"ثُمَّ بَعَثْنَا مِنۢ بَعْدِهِم مُّوسَىٰ وَهَٰرُونَ إِلَىٰ فِرْعَوْنَ وَمَلَإِي۟هِۦ بِـَٔايَٰتِنَا فَٱسْتَكْبَرُوا۟ وَكَانُوا۟ قَوْمًا مُّجْرِمِينَ","translation_en":"Then We sent after them Moses and Aaron to Pharaoh and his establishment with Our signs, but they behaved arrogantly and were a criminal people","translation_id":"Kemudian sesudah rasul-rasul itu, Kami utus Musa dan Harun kepada Fir'aun dan pemuka-pemuka kaumnya, dengan (membawa) tanda-tanda (mukjizat-mukjizat) Kami, maka mereka menyombongkan diri dan mereka adalah orang-orang yang berdosa."},{"number":76,"text":"فَلَمَّا جَآءَهُمُ ٱلْحَقُّ مِنْ عِندِنَا قَالُوٓا۟ إِنَّ هَٰذَا لَسِحْرٌ مُّبِينٌ","translation_en":"So when there came to them the truth from Us, they said, \"Indeed, this is obvious magic.\"","translation_id":"Dan tatkala telah datang kepada mereka kebenaran dari sisi Kami, mereka berkata: \"Sesungguhnya ini adalah sihir yang nyata\"."},{"number":77,"text":"قَالَ مُوسَىٰٓ أَتَقُولُونَ لِلْحَقِّ لَمَّا جَآءَكُمْ أَسِحْرٌ هَٰذَا وَلَا يُفْلِحُ ٱلسَّٰحِرُونَ","translation_en":"Moses said, \"Do you say [thus] about the truth when it has come to you? Is this magic? But magicians will not succeed.\"","translation_id":"Musa berkata: \"Apakah kamu mengatakan terhadap kebenaran waktu ia datang kepadamu, sihirkah ini?\" padahal ahli-ahli sihir itu tidaklah mendapat kemenangan\"."},{"number":78,"text":"قَالُوٓا۟ أَجِئْتَنَا لِتَلْفِتَنَا عَمَّا وَجَدْنَا عَلَيْهِ ءَابَآءَنَا وَتَكُونَ لَكُمَا ٱلْكِبْرِيَآءُ فِى ٱلْأَرْضِ وَمَا نَحْنُ لَكُمَا بِمُؤْمِنِينَ","translation_en":"They said, \"Have you come to us to turn us away from that upon which we found our fathers and so that you two may have grandeur in the land? And we are not believers in you.\"","translation_id":"Mereka berkata: \"Apakah kamu datang kepada kami untuk memalingkan kami dari apa yang kami dapati nenek moyang kami mengerjakannya, dan supaya kamu berdua mempunyai kekuasaan di muka bumi? Kami tidak akan mempercayai kamu berdua\"."},{"number":79,"text":"وَقَالَ فِرْعَوْنُ ٱئْتُونِى بِكُلِّ سَٰحِرٍ عَلِيمٍ","translation_en":"And Pharaoh said, \"Bring to me every learned magician.\"","translation_id":"Fir'aun berkata (kepada pemuka kaumnya): \"Datangkanlah kepadaku semua ahli-ahli sihir yang pandai!\""},{"number":80,"text":"فَلَمَّا جَآءَ ٱلسَّحَرَةُ قَالَ لَهُم مُّوسَىٰٓ أَلْقُوا۟ مَآ أَنتُم مُّلْقُونَ","translation_en":"So when the magicians came, Moses said to them, \"Throw down whatever you will throw.\"","translation_id":"Maka tatkala ahli-ahli sihir itu datang, Musa berkata kepada mereka: \"Lemparkanlah apa yang hendak kamu lemparkan\"."},{"number":81,"text":"فَلَمَّآ أَلْقَوْا۟ قَالَ مُوسَىٰ مَا جِئْتُم بِهِ ٱلسِّحْرُ إِنَّ ٱللَّهَ سَيُبْطِلُهُۥٓ إِنَّ ٱللَّهَ لَا يُصْلِحُ عَمَلَ ٱلْمُفْسِدِينَ","translation_en":"And when they had thrown, Moses said, \"What you have brought is [only] magic. Indeed, Allah will expose its worthlessness. Indeed, Allah does not amend the work of corrupters.","translation_id":"Maka setelah mereka lemparkan, Musa berkata: \"Apa yang kamu lakukan itu, itulah yang sihir, sesungguhnya Allah akan menampakkan ketidak benarannya\" Sesungguhnya Allah tidak akan membiarkan terus berlangsungnya pekerjaan orang-yang membuat kerusakan."},{"number":82,"text":"وَيُحِقُّ ٱللَّهُ ٱلْحَقَّ بِكَلِمَٰتِهِۦ وَلَوْ كَرِهَ ٱلْمُجْرِمُونَ","translation_en":"And Allah will establish the truth by His words, even if the criminals dislike it.\"","translation_id":"Dan Allah akan mengokohkan yang benar dengan ketetapan-Nya, walaupun orang-orang yang berbuat dosa tidak menyukai(nya)."},{"number":83,"text":"فَمَآ ءَامَنَ لِمُوسَىٰٓ إِلَّا ذُرِّيَّةٌ مِّن قَوْمِهِۦ عَلَىٰ خَوْفٍ مِّن فِرْعَوْنَ وَمَلَإِي۟هِمْ أَن يَفْتِنَهُمْ وَإِنَّ فِرْعَوْنَ لَعَالٍ فِى ٱلْأَرْضِ وَإِنَّهُۥ لَمِنَ ٱلْمُسْرِفِينَ","translation_en":"But no one believed Moses, except [some] youths among his people, for fear of Pharaoh and his establishment that they would persecute them. And indeed, Pharaoh was haughty within the land, and indeed, he was of the transgressors","translation_id":"Maka tidak ada yang beriman kepada Musa, melainkan pemuda-pemuda dari kaumnya (Musa) dalam keadaan takut bahwa Fir'aun dan pemuka-pemuka kaumnya akan menyiksa mereka. Sesungguhnya Fir'aun itu berbuat sewenang-wenang di muka bumi. Dan sesungguhnya dia termasuk orang-orang yang melampaui batas."},{"number":84,"text":"وَقَالَ مُوسَىٰ يَٰقَوْمِ إِن كُنتُمْ ءَامَنتُم بِٱللَّهِ فَعَلَيْهِ تَوَكَّلُوٓا۟ إِن كُنتُم مُّسْلِمِينَ","translation_en":"And Moses said, \"O my people, if you have believed in Allah, then rely upon Him, if you should be Muslims.\"","translation_id":"Berkata Musa: \"Hai kaumku, jika kamu beriman kepada Allah, maka bertawakkallah kepada-Nya saja, jika kamu benar-benar orang yang berserah diri\"."},{"number":85,"text":"فَقَالُوا۟ عَلَى ٱللَّهِ تَوَكَّلْنَا رَبَّنَا لَا تَجْعَلْنَا فِتْنَةً لِّلْقَوْمِ ٱلظَّٰلِمِينَ","translation_en":"So they said, \"Upon Allah do we rely. Our Lord, make us not [objects of] trial for the wrongdoing people","translation_id":"Lalu mereka berkata: \"Kepada Allahlah kami bertawakkal! Ya Tuhan kami; janganlah Engkau jadikan kami sasaran fitnah bagi kaum yang'zalim,"},{"number":86,"text":"وَنَجِّنَا بِرَحْمَتِكَ مِنَ ٱلْقَوْمِ ٱلْكَٰفِرِينَ","translation_en":"And save us by Your mercy from the disbelieving people.\"","translation_id":"dan selamatkanlah kami dengan rahmat Engkau dari (tipu daya) orang-orang yang kafir\"."},{"number":87,"text":"وَأَوْحَيْنَآ إِلَىٰ مُوسَىٰ وَأَخِيهِ أَن تَبَوَّءَا لِقَوْمِكُمَا بِمِصْرَ بُيُوتًا وَٱجْعَلُوا۟ بُيُوتَكُمْ قِبْلَةً وَأَقِيمُوا۟ ٱلصَّلَوٰةَ وَبَشِّرِ ٱلْمُؤْمِنِينَ","translation_en":"And We inspired to Moses and his brother, \"Settle your people in Egypt in houses and make your houses [facing the] qiblah and establish prayer and give good tidings to the believers.\"","translation_id":"Dan Kami wahyukan kepada Musa dan saudaranya: \"Ambillah olehmu berdua beberapa buah rumah di Mesir untuk tempat tinggal bagi kaummu dan jadikanlah olehmu rumah-rumahmu itu tempat shalat dan dirikanlah olehmu sembahyang serta gembirakanlah orang-orang yang beriman\"."},{"number":88,"text":"وَقَالَ مُوسَىٰ رَبَّنَآ إِنَّكَ ءَاتَيْتَ فِرْعَوْنَ وَمَلَأَهُۥ زِينَةً وَأَمْوَٰلًا فِى ٱلْحَيَوٰةِ ٱلدُّنْيَا رَبَّنَا لِيُضِلُّوا۟ عَن سَبِيلِكَ رَبَّنَا ٱطْمِسْ عَلَىٰٓ أَمْوَٰلِهِمْ وَٱشْدُدْ عَلَىٰ قُلُوبِهِمْ فَلَا يُؤْمِنُوا۟ حَتَّىٰ يَرَوُا۟ ٱلْعَذَابَ ٱلْأَلِيمَ","translation_en":"And Moses said, \"Our Lord, indeed You have given Pharaoh and his establishment splendor and wealth in the worldly life, our Lord, that they may lead [men] astray from Your way. Our Lord, obliterate their wealth and harden their hearts so that they will not believe until they see the painful punishment.\"","translation_id":"Musa berkata: \"Ya Tuhan kami, sesungguhnya Engkau telah memberi kepada Fir'aun dan pemuka-pemuka kaumnya perhiasan dan harta kekayaan dalam kehidupan dunia, ya Tuhan Kami -- akibatnya mereka menyesatkan (manusia) dari jalan Engkau. Ya Tuhan kami, binasakanlah harta benda mereka, dan kunci matilah hati mereka, maka mereka tidak beriman hingga mereka melihat siksaan yang pedih\"."},{"number":89,"text":"قَالَ قَدْ أُجِيبَت دَّعْوَتُكُمَا فَٱسْتَقِيمَا وَلَا تَتَّبِعَآنِّ سَبِيلَ ٱلَّذِينَ لَا يَعْلَمُونَ","translation_en":"[Allah] said, \"Your supplication has been answered.\" So remain on a right course and follow not the way of those who do not know.\"","translation_id":"AlIah berfirman: \"Sesungguhnya telah diperkenankan permohonan kamu berdua, sebab itu tetaplah kamu berdua pada jalan yang lurus dan janganlah sekali-kali kamu mengikuti jalan orang-orang yang tidak mengetahui\"."},{"number":90,"text":"وَجَٰوَزْنَا بِبَنِىٓ إِسْرَٰٓءِيلَ ٱلْبَحْرَ فَأَتْبَعَهُمْ فِرْعَوْنُ وَجُنُودُهُۥ بَغْيًا وَعَدْوًا حَتَّىٰٓ إِذَآ أَدْرَكَهُ ٱلْغَرَقُ قَالَ ءَامَنتُ أَنَّهُۥ لَآ إِلَٰهَ إِلَّا ٱلَّذِىٓ ءَامَنَتْ بِهِۦ بَنُوٓا۟ إِسْرَٰٓءِيلَ وَأَنَا۠ مِنَ ٱلْمُسْلِمِينَ","translation_en":"And We took the Children of Israel across the sea, and Pharaoh and his soldiers pursued them in tyranny and enmity until, when drowning overtook him, he said, \"I believe that there is no deity except that in whom the Children of Israel believe, and I am of the Muslims.\"","translation_id":"Dan Kami memungkinkan Bani Israil melintasi laut, lalu mereka diikuti oleh Fir'aun dan bala tentaranya, karena hendak menganiaya dan menindas (mereka); hingga bila Fir'aun itu telah hampir tenggelam berkatalah dia: \"Saya percaya bahwa tidak ada Tuhan melainkan Tuhan yang dipercayai oleh Bani Israil, dan saya termasuk orang-orang yang berserah diri (kepada Allah)\"."},{"number":91,"text":"ءَآلْـَٰٔنَ وَقَدْ عَصَيْتَ قَبْلُ وَكُنتَ مِنَ ٱلْمُفْسِدِينَ","translation_en":"Now? And you had disobeyed [Him] before and were of the corrupters?","translation_id":"Apakah sekarang (baru kamu percaya), padahal sesungguhnya kamu telah durhaka sejak dahulu, dan kamu termasuk orang-orang yang berbuat kerusakan."},{"number":92,"text":"فَٱلْيَوْمَ نُنَجِّيكَ بِبَدَنِكَ لِتَكُونَ لِمَنْ خَلْفَكَ ءَايَةً وَإِنَّ كَثِيرًا مِّنَ ٱلنَّاسِ عَنْ ءَايَٰتِنَا لَغَٰفِلُونَ","translation_en":"So today We will save you in body that you may be to those who succeed you a sign. And indeed, many among the people, of Our signs, are heedless","translation_id":"Maka pada hari ini Kami selamatkan badanmu supaya kamu dapat menjadi pelajaran bagi orang-orang yang datang sesudahmu dan sesungguhnya kebanyakan dari manusia lengah dari tanda-tanda kekuasaan Kami."},{"number":93,"text":"وَلَقَدْ بَوَّأْنَا بَنِىٓ إِسْرَٰٓءِيلَ مُبَوَّأَ صِدْقٍ وَرَزَقْنَٰهُم مِّنَ ٱلطَّيِّبَٰتِ فَمَا ٱخْتَلَفُوا۟ حَتَّىٰ جَآءَهُمُ ٱلْعِلْمُ إِنَّ رَبَّكَ يَقْضِى بَيْنَهُمْ يَوْمَ ٱلْقِيَٰمَةِ فِيمَا كَانُوا۟ فِيهِ يَخْتَلِفُونَ","translation_en":"And We had certainty settled the Children of Israel in an agreeable settlement and provided them with good things. And they did not differ until [after] knowledge had come to them. Indeed, your Lord will judge between them on the Day of Resurrection concerning that over which they used to differ","translation_id":"Dan sesungguhnya Kami telah menempatkan Bani Israil di ternpat kediaman yang bagus dan Kami beri mereka rezeki dari yang baik-baik. Maka mereka tidak berselisih, kecuali setelah datang kepada mereka pengetahuan (yang tersebut dalam Taurat). Sesungguhnya Tuhan kamu akan memutuskan antara mereka di hari kiamat tentang apa yang mereka perselisihkan itu."},{"number":94,"text":"فَإِن كُنتَ فِى شَكٍّ مِّمَّآ أَنزَلْنَآ إِلَيْكَ فَسْـَٔلِ ٱلَّذِينَ يَقْرَءُونَ ٱلْكِتَٰبَ مِن قَبْلِكَ لَقَدْ جَآءَكَ ٱلْحَقُّ مِن رَّبِّكَ فَلَا تَكُونَنَّ مِنَ ٱلْمُمْتَرِينَ","translation_en":"So if you are in doubt, [O Muhammad], about that which We have revealed to you, then ask those who have been reading the Scripture before you. The truth has certainly come to you from your Lord, so never be among the doubters.","translation_id":"Maka jika kamu (Muhammad) berada dalam keragu-raguan tentang apa yang Kami turunkan kepadamu, maka tanyakanlah kepada orang-orang yang membaca kitab sebelum kamu. Sesungguhnya telah datang kebenaran kepadamu dari Tuhanmu, sebab itu janganlah sekali-kali kamu temasuk orang-orang yang ragu-ragu."},{"number":95,"text":"وَلَا تَكُونَنَّ مِنَ ٱلَّذِينَ كَذَّبُوا۟ بِـَٔايَٰتِ ٱللَّهِ فَتَكُونَ مِنَ ٱلْخَٰسِرِينَ","translation_en":"And never be of those who deny the signs of Allah and [thus] be among the losers.","translation_id":"Dan sekali-kali janganlah kamu termasuk orang-orang yang mendustakan ayat-ayat Allah yang menyebabkan kamu termasuk orang-orang yang rugi."},{"number":96,"text":"إِنَّ ٱلَّذِينَ حَقَّتْ عَلَيْهِمْ كَلِمَتُ رَبِّكَ لَا يُؤْمِنُونَ","translation_en":"Indeed, those upon whom the word of your Lord has come into effect will not believe,","translation_id":"Sesungguhnya orang-orang yang telah pasti terhadap mereka kalimat Tuhanmu, tidaklah akan beriman,"},{"number":97,"text":"وَلَوْ جَآءَتْهُمْ كُلُّ ءَايَةٍ حَتَّىٰ يَرَوُا۟ ٱلْعَذَابَ ٱلْأَلِيمَ","translation_en":"Even if every sign should come to them, until they see the painful punishment.","translation_id":"meskipun datang kepada mereka segala macam keterangan, hingga mereka menyaksikan azab yang pedih."},{"number":98,"text":"فَلَوْلَا كَانَتْ قَرْيَةٌ ءَامَنَتْ فَنَفَعَهَآ إِيمَٰنُهَآ إِلَّا قَوْمَ يُونُسَ لَمَّآ ءَامَنُوا۟ كَشَفْنَا عَنْهُمْ عَذَابَ ٱلْخِزْىِ فِى ٱلْحَيَوٰةِ ٱلدُّنْيَا وَمَتَّعْنَٰهُمْ إِلَىٰ حِينٍ","translation_en":"Then has there not been a [single] city that believed so its faith benefited it except the people of Jonah? When they believed, We removed from them the punishment of disgrace in worldly life and gave them enjoyment for a time.","translation_id":"Dan mengapa tidak ada (penduduk) suatu kota yang beriman, lalu imannya itu bermanfaat kepadanya selain kaum Yunus? Tatkala mereka (kaum Yunus itu), beriman, Kami hilangkan dari mereka azab yang menghinakan dalam kehidupan dunia, dan Kami beri kesenangan kepada mereka sampai kepada waktu yang tertentu."},{"number":99,"text":"وَلَوْ شَآءَ رَبُّكَ لَءَامَنَ مَن فِى ٱلْأَرْضِ كُلُّهُمْ جَمِيعًا أَفَأَنتَ تُكْرِهُ ٱلنَّاسَ حَتَّىٰ يَكُونُوا۟ مُؤْمِنِينَ","translation_en":"And had your Lord willed, those on earth would have believed - all of them entirely. Then, [O Muhammad], would you compel the people in order that they become believers?","translation_id":"Dan jikalau Tuhanmu menghendaki, tentulah beriman semua orang yang di muka bumi seluruhnya. Maka apakah kamu (hendak) memaksa manusia supaya mereka menjadi orang-orang yang beriman semuanya?"},{"number":100,"text":"وَمَا كَانَ لِنَفْسٍ أَن تُؤْمِنَ إِلَّا بِإِذْنِ ٱللَّهِ وَيَجْعَلُ ٱلرِّجْسَ عَلَى ٱلَّذِينَ لَا يَعْقِلُونَ","translation_en":"And it is not for a soul to believe except by permission of Allah, and He will place defilement upon those who will not use reason.","translation_id":"Dan tidak ada seorangpun akan beriman kecuali dengan izin Allah; dan Allah menimpakan kemurkaan kepada orang-orang yang tidak mempergunakan akalnya."},{"number":101,"text":"قُلِ ٱنظُرُوا۟ مَاذَا فِى ٱلسَّمَٰوَٰتِ وَٱلْأَرْضِ وَمَا تُغْنِى ٱلْءَايَٰتُ وَٱلنُّذُرُ عَن قَوْمٍ لَّا يُؤْمِنُونَ","translation_en":"Say, \"Observe what is in the heavens and earth.\" But of no avail will be signs or warners to a people who do not believe","translation_id":"Katakanlah: \"Perhatikanlah apa yaag ada di langit dan di bumi. Tidaklah bermanfaat tanda kekuasaan Allah dan rasul-rasul yang memberi peringatan bagi orang-orang yang tidak beriman\"."},{"number":102,"text":"فَهَلْ يَنتَظِرُونَ إِلَّا مِثْلَ أَيَّامِ ٱلَّذِينَ خَلَوْا۟ مِن قَبْلِهِمْ قُلْ فَٱنتَظِرُوٓا۟ إِنِّى مَعَكُم مِّنَ ٱلْمُنتَظِرِينَ","translation_en":"So do they wait except for like [what occurred in] the days of those who passed on before them? Say, \"Then wait; indeed, I am with you among those who wait.\"","translation_id":"Mereka tidak menunggu-nunggu kecuali (kejadian-kejadian) yang sama dengan kejadian-kejadian (yang menimpa) orang-orang yang telah terdahulu sebelum mereka. Katakanlah: \"Maka tunggulah, sesungguhnya akupun termasuk orang-orang yang menunggu bersama kamu\"."},{"number":103,"text":"ثُمَّ نُنَجِّى رُسُلَنَا وَٱلَّذِينَ ءَامَنُوا۟ كَذَٰلِكَ حَقًّا عَلَيْنَا نُنجِ ٱلْمُؤْمِنِينَ","translation_en":"Then We will save our messengers and those who have believed. Thus, it is an obligation upon Us that We save the believers","translation_id":"Kemudian Kami selamatkan rasul-rasul Kami dan orang-orang yang beriman, demikianlah menjadi kewajiban atas Kami menyelamatkan orang-orang yang beriman."},{"number":104,"text":"قُلْ يَٰٓأَيُّهَا ٱلنَّاسُ إِن كُنتُمْ فِى شَكٍّ مِّن دِينِى فَلَآ أَعْبُدُ ٱلَّذِينَ تَعْبُدُونَ مِن دُونِ ٱللَّهِ وَلَٰكِنْ أَعْبُدُ ٱللَّهَ ٱلَّذِى يَتَوَفَّىٰكُمْ وَأُمِرْتُ أَنْ أَكُونَ مِنَ ٱلْمُؤْمِنِينَ","translation_en":"Say, [O Muhammad], \"O people, if you are in doubt as to my religion - then I do not worship those which you worship besides Allah; but I worship Allah, who causes your death. And I have been commanded to be of the believers","translation_id":"Katakanlah: \"Hai manusia, jika kamu masih dalam keragu-raguan tentang agamaku, maka (ketahuilah) aku tidak menyembah yang kamu sembah selain Allah, tetapi aku menyembah Allah yang akan mematikan kamu dan aku telah diperintah supaya termasuk orang-orang yang beriman\","},{"number":105,"text":"وَأَنْ أَقِمْ وَجْهَكَ لِلدِّينِ حَنِيفًا وَلَا تَكُونَنَّ مِنَ ٱلْمُشْرِكِينَ","translation_en":"And [commanded], 'Direct your face toward the religion, inclining to truth, and never be of those who associate others with Allah;","translation_id":"dan (aku telah diperintah): \"Hadapkanlah mukamu kepada agama dengan tulus dan ikhlas dan janganlah kamu termasuk orang-orang yang musyrik."},{"number":106,"text":"وَلَا تَدْعُ مِن دُونِ ٱللَّهِ مَا لَا يَنفَعُكَ وَلَا يَضُرُّكَ فَإِن فَعَلْتَ فَإِنَّكَ إِذًا مِّنَ ٱلظَّٰلِمِينَ","translation_en":"And do not invoke besides Allah that which neither benefits you nor harms you, for if you did, then indeed you would be of the wrongdoers.'\"","translation_id":"Dan janganlah kamu menyembah apa-apa yang tidak memberi manfaat dan tidak (pula) memberi mudharat kepadamu selain Allah; sebab jika kamu berbuat (yang demikian), itu, maka sesungguhnya kamu kalau begitu termasuk orang-orang yang zalim\"."},{"number":107,"text":"وَإِن يَمْسَسْكَ ٱللَّهُ بِضُرٍّ فَلَا كَاشِفَ لَهُۥٓ إِلَّا هُوَ وَإِن يُرِدْكَ بِخَيْرٍ فَلَا رَآدَّ لِفَضْلِهِۦ يُصِيبُ بِهِۦ مَن يَشَآءُ مِنْ عِبَادِهِۦ وَهُوَ ٱلْغَفُورُ ٱلرَّحِيمُ","translation_en":"And if Allah should touch you with adversity, there is no remover of it except Him; and if He intends for you good, then there is no repeller of His bounty. He causes it to reach whom He wills of His servants. And He is the Forgiving, the Merciful","translation_id":"Jika Allah menimpakan sesuatu kemudharatan kepadamu, maka tidak ada yang dapat menghilangkannya kecuali Dia. Dan jika Allah menghendaki kebaikan bagi kamu, maka tak ada yang dapat menolak kurnia-Nya. Dia memberikan kebaikan itu kepada siapa yang dikehendaki-Nya di antara hamba-hamba-Nya dan Dialah Yang Maha Pengampun lagi Maha Penyayang."},{"number":108,"text":"قُلْ يَٰٓأَيُّهَا ٱلنَّاسُ قَدْ جَآءَكُمُ ٱلْحَقُّ مِن رَّبِّكُمْ فَمَنِ ٱهْتَدَىٰ فَإِنَّمَا يَهْتَدِى لِنَفْسِهِۦ وَمَن ضَلَّ فَإِنَّمَا يَضِلُّ عَلَيْهَا وَمَآ أَنَا۠ عَلَيْكُم بِوَكِيلٍ","translation_en":"Say, \"O mankind, the truth has come to you from your Lord, so whoever is guided is only guided for [the benefit of] his soul, and whoever goes astray only goes astray [in violation] against it. And I am not over you a manager.\"","translation_id":"Katakanlah: \"Hai manusia, sesungguhnya teIah datang kepadamu kebenaran (Al Quran) dari Tuhanmu, sebab itu barangsiapa yang mendapat petunjuk maka sesungguhnya (petunjuk itu) untuk kebaikan dirinya sendiri. Dan barangsiapa yang sesat, maka sesungguhnya kesesatannya itu mencelakakan dirinya sendiri. Dan aku bukanlah seorang penjaga terhadap dirimu\"."},{"number":109,"text":"وَٱتَّبِعْ مَا يُوحَىٰٓ إِلَيْكَ وَٱصْبِرْ حَتَّىٰ يَحْكُمَ ٱللَّهُ وَهُوَ خَيْرُ ٱلْحَٰكِمِينَ","translation_en":"And follow what is revealed to you, [O Muhammad], and be patient until Allah will judge. And He is the best of judges.","translation_id":"Dan ikutilah apa yang diwahyukan kepadamu, dan bersabarlah hingga Allah memberi keputusan dan Dia adalah Hakim yang sebaik-baiknya."}]}