{"number":100,"name":"سورة العاديات","transliteration_en":"Al-Aadiyaat","translation_en":"The Chargers","total_verses":11,"revelation_type":"Meccan","verses":[{"number":1,"text":"بِسْمِ ٱللَّهِ ٱلرَّحْمَٰنِ ٱلرَّحِيمِ وَٱلْعَٰدِيَٰتِ ضَبْحًا","translation_en":"By the racers, panting,","translation_id":"Demi kuda perang yang berlari kencang dengan terengah-engah,"},{"number":2,"text":"فَٱلْمُورِيَٰتِ قَدْحًا","translation_en":"And the producers of sparks [when] striking","translation_id":"dan kuda yang mencetuskan api dengan pukulan (kuku kakinya),"},{"number":3,"text":"فَٱلْمُغِيرَٰتِ صُبْحًا","translation_en":"And the chargers at dawn,","translation_id":"dan kuda yang menyerang dengan tiba-tiba di waktu pagi,"},{"number":4,"text":"فَأَثَرْنَ بِهِۦ نَقْعًا","translation_en":"Stirring up thereby [clouds of] dust,","translation_id":"maka ia menerbangkan debu,"},{"number":5,"text":"فَوَسَطْنَ بِهِۦ جَمْعًا","translation_en":"Arriving thereby in the center collectively,","translation_id":"dan menyerbu ke tengah-tengah kumpulan musuh,"},{"number":6,"text":"إِنَّ ٱلْإِنسَٰنَ لِرَبِّهِۦ لَكَنُودٌ","translation_en":"Indeed mankind, to his Lord, is ungrateful.","translation_id":"sesungguhnya manusia itu sangat ingkar, tidak berterima kasih kepada Tuhannya,"},{"number":7,"text":"وَإِنَّهُۥ عَلَىٰ ذَٰلِكَ لَشَهِيدٌ","translation_en":"And indeed, he is to that a witness.","translation_id":"dan sesungguhnya manusia itu menyaksikan (sendiri) keingkarannya,"},{"number":8,"text":"وَإِنَّهُۥ لِحُبِّ ٱلْخَيْرِ لَشَدِيدٌ","translation_en":"And indeed he is, in love of wealth, intense.","translation_id":"dan sesungguhnya dia sangat bakhil karena cintanya kepada harta."},{"number":9,"text":"أَفَلَا يَعْلَمُ إِذَا بُعْثِرَ مَا فِى ٱلْقُبُورِ","translation_en":"But does he not know that when the contents of the graves are scattered","translation_id":"Maka apakah dia tidak mengetahui apabila dibangkitkan apa yang ada di dalam kubur,"},{"number":10,"text":"وَحُصِّلَ مَا فِى ٱلصُّدُورِ","translation_en":"And that within the breasts is obtained,","translation_id":"dan dilahirkan apa yang ada di dalam dada,"},{"number":11,"text":"إِنَّ رَبَّهُم بِهِمْ يَوْمَئِذٍ لَّخَبِيرٌۢ","translation_en":"Indeed, their Lord with them, that Day, is [fully] Acquainted.","translation_id":"sesungguhnya Tuhan mereka pada hari itu Maha Mengetahui keadaan mereka."}]}