{"number":101,"name":"سورة القارعة","transliteration_en":"Al-Qaari'a","translation_en":"The Calamity","total_verses":11,"revelation_type":"Meccan","verses":[{"number":1,"text":"بِسْمِ ٱللَّهِ ٱلرَّحْمَٰنِ ٱلرَّحِيمِ ٱلْقَارِعَةُ","translation_en":"The Striking Calamity -","translation_id":"Hari Kiamat,"},{"number":2,"text":"مَا ٱلْقَارِعَةُ","translation_en":"What is the Striking Calamity?","translation_id":"apakah hari Kiamat itu?"},{"number":3,"text":"وَمَآ أَدْرَىٰكَ مَا ٱلْقَارِعَةُ","translation_en":"And what can make you know what is the Striking Calamity?","translation_id":"Tahukah kamu apakah hari Kiamat itu?"},{"number":4,"text":"يَوْمَ يَكُونُ ٱلنَّاسُ كَٱلْفَرَاشِ ٱلْمَبْثُوثِ","translation_en":"It is the Day when people will be like moths, dispersed,","translation_id":"Pada hari itu manusia adalah seperti anai-anai yang bertebaran,"},{"number":5,"text":"وَتَكُونُ ٱلْجِبَالُ كَٱلْعِهْنِ ٱلْمَنفُوشِ","translation_en":"And the mountains will be like wool, fluffed up.","translation_id":"dan gunung-gunung adalah seperti bulu yang dihambur-hamburkan."},{"number":6,"text":"فَأَمَّا مَن ثَقُلَتْ مَوَٰزِينُهُۥ","translation_en":"Then as for one whose scales are heavy [with good deeds],","translation_id":"Dan adapun orang-orang yang berat timbangan (kebaikan)nya,"},{"number":7,"text":"فَهُوَ فِى عِيشَةٍ رَّاضِيَةٍ","translation_en":"He will be in a pleasant life.","translation_id":"maka dia berada dalam kehidupan yang memuaskan."},{"number":8,"text":"وَأَمَّا مَنْ خَفَّتْ مَوَٰزِينُهُۥ","translation_en":"But as for one whose scales are light,","translation_id":"Dan adapun orang-orang yang ringan timbangan (kebaikan)nya,"},{"number":9,"text":"فَأُمُّهُۥ هَاوِيَةٌ","translation_en":"His refuge will be an abyss.","translation_id":"maka tempat kembalinya adalah neraka Hawiyah."},{"number":10,"text":"وَمَآ أَدْرَىٰكَ مَا هِيَهْ","translation_en":"And what can make you know what that is?","translation_id":"Tahukah kamu apakah neraka Hawiyah itu?"},{"number":11,"text":"نَارٌ حَامِيَةٌۢ","translation_en":"It is a Fire, intensely hot.","translation_id":"(Yaitu) api yang sangat panas."}]}