{"number":102,"name":"سورة التكاثر","transliteration_en":"At-Takaathur","translation_en":"Competition","total_verses":8,"revelation_type":"Meccan","verses":[{"number":1,"text":"بِسْمِ ٱللَّهِ ٱلرَّحْمَٰنِ ٱلرَّحِيمِ أَلْهَىٰكُمُ ٱلتَّكَاثُرُ","translation_en":"Competition in [worldly] increase diverts you","translation_id":"Bermegah-megahan telah melalaikan kamu,"},{"number":2,"text":"حَتَّىٰ زُرْتُمُ ٱلْمَقَابِرَ","translation_en":"Until you visit the graveyards.","translation_id":"sampai kamu masuk ke dalam kubur."},{"number":3,"text":"كَلَّا سَوْفَ تَعْلَمُونَ","translation_en":"No! You are going to know.","translation_id":"Janganlah begitu, kelak kamu akan mengetahui (akibat perbuatanmu itu),"},{"number":4,"text":"ثُمَّ كَلَّا سَوْفَ تَعْلَمُونَ","translation_en":"Then no! You are going to know.","translation_id":"dan janganlah begitu, kelak kamu akan mengetahui."},{"number":5,"text":"كَلَّا لَوْ تَعْلَمُونَ عِلْمَ ٱلْيَقِينِ","translation_en":"No! If you only knew with knowledge of certainty...","translation_id":"Janganlah begitu, jika kamu mengetahui dengan pengetahuan yang yakin,"},{"number":6,"text":"لَتَرَوُنَّ ٱلْجَحِيمَ","translation_en":"You will surely see the Hellfire.","translation_id":"niscaya kamu benar-benar akan melihat neraka Jahiim,"},{"number":7,"text":"ثُمَّ لَتَرَوُنَّهَا عَيْنَ ٱلْيَقِينِ","translation_en":"Then you will surely see it with the eye of certainty.","translation_id":"dan sesungguhnya kamu benar-benar akan melihatnya dengan 'ainul yaqin."},{"number":8,"text":"ثُمَّ لَتُسْـَٔلُنَّ يَوْمَئِذٍ عَنِ ٱلنَّعِيمِ","translation_en":"Then you will surely be asked that Day about pleasure.","translation_id":"kemudian kamu pasti akan ditanyai pada hari itu tentang kenikmatan (yang kamu megah-megahkan di dunia itu)."}]}