{"number":103,"name":"سورة العصر","transliteration_en":"Al-Asr","translation_en":"The Declining Day, Epoch","total_verses":3,"revelation_type":"Meccan","verses":[{"number":1,"text":"بِسْمِ ٱللَّهِ ٱلرَّحْمَٰنِ ٱلرَّحِيمِ وَٱلْعَصْرِ","translation_en":"By time,","translation_id":"Demi masa."},{"number":2,"text":"إِنَّ ٱلْإِنسَٰنَ لَفِى خُسْرٍ","translation_en":"Indeed, mankind is in loss,","translation_id":"Sesungguhnya manusia itu benar-benar dalam kerugian,"},{"number":3,"text":"إِلَّا ٱلَّذِينَ ءَامَنُوا۟ وَعَمِلُوا۟ ٱلصَّٰلِحَٰتِ وَتَوَاصَوْا۟ بِٱلْحَقِّ وَتَوَاصَوْا۟ بِٱلصَّبْرِ","translation_en":"Except for those who have believed and done righteous deeds and advised each other to truth and advised each other to patience.","translation_id":"kecuali orang-orang yang beriman dan mengerjakan amal saleh dan nasehat menasehati supaya mentaati kebenaran dan nasehat menasehati supaya menetapi kesabaran."}]}