{"number":104,"name":"سورة الهمزة","transliteration_en":"Al-Humaza","translation_en":"The Traducer","total_verses":9,"revelation_type":"Meccan","verses":[{"number":1,"text":"بِسْمِ ٱللَّهِ ٱلرَّحْمَٰنِ ٱلرَّحِيمِ وَيْلٌ لِّكُلِّ هُمَزَةٍ لُّمَزَةٍ","translation_en":"Woe to every scorner and mocker","translation_id":"Kecelakaanlah bagi setiap pengumpat lagi pencela,"},{"number":2,"text":"ٱلَّذِى جَمَعَ مَالًا وَعَدَّدَهُۥ","translation_en":"Who collects wealth and [continuously] counts it.","translation_id":"yang mengumpulkan harta dan menghitung-hitung,"},{"number":3,"text":"يَحْسَبُ أَنَّ مَالَهُۥٓ أَخْلَدَهُۥ","translation_en":"He thinks that his wealth will make him immortal.","translation_id":"dia mengira bahwa hartanya itu dapat mengkekalkannya,"},{"number":4,"text":"كَلَّا لَيُنۢبَذَنَّ فِى ٱلْحُطَمَةِ","translation_en":"No! He will surely be thrown into the Crusher.","translation_id":"sekali-kali tidak! Sesungguhnya dia benar-benar akan dilemparkan ke dalam Huthamah."},{"number":5,"text":"وَمَآ أَدْرَىٰكَ مَا ٱلْحُطَمَةُ","translation_en":"And what can make you know what is the Crusher?","translation_id":"Dan tahukah kamu apa Huthamah itu?"},{"number":6,"text":"نَارُ ٱللَّهِ ٱلْمُوقَدَةُ","translation_en":"It is the fire of Allah, [eternally] fueled,","translation_id":"(yaitu) api (yang disediakan) Allah yang dinyalakan,"},{"number":7,"text":"ٱلَّتِى تَطَّلِعُ عَلَى ٱلْأَفْـِٔدَةِ","translation_en":"Which mounts directed at the hearts.","translation_id":"yang (membakar) sampai ke hati."},{"number":8,"text":"إِنَّهَا عَلَيْهِم مُّؤْصَدَةٌ","translation_en":"Indeed, Hellfire will be closed down upon them","translation_id":"Sesungguhnya api itu ditutup rapat atas mereka,"},{"number":9,"text":"فِى عَمَدٍ مُّمَدَّدَةٍۭ","translation_en":"In extended columns.","translation_id":"(sedang mereka itu) diikat pada tiang-tiang yang panjang."}]}