{"number":105,"name":"سورة الفيل","transliteration_en":"Al-Fil","translation_en":"The Elephant","total_verses":5,"revelation_type":"Meccan","verses":[{"number":1,"text":"بِسْمِ ٱللَّهِ ٱلرَّحْمَٰنِ ٱلرَّحِيمِ أَلَمْ تَرَ كَيْفَ فَعَلَ رَبُّكَ بِأَصْحَٰبِ ٱلْفِيلِ","translation_en":"Have you not considered, [O Muhammad], how your Lord dealt with the companions of the elephant?","translation_id":"Apakah kamu tidak memperhatikan bagaimana Tuhanmu telah bertindak terhadap tentara bergajah?"},{"number":2,"text":"أَلَمْ يَجْعَلْ كَيْدَهُمْ فِى تَضْلِيلٍ","translation_en":"Did He not make their plan into misguidance?","translation_id":"Bukankah Dia telah menjadikan tipu daya mereka (untuk menghancurkan Ka'bah) itu sia-sia?"},{"number":3,"text":"وَأَرْسَلَ عَلَيْهِمْ طَيْرًا أَبَابِيلَ","translation_en":"And He sent against them birds in flocks,","translation_id":"dan Dia mengirimkan kapada mereka burung yang berbondong-bondong,"},{"number":4,"text":"تَرْمِيهِم بِحِجَارَةٍ مِّن سِجِّيلٍ","translation_en":"Striking them with stones of hard clay,","translation_id":"yang melempari mereka dengan batu (berasal) dari tanah yang terbakar,"},{"number":5,"text":"فَجَعَلَهُمْ كَعَصْفٍ مَّأْكُولٍۭ","translation_en":"And He made them like eaten straw.","translation_id":"lalu Dia menjadikan mereka seperti daun-daun yang dimakan (ulat)."}]}