{"number":106,"name":"سورة قريش","transliteration_en":"Quraish","translation_en":"Quraysh","total_verses":4,"revelation_type":"Meccan","verses":[{"number":1,"text":"بِسْمِ ٱللَّهِ ٱلرَّحْمَٰنِ ٱلرَّحِيمِ لِإِيلَٰفِ قُرَيْشٍ","translation_en":"For the accustomed security of the Quraysh -","translation_id":"Karena kebiasaan orang-orang Quraisy,"},{"number":2,"text":"إِۦلَٰفِهِمْ رِحْلَةَ ٱلشِّتَآءِ وَٱلصَّيْفِ","translation_en":"Their accustomed security [in] the caravan of winter and summer -","translation_id":"(yaitu) kebiasaan mereka bepergian pada musim dingin dan musim panas."},{"number":3,"text":"فَلْيَعْبُدُوا۟ رَبَّ هَٰذَا ٱلْبَيْتِ","translation_en":"Let them worship the Lord of this House,","translation_id":"Maka hendaklah mereka menyembah Tuhan Pemilik rumah ini (Ka'bah)."},{"number":4,"text":"ٱلَّذِىٓ أَطْعَمَهُم مِّن جُوعٍ وَءَامَنَهُم مِّنْ خَوْفٍۭ","translation_en":"Who has fed them, [saving them] from hunger and made them safe, [saving them] from fear.","translation_id":"Yang telah memberi makanan kepada mereka untuk menghilangkan lapar dan mengamankan mereka dari ketakutan."}]}