{"number":107,"name":"سورة الماعون","transliteration_en":"Al-Maa'un","translation_en":"Almsgiving","total_verses":7,"revelation_type":"Meccan","verses":[{"number":1,"text":"بِسْمِ ٱللَّهِ ٱلرَّحْمَٰنِ ٱلرَّحِيمِ أَرَءَيْتَ ٱلَّذِى يُكَذِّبُ بِٱلدِّينِ","translation_en":"Have you seen the one who denies the Recompense?","translation_id":"Tahukah kamu (orang) yang mendustakan agama?"},{"number":2,"text":"فَذَٰلِكَ ٱلَّذِى يَدُعُّ ٱلْيَتِيمَ","translation_en":"For that is the one who drives away the orphan","translation_id":"Itulah orang yang menghardik anak yatim,"},{"number":3,"text":"وَلَا يَحُضُّ عَلَىٰ طَعَامِ ٱلْمِسْكِينِ","translation_en":"And does not encourage the feeding of the poor.","translation_id":"dan tidak menganjurkan memberi makan orang miskin."},{"number":4,"text":"فَوَيْلٌ لِّلْمُصَلِّينَ","translation_en":"So woe to those who pray","translation_id":"Maka kecelakaanlah bagi orang-orang yang shalat,"},{"number":5,"text":"ٱلَّذِينَ هُمْ عَن صَلَاتِهِمْ سَاهُونَ","translation_en":"[But] who are heedless of their prayer -","translation_id":"(yaitu) orang-orang yang lalai dari shalatnya,"},{"number":6,"text":"ٱلَّذِينَ هُمْ يُرَآءُونَ","translation_en":"Those who make show [of their deeds]","translation_id":"orang-orang yang berbuat riya,"},{"number":7,"text":"وَيَمْنَعُونَ ٱلْمَاعُونَ","translation_en":"And withhold [simple] assistance.","translation_id":"dan enggan (menolong dengan) barang berguna."}]}