{"number":109,"name":"سورة الكافرون","transliteration_en":"Al-Kaafiroon","translation_en":"The Disbelievers","total_verses":6,"revelation_type":"Meccan","verses":[{"number":1,"text":"بِسْمِ ٱللَّهِ ٱلرَّحْمَٰنِ ٱلرَّحِيمِ قُلْ يَٰٓأَيُّهَا ٱلْكَٰفِرُونَ","translation_en":"Say, \"O disbelievers,","translation_id":"Katakanlah: \"Hai orang-orang kafir,"},{"number":2,"text":"لَآ أَعْبُدُ مَا تَعْبُدُونَ","translation_en":"I do not worship what you worship.","translation_id":"Aku tidak akan menyembah apa yang kamu sembah."},{"number":3,"text":"وَلَآ أَنتُمْ عَٰبِدُونَ مَآ أَعْبُدُ","translation_en":"Nor are you worshippers of what I worship.","translation_id":"Dan kamu bukan penyembah Tuhan yang aku sembah."},{"number":4,"text":"وَلَآ أَنَا۠ عَابِدٌ مَّا عَبَدتُّمْ","translation_en":"Nor will I be a worshipper of what you worship.","translation_id":"Dan aku tidak pernah menjadi penyembah apa yang kamu sembah,"},{"number":5,"text":"وَلَآ أَنتُمْ عَٰبِدُونَ مَآ أَعْبُدُ","translation_en":"Nor will you be worshippers of what I worship.","translation_id":"dan kamu tidak pernah (pula) menjadi penyembah Tuhan yang aku sembah."},{"number":6,"text":"لَكُمْ دِينُكُمْ وَلِىَ دِينِ","translation_en":"For you is your religion, and for me is my religion.\"","translation_id":"Untukmu agamamu, dan untukkulah, agamaku\"."}]}