{"number":11,"name":"سورة هود","transliteration_en":"Hud","translation_en":"Hud","total_verses":123,"revelation_type":"Meccan","verses":[{"number":1,"text":"بِسْمِ ٱللَّهِ ٱلرَّحْمَٰنِ ٱلرَّحِيمِ الٓر كِتَٰبٌ أُحْكِمَتْ ءَايَٰتُهُۥ ثُمَّ فُصِّلَتْ مِن لَّدُنْ حَكِيمٍ خَبِيرٍ","translation_en":"Alif, Lam, Ra. [This is] a Book whose verses are perfected and then presented in detail from [one who is] Wise and Acquainted.","translation_id":"Alif laam raa, (inilah) suatu kitab yang ayat-ayatnya disusun dengan rapi serta dijelaskan secara terperinci, yang diturunkan dari sisi (Allah) Yang Maha Bijaksana lagi Maha Tahu,"},{"number":2,"text":"أَلَّا تَعْبُدُوٓا۟ إِلَّا ٱللَّهَ إِنَّنِى لَكُم مِّنْهُ نَذِيرٌ وَبَشِيرٌ","translation_en":"[Through a messenger, saying], \"Do not worship except Allah. Indeed, I am to you from Him a warner and a bringer of good tidings,\"","translation_id":"agar kamu tidak menyembah selain Allah. Sesungguhnya aku (Muhammad) adalah pemberi peringatan dan pembawa khabar gembira kepadamu daripada-Nya,"},{"number":3,"text":"وَأَنِ ٱسْتَغْفِرُوا۟ رَبَّكُمْ ثُمَّ تُوبُوٓا۟ إِلَيْهِ يُمَتِّعْكُم مَّتَٰعًا حَسَنًا إِلَىٰٓ أَجَلٍ مُّسَمًّى وَيُؤْتِ كُلَّ ذِى فَضْلٍ فَضْلَهُۥ وَإِن تَوَلَّوْا۟ فَإِنِّىٓ أَخَافُ عَلَيْكُمْ عَذَابَ يَوْمٍ كَبِيرٍ","translation_en":"And [saying], \"Seek forgiveness of your Lord and repent to Him, [and] He will let you enjoy a good provision for a specified term and give every doer of favor his favor. But if you turn away, then indeed, I fear for you the punishment of a great Day.","translation_id":"dan hendaklah kamu meminta ampun kepada Tuhanmu dan bertaubat kepada-Nya. (Jika kamu mengerjakan yang demikian), niscaya Dia akan memberi kenikmatan yang baik (terus menerus) kepadamu sampai kepada waktu yang telah ditentukan dan Dia akan memberikan kepada tiap-tiap orang yang mempunyai keutamaan (balasan) keutamaannya. Jika kamu berpaling, maka sesungguhnya aku takut kamu akan ditimpa siksa hari kiamat."},{"number":4,"text":"إِلَى ٱللَّهِ مَرْجِعُكُمْ وَهُوَ عَلَىٰ كُلِّ شَىْءٍ قَدِيرٌ","translation_en":"To Allah is your return, and He is over all things competent.\"","translation_id":"Kepada Allah-lah kembalimu, dan Dia Maha Kuasa atas segala sesuatu."},{"number":5,"text":"أَلَآ إِنَّهُمْ يَثْنُونَ صُدُورَهُمْ لِيَسْتَخْفُوا۟ مِنْهُ أَلَا حِينَ يَسْتَغْشُونَ ثِيَابَهُمْ يَعْلَمُ مَا يُسِرُّونَ وَمَا يُعْلِنُونَ إِنَّهُۥ عَلِيمٌۢ بِذَاتِ ٱلصُّدُورِ","translation_en":"Unquestionably, they the disbelievers turn away their breasts to hide themselves from Him. Unquestionably, [even] when they cover themselves in their clothing, Allah knows what they conceal and what they declare. Indeed, He is Knowing of that within the breasts.","translation_id":"Ingatlah, sesungguhnya (orang munafik itu) memalingkan dada mereka untuk menyembunyikan diri daripadanya (Muhammad). Ingatlah, di waktu mereka menyelimuti dirinya dengan kain, Allah mengetahui apa yang mereka sembunyikan dan apa yang mereka lahirkan, sesungguhnya Allah Maha Mengetahui segala isi hati."},{"number":6,"text":"وَمَا مِن دَآبَّةٍ فِى ٱلْأَرْضِ إِلَّا عَلَى ٱللَّهِ رِزْقُهَا وَيَعْلَمُ مُسْتَقَرَّهَا وَمُسْتَوْدَعَهَا كُلٌّ فِى كِتَٰبٍ مُّبِينٍ","translation_en":"And there is no creature on earth but that upon Allah is its provision, and He knows its place of dwelling and place of storage. All is in a clear register.","translation_id":"Dan tidak ada suatu binatang melata pun di bumi melainkan Allah-lah yang memberi rezekinya, dan Dia mengetahui tempat berdiam binatang itu dan tempat penyimpanannya. Semuanya tertulis dalam Kitab yang nyata (Lauh mahfuzh)."},{"number":7,"text":"وَهُوَ ٱلَّذِى خَلَقَ ٱلسَّمَٰوَٰتِ وَٱلْأَرْضَ فِى سِتَّةِ أَيَّامٍ وَكَانَ عَرْشُهُۥ عَلَى ٱلْمَآءِ لِيَبْلُوَكُمْ أَيُّكُمْ أَحْسَنُ عَمَلًا وَلَئِن قُلْتَ إِنَّكُم مَّبْعُوثُونَ مِنۢ بَعْدِ ٱلْمَوْتِ لَيَقُولَنَّ ٱلَّذِينَ كَفَرُوٓا۟ إِنْ هَٰذَآ إِلَّا سِحْرٌ مُّبِينٌ","translation_en":"And it is He who created the heavens and the earth in six days - and His Throne had been upon water - that He might test you as to which of you is best in deed. But if you say, \"Indeed, you are resurrected after death,\" those who disbelieve will surely say, \"This is not but obvious magic.\"","translation_id":"Dan Dialah yang menciptakan langit dan bumi dalam enam masa, dan adalah singgasana-Nya (sebelum itu) di atas air, agar Dia menguji siapakah di antara kamu yang lebih baik amalnya, dan jika kamu berkata (kepada penduduk Mekah): \"Sesungguhnya kamu akan dibangkitkan sesudah mati\", niscaya orang-orang yang kafir itu akan berkata: \"Ini tidak lain hanyalah sihir yang nyata\"."},{"number":8,"text":"وَلَئِنْ أَخَّرْنَا عَنْهُمُ ٱلْعَذَابَ إِلَىٰٓ أُمَّةٍ مَّعْدُودَةٍ لَّيَقُولُنَّ مَا يَحْبِسُهُۥٓ أَلَا يَوْمَ يَأْتِيهِمْ لَيْسَ مَصْرُوفًا عَنْهُمْ وَحَاقَ بِهِم مَّا كَانُوا۟ بِهِۦ يَسْتَهْزِءُونَ","translation_en":"And if We hold back from them the punishment for a limited time, they will surely say, \"What detains it?\" Unquestionably, on the Day it comes to them, it will not be averted from them, and they will be enveloped by what they used to ridicule.","translation_id":"Dan sesungguhnya jika Kami undurkan azab dari mereka sampai kepada suatu waktu yang ditentukan. niscaya mereka akan berkata: \"Apakah yang menghalanginya?\" lngatlah, diwaktu azab itu datang kepada mereka tidaklah dapat dipalingkan dari mereka dan mereka diliputi oleh azab yang dahulunya mereka selalu memperolok-olokkannya."},{"number":9,"text":"وَلَئِنْ أَذَقْنَا ٱلْإِنسَٰنَ مِنَّا رَحْمَةً ثُمَّ نَزَعْنَٰهَا مِنْهُ إِنَّهُۥ لَيَـُٔوسٌ كَفُورٌ","translation_en":"And if We give man a taste of mercy from Us and then We withdraw it from him, indeed, he is despairing and ungrateful.","translation_id":"Dan jika Kami rasakan kepada manusia suatu rahmat (nikmat) dari Kami, kemudian rahmat itu Kami cabut daripadanya, pastilah dia menjadi putus asa lagi tidak berterima kasih."},{"number":10,"text":"وَلَئِنْ أَذَقْنَٰهُ نَعْمَآءَ بَعْدَ ضَرَّآءَ مَسَّتْهُ لَيَقُولَنَّ ذَهَبَ ٱلسَّيِّـَٔاتُ عَنِّىٓ إِنَّهُۥ لَفَرِحٌ فَخُورٌ","translation_en":"But if We give him a taste of favor after hardship has touched him, he will surely say, \"Bad times have left me.\" Indeed, he is exultant and boastful -","translation_id":"Dan jika Kami rasakan kepadanya kebahagiaan sesudah bencana yang menimpanya, niscaya dia akan berkata: \"Telah hilang bencana-bencana itu daripadaku\"; sesungguhnya dia sangat gembira lagi bangga,"},{"number":11,"text":"إِلَّا ٱلَّذِينَ صَبَرُوا۟ وَعَمِلُوا۟ ٱلصَّٰلِحَٰتِ أُو۟لَٰٓئِكَ لَهُم مَّغْفِرَةٌ وَأَجْرٌ كَبِيرٌ","translation_en":"Except for those who are patient and do righteous deeds; those will have forgiveness and great reward.","translation_id":"kecuali orang-orang yang sabar (terhadap bencana), dan mengerjakan amal-amal saleh; mereka itu beroleh ampunan dan pahala yang besar."},{"number":12,"text":"فَلَعَلَّكَ تَارِكٌۢ بَعْضَ مَا يُوحَىٰٓ إِلَيْكَ وَضَآئِقٌۢ بِهِۦ صَدْرُكَ أَن يَقُولُوا۟ لَوْلَآ أُنزِلَ عَلَيْهِ كَنزٌ أَوْ جَآءَ مَعَهُۥ مَلَكٌ إِنَّمَآ أَنتَ نَذِيرٌ وَٱللَّهُ عَلَىٰ كُلِّ شَىْءٍ وَكِيلٌ","translation_en":"Then would you possibly leave [out] some of what is revealed to you, or is your breast constrained by it because they say, \"Why has there not been sent down to him a treasure or come with him an angel?\" But you are only a warner. And Allah is Disposer of all things.","translation_id":"Maka boleh jadi kamu hendak meninggalkan sebahagian dari apa yang diwahyukan kepadamu dan sempit karenanya dadamu, karena khawatir bahwa mereka akan mengatakan: \"Mengapa tidak diturunkan kepadanya perbendaharaan (kekayaan) atau datang bersama-sama dengan dia seorang malaikat?\" Sesungguhnya kamu hanyalah seorang pemberi peringatan dan Allah Pemelihara segala sesuatu."},{"number":13,"text":"أَمْ يَقُولُونَ ٱفْتَرَىٰهُ قُلْ فَأْتُوا۟ بِعَشْرِ سُوَرٍ مِّثْلِهِۦ مُفْتَرَيَٰتٍ وَٱدْعُوا۟ مَنِ ٱسْتَطَعْتُم مِّن دُونِ ٱللَّهِ إِن كُنتُمْ صَٰدِقِينَ","translation_en":"Or do they say, \"He invented it\"? Say, \"Then bring ten surahs like it that have been invented and call upon [for assistance] whomever you can besides Allah, if you should be truthful.\"","translation_id":"Bahkan mereka mengatakan: \"Muhammad telah membuat-buat Al Quran itu\", Katakanlah: \"(Kalau demikian), maka datangkanlah sepuluh surat-surat yang dibuat-buat yang menyamainya, dan panggillah orang-orang yang kamu sanggup (memanggilnya) selain Allah, jika kamu memang orang-orang yang benar\"."},{"number":14,"text":"فَإِلَّمْ يَسْتَجِيبُوا۟ لَكُمْ فَٱعْلَمُوٓا۟ أَنَّمَآ أُنزِلَ بِعِلْمِ ٱللَّهِ وَأَن لَّآ إِلَٰهَ إِلَّا هُوَ فَهَلْ أَنتُم مُّسْلِمُونَ","translation_en":"And if they do not respond to you - then know that the Qur'an was revealed with the knowledge of Allah and that there is no deity except Him. Then, would you [not] be Muslims?","translation_id":"Jika mereka yang kamu seru itu tidak menerima seruanmu (ajakanmu) itu maka ketahuilah, sesungguhnya Al Quran itu diturunkan dengan ilmu Allah, dan bahwasanya tidak ada Tuhan selain Dia, maka maukah kamu berserah diri (kepada Allah)?"},{"number":15,"text":"مَن كَانَ يُرِيدُ ٱلْحَيَوٰةَ ٱلدُّنْيَا وَزِينَتَهَا نُوَفِّ إِلَيْهِمْ أَعْمَٰلَهُمْ فِيهَا وَهُمْ فِيهَا لَا يُبْخَسُونَ","translation_en":"Whoever desires the life of this world and its adornments - We fully repay them for their deeds therein, and they therein will not be deprived.","translation_id":"Barangsiapa yang menghendaki kehidupan dunia dan perhiasannya, niscaya Kami berikan kepada mereka balasan pekerjaan mereka di dunia dengan sempurna dan mereka di dunia itu tidak akan dirugikan."},{"number":16,"text":"أُو۟لَٰٓئِكَ ٱلَّذِينَ لَيْسَ لَهُمْ فِى ٱلْءَاخِرَةِ إِلَّا ٱلنَّارُ وَحَبِطَ مَا صَنَعُوا۟ فِيهَا وَبَٰطِلٌ مَّا كَانُوا۟ يَعْمَلُونَ","translation_en":"Those are the ones for whom there is not in the Hereafter but the Fire. And lost is what they did therein, and worthless is what they used to do.","translation_id":"Itulah orang-orang yang tidak memperoleh di akhirat, kecuali neraka dan lenyaplah di akhirat itu apa yang telah mereka usahakan di dunia dan sia-sialah apa yang telah mereka kerjakan."},{"number":17,"text":"أَفَمَن كَانَ عَلَىٰ بَيِّنَةٍ مِّن رَّبِّهِۦ وَيَتْلُوهُ شَاهِدٌ مِّنْهُ وَمِن قَبْلِهِۦ كِتَٰبُ مُوسَىٰٓ إِمَامًا وَرَحْمَةً أُو۟لَٰٓئِكَ يُؤْمِنُونَ بِهِۦ وَمَن يَكْفُرْ بِهِۦ مِنَ ٱلْأَحْزَابِ فَٱلنَّارُ مَوْعِدُهُۥ فَلَا تَكُ فِى مِرْيَةٍ مِّنْهُ إِنَّهُ ٱلْحَقُّ مِن رَّبِّكَ وَلَٰكِنَّ أَكْثَرَ ٱلنَّاسِ لَا يُؤْمِنُونَ","translation_en":"So is one who [stands] upon a clear evidence from his Lord [like the aforementioned]? And a witness from Him follows it, and before it was the Scripture of Moses to lead and as mercy. Those [believers in the former revelations] believe in the Qur'an. But whoever disbelieves in it from the [various] factions - the Fire is his promised destination. So be not in doubt about it. Indeed, it is the truth from your Lord, but most of the people do not believe.","translation_id":"Apakah (orang-orang kafir itu sama dengan) orang-orang yang ada mempunyai bukti yang nyata (Al Quran) dari Tuhannya, dan diikuti pula oleh seorang saksi (Muhammad) dari Allah dan sebelum Al Quran itu telah ada Kitab Musa yang menjadi pedoman dan rahmat? Mereka itu beriman kepada Al Quran. Dan barangsiapa di antara mereka (orang-orang Quraisy) dan sekutu-sekutunya yang kafir kepada Al Quran, maka nerakalah tempat yang diancamkan baginya, karena itu janganlah kamu ragu-ragu terhadap Al Quran itu. Sesungguhnya (Al Quran) itu benar-benar dari Tuhanmu, tetapi kebanyakan manusia tidak beriman."},{"number":18,"text":"وَمَنْ أَظْلَمُ مِمَّنِ ٱفْتَرَىٰ عَلَى ٱللَّهِ كَذِبًا أُو۟لَٰٓئِكَ يُعْرَضُونَ عَلَىٰ رَبِّهِمْ وَيَقُولُ ٱلْأَشْهَٰدُ هَٰٓؤُلَآءِ ٱلَّذِينَ كَذَبُوا۟ عَلَىٰ رَبِّهِمْ أَلَا لَعْنَةُ ٱللَّهِ عَلَى ٱلظَّٰلِمِينَ","translation_en":"And who is more unjust than he who invents a lie about Allah? Those will be presented before their Lord, and the witnesses will say, \"These are the ones who lied against their Lord.\" Unquestionably, the curse of Allah is upon the wrongdoers.","translation_id":"Dan siapakah yang lebih zalim daripada orang yang membuat-buat dusta terhadap Allah? Mereka itu akan dihadapkan kepada Tuhan mereka, dan para saksi akan berkata: \"Orang-orang inilah yang telah berdusta terhadap Tuhan mereka\". Ingatlah, kutukan Allah (ditimpakan) atas orang-orang yang zalim,"},{"number":19,"text":"ٱلَّذِينَ يَصُدُّونَ عَن سَبِيلِ ٱللَّهِ وَيَبْغُونَهَا عِوَجًا وَهُم بِٱلْءَاخِرَةِ هُمْ كَٰفِرُونَ","translation_en":"Who averted [people] from the way of Allah and sought to make it [seem] deviant while they, concerning the Hereafter, were disbelievers.","translation_id":"(yaitu) orang-orang yang menghalangi (manusia) dari jalan Allah dan menghendaki (supaya) jalan itu bengkok. Dan mereka itulah orang-orang yang tidak percaya akan adanya hari akhirat."},{"number":20,"text":"أُو۟لَٰٓئِكَ لَمْ يَكُونُوا۟ مُعْجِزِينَ فِى ٱلْأَرْضِ وَمَا كَانَ لَهُم مِّن دُونِ ٱللَّهِ مِنْ أَوْلِيَآءَ يُضَٰعَفُ لَهُمُ ٱلْعَذَابُ مَا كَانُوا۟ يَسْتَطِيعُونَ ٱلسَّمْعَ وَمَا كَانُوا۟ يُبْصِرُونَ","translation_en":"Those were not causing failure [to Allah] on earth, nor did they have besides Allah any protectors. For them the punishment will be multiplied. They were not able to hear, nor did they see.","translation_id":"Orang-orang itu tidak mampu menghalang-halangi Allah untuk (mengazab mereka) di bumi ini, dan sekali-kali tidak adalah bagi mereka penolong selain Allah. Siksaan itu dilipat gandakan kepada mereka. Mereka selalu tidak dapat mendengar (kebenaran) dan mereka selalu tidak dapat melihat(nya)."},{"number":21,"text":"أُو۟لَٰٓئِكَ ٱلَّذِينَ خَسِرُوٓا۟ أَنفُسَهُمْ وَضَلَّ عَنْهُم مَّا كَانُوا۟ يَفْتَرُونَ","translation_en":"Those are the ones who will have lost themselves, and lost from them is what they used to invent.","translation_id":"Mereka itulah orang-orang yang merugikan dirinya sendiri, dan lenyaplah dari mereka apa yang selalu mereka ada-adakan."},{"number":22,"text":"لَا جَرَمَ أَنَّهُمْ فِى ٱلْءَاخِرَةِ هُمُ ٱلْأَخْسَرُونَ","translation_en":"Assuredly, it is they in the Hereafter who will be the greatest losers.","translation_id":"Pasti mereka itu di akhirat menjadi orang-orang yang paling merugi."},{"number":23,"text":"إِنَّ ٱلَّذِينَ ءَامَنُوا۟ وَعَمِلُوا۟ ٱلصَّٰلِحَٰتِ وَأَخْبَتُوٓا۟ إِلَىٰ رَبِّهِمْ أُو۟لَٰٓئِكَ أَصْحَٰبُ ٱلْجَنَّةِ هُمْ فِيهَا خَٰلِدُونَ","translation_en":"Indeed, they who have believed and done righteous deeds and humbled themselves to their Lord - those are the companions of Paradise; they will abide eternally therein.","translation_id":"Sesungguhnya orang-orang yang beriman dan mengerjakan amal-amal saleh dan merendahkan diri kepada Tuhan mereka, mereka itu adalah penghuni-penghuni surga; mereka kekal di dalamnya."},{"number":24,"text":"مَثَلُ ٱلْفَرِيقَيْنِ كَٱلْأَعْمَىٰ وَٱلْأَصَمِّ وَٱلْبَصِيرِ وَٱلسَّمِيعِ هَلْ يَسْتَوِيَانِ مَثَلًا أَفَلَا تَذَكَّرُونَ","translation_en":"The example of the two parties is like the blind and deaf, and the seeing and hearing. Are they equal in comparison? Then, will you not remember?","translation_id":"Perbandingan kedua golongan itu (orang-orang kafir dan orang-orang mukmin), seperti orang buta dan tuli dengan orang yang dapat melihat dan dapat mendengar. Adakah kedua golongan itu sama keadaan dan sifatnya? Maka tidakkah kamu mengambil pelajaran (daripada perbandingan itu)?"},{"number":25,"text":"وَلَقَدْ أَرْسَلْنَا نُوحًا إِلَىٰ قَوْمِهِۦٓ إِنِّى لَكُمْ نَذِيرٌ مُّبِينٌ","translation_en":"And We had certainly sent Noah to his people, [saying], \"Indeed, I am to you a clear warner","translation_id":"Dan sesungguhnya Kami telah mengutus Nuh kepada kaumnya, (dia berkata): \"Sesungguhnya aku adalah pemberi peringatan yang nyata bagi kamu,"},{"number":26,"text":"أَن لَّا تَعْبُدُوٓا۟ إِلَّا ٱللَّهَ إِنِّىٓ أَخَافُ عَلَيْكُمْ عَذَابَ يَوْمٍ أَلِيمٍ","translation_en":"That you not worship except Allah. Indeed, I fear for you the punishment of a painful day.\"","translation_id":"agar kamu tidak menyembah selain Allah. Sesungguhnya aku takut kamu akan ditimpa azab (pada) hari yang sangat menyedihkan\"."},{"number":27,"text":"فَقَالَ ٱلْمَلَأُ ٱلَّذِينَ كَفَرُوا۟ مِن قَوْمِهِۦ مَا نَرَىٰكَ إِلَّا بَشَرًا مِّثْلَنَا وَمَا نَرَىٰكَ ٱتَّبَعَكَ إِلَّا ٱلَّذِينَ هُمْ أَرَاذِلُنَا بَادِىَ ٱلرَّأْىِ وَمَا نَرَىٰ لَكُمْ عَلَيْنَا مِن فَضْلٍۭ بَلْ نَظُنُّكُمْ كَٰذِبِينَ","translation_en":"So the eminent among those who disbelieved from his people said, \"We do not see you but as a man like ourselves, and we do not see you followed except by those who are the lowest of us [and] at first suggestion. And we do not see in you over us any merit; rather, we think you are liars.\"","translation_id":"Maka berkatalah pemimpin-pemimpin yang kafir dari kaumnya: \"Kami tidak melihat kamu, melainkan (sebagai) seorang manusia (biasa) seperti kami, dan kami tidak melihat orang-orang yang mengikuti kamu, melainkan orang-orang yang hina dina di antara kami yang lekas percaya saja, dan kami tidak melihat kamu memiliki sesuatu kelebihan apapun atas kami, bahkan kami yakin bahwa kamu adalah orang-orang yang dusta\"."},{"number":28,"text":"قَالَ يَٰقَوْمِ أَرَءَيْتُمْ إِن كُنتُ عَلَىٰ بَيِّنَةٍ مِّن رَّبِّى وَءَاتَىٰنِى رَحْمَةً مِّنْ عِندِهِۦ فَعُمِّيَتْ عَلَيْكُمْ أَنُلْزِمُكُمُوهَا وَأَنتُمْ لَهَا كَٰرِهُونَ","translation_en":"He said, \"O my people have you considered: if I should be upon clear evidence from my Lord while He has given me mercy from Himself but it has been made unapparent to you, should we force it upon you while you are averse to it?","translation_id":"Berkata Nuh: \"Hai kaumku, bagaimana pikiranmu, jika aku ada mempunyai bukti yang nyata dari Tuhanku, dan diberinya aku rahmat dari sisi-Nya, tetapi rahmat itu disamarkan bagimu. Apa akan kami paksakankah kamu menerimanya, padahal kamu tiada menyukainya?\""},{"number":29,"text":"وَيَٰقَوْمِ لَآ أَسْـَٔلُكُمْ عَلَيْهِ مَالًا إِنْ أَجْرِىَ إِلَّا عَلَى ٱللَّهِ وَمَآ أَنَا۠ بِطَارِدِ ٱلَّذِينَ ءَامَنُوٓا۟ إِنَّهُم مُّلَٰقُوا۟ رَبِّهِمْ وَلَٰكِنِّىٓ أَرَىٰكُمْ قَوْمًا تَجْهَلُونَ","translation_en":"And O my people, I ask not of you for it any wealth. My reward is not but from Allah. And I am not one to drive away those who have believed. Indeed, they will meet their Lord, but I see that you are a people behaving ignorantly.","translation_id":"Dan (dia berkata): \"Hai kaumku, aku tiada meminta harta benda kepada kamu (sebagai upah) bagi seruanku. Upahku hanyalah dari Allah dan aku sekali-kali tidak akan mengusir orang-orang yang telah beriman. Sesungguhnya mereka akan bertemu dengan Tuhannya, akan tetapi aku memandangmu suatu kaum yang tidak mengetahui\"."},{"number":30,"text":"وَيَٰقَوْمِ مَن يَنصُرُنِى مِنَ ٱللَّهِ إِن طَرَدتُّهُمْ أَفَلَا تَذَكَّرُونَ","translation_en":"And O my people, who would protect me from Allah if I drove them away? Then will you not be reminded?","translation_id":"Dan (dia berkata): \"Hai kaumku, siapakah yang akan menolongku dari (azab) Allah jika aku mengusir mereka. Maka tidakkah kamu mengambil pelajaran?"},{"number":31,"text":"وَلَآ أَقُولُ لَكُمْ عِندِى خَزَآئِنُ ٱللَّهِ وَلَآ أَعْلَمُ ٱلْغَيْبَ وَلَآ أَقُولُ إِنِّى مَلَكٌ وَلَآ أَقُولُ لِلَّذِينَ تَزْدَرِىٓ أَعْيُنُكُمْ لَن يُؤْتِيَهُمُ ٱللَّهُ خَيْرًا ٱللَّهُ أَعْلَمُ بِمَا فِىٓ أَنفُسِهِمْ إِنِّىٓ إِذًا لَّمِنَ ٱلظَّٰلِمِينَ","translation_en":"And I do not tell you that I have the depositories [containing the provision] of Allah or that I know the unseen, nor do I tell you that I am an angel, nor do I say of those upon whom your eyes look down that Allah will never grant them any good. Allah is most knowing of what is within their souls. Indeed, I would then be among the wrongdoers.\"","translation_id":"Dan aku tidak mengatakan kepada kamu (bahwa): \"Aku mempunyai gudang-gudang rezeki dan kekayaan dari Allah, dan aku tiada mengetahui yang ghaib\", dan tidak (pula) aku mengatakan: \"Bahwa sesungguhnya aku adalah malaikat\", dan tidak juga aku mengatakan kepada orang-orang yang dipandang hina oleh penglihatanmu: \"Sekali-kali Allah tidak akan mendatangkan kebaikan kepada mereka\". Allah lebih mengetahui apa yang ada pada diri mereka; sesungguhnya aku, kalau begitu benar-benar termasuk orang-orang yang zalim."},{"number":32,"text":"قَالُوا۟ يَٰنُوحُ قَدْ جَٰدَلْتَنَا فَأَكْثَرْتَ جِدَٰلَنَا فَأْتِنَا بِمَا تَعِدُنَآ إِن كُنتَ مِنَ ٱلصَّٰدِقِينَ","translation_en":"They said, \"O Noah, you have disputed us and been frequent in dispute of us. So bring us what you threaten us, if you should be of the truthful.\"","translation_id":"Mereka berkata \"Hai Nuh, sesungguhnya kamu telah berbantah dengan kami, dan kamu telah memperpanjang bantahanmu terhadap kami, maka datangkanlah kepada kami azab yang kamu ancamkan kepada kami, jika kamu termasuk orang-orang yang benar\"."},{"number":33,"text":"قَالَ إِنَّمَا يَأْتِيكُم بِهِ ٱللَّهُ إِن شَآءَ وَمَآ أَنتُم بِمُعْجِزِينَ","translation_en":"He said, \"Allah will only bring it to you if He wills, and you will not cause [Him] failure.","translation_id":"Nuh menjawab: \"Hanyalah Allah yang akan mendatangkan azab itu kepadamu jika Dia menghendaki, dan kamu sekali-kali tidak dapat melepaskan diri."},{"number":34,"text":"وَلَا يَنفَعُكُمْ نُصْحِىٓ إِنْ أَرَدتُّ أَنْ أَنصَحَ لَكُمْ إِن كَانَ ٱللَّهُ يُرِيدُ أَن يُغْوِيَكُمْ هُوَ رَبُّكُمْ وَإِلَيْهِ تُرْجَعُونَ","translation_en":"And my advice will not benefit you - although I wished to advise you - If Allah should intend to put you in error. He is your Lord, and to Him you will be returned.\"","translation_id":"Dan tidaklah bermanfaat kepadamu nasehatku jika aku hendak memberi nasehat kepada kamu, sekiranya Allah hendak menyesatkan kamu, Dia adalah Tuhanmu, dan kepada-Nya-lah kamu dikembalikan\"."},{"number":35,"text":"أَمْ يَقُولُونَ ٱفْتَرَىٰهُ قُلْ إِنِ ٱفْتَرَيْتُهُۥ فَعَلَىَّ إِجْرَامِى وَأَنَا۠ بَرِىٓءٌ مِّمَّا تُجْرِمُونَ","translation_en":"Or do they say [about Prophet Muhammad], \"He invented it\"? Say, \"If I have invented it, then upon me is [the consequence of] my crime; but I am innocent of what [crimes] you commit.\"","translation_id":"Malahan kaum Nuh itu berkata: \"Dia cuma membuat-buat nasihatnya saja\". Katakanlah: \"Jika aku membuat-buat nasihat itu, maka hanya akulah yang memikul dosaku, dan aku berlepas diri dari dosa yang kamu perbuat\"."},{"number":36,"text":"وَأُوحِىَ إِلَىٰ نُوحٍ أَنَّهُۥ لَن يُؤْمِنَ مِن قَوْمِكَ إِلَّا مَن قَدْ ءَامَنَ فَلَا تَبْتَئِسْ بِمَا كَانُوا۟ يَفْعَلُونَ","translation_en":"And it was revealed to Noah that, \"No one will believe from your people except those who have already believed, so do not be distressed by what they have been doing.","translation_id":"Dan diwahyukan kepada Nuh, bahwasanya sekali-kali tidak akan beriman di antara kaummu, kecuali orang yang telah beriman (saja), karena itu janganlah kamu bersedih hati tentang apa yang selalu mereka kerjakan."},{"number":37,"text":"وَٱصْنَعِ ٱلْفُلْكَ بِأَعْيُنِنَا وَوَحْيِنَا وَلَا تُخَٰطِبْنِى فِى ٱلَّذِينَ ظَلَمُوٓا۟ إِنَّهُم مُّغْرَقُونَ","translation_en":"And construct the ship under Our observation and Our inspiration and do not address Me concerning those who have wronged; indeed, they are [to be] drowned.\"","translation_id":"Dan buatlah bahtera itu dengan pengawasan dan petunjuk wahyu Kami, dan janganlah kamu bicarakan dengan Aku tentang orang-orang yang zalim itu; sesungguhnya mereka itu akan ditenggelamkan."},{"number":38,"text":"وَيَصْنَعُ ٱلْفُلْكَ وَكُلَّمَا مَرَّ عَلَيْهِ مَلَأٌ مِّن قَوْمِهِۦ سَخِرُوا۟ مِنْهُ قَالَ إِن تَسْخَرُوا۟ مِنَّا فَإِنَّا نَسْخَرُ مِنكُمْ كَمَا تَسْخَرُونَ","translation_en":"And he constructed the ship, and whenever an assembly of the eminent of his people passed by him, they ridiculed him. He said, \"If you ridicule us, then we will ridicule you just as you ridicule.","translation_id":"Dan mulailah Nuh membuat bahtera. Dan setiap kali pemimpin kaumnya berjalan meliwati Nuh, mereka mengejeknya. Berkatalah Nuh: \"Jika kamu mengejek kami, maka sesungguhnya kami (pun) mengejekmu sebagaimana kamu sekalian mengejek (kami)."},{"number":39,"text":"فَسَوْفَ تَعْلَمُونَ مَن يَأْتِيهِ عَذَابٌ يُخْزِيهِ وَيَحِلُّ عَلَيْهِ عَذَابٌ مُّقِيمٌ","translation_en":"And you are going to know who will get a punishment that will disgrace him [on earth] and upon whom will descend an enduring punishment [in the Hereafter].\"","translation_id":"Kelak kamu akan mengetahui siapa yang akan ditimpa oleh azab yang menghinakannya dan yang akan ditimpa azab yang kekal\"."},{"number":40,"text":"حَتَّىٰٓ إِذَا جَآءَ أَمْرُنَا وَفَارَ ٱلتَّنُّورُ قُلْنَا ٱحْمِلْ فِيهَا مِن كُلٍّ زَوْجَيْنِ ٱثْنَيْنِ وَأَهْلَكَ إِلَّا مَن سَبَقَ عَلَيْهِ ٱلْقَوْلُ وَمَنْ ءَامَنَ وَمَآ ءَامَنَ مَعَهُۥٓ إِلَّا قَلِيلٌ","translation_en":"[So it was], until when Our command came and the oven overflowed, We said, \"Load upon the ship of each [creature] two mates and your family, except those about whom the word has preceded, and [include] whoever has believed.\" But none had believed with him, except a few.","translation_id":"Hingga apabila perintah Kami datang dan dapur telah memancarkan air, Kami berfirman: \"Muatkanlah ke dalam bahtera itu dari masing-masing binatang sepasang (jantan dan betina), dan keluargamu kecuali orang yang telah terdahulu ketetapan terhadapnya dan (muatkan pula) orang-orang yang beriman\". Dan tidak beriman bersama dengan Nuh itu kecuali sedikit."},{"number":41,"text":"وَقَالَ ٱرْكَبُوا۟ فِيهَا بِسْمِ ٱللَّهِ مَجْر۪ىٰهَا وَمُرْسَىٰهَآ إِنَّ رَبِّى لَغَفُورٌ رَّحِيمٌ","translation_en":"And [Noah] said, \"Embark therein; in the name of Allah is its course and its anchorage. Indeed, my Lord is Forgiving and Merciful.\"","translation_id":"Dan Nuh berkata: \"Naiklah kamu sekalian ke dalamnya dengan menyebut nama Allah di waktu berlayar dan berlabuhnya\". Sesungguhnya Tuhanku benar-benar Maha Pengampun lagi Maha Penyayang."},{"number":42,"text":"وَهِىَ تَجْرِى بِهِمْ فِى مَوْجٍ كَٱلْجِبَالِ وَنَادَىٰ نُوحٌ ٱبْنَهُۥ وَكَانَ فِى مَعْزِلٍ يَٰبُنَىَّ ٱرْكَب مَّعَنَا وَلَا تَكُن مَّعَ ٱلْكَٰفِرِينَ","translation_en":"And it sailed with them through waves like mountains, and Noah called to his son who was apart [from them], \"O my son, come aboard with us and be not with the disbelievers.\"","translation_id":"Dan bahtera itu berlayar membawa mereka dalam gelombang laksana gunung. Dan Nuh memanggil anaknya, sedang anak itu berada di tempat yang jauh terpencil: \"Hai anakku, naiklah (ke kapal) bersama kami dan janganlah kamu berada bersama orang-orang yang kafir\"."},{"number":43,"text":"قَالَ سَـَٔاوِىٓ إِلَىٰ جَبَلٍ يَعْصِمُنِى مِنَ ٱلْمَآءِ قَالَ لَا عَاصِمَ ٱلْيَوْمَ مِنْ أَمْرِ ٱللَّهِ إِلَّا مَن رَّحِمَ وَحَالَ بَيْنَهُمَا ٱلْمَوْجُ فَكَانَ مِنَ ٱلْمُغْرَقِينَ","translation_en":"[But] he said, \"I will take refuge on a mountain to protect me from the water.\" [Noah] said, \"There is no protector today from the decree of Allah, except for whom He gives mercy.\" And the waves came between them, and he was among the drowned.","translation_id":"Anaknya menjawab: \"Aku akan mencari perlindungan ke gunung yang dapat memeliharaku dari air bah!\" Nuh berkata: \"Tidak ada yang melindungi hari ini dari azab Allah selain Allah (saja) Yang Maha Penyayang\". Dan gelombang menjadi penghalang antara keduanya; maka jadilah anak itu termasuk orang-orang yang ditenggelamkan."},{"number":44,"text":"وَقِيلَ يَٰٓأَرْضُ ٱبْلَعِى مَآءَكِ وَيَٰسَمَآءُ أَقْلِعِى وَغِيضَ ٱلْمَآءُ وَقُضِىَ ٱلْأَمْرُ وَٱسْتَوَتْ عَلَى ٱلْجُودِىِّ وَقِيلَ بُعْدًا لِّلْقَوْمِ ٱلظَّٰلِمِينَ","translation_en":"And it was said, \"O earth, swallow your water, and O sky, withhold [your rain].\" And the water subsided, and the matter was accomplished, and the ship came to rest on the [mountain of] Judiyy. And it was said, \"Away with the wrongdoing people.\"","translation_id":"Dan difirmankan: \"Hai bumi telanlah airmu, dan hai langit (hujan) berhentilah,\" dan airpun disurutkan, perintahpun diselesaikan dan bahtera itupun berlabuh di atas bukit Judi, dan dikatakan: \"Binasalah orang-orang yang zalim\"."},{"number":45,"text":"وَنَادَىٰ نُوحٌ رَّبَّهُۥ فَقَالَ رَبِّ إِنَّ ٱبْنِى مِنْ أَهْلِى وَإِنَّ وَعْدَكَ ٱلْحَقُّ وَأَنتَ أَحْكَمُ ٱلْحَٰكِمِينَ","translation_en":"And Noah called to his Lord and said, \"My Lord, indeed my son is of my family; and indeed, Your promise is true; and You are the most just of judges!\"","translation_id":"Dan Nuh berseru kepada Tuhannya sambil berkata: \"Ya Tuhanku, sesungguhnya anakku termasuk keluargaku, dan sesungguhnya janji Engkau itulah yang benar. Dan Engkau adalah Hakim yang seadil-adilnya\"."},{"number":46,"text":"قَالَ يَٰنُوحُ إِنَّهُۥ لَيْسَ مِنْ أَهْلِكَ إِنَّهُۥ عَمَلٌ غَيْرُ صَٰلِحٍ فَلَا تَسْـَٔلْنِ مَا لَيْسَ لَكَ بِهِۦ عِلْمٌ إِنِّىٓ أَعِظُكَ أَن تَكُونَ مِنَ ٱلْجَٰهِلِينَ","translation_en":"He said, \"O Noah, indeed he is not of your family; indeed, he is [one whose] work was other than righteous, so ask Me not for that about which you have no knowledge. Indeed, I advise you, lest you be among the ignorant.\"","translation_id":"Allah berfirman: \"Hai Nuh, sesungguhnya dia bukanlah termasuk keluargamu (yang dijanjikan akan diselamatkan), sesungguhnya (perbuatan)nya perbuatan yang tidak baik. Sebab itu janganlah kamu memohon kepada-Ku sesuatu yang kamu tidak mengetahui (hakekat)nya. Sesungguhnya Aku memperingatkan kepadamu supaya kamu jangan termasuk orang-orang yang tidak berpengetahuan\"."},{"number":47,"text":"قَالَ رَبِّ إِنِّىٓ أَعُوذُ بِكَ أَنْ أَسْـَٔلَكَ مَا لَيْسَ لِى بِهِۦ عِلْمٌ وَإِلَّا تَغْفِرْ لِى وَتَرْحَمْنِىٓ أَكُن مِّنَ ٱلْخَٰسِرِينَ","translation_en":"[Noah] said, \"My Lord, I seek refuge in You from asking that of which I have no knowledge. And unless You forgive me and have mercy upon me, I will be among the losers.\"","translation_id":"Nuh berkata: Ya Tuhanku, sesungguhnya aku berlindung kepada Engkau dari memohon kepada Engkau sesuatu yang aku tiada mengetahui (hakekat)nya. Dan sekiranya Engkau tidak memberi ampun kepadaku, dan (tidak) menaruh belas kasihan kepadaku, niscaya aku akan termasuk orang-orang yang merugi\"."},{"number":48,"text":"قِيلَ يَٰنُوحُ ٱهْبِطْ بِسَلَٰمٍ مِّنَّا وَبَرَكَٰتٍ عَلَيْكَ وَعَلَىٰٓ أُمَمٍ مِّمَّن مَّعَكَ وَأُمَمٌ سَنُمَتِّعُهُمْ ثُمَّ يَمَسُّهُم مِّنَّا عَذَابٌ أَلِيمٌ","translation_en":"It was said, \"O Noah, disembark in security from Us and blessings upon you and upon nations [descending] from those with you. But other nations [of them] We will grant enjoyment; then there will touch them from Us a painful punishment.\"","translation_id":"Difirmankan: \"Hai Nuh, turunlah dengan selamat sejahtera dan penuh keberkatan dari Kami atasmu dan atas umat-umat (yang mukmin) dari orang-orang yang bersamamu. Dan ada (pula) umat-umat yang Kami beri kesenangan pada mereka (dalam kehidupan dunia), kemudian mereka akan ditimpa azab yang pedih dari Kami\"."},{"number":49,"text":"تِلْكَ مِنْ أَنۢبَآءِ ٱلْغَيْبِ نُوحِيهَآ إِلَيْكَ مَا كُنتَ تَعْلَمُهَآ أَنتَ وَلَا قَوْمُكَ مِن قَبْلِ هَٰذَا فَٱصْبِرْ إِنَّ ٱلْعَٰقِبَةَ لِلْمُتَّقِينَ","translation_en":"That is from the news of the unseen which We reveal to you, [O Muhammad]. You knew it not, neither you nor your people, before this. So be patient; indeed, the [best] outcome is for the righteous.","translation_id":"Itu adalah di antara berita-berita penting tentang yang ghaib yang Kami wahyukan kepadamu (Muhammad); tidak pernah kamu mengetahuinya dan tidak (pula) kaummu sebelum ini. Maka bersabarlah; sesungguhnya kesudahan yang baik adalah bagi orang-orang yang bertakwa."},{"number":50,"text":"وَإِلَىٰ عَادٍ أَخَاهُمْ هُودًا قَالَ يَٰقَوْمِ ٱعْبُدُوا۟ ٱللَّهَ مَا لَكُم مِّنْ إِلَٰهٍ غَيْرُهُۥٓ إِنْ أَنتُمْ إِلَّا مُفْتَرُونَ","translation_en":"And to 'Aad [We sent] their brother Hud. He said, \"O my people, worship Allah; you have no deity other than Him. You are not but inventors [of falsehood].","translation_id":"Dan kepada kaum 'Ad (Kami utus) saudara mereka, Huud. Ia berkata: \"Hai kaumku, sembahlah Allah, sekali-kali tidak ada bagimu Tuhan selain Dia. Kamu hanyalah mengada-adakan saja."},{"number":51,"text":"يَٰقَوْمِ لَآ أَسْـَٔلُكُمْ عَلَيْهِ أَجْرًا إِنْ أَجْرِىَ إِلَّا عَلَى ٱلَّذِى فَطَرَنِىٓ أَفَلَا تَعْقِلُونَ","translation_en":"O my people, I do not ask you for it any reward. My reward is only from the one who created me. Then will you not reason?","translation_id":"Hai kaumku, aku tidak meminta upah kepadamu bagi seruanku ini. Upahku tidak lain hanyalah dari Allah yang telah menciptakanku. Maka tidakkah kamu memikirkan(nya)?\""},{"number":52,"text":"وَيَٰقَوْمِ ٱسْتَغْفِرُوا۟ رَبَّكُمْ ثُمَّ تُوبُوٓا۟ إِلَيْهِ يُرْسِلِ ٱلسَّمَآءَ عَلَيْكُم مِّدْرَارًا وَيَزِدْكُمْ قُوَّةً إِلَىٰ قُوَّتِكُمْ وَلَا تَتَوَلَّوْا۟ مُجْرِمِينَ","translation_en":"And O my people, ask forgiveness of your Lord and then repent to Him. He will send [rain from] the sky upon you in showers and increase you in strength [added] to your strength. And do not turn away, [being] criminals.\"","translation_id":"Dan (dia berkata): \"Hai kaumku, mohonlah ampun kepada Tuhanmu lalu bertobatlah kepada-Nya, niscaya Dia menurunkan hujan yang sangat deras atasmu, dan Dia akan menambahkan kekuatan kepada kekuatanmu, dan janganlah kamu berpaling dengan berbuat dosa\"."},{"number":53,"text":"قَالُوا۟ يَٰهُودُ مَا جِئْتَنَا بِبَيِّنَةٍ وَمَا نَحْنُ بِتَارِكِىٓ ءَالِهَتِنَا عَن قَوْلِكَ وَمَا نَحْنُ لَكَ بِمُؤْمِنِينَ","translation_en":"They said, \"O Hud, you have not brought us clear evidence, and we are not ones to leave our gods on your say-so. Nor are we believers in you.","translation_id":"Kaum 'Ad berkata: \"Hai Huud, kamu tidak mendatangkan kepada kami suatu bukti yang nyata, dan kami sekali-kali tidak akan meninggalkan sembahan-sembahan kami karena perkataanmu, dan kami sekali-kali tidak akan mempercayai kamu."},{"number":54,"text":"إِن نَّقُولُ إِلَّا ٱعْتَرَىٰكَ بَعْضُ ءَالِهَتِنَا بِسُوٓءٍ قَالَ إِنِّىٓ أُشْهِدُ ٱللَّهَ وَٱشْهَدُوٓا۟ أَنِّى بَرِىٓءٌ مِّمَّا تُشْرِكُونَ","translation_en":"We only say that some of our gods have possessed you with evil.\" He said, \"Indeed, I call Allah to witness, and witness [yourselves] that I am free from whatever you associate with Allah","translation_id":"Kami tidak mengatakan melainkan bahwa sebagian sembahan kami telah menimpakan penyakit gila atas dirimu\". Huud menjawab: \"Sesungguhnya aku bersaksi kepada Allah dan saksikanlah olehmu sekalian bahwa sesungguhnya aku berlepas diri dari apa yang kamu persekutukan,"},{"number":55,"text":"مِن دُونِهِۦ فَكِيدُونِى جَمِيعًا ثُمَّ لَا تُنظِرُونِ","translation_en":"Other than Him. So plot against me all together; then do not give me respite.","translation_id":"dari selain-Nya, sebab itu jalankanlah tipu dayamu semuanya terhadapku dan janganlah kamu memberi tangguh kepadaku."},{"number":56,"text":"إِنِّى تَوَكَّلْتُ عَلَى ٱللَّهِ رَبِّى وَرَبِّكُم مَّا مِن دَآبَّةٍ إِلَّا هُوَ ءَاخِذٌۢ بِنَاصِيَتِهَآ إِنَّ رَبِّى عَلَىٰ صِرَٰطٍ مُّسْتَقِيمٍ","translation_en":"Indeed, I have relied upon Allah, my Lord and your Lord. There is no creature but that He holds its forelock. Indeed, my Lord is on a path [that is] straight.\"","translation_id":"Sesungguhnya aku bertawakkal kepada Allah Tuhanku dan Tuhanmu. Tidak ada suatu binatang melatapun melainkan Dialah yang memegang ubun-ubunnya. Sesungguhnya Tuhanku di atas jalan yang lurus\"."},{"number":57,"text":"فَإِن تَوَلَّوْا۟ فَقَدْ أَبْلَغْتُكُم مَّآ أُرْسِلْتُ بِهِۦٓ إِلَيْكُمْ وَيَسْتَخْلِفُ رَبِّى قَوْمًا غَيْرَكُمْ وَلَا تَضُرُّونَهُۥ شَيْـًٔا إِنَّ رَبِّى عَلَىٰ كُلِّ شَىْءٍ حَفِيظٌ","translation_en":"But if they turn away, [say], \"I have already conveyed that with which I was sent to you. My Lord will give succession to a people other than you, and you will not harm Him at all. Indeed my Lord is, over all things, Guardian.\"","translation_id":"Jika kamu berpaling, maka sesungguhnya aku telah menyampaikan kepadamu apa (amanat) yang aku diutus (untuk menyampaikan)nya kepadamu. Dan Tuhanku akan mengganti (kamu) dengan kaum yang lain (dari) kamu; dan kamu tidak dapat membuat mudharat kepada-Nya sedikitpun. Sesungguhnya Tuhanku adalah Maha Pemelihara segala sesuatu."},{"number":58,"text":"وَلَمَّا جَآءَ أَمْرُنَا نَجَّيْنَا هُودًا وَٱلَّذِينَ ءَامَنُوا۟ مَعَهُۥ بِرَحْمَةٍ مِّنَّا وَنَجَّيْنَٰهُم مِّنْ عَذَابٍ غَلِيظٍ","translation_en":"And when Our command came, We saved Hud and those who believed with him, by mercy from Us; and We saved them from a harsh punishment.","translation_id":"Dan tatkala datang azab Kami, Kami selamatkan Huud dan orang-orang yang beriman bersama dia dengan rahmat dari Kami; dan Kami selamatkan (pula) mereka (di akhirat) dari azab yang berat."},{"number":59,"text":"وَتِلْكَ عَادٌ جَحَدُوا۟ بِـَٔايَٰتِ رَبِّهِمْ وَعَصَوْا۟ رُسُلَهُۥ وَٱتَّبَعُوٓا۟ أَمْرَ كُلِّ جَبَّارٍ عَنِيدٍ","translation_en":"And that was 'Aad, who rejected the signs of their Lord and disobeyed His messengers and followed the order of every obstinate tyrant.","translation_id":"Dan itulah (kisah) kaum 'Ad yang mengingkari tanda-tanda kekuasaan Tuhan mereka, dan mendurhakai rasul-rasul Allah dan mereka menuruti perintah semua penguasa yang sewenang-wenang lagi menentang (kebenaran)."},{"number":60,"text":"وَأُتْبِعُوا۟ فِى هَٰذِهِ ٱلدُّنْيَا لَعْنَةً وَيَوْمَ ٱلْقِيَٰمَةِ أَلَآ إِنَّ عَادًا كَفَرُوا۟ رَبَّهُمْ أَلَا بُعْدًا لِّعَادٍ قَوْمِ هُودٍ","translation_en":"And they were [therefore] followed in this world with a curse and [as well] on the Day of Resurrection. Unquestionably, 'Aad denied their Lord; then away with 'Aad, the people of Hud.","translation_id":"Dan mereka selalu diikuti dengan kutukan di dunia ini dan (begitu pula) di hari kiamat. Ingatlah, sesungguhnya kaum 'Ad itu kafir kepada Tuhan mereka. Ingatlah kebinasaanlah bagi kaum 'Ad (yaitu) kaum Huud itu."},{"number":61,"text":"وَإِلَىٰ ثَمُودَ أَخَاهُمْ صَٰلِحًا قَالَ يَٰقَوْمِ ٱعْبُدُوا۟ ٱللَّهَ مَا لَكُم مِّنْ إِلَٰهٍ غَيْرُهُۥ هُوَ أَنشَأَكُم مِّنَ ٱلْأَرْضِ وَٱسْتَعْمَرَكُمْ فِيهَا فَٱسْتَغْفِرُوهُ ثُمَّ تُوبُوٓا۟ إِلَيْهِ إِنَّ رَبِّى قَرِيبٌ مُّجِيبٌ","translation_en":"And to Thamud [We sent] their brother Salih. He said, \"O my people, worship Allah; you have no deity other than Him. He has produced you from the earth and settled you in it, so ask forgiveness of Him and then repent to Him. Indeed, my Lord is near and responsive.\"","translation_id":"Dan kepada Tsamud (Kami utus) saudara mereka Shaleh. Shaleh berkata: \"Hai kaumku, sembahlah Allah, sekali-kali tidak ada bagimu Tuhan selain Dia. Dia telah menciptakan kamu dari bumi (tanah) dan menjadikan kamu pemakmurnya, karena itu mohonlah ampunan-Nya, kemudian bertobatlah kepada-Nya, Sesungguhnya Tuhanku amat dekat (rahmat-Nya) lagi memperkenankan (doa hamba-Nya)\"."},{"number":62,"text":"قَالُوا۟ يَٰصَٰلِحُ قَدْ كُنتَ فِينَا مَرْجُوًّا قَبْلَ هَٰذَآ أَتَنْهَىٰنَآ أَن نَّعْبُدَ مَا يَعْبُدُ ءَابَآؤُنَا وَإِنَّنَا لَفِى شَكٍّ مِّمَّا تَدْعُونَآ إِلَيْهِ مُرِيبٍ","translation_en":"They said, \"O Salih, you were among us a man of promise before this. Do you forbid us to worship what our fathers worshipped? And indeed we are, about that to which you invite us, in disquieting doubt.\"","translation_id":"Kaum Tsamud berkata: \"Hai Shaleh, sesungguhnya kamu sebelum ini adalah seorang di antara kami yang kami harapkan, apakah kamu melarang kami untuk menyembah apa yang disembah oleh bapak-bapak kami? dan sesungguhnya kami betul-betul dalam keraguan yang menggelisahkan terhadap agama yang kamu serukan kepada kami\"."},{"number":63,"text":"قَالَ يَٰقَوْمِ أَرَءَيْتُمْ إِن كُنتُ عَلَىٰ بَيِّنَةٍ مِّن رَّبِّى وَءَاتَىٰنِى مِنْهُ رَحْمَةً فَمَن يَنصُرُنِى مِنَ ٱللَّهِ إِنْ عَصَيْتُهُۥ فَمَا تَزِيدُونَنِى غَيْرَ تَخْسِيرٍ","translation_en":"He said, \"O my people, have you considered: if I should be upon clear evidence from my Lord and He has given me mercy from Himself, who would protect me from Allah if I disobeyed Him? So you would not increase me except in loss.","translation_id":"Shaleh berkata: \"Hai kaumku, bagaimana pikiranmu jika aku mempunyai bukti yang nyata dari Tuhanku dan diberi-Nya aku rahmat (kenabian) dari-Nya, maka siapakah yang akan menolong aku dari (azab) Allah jika aku mendurhakai-Nya. Sebab itu kamu tidak menambah apapun kepadaku selain daripada kerugian."},{"number":64,"text":"وَيَٰقَوْمِ هَٰذِهِۦ نَاقَةُ ٱللَّهِ لَكُمْ ءَايَةً فَذَرُوهَا تَأْكُلْ فِىٓ أَرْضِ ٱللَّهِ وَلَا تَمَسُّوهَا بِسُوٓءٍ فَيَأْخُذَكُمْ عَذَابٌ قَرِيبٌ","translation_en":"And O my people, this is the she-camel of Allah - [she is] to you a sign. So let her feed upon Allah 's earth and do not touch her with harm, or you will be taken by an impending punishment.\"","translation_id":"Hai kaumku, inilah unta betina dari Allah, sebagai mukjizat (yang menunjukkan kebenaran) untukmu, sebab itu biarkanlah dia makan di bumi Allah, dan janganlah kamu mengganggunya dengan gangguan apapun yang akan menyebabkan kamu ditimpa azab yang dekat\"."},{"number":65,"text":"فَعَقَرُوهَا فَقَالَ تَمَتَّعُوا۟ فِى دَارِكُمْ ثَلَٰثَةَ أَيَّامٍ ذَٰلِكَ وَعْدٌ غَيْرُ مَكْذُوبٍ","translation_en":"But they hamstrung her, so he said, \"Enjoy yourselves in your homes for three days. That is a promise not to be denied.\"","translation_id":"Mereka membunuh unta itu, maka berkata Shaleh: \"Bersukarialah kamu sekalian di rumahmu selama tiga hari, itu adalah janji yang tidak dapat didustakan\"."},{"number":66,"text":"فَلَمَّا جَآءَ أَمْرُنَا نَجَّيْنَا صَٰلِحًا وَٱلَّذِينَ ءَامَنُوا۟ مَعَهُۥ بِرَحْمَةٍ مِّنَّا وَمِنْ خِزْىِ يَوْمِئِذٍ إِنَّ رَبَّكَ هُوَ ٱلْقَوِىُّ ٱلْعَزِيزُ","translation_en":"So when Our command came, We saved Salih and those who believed with him, by mercy from Us, and [saved them] from the disgrace of that day. Indeed, it is your Lord who is the Powerful, the Exalted in Might.","translation_id":"Maka tatkala datang azab Kami, Kami selamatkan Shaleh beserta orang-orang yang beriman bersama dia dengan rahmat dari Kami dan dari kehinaan di hari itu. Sesungguhnya Tuhanmu Dia-Lah yang Maha Kuat lagi Maha Perkasa."},{"number":67,"text":"وَأَخَذَ ٱلَّذِينَ ظَلَمُوا۟ ٱلصَّيْحَةُ فَأَصْبَحُوا۟ فِى دِيَٰرِهِمْ جَٰثِمِينَ","translation_en":"And the shriek seized those who had wronged, and they became within their homes [corpses] fallen prone","translation_id":"Dan satu suara keras yang mengguntur menimpa orang-orang yang zalim itu, lalu mereka mati bergelimpangan di rumahnya,"},{"number":68,"text":"كَأَن لَّمْ يَغْنَوْا۟ فِيهَآ أَلَآ إِنَّ ثَمُودَا۟ كَفَرُوا۟ رَبَّهُمْ أَلَا بُعْدًا لِّثَمُودَ","translation_en":"As if they had never prospered therein. Unquestionably, Thamud denied their Lord; then, away with Thamud.","translation_id":"seolah-olah mereka belum pernah berdiam di tempat itu. Ingatlah, sesungguhnya kaum Tsamud mengingkari Tuhan mereka. Ingatlah, kebinasaanlah bagi kaum Tsamud."},{"number":69,"text":"وَلَقَدْ جَآءَتْ رُسُلُنَآ إِبْرَٰهِيمَ بِٱلْبُشْرَىٰ قَالُوا۟ سَلَٰمًا قَالَ سَلَٰمٌ فَمَا لَبِثَ أَن جَآءَ بِعِجْلٍ حَنِيذٍ","translation_en":"And certainly did Our messengers come to Abraham with good tidings; they said, \"Peace.\" He said, \"Peace,\" and did not delay in bringing [them] a roasted calf.","translation_id":"Dan sesungguhnya utusan-utusan Kami (malaikat-malaikat) telah datang kepada lbrahim dengan membawa kabar gembira, mereka mengucapkan: \"Selamat\". Ibrahim menjawab: \"Selamatlah,\" maka tidak lama kemudian Ibrahim menyuguhkan daging anak sapi yang dipanggang."},{"number":70,"text":"فَلَمَّا رَءَآ أَيْدِيَهُمْ لَا تَصِلُ إِلَيْهِ نَكِرَهُمْ وَأَوْجَسَ مِنْهُمْ خِيفَةً قَالُوا۟ لَا تَخَفْ إِنَّآ أُرْسِلْنَآ إِلَىٰ قَوْمِ لُوطٍ","translation_en":"But when he saw their hands not reaching for it, he distrusted them and felt from them apprehension. They said, \"Fear not. We have been sent to the people of Lot.\"","translation_id":"Maka tatkala dilihatnya tangan mereka tidak menjamahnya, Ibrahim memandang aneh perbuatan mereka, dan merasa takut kepada mereka. Malaikat itu berkata: \"Jangan kamu takut, sesungguhnya kami adalah (malaikat-ma]aikat) yang diutus kepada kaum Luth\"."},{"number":71,"text":"وَٱمْرَأَتُهُۥ قَآئِمَةٌ فَضَحِكَتْ فَبَشَّرْنَٰهَا بِإِسْحَٰقَ وَمِن وَرَآءِ إِسْحَٰقَ يَعْقُوبَ","translation_en":"And his Wife was standing, and she smiled. Then We gave her good tidings of Isaac and after Isaac, Jacob.","translation_id":"Dan isterinya berdiri (dibalik tirai) lalu dia tersenyum, maka Kami sampaikan kepadanya berita gembira tentang (kelahiran) Ishak dan dari Ishak (akan lahir puteranya) Ya'qub."},{"number":72,"text":"قَالَتْ يَٰوَيْلَتَىٰٓ ءَأَلِدُ وَأَنَا۠ عَجُوزٌ وَهَٰذَا بَعْلِى شَيْخًا إِنَّ هَٰذَا لَشَىْءٌ عَجِيبٌ","translation_en":"She said, \"Woe to me! Shall I give birth while I am an old woman and this, my husband, is an old man? Indeed, this is an amazing thing!\"","translation_id":"Isterinya berkata: \"Sungguh mengherankan, apakah aku akan melahirkan anak padahal aku adalah seorang perempuan tua, dan ini suamikupun dalam keadaan yang sudah tua pula?. Sesungguhnya ini benar-benar suatu yang sangat aneh\"."},{"number":73,"text":"قَالُوٓا۟ أَتَعْجَبِينَ مِنْ أَمْرِ ٱللَّهِ رَحْمَتُ ٱللَّهِ وَبَرَكَٰتُهُۥ عَلَيْكُمْ أَهْلَ ٱلْبَيْتِ إِنَّهُۥ حَمِيدٌ مَّجِيدٌ","translation_en":"They said, \"Are you amazed at the decree of Allah? May the mercy of Allah and His blessings be upon you, people of the house. Indeed, He is Praiseworthy and Honorable.\"","translation_id":"Para malaikat itu berkata: \"Apakah kamu merasa heran tentang ketetapan Allah? (Itu adalah) rahmat Allah dan keberkatan-Nya, dicurahkan atas kamu, hai ahlulbait! Sesungguhnya Allah Maha Terpuji lagi Maha Pemurah\"."},{"number":74,"text":"فَلَمَّا ذَهَبَ عَنْ إِبْرَٰهِيمَ ٱلرَّوْعُ وَجَآءَتْهُ ٱلْبُشْرَىٰ يُجَٰدِلُنَا فِى قَوْمِ لُوطٍ","translation_en":"And when the fright had left Abraham and the good tidings had reached him, he began to argue with Us concerning the people of Lot.","translation_id":"Maka tatkala rasa takut hilang dari Ibrahim dan berita gembira telah datang kepadanya, diapun bersoal jawab dengan (malaikat-malaikat) Kami tentang kaum Luth."},{"number":75,"text":"إِنَّ إِبْرَٰهِيمَ لَحَلِيمٌ أَوَّٰهٌ مُّنِيبٌ","translation_en":"Indeed, Abraham was forbearing, grieving and [frequently] returning [to Allah].","translation_id":"Sesungguhnya Ibrahim itu benar-benar seorang yang penyantun lagi penghiba dan suka kembali kepada Allah."},{"number":76,"text":"يَٰٓإِبْرَٰهِيمُ أَعْرِضْ عَنْ هَٰذَآ إِنَّهُۥ قَدْ جَآءَ أَمْرُ رَبِّكَ وَإِنَّهُمْ ءَاتِيهِمْ عَذَابٌ غَيْرُ مَرْدُودٍ","translation_en":"[The angels said], \"O Abraham, give up this [plea]. Indeed, the command of your Lord has come, and indeed, there will reach them a punishment that cannot be repelled.\"","translation_id":"Hai Ibrahim, tinggalkanlah soal jawab ini, sesungguhnya telah datang ketetapan Tuhanmu, dan sesungguhnya mereka itu akan didatangi azab yang tidak dapat ditolak."},{"number":77,"text":"وَلَمَّا جَآءَتْ رُسُلُنَا لُوطًا سِىٓءَ بِهِمْ وَضَاقَ بِهِمْ ذَرْعًا وَقَالَ هَٰذَا يَوْمٌ عَصِيبٌ","translation_en":"And when Our messengers, [the angels], came to Lot, he was anguished for them and felt for them great discomfort and said, \"This is a trying day.\"","translation_id":"Dan tatkala datang utusan-utusan Kami (para malaikat) itu kepada Luth, dia merasa susah dan merasa sempit dadanya karena kedatangan mereka, dan dia berkata: \"Ini adalah hari yang amat sulit\"."},{"number":78,"text":"وَجَآءَهُۥ قَوْمُهُۥ يُهْرَعُونَ إِلَيْهِ وَمِن قَبْلُ كَانُوا۟ يَعْمَلُونَ ٱلسَّيِّـَٔاتِ قَالَ يَٰقَوْمِ هَٰٓؤُلَآءِ بَنَاتِى هُنَّ أَطْهَرُ لَكُمْ فَٱتَّقُوا۟ ٱللَّهَ وَلَا تُخْزُونِ فِى ضَيْفِىٓ أَلَيْسَ مِنكُمْ رَجُلٌ رَّشِيدٌ","translation_en":"And his people came hastening to him, and before [this] they had been doing evil deeds. He said, \"O my people, these are my daughters; they are purer for you. So fear Allah and do not disgrace me concerning my guests. Is there not among you a man of reason?\"","translation_id":"Dan datanglah kepadanya kaumnya dengan bergegas-gegas. Dan sejak dahulu mereka selalu melakukan perbuatan-perbuatan yang keji. Luth berkata: \"Hai kaumku, inilah puteri-puteriku, mereka lebih suci bagimu, maka bertakwalah kepada Allah dan janganlah kamu mencemarkan (nama)ku terhadap tamuku ini. Tidak adakah di antaramu seorang yang berakal?\""},{"number":79,"text":"قَالُوا۟ لَقَدْ عَلِمْتَ مَا لَنَا فِى بَنَاتِكَ مِنْ حَقٍّ وَإِنَّكَ لَتَعْلَمُ مَا نُرِيدُ","translation_en":"They said, \"You have already known that we have not concerning your daughters any claim, and indeed, you know what we want.\"","translation_id":"Mereka menjawab: \"Sesungguhnya kamu telah tahu bahwa kami tidak mempunyai keinginan terhadap puteri-puterimu; dan sesungguhnya kamu tentu mengetahui apa yang sebenarnya kami kehendaki\"."},{"number":80,"text":"قَالَ لَوْ أَنَّ لِى بِكُمْ قُوَّةً أَوْ ءَاوِىٓ إِلَىٰ رُكْنٍ شَدِيدٍ","translation_en":"He said, \"If only I had against you some power or could take refuge in a strong support.\"","translation_id":"Luth berkata: \"Seandainya aku ada mempunyai kekuatan (untuk menolakmu) atau kalau aku dapat berlindung kepada keluarga yang kuat (tentu aku lakukan)\"."},{"number":81,"text":"قَالُوا۟ يَٰلُوطُ إِنَّا رُسُلُ رَبِّكَ لَن يَصِلُوٓا۟ إِلَيْكَ فَأَسْرِ بِأَهْلِكَ بِقِطْعٍ مِّنَ ٱلَّيْلِ وَلَا يَلْتَفِتْ مِنكُمْ أَحَدٌ إِلَّا ٱمْرَأَتَكَ إِنَّهُۥ مُصِيبُهَا مَآ أَصَابَهُمْ إِنَّ مَوْعِدَهُمُ ٱلصُّبْحُ أَلَيْسَ ٱلصُّبْحُ بِقَرِيبٍ","translation_en":"The angels said, \"O Lot, indeed we are messengers of your Lord; [therefore], they will never reach you. So set out with your family during a portion of the night and let not any among you look back - except your wife; indeed, she will be struck by that which strikes them. Indeed, their appointment is [for] the morning. Is not the morning near?\"","translation_id":"Para utusan (malaikat) berkata: \"Hai Luth, sesungguhnya kami adalah utusan-utusan Tuhanmu, sekali-kali mereka tidak akan dapat mengganggu kamu, sebab itu pergilah dengan membawa keluarga dan pengikut-pengikut kamu di akhir malam dan janganlah ada seorangpun di antara kamu yang tertinggal, kecuali isterimu. Sesungguhnya dia akan ditimpa azab yang menimpa mereka karena sesungguhnya saat jatuhnya azab kepada mereka ialah di waktu subuh; bukankah subuh itu sudah dekat?\"."},{"number":82,"text":"فَلَمَّا جَآءَ أَمْرُنَا جَعَلْنَا عَٰلِيَهَا سَافِلَهَا وَأَمْطَرْنَا عَلَيْهَا حِجَارَةً مِّن سِجِّيلٍ مَّنضُودٍ","translation_en":"So when Our command came, We made the highest part [of the city] its lowest and rained upon them stones of layered hard clay, [which were]","translation_id":"Maka tatkala datang azab Kami, Kami jadikan negeri kaum Luth itu yang di atas ke bawah (Kami balikkan), dan Kami hujani mereka dengan batu dari tanah yang terbakar dengan bertubi-tubi,"},{"number":83,"text":"مُّسَوَّمَةً عِندَ رَبِّكَ وَمَا هِىَ مِنَ ٱلظَّٰلِمِينَ بِبَعِيدٍ","translation_en":"Marked from your Lord. And Allah 's punishment is not from the wrongdoers [very] far.","translation_id":"Yang diberi tanda oleh Tuhanmu, dan siksaan itu tiadalah jauh dari orang-orang yang zalim."},{"number":84,"text":"وَإِلَىٰ مَدْيَنَ أَخَاهُمْ شُعَيْبًا قَالَ يَٰقَوْمِ ٱعْبُدُوا۟ ٱللَّهَ مَا لَكُم مِّنْ إِلَٰهٍ غَيْرُهُۥ وَلَا تَنقُصُوا۟ ٱلْمِكْيَالَ وَٱلْمِيزَانَ إِنِّىٓ أَرَىٰكُم بِخَيْرٍ وَإِنِّىٓ أَخَافُ عَلَيْكُمْ عَذَابَ يَوْمٍ مُّحِيطٍ","translation_en":"And to Madyan [We sent] their brother Shu'ayb. He said, \"O my people, worship Allah; you have no deity other than Him. And do not decrease from the measure and the scale. Indeed, I see you in prosperity, but indeed, I fear for you the punishment of an all-encompassing Day.","translation_id":"Dan kepada (penduduk) Mad-yan (Kami utus) saudara mereka, Syu'aib. Ia berkata: \"Hai kaumku, sembahlah Allah, sekali-kali tiada Tuhan bagimu selain Dia. Dan janganlah kamu kurangi takaran dan timbangan, sesungguhnya aku melihat kamu dalam keadaan yang baik (mampu) dan sesungguhnya aku khawatir terhadapmu akan azab hari yang membinasakan (kiamat)\"."},{"number":85,"text":"وَيَٰقَوْمِ أَوْفُوا۟ ٱلْمِكْيَالَ وَٱلْمِيزَانَ بِٱلْقِسْطِ وَلَا تَبْخَسُوا۟ ٱلنَّاسَ أَشْيَآءَهُمْ وَلَا تَعْثَوْا۟ فِى ٱلْأَرْضِ مُفْسِدِينَ","translation_en":"And O my people, give full measure and weight in justice and do not deprive the people of their due and do not commit abuse on the earth, spreading corruption.","translation_id":"Dan Syu'aib berkata: \"Hai kaumku, cukupkanlah takaran dan timbangan dengan adil, dan janganlah kamu merugikan manusia terhadap hak-hak mereka dan janganlah kamu membuat kejahatan di muka bumi dengan membuat kerusakan."},{"number":86,"text":"بَقِيَّتُ ٱللَّهِ خَيْرٌ لَّكُمْ إِن كُنتُم مُّؤْمِنِينَ وَمَآ أَنَا۠ عَلَيْكُم بِحَفِيظٍ","translation_en":"What remains [lawful] from Allah is best for you, if you would be believers. But I am not a guardian over you.\"","translation_id":"Sisa (keuntungan) dari Allah adalah lebih baik bagimu jika kamu orang-orang yang beriman. Dan aku bukanlah seorang penjaga atas dirimu\""},{"number":87,"text":"قَالُوا۟ يَٰشُعَيْبُ أَصَلَوٰتُكَ تَأْمُرُكَ أَن نَّتْرُكَ مَا يَعْبُدُ ءَابَآؤُنَآ أَوْ أَن نَّفْعَلَ فِىٓ أَمْوَٰلِنَا مَا نَشَٰٓؤُا۟ إِنَّكَ لَأَنتَ ٱلْحَلِيمُ ٱلرَّشِيدُ","translation_en":"They said, \"O Shu'ayb, does your prayer command you that we should leave what our fathers worship or not do with our wealth what we please? Indeed, you are the forbearing, the discerning!\"","translation_id":"Mereka berkata: \"Hai Syu'aib, apakah sembahyangmu menyuruh kamu agar kami meninggalkan apa yang disembah oleh bapak-bapak kami atau melarang kami memperbuat apa yang kami kehendaki tentang harta kami. Sesungguhnya kamu adalah orang yang sangat penyantun lagi berakal\"."},{"number":88,"text":"قَالَ يَٰقَوْمِ أَرَءَيْتُمْ إِن كُنتُ عَلَىٰ بَيِّنَةٍ مِّن رَّبِّى وَرَزَقَنِى مِنْهُ رِزْقًا حَسَنًا وَمَآ أُرِيدُ أَنْ أُخَالِفَكُمْ إِلَىٰ مَآ أَنْهَىٰكُمْ عَنْهُ إِنْ أُرِيدُ إِلَّا ٱلْإِصْلَٰحَ مَا ٱسْتَطَعْتُ وَمَا تَوْفِيقِىٓ إِلَّا بِٱللَّهِ عَلَيْهِ تَوَكَّلْتُ وَإِلَيْهِ أُنِيبُ","translation_en":"He said, \"O my people, have you considered: if I am upon clear evidence from my Lord and He has provided me with a good provision from Him...? And I do not intend to differ from you in that which I have forbidden you; I only intend reform as much as I am able. And my success is not but through Allah. Upon him I have relied, and to Him I return.","translation_id":"Syu'aib berkata: \"Hai kaumku, bagaimana pikiranmu jika aku mempunyai bukti yang nyata dari Tuhanku dan dianugerahi-Nya aku dari pada-Nya rezeki yang baik (patutkah aku menyalahi perintah-Nya)? Dan aku tidak berkehendak menyalahi kamu (dengan mengerjakan) apa yang aku larang. Aku tidak bermaksud kecuali (mendatangkan) perbaikan selama aku masih berkesanggupan. Dan tidak ada taufik bagiku melainkan dengan (pertolongan) Allah. Hanya kepada Allah aku bertawakkal dan hanya kepada-Nya-lah aku kembali."},{"number":89,"text":"وَيَٰقَوْمِ لَا يَجْرِمَنَّكُمْ شِقَاقِىٓ أَن يُصِيبَكُم مِّثْلُ مَآ أَصَابَ قَوْمَ نُوحٍ أَوْ قَوْمَ هُودٍ أَوْ قَوْمَ صَٰلِحٍ وَمَا قَوْمُ لُوطٍ مِّنكُم بِبَعِيدٍ","translation_en":"And O my people, let not [your] dissension from me cause you to be struck by that similar to what struck the people of Noah or the people of Hud or the people of Salih. And the people of Lot are not from you far away.","translation_id":"Hai kaumku, janganlah hendaknya pertentangan antara aku (dengan kamu) menyebabkan kamu menjadi jahat hingga kamu ditimpa azab seperti yang menimpa kaum Nuh atau kaum Hud atau kaum Shaleh, sedang kaum Luth tidak (pula) jauh (tempatnya) dari kamu."},{"number":90,"text":"وَٱسْتَغْفِرُوا۟ رَبَّكُمْ ثُمَّ تُوبُوٓا۟ إِلَيْهِ إِنَّ رَبِّى رَحِيمٌ وَدُودٌ","translation_en":"And ask forgiveness of your Lord and then repent to Him. Indeed, my Lord is Merciful and Affectionate.\"","translation_id":"Dan mohonlah ampun kepada Tuhanmu kemudian bertaubatlah kepada-Nya. Sesungguhnya Tuhanku Maha Penyayang lagi Maha Pengasih."},{"number":91,"text":"قَالُوا۟ يَٰشُعَيْبُ مَا نَفْقَهُ كَثِيرًا مِّمَّا تَقُولُ وَإِنَّا لَنَرَىٰكَ فِينَا ضَعِيفًا وَلَوْلَا رَهْطُكَ لَرَجَمْنَٰكَ وَمَآ أَنتَ عَلَيْنَا بِعَزِيزٍ","translation_en":"They said, \"O Shu'ayb, we do not understand much of what you say, and indeed, we consider you among us as weak. And if not for your family, we would have stoned you [to death]; and you are not to us one respected.\"","translation_id":"Mereka berkata: \"Hai Syu'aib, kami tidak banyak mengerti tentang apa yang kamu katakan itu dan sesungguhnya kami benar-benar melihat kamu seorang yang lemah di antara kami; kalau tidaklah karena keluargamu tentulah kami telah merajam kamu, sedang kamupun bukanlah seorang yang berwibawa di sisi kami\"."},{"number":92,"text":"قَالَ يَٰقَوْمِ أَرَهْطِىٓ أَعَزُّ عَلَيْكُم مِّنَ ٱللَّهِ وَٱتَّخَذْتُمُوهُ وَرَآءَكُمْ ظِهْرِيًّا إِنَّ رَبِّى بِمَا تَعْمَلُونَ مُحِيطٌ","translation_en":"He said, \"O my people, is my family more respected for power by you than Allah? But you put Him behind your backs [in neglect]. Indeed, my Lord is encompassing of what you do.","translation_id":"Syu'aib menjawab: \"Hai kaumku, apakah keluargaku lebih terhormat menurut pandanganmu daripada Allah, sedang Allah kamu jadikan sesuatu yang terbuang di belakangmu?. Sesungguhnya (pengetahuan) Tuhanku meliputi apa yang kamu kerjakan\"."},{"number":93,"text":"وَيَٰقَوْمِ ٱعْمَلُوا۟ عَلَىٰ مَكَانَتِكُمْ إِنِّى عَٰمِلٌ سَوْفَ تَعْلَمُونَ مَن يَأْتِيهِ عَذَابٌ يُخْزِيهِ وَمَنْ هُوَ كَٰذِبٌ وَٱرْتَقِبُوٓا۟ إِنِّى مَعَكُمْ رَقِيبٌ","translation_en":"And O my people, work according to your position; indeed, I am working. You are going to know to whom will come a punishment that will disgrace him and who is a liar. So watch; indeed, I am with you a watcher, [awaiting the outcome].\"","translation_id":"Dan (dia berkata): \"Hai kaumku, berbuatlah menurut kemampuanmu, sesungguhnya akupun berbuat (pula). Kelak kamu akan mengetahui siapa yang akan ditimpa azab yang menghinakannya dan siapa yang berdusta. Dan tunggulah azab (Tuhan), sesungguhnya akupun menunggu bersama kamu\"."},{"number":94,"text":"وَلَمَّا جَآءَ أَمْرُنَا نَجَّيْنَا شُعَيْبًا وَٱلَّذِينَ ءَامَنُوا۟ مَعَهُۥ بِرَحْمَةٍ مِّنَّا وَأَخَذَتِ ٱلَّذِينَ ظَلَمُوا۟ ٱلصَّيْحَةُ فَأَصْبَحُوا۟ فِى دِيَٰرِهِمْ جَٰثِمِينَ","translation_en":"And when Our command came, We saved Shu'ayb and those who believed with him, by mercy from Us. And the shriek seized those who had wronged, and they became within their homes [corpses] fallen prone","translation_id":"Dan tatkala datang azab Kami, Kami selamatkan Syu'aib dan orang-orang yang beriman bersama-sama dengan dia dengan rahmat dari Kami, dan orang-orang yang zalim dibinasakan oleh satu suara yang mengguntur, lalu jadilah mereka mati bergelimpangan di rumahnya."},{"number":95,"text":"كَأَن لَّمْ يَغْنَوْا۟ فِيهَآ أَلَا بُعْدًا لِّمَدْيَنَ كَمَا بَعِدَتْ ثَمُودُ","translation_en":"As if they had never prospered therein. Then, away with Madyan as Thamud was taken away.","translation_id":"Seolah-olah mereka belum pernah berdiam di tempat itu. Ingatlah, kebinasaanlah bagi penduduk Mad-yan sebagaimana kaum Tsamud telah binasa."},{"number":96,"text":"وَلَقَدْ أَرْسَلْنَا مُوسَىٰ بِـَٔايَٰتِنَا وَسُلْطَٰنٍ مُّبِينٍ","translation_en":"And We did certainly send Moses with Our signs and a clear authority","translation_id":"Dan sesungguhnya Kami telah mengutus Musa dengan tanda-tanda (kekuasaan) Kami dan mukjizat yang nyata,"},{"number":97,"text":"إِلَىٰ فِرْعَوْنَ وَمَلَإِي۟هِۦ فَٱتَّبَعُوٓا۟ أَمْرَ فِرْعَوْنَ وَمَآ أَمْرُ فِرْعَوْنَ بِرَشِيدٍ","translation_en":"To Pharaoh and his establishment, but they followed the command of Pharaoh, and the command of Pharaoh was not [at all] discerning.","translation_id":"kepada Fir'aun dan pemimpin-pemimpin kaumnya, tetapi mereka mengikut perintah Fir'aun, padahal perintah Fir'aun sekali-kali bukanlah (perintah) yang benar."},{"number":98,"text":"يَقْدُمُ قَوْمَهُۥ يَوْمَ ٱلْقِيَٰمَةِ فَأَوْرَدَهُمُ ٱلنَّارَ وَبِئْسَ ٱلْوِرْدُ ٱلْمَوْرُودُ","translation_en":"He will precede his people on the Day of Resurrection and lead them into the Fire; and wretched is the place to which they are led.","translation_id":"Ia berjalan di muka kaumnya di hari kiamat lalu memasukkan mereka ke dalam neraka. Neraka itu seburuk-buruk tempat yang didatangi."},{"number":99,"text":"وَأُتْبِعُوا۟ فِى هَٰذِهِۦ لَعْنَةً وَيَوْمَ ٱلْقِيَٰمَةِ بِئْسَ ٱلرِّفْدُ ٱلْمَرْفُودُ","translation_en":"And they were followed in this [world] with a curse and on the Day of Resurrection. And wretched is the gift which is given.","translation_id":"Dan mereka selalu diikuti dengan kutukan di dunia ini dan (begitu pula) di hari kiamat. La'nat itu seburuk-buruk pemberian yang diberikan."},{"number":100,"text":"ذَٰلِكَ مِنْ أَنۢبَآءِ ٱلْقُرَىٰ نَقُصُّهُۥ عَلَيْكَ مِنْهَا قَآئِمٌ وَحَصِيدٌ","translation_en":"That is from the news of the cities, which We relate to you; of them, some are [still] standing and some are [as] a harvest [mowed down].","translation_id":"Itu adalah sebahagian dan berita-berita negeri (yang telah dibinasakan) yang Kami ceritakan kepadamu (Muhammad); di antara negeri-negeri itu ada yang masih kedapatan bekas-bekasnya dan ada (pula) yang telah musnah."},{"number":101,"text":"وَمَا ظَلَمْنَٰهُمْ وَلَٰكِن ظَلَمُوٓا۟ أَنفُسَهُمْ فَمَآ أَغْنَتْ عَنْهُمْ ءَالِهَتُهُمُ ٱلَّتِى يَدْعُونَ مِن دُونِ ٱللَّهِ مِن شَىْءٍ لَّمَّا جَآءَ أَمْرُ رَبِّكَ وَمَا زَادُوهُمْ غَيْرَ تَتْبِيبٍ","translation_en":"And We did not wrong them, but they wronged themselves. And they were not availed at all by their gods which they invoked other than Allah when there came the command of your Lord. And they did not increase them in other than ruin.","translation_id":"Dan Kami tidaklah menganiaya mereka tetapi merekalah yang menganiaya diri mereka sendiri, karena itu tiadalah bermanfaat sedikitpun kepada mereka sembahan-sembahan yang mereka seru selain Allah, di waktu azab Tuhanmu datang. Dan sembahan-sembahan itu tidaklah menambah kepada mereka kecuali kebinasaan belaka."},{"number":102,"text":"وَكَذَٰلِكَ أَخْذُ رَبِّكَ إِذَآ أَخَذَ ٱلْقُرَىٰ وَهِىَ ظَٰلِمَةٌ إِنَّ أَخْذَهُۥٓ أَلِيمٌ شَدِيدٌ","translation_en":"And thus is the seizure of your Lord when He seizes the cities while they are committing wrong. Indeed, His seizure is painful and severe.","translation_id":"Dan begitulah azab Tuhanmu, apabila Dia mengazab penduduk negeri-negeri yang berbuat zalim. Sesungguhnya azab-Nya itu adalah sangat pedih lagi keras."},{"number":103,"text":"إِنَّ فِى ذَٰلِكَ لَءَايَةً لِّمَنْ خَافَ عَذَابَ ٱلْءَاخِرَةِ ذَٰلِكَ يَوْمٌ مَّجْمُوعٌ لَّهُ ٱلنَّاسُ وَذَٰلِكَ يَوْمٌ مَّشْهُودٌ","translation_en":"Indeed in that is a sign for those who fear the punishment of the Hereafter. That is a Day for which the people will be collected, and that is a Day [which will be] witnessed.","translation_id":"Sesungguhnya pada yang demikian itu benar-benar terdapat pelajaran bagi orang-orang yang takut kepada azab akhirat. Hari kiamat itu adalah suatu hari yang semua manusia dikumpulkan untuk (menghadapi)nya, dan hari itu adalah suatu hari yang disaksikan (oleh segala makhluk)."},{"number":104,"text":"وَمَا نُؤَخِّرُهُۥٓ إِلَّا لِأَجَلٍ مَّعْدُودٍ","translation_en":"And We do not delay it except for a limited term.","translation_id":"Dan Kami tiadalah mengundurkannya, melainkan sampai waktu yang tertentu."},{"number":105,"text":"يَوْمَ يَأْتِ لَا تَكَلَّمُ نَفْسٌ إِلَّا بِإِذْنِهِۦ فَمِنْهُمْ شَقِىٌّ وَسَعِيدٌ","translation_en":"The Day it comes no soul will speak except by His permission. And among them will be the wretched and the prosperous.","translation_id":"Di kala datang hari itu, tidak ada seorangun yang berbicara, melainkan dengan izin-Nya; maka di antara mereka ada yang celaka dan ada yang berbahagia."},{"number":106,"text":"فَأَمَّا ٱلَّذِينَ شَقُوا۟ فَفِى ٱلنَّارِ لَهُمْ فِيهَا زَفِيرٌ وَشَهِيقٌ","translation_en":"As for those who were [destined to be] wretched, they will be in the Fire. For them therein is [violent] exhaling and inhaling.","translation_id":"Adapun orang-orang yang celaka, maka (tempatnya) di dalam neraka, di dalamnya mereka mengeluarkan dan menarik nafas (dengan merintih),"},{"number":107,"text":"خَٰلِدِينَ فِيهَا مَا دَامَتِ ٱلسَّمَٰوَٰتُ وَٱلْأَرْضُ إِلَّا مَا شَآءَ رَبُّكَ إِنَّ رَبَّكَ فَعَّالٌ لِّمَا يُرِيدُ","translation_en":"[They will be] abiding therein as long as the heavens and the earth endure, except what your Lord should will. Indeed, your Lord is an effecter of what He intends.","translation_id":"mereka kekal di dalamnya selama ada langit dan bumi, kecuali jika Tuhanmu menghendaki (yang lain). Sesungguhnya Tuhanmu Maha Pelaksana terhadap apa yang Dia kehendaki."},{"number":108,"text":"وَأَمَّا ٱلَّذِينَ سُعِدُوا۟ فَفِى ٱلْجَنَّةِ خَٰلِدِينَ فِيهَا مَا دَامَتِ ٱلسَّمَٰوَٰتُ وَٱلْأَرْضُ إِلَّا مَا شَآءَ رَبُّكَ عَطَآءً غَيْرَ مَجْذُوذٍ","translation_en":"And as for those who were [destined to be] prosperous, they will be in Paradise, abiding therein as long as the heavens and the earth endure, except what your Lord should will - a bestowal uninterrupted.","translation_id":"Adapun orang-orang yang berbahagia, maka tempatnya di dalam surga, mereka kekal di dalamnya selama ada langit dan bumi, kecuali jika Tuhanmu menghendaki (yang lain); sebagai karunia yang tiada putus-putusnya."},{"number":109,"text":"فَلَا تَكُ فِى مِرْيَةٍ مِّمَّا يَعْبُدُ هَٰٓؤُلَآءِ مَا يَعْبُدُونَ إِلَّا كَمَا يَعْبُدُ ءَابَآؤُهُم مِّن قَبْلُ وَإِنَّا لَمُوَفُّوهُمْ نَصِيبَهُمْ غَيْرَ مَنقُوصٍ","translation_en":"So do not be in doubt, [O Muhammad], as to what these [polytheists] are worshipping. They worship not except as their fathers worshipped before. And indeed, We will give them their share undiminished.","translation_id":"Maka janganlah kamu berada dalam keragu-raguan tentang apa yang disembah oleh mereka. Mereka tidak menyembah melainkan sebagaimana nenek moyang mereka menyembah dahulu. Dan sesungguhnya Kami pasti akan menyempurnakan dengan secukup-cukupnya pembalasan (terhadap) mereka dengan tidak dikurangi sedikitpun."},{"number":110,"text":"وَلَقَدْ ءَاتَيْنَا مُوسَى ٱلْكِتَٰبَ فَٱخْتُلِفَ فِيهِ وَلَوْلَا كَلِمَةٌ سَبَقَتْ مِن رَّبِّكَ لَقُضِىَ بَيْنَهُمْ وَإِنَّهُمْ لَفِى شَكٍّ مِّنْهُ مُرِيبٍ","translation_en":"And We had certainly given Moses the Scripture, but it came under disagreement. And if not for a word that preceded from your Lord, it would have been judged between them. And indeed they are, concerning the Qur'an, in disquieting doubt.","translation_id":"Dan sesungguhnya Kami telah memberikan Kitab (Taurat) kepada Musa, lalu diperselisihkan tentang Kitab itu. Dan seandainya tidak ada ketetapan yang telah terdahulu dari Tuhanmu, niscaya telah ditetapkan hukuman di antara mereka. Dan sesungguhnya mereka (orang-orang kafir Mekah) dalam keraguan yang menggelisahkan terhadap Al Quran."},{"number":111,"text":"وَإِنَّ كُلًّا لَّمَّا لَيُوَفِّيَنَّهُمْ رَبُّكَ أَعْمَٰلَهُمْ إِنَّهُۥ بِمَا يَعْمَلُونَ خَبِيرٌ","translation_en":"And indeed, each [of the believers and disbelievers] - your Lord will fully compensate them for their deeds. Indeed, He is Acquainted with what they do.","translation_id":"Dan sesungguhnya kepada masing-masing (mereka yang berselisih itu) pasti Tuhanmu akan menyempurnakan dengan cukup, (balasan) pekerjaan mereka. Sesungguhnya Dia Maha Mengetahui apa yang mereka kerjakan."},{"number":112,"text":"فَٱسْتَقِمْ كَمَآ أُمِرْتَ وَمَن تَابَ مَعَكَ وَلَا تَطْغَوْا۟ إِنَّهُۥ بِمَا تَعْمَلُونَ بَصِيرٌ","translation_en":"So remain on a right course as you have been commanded, [you] and those who have turned back with you [to Allah], and do not transgress. Indeed, He is Seeing of what you do.","translation_id":"Maka tetaplah kamu pada jalan yang benar, sebagaimana diperintahkan kepadamu dan (juga) orang yang telah taubat beserta kamu dan janganlah kamu melampaui batas. Sesungguhnya Dia Maha Melihat apa yang kamu kerjakan."},{"number":113,"text":"وَلَا تَرْكَنُوٓا۟ إِلَى ٱلَّذِينَ ظَلَمُوا۟ فَتَمَسَّكُمُ ٱلنَّارُ وَمَا لَكُم مِّن دُونِ ٱللَّهِ مِنْ أَوْلِيَآءَ ثُمَّ لَا تُنصَرُونَ","translation_en":"And do not incline toward those who do wrong, lest you be touched by the Fire, and you would not have other than Allah any protectors; then you would not be helped.","translation_id":"Dan janganlah kamu cenderung kepada orang-orang yang zalim yang menyebabkan kamu disentuh api neraka, dan sekali-kali kamu tiada mempunyai seorang penolongpun selain daripada Allah, kemudian kamu tidak akan diberi pertolongan."},{"number":114,"text":"وَأَقِمِ ٱلصَّلَوٰةَ طَرَفَىِ ٱلنَّهَارِ وَزُلَفًا مِّنَ ٱلَّيْلِ إِنَّ ٱلْحَسَنَٰتِ يُذْهِبْنَ ٱلسَّيِّـَٔاتِ ذَٰلِكَ ذِكْرَىٰ لِلذَّٰكِرِينَ","translation_en":"And establish prayer at the two ends of the day and at the approach of the night. Indeed, good deeds do away with misdeeds. That is a reminder for those who remember.","translation_id":"Dan dirikanlah sembahyang itu pada kedua tepi siang (pagi dan petang) dan pada bahagian permulaan daripada malam. Sesungguhnya perbuatan-perbuatan yang baik itu menghapuskan (dosa) perbuatan-perbuatan yang buruk. Itulah peringatan bagi orang-orang yang ingat."},{"number":115,"text":"وَٱصْبِرْ فَإِنَّ ٱللَّهَ لَا يُضِيعُ أَجْرَ ٱلْمُحْسِنِينَ","translation_en":"And be patient, for indeed, Allah does not allow to be lost the reward of those who do good.","translation_id":"Dan bersabarlah, karena sesungguhnya Allah tiada menyia-nyiakan pahala orang-orang yang berbuat kebaikan."},{"number":116,"text":"فَلَوْلَا كَانَ مِنَ ٱلْقُرُونِ مِن قَبْلِكُمْ أُو۟لُوا۟ بَقِيَّةٍ يَنْهَوْنَ عَنِ ٱلْفَسَادِ فِى ٱلْأَرْضِ إِلَّا قَلِيلًا مِّمَّنْ أَنجَيْنَا مِنْهُمْ وَٱتَّبَعَ ٱلَّذِينَ ظَلَمُوا۟ مَآ أُتْرِفُوا۟ فِيهِ وَكَانُوا۟ مُجْرِمِينَ","translation_en":"So why were there not among the generations before you those of enduring discrimination forbidding corruption on earth - except a few of those We saved from among them? But those who wronged pursued what luxury they were given therein, and they were criminals.","translation_id":"Maka mengapa tidak ada dari umat-umat yang sebelum kamu orang-orang yang mempunyai keutamaan yang melarang daripada (mengerjakan) kerusakan di muka bumi, kecuali sebahagian kecil di antara orang-orang yang telah Kami selamatkan di antara mereka, dan orang-orang yang zalim hanya mementingkan kenikmatan yang mewah yang ada pada mereka, dan mereka adalah orang-orang yang berdosa."},{"number":117,"text":"وَمَا كَانَ رَبُّكَ لِيُهْلِكَ ٱلْقُرَىٰ بِظُلْمٍ وَأَهْلُهَا مُصْلِحُونَ","translation_en":"And your Lord would not have destroyed the cities unjustly while their people were reformers.","translation_id":"Dan Tuhanmu sekali-kali tidak akan membinasakan negeri-negeri secara zalim, sedang penduduknya orang-orang yang berbuat kebaikan."},{"number":118,"text":"وَلَوْ شَآءَ رَبُّكَ لَجَعَلَ ٱلنَّاسَ أُمَّةً وَٰحِدَةً وَلَا يَزَالُونَ مُخْتَلِفِينَ","translation_en":"And if your Lord had willed, He could have made mankind one community; but they will not cease to differ.","translation_id":"Jikalau Tuhanmu menghendaki, tentu Dia menjadikan manusia umat yang satu, tetapi mereka senantiasa berselisih pendapat,"},{"number":119,"text":"إِلَّا مَن رَّحِمَ رَبُّكَ وَلِذَٰلِكَ خَلَقَهُمْ وَتَمَّتْ كَلِمَةُ رَبِّكَ لَأَمْلَأَنَّ جَهَنَّمَ مِنَ ٱلْجِنَّةِ وَٱلنَّاسِ أَجْمَعِينَ","translation_en":"Except whom your Lord has given mercy, and for that He created them. But the word of your Lord is to be fulfilled that, \"I will surely fill Hell with jinn and men all together.\"","translation_id":"kecuali orang-orang yang diberi rahmat oleh Tuhanmu. Dan untuk itulah Allah menciptakan mereka. Kalimat Tuhanmu (keputusan-Nya) telah ditetapkan: sesungguhnya Aku akan memenuhi neraka Jahannam dengan jin dan manusia (yang durhaka) semuanya."},{"number":120,"text":"وَكُلًّا نَّقُصُّ عَلَيْكَ مِنْ أَنۢبَآءِ ٱلرُّسُلِ مَا نُثَبِّتُ بِهِۦ فُؤَادَكَ وَجَآءَكَ فِى هَٰذِهِ ٱلْحَقُّ وَمَوْعِظَةٌ وَذِكْرَىٰ لِلْمُؤْمِنِينَ","translation_en":"And each [story] We relate to you from the news of the messengers is that by which We make firm your heart. And there has come to you, in this, the truth and an instruction and a reminder for the believers.","translation_id":"Dan semua kisah dari rasul-rasul Kami ceritakan kepadamu, ialah kisah-kisah yang dengannya Kami teguhkan hatimu; dan dalam surat ini telah datang kepadamu kebenaran serta pengajaran dan peringatan bagi orang-orang yang beriman."},{"number":121,"text":"وَقُل لِّلَّذِينَ لَا يُؤْمِنُونَ ٱعْمَلُوا۟ عَلَىٰ مَكَانَتِكُمْ إِنَّا عَٰمِلُونَ","translation_en":"And say to those who do not believe, \"Work according to your position; indeed, we are working.","translation_id":"Dan katakanlah kepada orang-orang yang tidak beriman: \"Berbuatlah menurut kemampuanmu; sesungguhnya Kami-pun berbuat (pula)\"."},{"number":122,"text":"وَٱنتَظِرُوٓا۟ إِنَّا مُنتَظِرُونَ","translation_en":"And wait, indeed, we are waiting.\"","translation_id":"Dan tunggulah (akibat perbuatanmu); sesungguhnya kamipun menunggu (pula)\"."},{"number":123,"text":"وَلِلَّهِ غَيْبُ ٱلسَّمَٰوَٰتِ وَٱلْأَرْضِ وَإِلَيْهِ يُرْجَعُ ٱلْأَمْرُ كُلُّهُۥ فَٱعْبُدْهُ وَتَوَكَّلْ عَلَيْهِ وَمَا رَبُّكَ بِغَٰفِلٍ عَمَّا تَعْمَلُونَ","translation_en":"And to Allah belong the unseen [aspects] of the heavens and the earth and to Him will be returned the matter, all of it, so worship Him and rely upon Him. And your Lord is not unaware of that which you do.","translation_id":"Dan kepunyaan Allah-lah apa yang ghaib di langit dan di bumi dan kepada-Nya-lah dikembalikan urusan-urusan semuanya, maka sembahlah Dia, dan bertawakkallah kepada-Nya. Dan sekali-kali Tuhanmu tidak lalai dari apa yang kamu kerjakan."}]}