{"number":110,"name":"سورة النصر","transliteration_en":"An-Nasr","translation_en":"Divine Support","total_verses":3,"revelation_type":"Medinan","verses":[{"number":1,"text":"بِسْمِ ٱللَّهِ ٱلرَّحْمَٰنِ ٱلرَّحِيمِ إِذَا جَآءَ نَصْرُ ٱللَّهِ وَٱلْفَتْحُ","translation_en":"When the victory of Allah has come and the conquest,","translation_id":"Apabila telah datang pertolongan Allah dan kemenangan,"},{"number":2,"text":"وَرَأَيْتَ ٱلنَّاسَ يَدْخُلُونَ فِى دِينِ ٱللَّهِ أَفْوَاجًا","translation_en":"And you see the people entering into the religion of Allah in multitudes,","translation_id":"dan kamu lihat manusia masuk agama Allah dengan berbondong-bondong,"},{"number":3,"text":"فَسَبِّحْ بِحَمْدِ رَبِّكَ وَٱسْتَغْفِرْهُ إِنَّهُۥ كَانَ تَوَّابًۢا","translation_en":"Then exalt [Him] with praise of your Lord and ask forgiveness of Him. Indeed, He is ever Accepting of repentance.","translation_id":"maka bertasbihlah dengan memuji Tuhanmu dan mohonlah ampun kepada-Nya. Sesungguhnya Dia adalah Maha Penerima taubat."}]}