{"number":111,"name":"سورة المسد","transliteration_en":"Al-Masad","translation_en":"The Palm Fibre","total_verses":5,"revelation_type":"Meccan","verses":[{"number":1,"text":"بِسْمِ ٱللَّهِ ٱلرَّحْمَٰنِ ٱلرَّحِيمِ تَبَّتْ يَدَآ أَبِى لَهَبٍ وَتَبَّ","translation_en":"May the hands of Abu Lahab be ruined, and ruined is he.","translation_id":"Binasalah kedua tangan Abu Lahab dan sesungguhnya dia akan binasa."},{"number":2,"text":"مَآ أَغْنَىٰ عَنْهُ مَالُهُۥ وَمَا كَسَبَ","translation_en":"His wealth will not avail him or that which he gained.","translation_id":"Tidaklah berfaedah kepadanya harta bendanya dan apa yang ia usahakan."},{"number":3,"text":"سَيَصْلَىٰ نَارًا ذَاتَ لَهَبٍ","translation_en":"He will [enter to] burn in a Fire of [blazing] flame","translation_id":"Kelak dia akan masuk ke dalam api yang bergejolak."},{"number":4,"text":"وَٱمْرَأَتُهُۥ حَمَّالَةَ ٱلْحَطَبِ","translation_en":"And his wife [as well] - the carrier of firewood.","translation_id":"Dan (begitu pula) istrinya, pembawa kayu bakar."},{"number":5,"text":"فِى جِيدِهَا حَبْلٌ مِّن مَّسَدٍۭ","translation_en":"Around her neck is a rope of [twisted] fiber.","translation_id":"Yang di lehernya ada tali dari sabut."}]}