{"number":112,"name":"سورة الإخلاص","transliteration_en":"Al-Ikhlaas","translation_en":"Sincerity","total_verses":4,"revelation_type":"Meccan","verses":[{"number":1,"text":"بِسْمِ ٱللَّهِ ٱلرَّحْمَٰنِ ٱلرَّحِيمِ قُلْ هُوَ ٱللَّهُ أَحَدٌ","translation_en":"Say, \"He is Allah, [who is] One,","translation_id":"Katakanlah: \"Dialah Allah, Yang Maha Esa."},{"number":2,"text":"ٱللَّهُ ٱلصَّمَدُ","translation_en":"Allah, the Eternal Refuge.","translation_id":"Allah adalah Tuhan yang bergantung kepada-Nya segala sesuatu."},{"number":3,"text":"لَمْ يَلِدْ وَلَمْ يُولَدْ","translation_en":"He neither begets nor is born,","translation_id":"Dia tiada beranak dan tidak pula diperanakkan,"},{"number":4,"text":"وَلَمْ يَكُن لَّهُۥ كُفُوًا أَحَدٌۢ","translation_en":"Nor is there to Him any equivalent.\"","translation_id":"dan tidak ada seorangpun yang setara dengan Dia\"."}]}