{"number":113,"name":"سورة الفلق","transliteration_en":"Al-Falaq","translation_en":"The Dawn","total_verses":5,"revelation_type":"Meccan","verses":[{"number":1,"text":"بِسْمِ ٱللَّهِ ٱلرَّحْمَٰنِ ٱلرَّحِيمِ قُلْ أَعُوذُ بِرَبِّ ٱلْفَلَقِ","translation_en":"Say, \"I seek refuge in the Lord of daybreak","translation_id":"Katakanlah: \"Aku berlindung kepada Tuhan Yang Menguasai subuh,"},{"number":2,"text":"مِن شَرِّ مَا خَلَقَ","translation_en":"From the evil of that which He created","translation_id":"dari kejahatan makhluk-Nya,"},{"number":3,"text":"وَمِن شَرِّ غَاسِقٍ إِذَا وَقَبَ","translation_en":"And from the evil of darkness when it settles","translation_id":"dan dari kejahatan malam apabila telah gelap gulita,"},{"number":4,"text":"وَمِن شَرِّ ٱلنَّفَّٰثَٰتِ فِى ٱلْعُقَدِ","translation_en":"And from the evil of the blowers in knots","translation_id":"dan dari kejahatan wanita-wanita tukang sihir yang menghembus pada buhul-buhul,"},{"number":5,"text":"وَمِن شَرِّ حَاسِدٍ إِذَا حَسَدَ","translation_en":"And from the evil of an envier when he envies.\"","translation_id":"dan dari kejahatan pendengki bila ia dengki\"."}]}