{"number":13,"name":"سورة الرعد","transliteration_en":"Ar-Ra'd","translation_en":"The Thunder","total_verses":43,"revelation_type":"Medinan","verses":[{"number":1,"text":"بِسْمِ ٱللَّهِ ٱلرَّحْمَٰنِ ٱلرَّحِيمِ الٓمٓر تِلْكَ ءَايَٰتُ ٱلْكِتَٰبِ وَٱلَّذِىٓ أُنزِلَ إِلَيْكَ مِن رَّبِّكَ ٱلْحَقُّ وَلَٰكِنَّ أَكْثَرَ ٱلنَّاسِ لَا يُؤْمِنُونَ","translation_en":"Alif, Lam, Meem, Ra. These are the verses of the Book; and what has been revealed to you from your Lord is the truth, but most of the people do not believe.","translation_id":"Alif laam miim raa. Ini adalah ayat-ayat Al Kitab (Al Quran). Dan Kitab yang diturunkan kepadamu daripada Tuhanmu itu adalah benar: akan tetapi kebanyakan manusia tidak beriman (kepadanya)."},{"number":2,"text":"ٱللَّهُ ٱلَّذِى رَفَعَ ٱلسَّمَٰوَٰتِ بِغَيْرِ عَمَدٍ تَرَوْنَهَا ثُمَّ ٱسْتَوَىٰ عَلَى ٱلْعَرْشِ وَسَخَّرَ ٱلشَّمْسَ وَٱلْقَمَرَ كُلٌّ يَجْرِى لِأَجَلٍ مُّسَمًّى يُدَبِّرُ ٱلْأَمْرَ يُفَصِّلُ ٱلْءَايَٰتِ لَعَلَّكُم بِلِقَآءِ رَبِّكُمْ تُوقِنُونَ","translation_en":"It is Allah who erected the heavens without pillars that you [can] see; then He established Himself above the Throne and made subject the sun and the moon, each running [its course] for a specified term. He arranges [each] matter; He details the signs that you may, of the meeting with your Lord, be certain.","translation_id":"Allah-lah Yang meninggikan langit tanpa tiang (sebagaimana) yang kamu lihat, kemudian Dia bersemayam di atas 'Arasy, dan menundukkan matahari dan bulan. Masing-masing beredar hingga waktu yang ditentukan. Allah mengatur urusan (makhluk-Nya), menjelaskan tanda-tanda (kebesaran-Nya), supaya kamu meyakini pertemuan(mu) dengan Tuhanmu."},{"number":3,"text":"وَهُوَ ٱلَّذِى مَدَّ ٱلْأَرْضَ وَجَعَلَ فِيهَا رَوَٰسِىَ وَأَنْهَٰرًا وَمِن كُلِّ ٱلثَّمَرَٰتِ جَعَلَ فِيهَا زَوْجَيْنِ ٱثْنَيْنِ يُغْشِى ٱلَّيْلَ ٱلنَّهَارَ إِنَّ فِى ذَٰلِكَ لَءَايَٰتٍ لِّقَوْمٍ يَتَفَكَّرُونَ","translation_en":"And it is He who spread the earth and placed therein firmly set mountains and rivers; and from all of the fruits He made therein two mates; He causes the night to cover the day. Indeed in that are signs for a people who give thought.","translation_id":"Dan Dialah Tuhan yang membentangkan bumi dan menjadikan gunung-gunung dan sungai-sungai padanya. Dan menjadikan padanya semua buah-buahan berpasang-pasangan, Allah menutupkan malam kepada siang. Sesungguhnya pada yang demikian itu terdapat tanda-tanda (kebesaran Allah) bagi kaum yang memikirkan."},{"number":4,"text":"وَفِى ٱلْأَرْضِ قِطَعٌ مُّتَجَٰوِرَٰتٌ وَجَنَّٰتٌ مِّنْ أَعْنَٰبٍ وَزَرْعٌ وَنَخِيلٌ صِنْوَانٌ وَغَيْرُ صِنْوَانٍ يُسْقَىٰ بِمَآءٍ وَٰحِدٍ وَنُفَضِّلُ بَعْضَهَا عَلَىٰ بَعْضٍ فِى ٱلْأُكُلِ إِنَّ فِى ذَٰلِكَ لَءَايَٰتٍ لِّقَوْمٍ يَعْقِلُونَ","translation_en":"And within the land are neighboring plots and gardens of grapevines and crops and palm trees, [growing] several from a root or otherwise, watered with one water; but We make some of them exceed others in [quality of] fruit. Indeed in that are signs for a people who reason.","translation_id":"Dan di bumi ini terdapat bagian-bagian yang berdampingan, dan kebun-kebun anggur, tanaman-tanaman dan pohon korma yang bercabang dan yang tidak bercabang, disirami dengan air yang sama. Kami melebihkan sebahagian tanam-tanaman itu atas sebahagian yang lain tentang rasanya. Sesungguhnya pada yang demikian itu terdapat tanda-tanda (kebesaran Allah) bagi kaum yang berfikir."},{"number":5,"text":"وَإِن تَعْجَبْ فَعَجَبٌ قَوْلُهُمْ أَءِذَا كُنَّا تُرَٰبًا أَءِنَّا لَفِى خَلْقٍ جَدِيدٍ أُو۟لَٰٓئِكَ ٱلَّذِينَ كَفَرُوا۟ بِرَبِّهِمْ وَأُو۟لَٰٓئِكَ ٱلْأَغْلَٰلُ فِىٓ أَعْنَاقِهِمْ وَأُو۟لَٰٓئِكَ أَصْحَٰبُ ٱلنَّارِ هُمْ فِيهَا خَٰلِدُونَ","translation_en":"And if you are astonished, [O Muhammad] - then astonishing is their saying, \"When we are dust, will we indeed be [brought] into a new creation?\" Those are the ones who have disbelieved in their Lord, and those will have shackles upon their necks, and those are the companions of the Fire; they will abide therein eternally.","translation_id":"Dan jika (ada sesuatu) yang kamu herankan, maka yang patut mengherankan adalah ucapan mereka: \"Apabila kami telah menjadi tanah, apakah kami sesungguhnya akan (dikembalikan) menjadi makhluk yang baru?\" Orang-orang itulah yang kafir kepada Tuhannya; dan orang-orang itulah (yang dilekatkan) belenggu di lehernya; mereka itulah penghuni neraka, mereka kekal di dalamnya."},{"number":6,"text":"وَيَسْتَعْجِلُونَكَ بِٱلسَّيِّئَةِ قَبْلَ ٱلْحَسَنَةِ وَقَدْ خَلَتْ مِن قَبْلِهِمُ ٱلْمَثُلَٰتُ وَإِنَّ رَبَّكَ لَذُو مَغْفِرَةٍ لِّلنَّاسِ عَلَىٰ ظُلْمِهِمْ وَإِنَّ رَبَّكَ لَشَدِيدُ ٱلْعِقَابِ","translation_en":"They impatiently urge you to bring about evil before good, while there has already occurred before them similar punishments [to what they demand]. And indeed, your Lord is full of forgiveness for the people despite their wrongdoing, and indeed, your Lord is severe in penalty.","translation_id":"Mereka meminta kepadamu supaya disegerakan (datangnya) siksa, sebelum (mereka meminta) kebaikan, padahal telah terjadi bermacam-macam contoh siksa sebelum mereka. Sesungguhnya Tuhanmu benar-benar mempunyai ampunan (yang luas) bagi manusia sekalipun mereka zalim, dan sesungguhnya Tuhanmu benar-benar sangat keras siksanya."},{"number":7,"text":"وَيَقُولُ ٱلَّذِينَ كَفَرُوا۟ لَوْلَآ أُنزِلَ عَلَيْهِ ءَايَةٌ مِّن رَّبِّهِۦٓ إِنَّمَآ أَنتَ مُنذِرٌ وَلِكُلِّ قَوْمٍ هَادٍ","translation_en":"And those who disbelieved say, \"Why has a sign not been sent down to him from his Lord?\" You are only a warner, and for every people is a guide.","translation_id":"Orang-orang yang kafir berkata: \"Mengapa tidak diturunkan kepadanya (Muhammad) suatu tanda (kebesaran) dari Tuhannya?\" Sesungguhnya kamu hanyalah seorang pemberi peringatan; dan bagi tiap-tiap kaum ada orang yang memberi petunjuk."},{"number":8,"text":"ٱللَّهُ يَعْلَمُ مَا تَحْمِلُ كُلُّ أُنثَىٰ وَمَا تَغِيضُ ٱلْأَرْحَامُ وَمَا تَزْدَادُ وَكُلُّ شَىْءٍ عِندَهُۥ بِمِقْدَارٍ","translation_en":"Allah knows what every female carries and what the wombs lose [prematurely] or exceed. And everything with Him is by due measure.","translation_id":"Allah mengetahui apa yang dikandung oleh setiap perempuan, dan kandungan rahim yang kurang sempurna dan yang bertambah. Dan segala sesuatu pada sisi-Nya ada ukurannya."},{"number":9,"text":"عَٰلِمُ ٱلْغَيْبِ وَٱلشَّهَٰدَةِ ٱلْكَبِيرُ ٱلْمُتَعَالِ","translation_en":"[He is] Knower of the unseen and the witnessed, the Grand, the Exalted.","translation_id":"Yang mengetahui semua yang ghaib dan yang nampak; Yang Maha Besar lagi Maha Tinggi."},{"number":10,"text":"سَوَآءٌ مِّنكُم مَّنْ أَسَرَّ ٱلْقَوْلَ وَمَن جَهَرَ بِهِۦ وَمَنْ هُوَ مُسْتَخْفٍۭ بِٱلَّيْلِ وَسَارِبٌۢ بِٱلنَّهَارِ","translation_en":"It is the same [to Him] concerning you whether one conceals [his] speech or one publicizes it and whether one is hidden by night or conspicuous [among others] by day.","translation_id":"Sama saja (bagi Tuhan), siapa diantaramu yang merahasiakan ucapannya, dan siapa yang berterus-terang dengan ucapan itu, dan siapa yang bersembunyi di malam hari dan yang berjalan (menampakkan diri) di siang hari."},{"number":11,"text":"لَهُۥ مُعَقِّبَٰتٌ مِّنۢ بَيْنِ يَدَيْهِ وَمِنْ خَلْفِهِۦ يَحْفَظُونَهُۥ مِنْ أَمْرِ ٱللَّهِ إِنَّ ٱللَّهَ لَا يُغَيِّرُ مَا بِقَوْمٍ حَتَّىٰ يُغَيِّرُوا۟ مَا بِأَنفُسِهِمْ وَإِذَآ أَرَادَ ٱللَّهُ بِقَوْمٍ سُوٓءًا فَلَا مَرَدَّ لَهُۥ وَمَا لَهُم مِّن دُونِهِۦ مِن وَالٍ","translation_en":"For each one are successive [angels] before and behind him who protect him by the decree of Allah. Indeed, Allah will not change the condition of a people until they change what is in themselves. And when Allah intends for a people ill, there is no repelling it. And there is not for them besides Him any patron.","translation_id":"Bagi manusia ada malaikat-malaikat yang selalu mengikutinya bergiliran, di muka dan di belakangnya, mereka menjaganya atas perintah Allah. Sesungguhnya Allah tidak merubah keadaan sesuatu kaum sehingga mereka merubah keadaan yang ada pada diri mereka sendiri. Dan apabila Allah menghendaki keburukan terhadap sesuatu kaum, maka tak ada yang dapat menolaknya; dan sekali-kali tak ada pelindung bagi mereka selain Dia."},{"number":12,"text":"هُوَ ٱلَّذِى يُرِيكُمُ ٱلْبَرْقَ خَوْفًا وَطَمَعًا وَيُنشِئُ ٱلسَّحَابَ ٱلثِّقَالَ","translation_en":"It is He who shows you lightening, [causing] fear and aspiration, and generates the heavy clouds.","translation_id":"Dialah Tuhan yang memperlihatkan kilat kepadamu untuk menimbulkan ketakutan dan harapan, dan Dia mengadakan awan mendung."},{"number":13,"text":"وَيُسَبِّحُ ٱلرَّعْدُ بِحَمْدِهِۦ وَٱلْمَلَٰٓئِكَةُ مِنْ خِيفَتِهِۦ وَيُرْسِلُ ٱلصَّوَٰعِقَ فَيُصِيبُ بِهَا مَن يَشَآءُ وَهُمْ يُجَٰدِلُونَ فِى ٱللَّهِ وَهُوَ شَدِيدُ ٱلْمِحَالِ","translation_en":"And the thunder exalts [Allah] with praise of Him - and the angels [as well] from fear of Him - and He sends thunderbolts and strikes therewith whom He wills while they dispute about Allah; and He is severe in assault.","translation_id":"Dan guruh itu bertasbih dengan memuji Allah, (demikian pula) para malaikat karena takut kepada-Nya, dan Allah melepaskan halilintar, lalu menimpakannya kepada siapa yang Dia kehendaki, dan mereka berbantah-bantahan tentang Allah, dan Dialah Tuhan Yang Maha keras siksa-Nya."},{"number":14,"text":"لَهُۥ دَعْوَةُ ٱلْحَقِّ وَٱلَّذِينَ يَدْعُونَ مِن دُونِهِۦ لَا يَسْتَجِيبُونَ لَهُم بِشَىْءٍ إِلَّا كَبَٰسِطِ كَفَّيْهِ إِلَى ٱلْمَآءِ لِيَبْلُغَ فَاهُ وَمَا هُوَ بِبَٰلِغِهِۦ وَمَا دُعَآءُ ٱلْكَٰفِرِينَ إِلَّا فِى ضَلَٰلٍ","translation_en":"To Him [alone] is the supplication of truth. And those they call upon besides Him do not respond to them with a thing, except as one who stretches his hands toward water [from afar, calling it] to reach his mouth, but it will not reach it [thus]. And the supplication of the disbelievers is not but in error [i.e. futility].","translation_id":"Hanya bagi Allah-lah (hak mengabulkan) doa yang benar. Dan berhala-berhala yang mereka sembah selain Allah tidak dapat memperkenankan sesuatupun bagi mereka, melainkan seperti orang yang membukakan kedua telapak tangannya ke dalam air supaya sampai air ke mulutnya, padahal air itu tidak dapat sampai ke mulutnya. Dan doa (ibadat) orang-orang kafir itu, hanyalah sia-sia belaka."},{"number":15,"text":"وَلِلَّهِ يَسْجُدُ مَن فِى ٱلسَّمَٰوَٰتِ وَٱلْأَرْضِ طَوْعًا وَكَرْهًا وَظِلَٰلُهُم بِٱلْغُدُوِّ وَٱلْءَاصَالِ","translation_en":"And to Allah prostrates whoever is within the heavens and the earth, willingly or by compulsion, and their shadows [as well] in the mornings and the afternoons.","translation_id":"Hanya kepada Allah-lah sujud (patuh) segala apa yang di langit dan di bumi, baik dengan kemauan sendiri ataupun terpaksa (dan sujud pula) bayang-bayangnya di waktu pagi dan petang hari."},{"number":16,"text":"قُلْ مَن رَّبُّ ٱلسَّمَٰوَٰتِ وَٱلْأَرْضِ قُلِ ٱللَّهُ قُلْ أَفَٱتَّخَذْتُم مِّن دُونِهِۦٓ أَوْلِيَآءَ لَا يَمْلِكُونَ لِأَنفُسِهِمْ نَفْعًا وَلَا ضَرًّا قُلْ هَلْ يَسْتَوِى ٱلْأَعْمَىٰ وَٱلْبَصِيرُ أَمْ هَلْ تَسْتَوِى ٱلظُّلُمَٰتُ وَٱلنُّورُ أَمْ جَعَلُوا۟ لِلَّهِ شُرَكَآءَ خَلَقُوا۟ كَخَلْقِهِۦ فَتَشَٰبَهَ ٱلْخَلْقُ عَلَيْهِمْ قُلِ ٱللَّهُ خَٰلِقُ كُلِّ شَىْءٍ وَهُوَ ٱلْوَٰحِدُ ٱلْقَهَّٰرُ","translation_en":"Say, \"Who is Lord of the heavens and earth?\" Say, \"Allah.\" Say, \"Have you then taken besides Him allies not possessing [even] for themselves any benefit or any harm?\" Say, \"Is the blind equivalent to the seeing? Or is darkness equivalent to light? Or have they attributed to Allah partners who created like His creation so that the creation [of each] seemed similar to them?\" Say, \"Allah is the Creator of all things, and He is the One, the Prevailing.\"","translation_id":"Katakanlah: \"Siapakah Tuhan langit dan bumi?\" Jawabnya: \"Allah\". Katakanlah: \"Maka patutkah kamu mengambil pelindung-pelindungmu dari selain Allah, padahal mereka tidak menguasai kemanfaatan dan tidak (pula) kemudharatan bagi diri mereka sendiri?\". Katakanlah: \"Adakah sama orang buta dan yang dapat melihat, atau samakah gelap gulita dan terang benderang; apakah mereka menjadikan beberapa sekutu bagi Allah yang dapat menciptakan seperti ciptaan-Nya sehingga kedua ciptaan itu serupa menurut pandangan mereka?\" Katakanlah: \"Allah adalah Pencipta segala sesuatu dan Dialah Tuhan Yang Maha Esa lagi Maha Perkasa\"."},{"number":17,"text":"أَنزَلَ مِنَ ٱلسَّمَآءِ مَآءً فَسَالَتْ أَوْدِيَةٌۢ بِقَدَرِهَا فَٱحْتَمَلَ ٱلسَّيْلُ زَبَدًا رَّابِيًا وَمِمَّا يُوقِدُونَ عَلَيْهِ فِى ٱلنَّارِ ٱبْتِغَآءَ حِلْيَةٍ أَوْ مَتَٰعٍ زَبَدٌ مِّثْلُهُۥ كَذَٰلِكَ يَضْرِبُ ٱللَّهُ ٱلْحَقَّ وَٱلْبَٰطِلَ فَأَمَّا ٱلزَّبَدُ فَيَذْهَبُ جُفَآءً وَأَمَّا مَا يَنفَعُ ٱلنَّاسَ فَيَمْكُثُ فِى ٱلْأَرْضِ كَذَٰلِكَ يَضْرِبُ ٱللَّهُ ٱلْأَمْثَالَ","translation_en":"He sends down from the sky, rain, and valleys flow according to their capacity, and the torrent carries a rising foam. And from that [ore] which they heat in the fire, desiring adornments and utensils, is a foam like it. Thus Allah presents [the example of] truth and falsehood. As for the foam, it vanishes, [being] cast off; but as for that which benefits the people, it remains on the earth. Thus does Allah present examples.","translation_id":"Allah telah menurunkan air (hujan) dari langit, maka mengalirlah air di lembah-lembah menurut ukurannya, maka arus itu membawa buih yang mengambang. Dan dari apa (logam) yang mereka lebur dalam api untuk membuat perhiasan atau alat-alat, ada (pula) buihnya seperti buih arus itu. Demikianlah Allah membuat perumpamaan (bagi) yang benar dan yang bathil. Adapun buih itu, akan hilang sebagai sesuatu yang tak ada harganya; adapun yang memberi manfaat kepada manusia, maka ia tetap di bumi. Demikianlah Allah membuat perumpamaan-perumpamaan."},{"number":18,"text":"لِلَّذِينَ ٱسْتَجَابُوا۟ لِرَبِّهِمُ ٱلْحُسْنَىٰ وَٱلَّذِينَ لَمْ يَسْتَجِيبُوا۟ لَهُۥ لَوْ أَنَّ لَهُم مَّا فِى ٱلْأَرْضِ جَمِيعًا وَمِثْلَهُۥ مَعَهُۥ لَٱفْتَدَوْا۟ بِهِۦٓ أُو۟لَٰٓئِكَ لَهُمْ سُوٓءُ ٱلْحِسَابِ وَمَأْوَىٰهُمْ جَهَنَّمُ وَبِئْسَ ٱلْمِهَادُ","translation_en":"For those who have responded to their Lord is the best [reward], but those who did not respond to Him - if they had all that is in the earth entirely and the like of it with it, they would [attempt to] ransom themselves thereby. Those will have the worst account, and their refuge is Hell, and wretched is the resting place.","translation_id":"Bagi orang-orang yang memenuhi seruan Tuhannya, (disediakan) pembalasan yang baik. Dan orang-orang yang tidak memenuhi seruan Tuhan, sekiranya mereka mempunyai semua (kekayaan) yang ada di bumi dan (ditambah) sebanyak isi bumi itu lagi besertanya, niscaya mereka akan menebus dirinya dengan kekayaan itu. Orang-orang itu disediakan baginya hisab yang buruk dan tempat kediaman mereka ialah Jahanam dan itulah seburuk-buruk tempat kediaman."},{"number":19,"text":"أَفَمَن يَعْلَمُ أَنَّمَآ أُنزِلَ إِلَيْكَ مِن رَّبِّكَ ٱلْحَقُّ كَمَنْ هُوَ أَعْمَىٰٓ إِنَّمَا يَتَذَكَّرُ أُو۟لُوا۟ ٱلْأَلْبَٰبِ","translation_en":"Then is he who knows that what has been revealed to you from your Lord is the truth like one who is blind? They will only be reminded who are people of understanding -","translation_id":"Adakah orang yang mengetahui bahwasanya apa yang diturunkan kepadamu dari Tuhanmu itu benar sama dengan orang yang buta? Hanyalah orang-orang yang berakal saja yang dapat mengambil pelajaran,"},{"number":20,"text":"ٱلَّذِينَ يُوفُونَ بِعَهْدِ ٱللَّهِ وَلَا يَنقُضُونَ ٱلْمِيثَٰقَ","translation_en":"Those who fulfill the covenant of Allah and do not break the contract,","translation_id":"(yaitu) orang-orang yang memenuhi janji Allah dan tidak merusak perjanjian,"},{"number":21,"text":"وَٱلَّذِينَ يَصِلُونَ مَآ أَمَرَ ٱللَّهُ بِهِۦٓ أَن يُوصَلَ وَيَخْشَوْنَ رَبَّهُمْ وَيَخَافُونَ سُوٓءَ ٱلْحِسَابِ","translation_en":"And those who join that which Allah has ordered to be joined and fear their Lord and are afraid of the evil of [their] account,","translation_id":"dan orang-orang yang menghubungkan apa-apa yang Allah perintahkan supaya dihubungkan, dan mereka takut kepada Tuhannya dan takut kepada hisab yang buruk."},{"number":22,"text":"وَٱلَّذِينَ صَبَرُوا۟ ٱبْتِغَآءَ وَجْهِ رَبِّهِمْ وَأَقَامُوا۟ ٱلصَّلَوٰةَ وَأَنفَقُوا۟ مِمَّا رَزَقْنَٰهُمْ سِرًّا وَعَلَانِيَةً وَيَدْرَءُونَ بِٱلْحَسَنَةِ ٱلسَّيِّئَةَ أُو۟لَٰٓئِكَ لَهُمْ عُقْبَى ٱلدَّارِ","translation_en":"And those who are patient, seeking the countenance of their Lord, and establish prayer and spend from what We have provided for them secretly and publicly and prevent evil with good - those will have the good consequence of [this] home -","translation_id":"Dan orang-orang yang sabar karena mencari keridhaan Tuhannya, mendirikan shalat, dan menafkahkan sebagian rezeki yang Kami berikan kepada mereka, secara sembunyi atau terang-terangan serta menolak kejahatan dengan kebaikan; orang-orang itulah yang mendapat tempat kesudahan (yang baik),"},{"number":23,"text":"جَنَّٰتُ عَدْنٍ يَدْخُلُونَهَا وَمَن صَلَحَ مِنْ ءَابَآئِهِمْ وَأَزْوَٰجِهِمْ وَذُرِّيَّٰتِهِمْ وَٱلْمَلَٰٓئِكَةُ يَدْخُلُونَ عَلَيْهِم مِّن كُلِّ بَابٍ","translation_en":"Gardens of perpetual residence; they will enter them with whoever were righteous among their fathers, their spouses and their descendants. And the angels will enter upon them from every gate, [saying],","translation_id":"(yaitu) surga 'Adn yang mereka masuk ke dalamnya bersama-sama dengan orang-orang yang saleh dari bapak-bapaknya, isteri-isterinya dan anak cucunya, sedang malaikat-malaikat masuk ke tempat-tempat mereka dari semua pintu;"},{"number":24,"text":"سَلَٰمٌ عَلَيْكُم بِمَا صَبَرْتُمْ فَنِعْمَ عُقْبَى ٱلدَّارِ","translation_en":"\"Peace be upon you for what you patiently endured. And excellent is the final home.\"","translation_id":"(sambil mengucapkan): \"Salamun 'alaikum bima shabartum\". Maka alangkah baiknya tempat kesudahan itu."},{"number":25,"text":"وَٱلَّذِينَ يَنقُضُونَ عَهْدَ ٱللَّهِ مِنۢ بَعْدِ مِيثَٰقِهِۦ وَيَقْطَعُونَ مَآ أَمَرَ ٱللَّهُ بِهِۦٓ أَن يُوصَلَ وَيُفْسِدُونَ فِى ٱلْأَرْضِ أُو۟لَٰٓئِكَ لَهُمُ ٱللَّعْنَةُ وَلَهُمْ سُوٓءُ ٱلدَّارِ","translation_en":"But those who break the covenant of Allah after contracting it and sever that which Allah has ordered to be joined and spread corruption on earth - for them is the curse, and they will have the worst home.","translation_id":"Orang-orang yang merusak janji Allah setelah diikrarkan dengan teguh dan memutuskan apa-apa yang Allah perintahkan supaya dihubungkan dan mengadakan kerusakan di bumi, orang-orang itulah yang memperoleh kutukan dan bagi mereka tempat kediaman yang buruk (Jahannam)."},{"number":26,"text":"ٱللَّهُ يَبْسُطُ ٱلرِّزْقَ لِمَن يَشَآءُ وَيَقْدِرُ وَفَرِحُوا۟ بِٱلْحَيَوٰةِ ٱلدُّنْيَا وَمَا ٱلْحَيَوٰةُ ٱلدُّنْيَا فِى ٱلْءَاخِرَةِ إِلَّا مَتَٰعٌ","translation_en":"Allah extends provision for whom He wills and restricts [it]. And they rejoice in the worldly life, while the worldly life is not, compared to the Hereafter, except [brief] enjoyment.","translation_id":"Allah meluaskan rezeki dan menyempitkannya bagi siapa yang Dia kehendaki. Mereka bergembira dengan kehidupan di dunia, padahal kehidupan dunia itu (dibanding dengan) kehidupan akhirat, hanyalah kesenangan (yang sedikit)."},{"number":27,"text":"وَيَقُولُ ٱلَّذِينَ كَفَرُوا۟ لَوْلَآ أُنزِلَ عَلَيْهِ ءَايَةٌ مِّن رَّبِّهِۦ قُلْ إِنَّ ٱللَّهَ يُضِلُّ مَن يَشَآءُ وَيَهْدِىٓ إِلَيْهِ مَنْ أَنَابَ","translation_en":"And those who disbelieved say, \"Why has a sign not been sent down to him from his Lord?\" Say, [O Muhammad], \"Indeed, Allah leaves astray whom He wills and guides to Himself whoever turns back [to Him] -","translation_id":"Orang-orang kafir berkata: \"Mengapa tidak diturunkan kepadanya (Muhammad) tanda (mukjizat) dari Tuhannya?\" Katakanlah: \"Sesungguhnya Allah menyesatkan siapa yang Dia kehendaki dan menunjuki orang-orang yang bertaubat kepada-Nya\","},{"number":28,"text":"ٱلَّذِينَ ءَامَنُوا۟ وَتَطْمَئِنُّ قُلُوبُهُم بِذِكْرِ ٱللَّهِ أَلَا بِذِكْرِ ٱللَّهِ تَطْمَئِنُّ ٱلْقُلُوبُ","translation_en":"Those who have believed and whose hearts are assured by the remembrance of Allah. Unquestionably, by the remembrance of Allah hearts are assured.\"","translation_id":"(yaitu) orang-orang yang beriman dan hati mereka manjadi tenteram dengan mengingat Allah. Ingatlah, hanya dengan mengingati Allah-lah hati menjadi tenteram."},{"number":29,"text":"ٱلَّذِينَ ءَامَنُوا۟ وَعَمِلُوا۟ ٱلصَّٰلِحَٰتِ طُوبَىٰ لَهُمْ وَحُسْنُ مَـَٔابٍ","translation_en":"Those who have believed and done righteous deeds - a good state is theirs and a good return.","translation_id":"Orang-orang yang beriman dan beramal saleh, bagi mereka kebahagiaan dan tempat kembali yang baik."},{"number":30,"text":"كَذَٰلِكَ أَرْسَلْنَٰكَ فِىٓ أُمَّةٍ قَدْ خَلَتْ مِن قَبْلِهَآ أُمَمٌ لِّتَتْلُوَا۟ عَلَيْهِمُ ٱلَّذِىٓ أَوْحَيْنَآ إِلَيْكَ وَهُمْ يَكْفُرُونَ بِٱلرَّحْمَٰنِ قُلْ هُوَ رَبِّى لَآ إِلَٰهَ إِلَّا هُوَ عَلَيْهِ تَوَكَّلْتُ وَإِلَيْهِ مَتَابِ","translation_en":"Thus have We sent you to a community before which [other] communities have passed on so you might recite to them that which We revealed to you, while they disbelieve in the Most Merciful. Say, \"He is my Lord; there is no deity except Him. Upon Him I rely, and to Him is my return.\"","translation_id":"Demikianlah, Kami telah mengutus kamu pada suatu umat yang sungguh telah berlalu beberapa umat sebelumnya, supaya kamu membacakan kepada mereka (Al Quran) yang Kami wahyukan kepadamu, padahal mereka kafir kepada Tuhan Yang Maha Pemurah. Katakanlah: \"Dialah Tuhanku tidak ada Tuhan selain Dia; hanya kepada-Nya aku bertawakkal dan hanya kepada-Nya aku bertaubat\"."},{"number":31,"text":"وَلَوْ أَنَّ قُرْءَانًا سُيِّرَتْ بِهِ ٱلْجِبَالُ أَوْ قُطِّعَتْ بِهِ ٱلْأَرْضُ أَوْ كُلِّمَ بِهِ ٱلْمَوْتَىٰ بَل لِّلَّهِ ٱلْأَمْرُ جَمِيعًا أَفَلَمْ يَا۟يْـَٔسِ ٱلَّذِينَ ءَامَنُوٓا۟ أَن لَّوْ يَشَآءُ ٱللَّهُ لَهَدَى ٱلنَّاسَ جَمِيعًا وَلَا يَزَالُ ٱلَّذِينَ كَفَرُوا۟ تُصِيبُهُم بِمَا صَنَعُوا۟ قَارِعَةٌ أَوْ تَحُلُّ قَرِيبًا مِّن دَارِهِمْ حَتَّىٰ يَأْتِىَ وَعْدُ ٱللَّهِ إِنَّ ٱللَّهَ لَا يُخْلِفُ ٱلْمِيعَادَ","translation_en":"And if there was any qur'an by which the mountains would be removed or the earth would be broken apart or the dead would be made to speak, [it would be this Qur'an], but to Allah belongs the affair entirely. Then have those who believed not accepted that had Allah willed, He would have guided the people, all of them? And those who disbelieve do not cease to be struck, for what they have done, by calamity - or it will descend near their home - until there comes the promise of Allah. Indeed, Allah does not fail in [His] promise.","translation_id":"Dan sekiranya ada suatu bacaan (kitab suci) yang dengan bacaan itu gunung-gunung dapat digoncangkan atau bumi jadi terbelah atau oleh karenanya orang-orang yang sudah mati dapat berbicara, (tentulah Al Quran itulah dia). Sebenarnya segala urusan itu adalah kepunyaan Allah. Maka tidakkah orang-orang yang beriman itu mengetahui bahwa seandainya Allah menghendaki (semua manusia beriman), tentu Allah memberi petunjuk kepada manusia semuanya. Dan orang-orang yang kafir senantiasa ditimpa bencana disebabkan perbuatan mereka sendiri atau bencana itu terjadi dekat tempat kediaman mereka, sehingga datanglah janji Allah. Sesungguhnya Allah tidak menyalahi janji."},{"number":32,"text":"وَلَقَدِ ٱسْتُهْزِئَ بِرُسُلٍ مِّن قَبْلِكَ فَأَمْلَيْتُ لِلَّذِينَ كَفَرُوا۟ ثُمَّ أَخَذْتُهُمْ فَكَيْفَ كَانَ عِقَابِ","translation_en":"And already were [other] messengers ridiculed before you, and I extended the time of those who disbelieved; then I seized them, and how [terrible] was My penalty.","translation_id":"Dan sesungguhnya telah diperolok-olokkan beberapa rasul sebelum kamu, maka Aku beri tangguh kepada orang-orang kafir itu kemudian Aku binasakan mereka. Alangkah hebatnya siksaan-Ku itu!"},{"number":33,"text":"أَفَمَنْ هُوَ قَآئِمٌ عَلَىٰ كُلِّ نَفْسٍۭ بِمَا كَسَبَتْ وَجَعَلُوا۟ لِلَّهِ شُرَكَآءَ قُلْ سَمُّوهُمْ أَمْ تُنَبِّـُٔونَهُۥ بِمَا لَا يَعْلَمُ فِى ٱلْأَرْضِ أَم بِظَٰهِرٍ مِّنَ ٱلْقَوْلِ بَلْ زُيِّنَ لِلَّذِينَ كَفَرُوا۟ مَكْرُهُمْ وَصُدُّوا۟ عَنِ ٱلسَّبِيلِ وَمَن يُضْلِلِ ٱللَّهُ فَمَا لَهُۥ مِنْ هَادٍ","translation_en":"Then is He who is a maintainer of every soul, [knowing] what it has earned, [like any other]? But to Allah they have attributed partners. Say, \"Name them. Or do you inform Him of that which He knows not upon the earth or of what is apparent of speech?\" Rather, their [own] plan has been made attractive to those who disbelieve, and they have been averted from the way. And whomever Allah leaves astray - there will be for him no guide.","translation_id":"Maka apakah Tuhan yang menjaga setiap diri terhadap apa yang diperbuatnya (sama dengan yang tidak demikian sifatnya)? Mereka menjadikan beberapa sekutu bagi Allah. Katakanlah: \"Sebutkanlah sifat-sifat mereka itu\". Atau apakah kamu hendak memberitakan kepada Allah apa yang tidak diketahui-Nya di bumi, atau kamu mengatakan (tentang hal itu) sekadar perkataan pada lahirnya saja. Sebenarnya orang-orang kafir itu dijadikan (oleh syaitan) memandang baik tipu daya mereka dan dihalanginya dari jalan (yang benar). Dan barangsiapa yang disesatkan Allah, maka baginya tak ada seorangpun yang akan memberi petunjuk."},{"number":34,"text":"لَّهُمْ عَذَابٌ فِى ٱلْحَيَوٰةِ ٱلدُّنْيَا وَلَعَذَابُ ٱلْءَاخِرَةِ أَشَقُّ وَمَا لَهُم مِّنَ ٱللَّهِ مِن وَاقٍ","translation_en":"For them will be punishment in the life of [this] world, and the punishment of the Hereafter is more severe. And they will not have from Allah any protector.","translation_id":"Bagi mereka azab dalam kehidupan dunia dan sesungguhnya azab akhirat adalah lebih keras dan tak ada bagi mereka seorang pelindungpun dari (azab) Allah."},{"number":35,"text":"مَّثَلُ ٱلْجَنَّةِ ٱلَّتِى وُعِدَ ٱلْمُتَّقُونَ تَجْرِى مِن تَحْتِهَا ٱلْأَنْهَٰرُ أُكُلُهَا دَآئِمٌ وَظِلُّهَا تِلْكَ عُقْبَى ٱلَّذِينَ ٱتَّقَوا۟ وَّعُقْبَى ٱلْكَٰفِرِينَ ٱلنَّارُ","translation_en":"The example of Paradise, which the righteous have been promised, is [that] beneath it rivers flow. Its fruit is lasting, and its shade. That is the consequence for the righteous, and the consequence for the disbelievers is the Fire.","translation_id":"Perumpamaan surga yang dijanjikan kepada orang-orang yang takwa ialah (seperti taman); mengalir sungai-sungai di dalamnya; buahnya tak henti-henti sedang naungannya (demikian pula). Itulah tempat kesudahan bagi orang-orang yang bertakwa, sedang tempat kesudahan bagi orang-orang kafir ialah neraka."},{"number":36,"text":"وَٱلَّذِينَ ءَاتَيْنَٰهُمُ ٱلْكِتَٰبَ يَفْرَحُونَ بِمَآ أُنزِلَ إِلَيْكَ وَمِنَ ٱلْأَحْزَابِ مَن يُنكِرُ بَعْضَهُۥ قُلْ إِنَّمَآ أُمِرْتُ أَنْ أَعْبُدَ ٱللَّهَ وَلَآ أُشْرِكَ بِهِۦٓ إِلَيْهِ أَدْعُوا۟ وَإِلَيْهِ مَـَٔابِ","translation_en":"And [the believers among] those to whom We have given the [previous] Scripture rejoice at what has been revealed to you, [O Muhammad], but among the [opposing] factions are those who deny part of it. Say, \"I have only been commanded to worship Allah and not associate [anything] with Him. To Him I invite, and to Him is my return.\"","translation_id":"Orang-orang yang telah Kami berikan kitab kepada mereka bergembira dengan kitab yang diturunkan kepadamu, dan di antara golongan-golongan (Yahudi dan Nasrani) yang bersekutu, ada yang mengingkari sebahagiannya. Katakanlah \"Sesungguhnya aku hanya diperintah untuk menyembah Allah dan tidak mempersekutukan sesuatupun dengan Dia. Hanya kepada-Nya aku seru (manusia) dan hanya kepada-Nya aku kembali\"."},{"number":37,"text":"وَكَذَٰلِكَ أَنزَلْنَٰهُ حُكْمًا عَرَبِيًّا وَلَئِنِ ٱتَّبَعْتَ أَهْوَآءَهُم بَعْدَمَا جَآءَكَ مِنَ ٱلْعِلْمِ مَا لَكَ مِنَ ٱللَّهِ مِن وَلِىٍّ وَلَا وَاقٍ","translation_en":"And thus We have revealed it as an Arabic legislation. And if you should follow their inclinations after what has come to you of knowledge, you would not have against Allah any ally or any protector.","translation_id":"Dan demikianlah, Kami telah menurunkan Al Quran itu sebagai peraturan (yang benar) dalam bahasa Arab. Dan seandainya kamu mengikuti hawa nafsu mereka setelah datang pengetahuan kepadamu, maka sekali-kali tidak ada pelindung dan pemelihara bagimu terhadap (siksa) Allah."},{"number":38,"text":"وَلَقَدْ أَرْسَلْنَا رُسُلًا مِّن قَبْلِكَ وَجَعَلْنَا لَهُمْ أَزْوَٰجًا وَذُرِّيَّةً وَمَا كَانَ لِرَسُولٍ أَن يَأْتِىَ بِـَٔايَةٍ إِلَّا بِإِذْنِ ٱللَّهِ لِكُلِّ أَجَلٍ كِتَابٌ","translation_en":"And We have already sent messengers before you and assigned to them wives and descendants. And it was not for a messenger to come with a sign except by permission of Allah. For every term is a decree.","translation_id":"Dan sesungguhnya Kami telah mengutus beberapa Rasul sebelum kamu dan Kami memberikan kepada mereka isteri-isteri dan keturunan. Dan tidak ada hak bagi seorang Rasul mendatangkan sesuatu ayat (mukjizat) melainkan dengan izin Allah. Bagi tiap-tiap masa ada Kitab (yang tertentu)."},{"number":39,"text":"يَمْحُوا۟ ٱللَّهُ مَا يَشَآءُ وَيُثْبِتُ وَعِندَهُۥٓ أُمُّ ٱلْكِتَٰبِ","translation_en":"Allah eliminates what He wills or confirms, and with Him is the Mother of the Book.","translation_id":"Allah menghapuskan apa yang Dia kehendaki dan menetapkan (apa yang Dia kehendaki), dan di sisi-Nya-lah terdapat Ummul-Kitab (Lauh mahfuzh)."},{"number":40,"text":"وَإِن مَّا نُرِيَنَّكَ بَعْضَ ٱلَّذِى نَعِدُهُمْ أَوْ نَتَوَفَّيَنَّكَ فَإِنَّمَا عَلَيْكَ ٱلْبَلَٰغُ وَعَلَيْنَا ٱلْحِسَابُ","translation_en":"And whether We show you part of what We promise them or take you in death, upon you is only the [duty of] notification, and upon Us is the account.","translation_id":"Dan jika Kami perlihatkan kepadamu sebahagian (siksa) yang Kami ancamkan kepada mereka atau Kami wafatkan kamu (hal itu tidak penting bagimu) karena sesungguhnya tugasmu hanya menyampaikan saja, sedang Kami-lah yang menghisab amalan mereka."},{"number":41,"text":"أَوَلَمْ يَرَوْا۟ أَنَّا نَأْتِى ٱلْأَرْضَ نَنقُصُهَا مِنْ أَطْرَافِهَا وَٱللَّهُ يَحْكُمُ لَا مُعَقِّبَ لِحُكْمِهِۦ وَهُوَ سَرِيعُ ٱلْحِسَابِ","translation_en":"Have they not seen that We set upon the land, reducing it from its borders? And Allah decides; there is no adjuster of His decision. And He is swift in account.","translation_id":"Dan apakah mereka tidak melihat bahwa sesungguhnya Kami mendatangi daerah-daerah (orang-orang kafir), lalu Kami kurangi daerah-daerah itu (sedikit demi sedikit) dari tepi-tepinya? Dan Allah menetapkan hukum (menurut kehendak-Nya), tidak ada yang dapat menolak ketetapan-Nya; dan Dialah Yang Maha cepat hisab-Nya."},{"number":42,"text":"وَقَدْ مَكَرَ ٱلَّذِينَ مِن قَبْلِهِمْ فَلِلَّهِ ٱلْمَكْرُ جَمِيعًا يَعْلَمُ مَا تَكْسِبُ كُلُّ نَفْسٍ وَسَيَعْلَمُ ٱلْكُفَّٰرُ لِمَنْ عُقْبَى ٱلدَّارِ","translation_en":"And those before them had plotted, but to Allah belongs the plan entirely. He knows what every soul earns, and the disbelievers will know for whom is the final home.","translation_id":"Dan sungguh orang-orang kafir yang sebelum mereka (kafir Mekah) telah mengadakan tipu daya, tetapi semua tipu daya itu adalah dalam kekuasaan Allah. Dia mengetahui apa yang diusahakan oleh setiap diri, dan orang-orang kafir akan mengetahui untuk siapa tempat kesudahan (yang baik) itu."},{"number":43,"text":"وَيَقُولُ ٱلَّذِينَ كَفَرُوا۟ لَسْتَ مُرْسَلًا قُلْ كَفَىٰ بِٱللَّهِ شَهِيدًۢا بَيْنِى وَبَيْنَكُمْ وَمَنْ عِندَهُۥ عِلْمُ ٱلْكِتَٰبِ","translation_en":"And those who have disbelieved say, \"You are not a messenger.\" Say, [O Muhammad], \"Sufficient is Allah as Witness between me and you, and [the witness of] whoever has knowledge of the Scripture.\"","translation_id":"Berkatalah orang-orang kafir: \"Kamu bukan seorang yang dijadikan Rasul\". Katakanlah: \"Cukuplah Allah menjadi saksi antaraku dan kamu, dan antara orang yang mempunyai ilmu Al Kitab\"."}]}