{"number":14,"name":"سورة ابراهيم","transliteration_en":"Ibrahim","translation_en":"Abraham","total_verses":52,"revelation_type":"Meccan","verses":[{"number":1,"text":"بِسْمِ ٱللَّهِ ٱلرَّحْمَٰنِ ٱلرَّحِيمِ الٓر كِتَٰبٌ أَنزَلْنَٰهُ إِلَيْكَ لِتُخْرِجَ ٱلنَّاسَ مِنَ ٱلظُّلُمَٰتِ إِلَى ٱلنُّورِ بِإِذْنِ رَبِّهِمْ إِلَىٰ صِرَٰطِ ٱلْعَزِيزِ ٱلْحَمِيدِ","translation_en":"Alif, Lam, Ra. [This is] a Book which We have revealed to you, [O Muhammad], that you might bring mankind out of darknesses into the light by permission of their Lord - to the path of the Exalted in Might, the Praiseworthy -","translation_id":"Alif, laam raa. (Ini adalah) Kitab yang Kami turunkan kepadamu supaya kamu mengeluarkan manusia dari gelap gulita kepada cahaya terang benderang dengan izin Tuhan mereka, (yaitu) menuju jalan Tuhan Yang Maha Perkasa lagi Maha Terpuji."},{"number":2,"text":"ٱللَّهِ ٱلَّذِى لَهُۥ مَا فِى ٱلسَّمَٰوَٰتِ وَمَا فِى ٱلْأَرْضِ وَوَيْلٌ لِّلْكَٰفِرِينَ مِنْ عَذَابٍ شَدِيدٍ","translation_en":"Allah, to whom belongs whatever is in the heavens and whatever is on the earth. And woe to the disbelievers from a severe punishment","translation_id":"Allah-lah yang memiliki segala apa yang di langit dan di bumi. Dan kecelakaanlah bagi orang-orang kafir karena siksaan yang sangat pedih,"},{"number":3,"text":"ٱلَّذِينَ يَسْتَحِبُّونَ ٱلْحَيَوٰةَ ٱلدُّنْيَا عَلَى ٱلْءَاخِرَةِ وَيَصُدُّونَ عَن سَبِيلِ ٱللَّهِ وَيَبْغُونَهَا عِوَجًا أُو۟لَٰٓئِكَ فِى ضَلَٰلٍۭ بَعِيدٍ","translation_en":"The ones who prefer the worldly life over the Hereafter and avert [people] from the way of Allah, seeking to make it (seem) deviant. Those are in extreme error.","translation_id":"(yaitu) orang-orang yang lebih menyukai kehidupan dunia dari pada kehidupan akhirat, dan menghalang-halangi (manusia) dari jalan Allah dan menginginkan agar jalan Allah itu bengkok. Mereka itu berada dalam kesesatan yang jauh."},{"number":4,"text":"وَمَآ أَرْسَلْنَا مِن رَّسُولٍ إِلَّا بِلِسَانِ قَوْمِهِۦ لِيُبَيِّنَ لَهُمْ فَيُضِلُّ ٱللَّهُ مَن يَشَآءُ وَيَهْدِى مَن يَشَآءُ وَهُوَ ٱلْعَزِيزُ ٱلْحَكِيمُ","translation_en":"And We did not send any messenger except [speaking] in the language of his people to state clearly for them, and Allah sends astray [thereby] whom He wills and guides whom He wills. And He is the Exalted in Might, the Wise.","translation_id":"Kami tidak mengutus seorang rasulpun, melainkan dengan bahasa kaumnya, supaya ia dapat memberi penjelasan dengan terang kepada mereka. Maka Allah menyesatkan siapa yang Dia kehendaki, dan memberi petunjuk kepada siapa yang Dia kehendaki. Dan Dialah Tuhan Yang Maha Kuasa lagi Maha Bijaksana."},{"number":5,"text":"وَلَقَدْ أَرْسَلْنَا مُوسَىٰ بِـَٔايَٰتِنَآ أَنْ أَخْرِجْ قَوْمَكَ مِنَ ٱلظُّلُمَٰتِ إِلَى ٱلنُّورِ وَذَكِّرْهُم بِأَيَّىٰمِ ٱللَّهِ إِنَّ فِى ذَٰلِكَ لَءَايَٰتٍ لِّكُلِّ صَبَّارٍ شَكُورٍ","translation_en":"And We certainly sent Moses with Our signs, [saying], \"Bring out your people from darknesses into the light and remind them of the days of Allah.\" Indeed in that are signs for everyone patient and grateful.","translation_id":"Dan sesungguhnya Kami telah mengutus Musa dengan membawa ayat-ayat Kami, (dan Kami perintahkan kepadanya): \"Keluarkanlah kaummu dari gelap gulita kepada cahaya terang benderang dan ingatkanlah mereka kepada hari-hari Allah\". Sesunguhnya pada yang demikian itu terdapat tanda-tanda (kekuasaan Allah) bagi setiap orang penyabar dan banyak bersyukur."},{"number":6,"text":"وَإِذْ قَالَ مُوسَىٰ لِقَوْمِهِ ٱذْكُرُوا۟ نِعْمَةَ ٱللَّهِ عَلَيْكُمْ إِذْ أَنجَىٰكُم مِّنْ ءَالِ فِرْعَوْنَ يَسُومُونَكُمْ سُوٓءَ ٱلْعَذَابِ وَيُذَبِّحُونَ أَبْنَآءَكُمْ وَيَسْتَحْيُونَ نِسَآءَكُمْ وَفِى ذَٰلِكُم بَلَآءٌ مِّن رَّبِّكُمْ عَظِيمٌ","translation_en":"And [recall, O Children of Israel], when Moses said to His people, \"Remember the favor of Allah upon you when He saved you from the people of Pharaoh, who were afflicting you with the worst torment and were slaughtering your [newborn] sons and keeping your females alive. And in that was a great trial from your Lord.","translation_id":"Dan (ingatlah), ketika Musa berkata kepada kaumnya: \"Ingatlah nikmat Allah atasmu ketika Dia menyelamatkan kamu dari (Fir'aun dan) pengikut-pengikutnya, mereka menyiksa kamu dengan siksa yang pedih, mereka menyembelih anak-anak laki-lakimu, membiarkan hidup anak-anak perempuanmu; dan pada yang demikian itu ada cobaan yang besar dari Tuhanmu\"."},{"number":7,"text":"وَإِذْ تَأَذَّنَ رَبُّكُمْ لَئِن شَكَرْتُمْ لَأَزِيدَنَّكُمْ وَلَئِن كَفَرْتُمْ إِنَّ عَذَابِى لَشَدِيدٌ","translation_en":"And [remember] when your Lord proclaimed, 'If you are grateful, I will surely increase you [in favor]; but if you deny, indeed, My punishment is severe.' \"","translation_id":"Dan (ingatlah juga), tatkala Tuhanmu memaklumkan; \"Sesungguhnya jika kamu bersyukur, pasti Kami akan menambah (nikmat) kepadamu, dan jika kamu mengingkari (nikmat-Ku), maka sesungguhnya azab-Ku sangat pedih\"."},{"number":8,"text":"وَقَالَ مُوسَىٰٓ إِن تَكْفُرُوٓا۟ أَنتُمْ وَمَن فِى ٱلْأَرْضِ جَمِيعًا فَإِنَّ ٱللَّهَ لَغَنِىٌّ حَمِيدٌ","translation_en":"And Moses said, \"If you should disbelieve, you and whoever is on the earth entirely - indeed, Allah is Free of need and Praiseworthy.\"","translation_id":"Dan Musa berkata: \"Jika kamu dan orang-orang yang ada di muka bumi semuanya mengingkari (nikmat Allah) maka sesungguhnya Allah Maha Kaya lagi Maha Terpuji\"."},{"number":9,"text":"أَلَمْ يَأْتِكُمْ نَبَؤُا۟ ٱلَّذِينَ مِن قَبْلِكُمْ قَوْمِ نُوحٍ وَعَادٍ وَثَمُودَ وَٱلَّذِينَ مِنۢ بَعْدِهِمْ لَا يَعْلَمُهُمْ إِلَّا ٱللَّهُ جَآءَتْهُمْ رُسُلُهُم بِٱلْبَيِّنَٰتِ فَرَدُّوٓا۟ أَيْدِيَهُمْ فِىٓ أَفْوَٰهِهِمْ وَقَالُوٓا۟ إِنَّا كَفَرْنَا بِمَآ أُرْسِلْتُم بِهِۦ وَإِنَّا لَفِى شَكٍّ مِّمَّا تَدْعُونَنَآ إِلَيْهِ مُرِيبٍ","translation_en":"Has there not reached you the news of those before you - the people of Noah and 'Aad and Thamud and those after them? No one knows them but Allah. Their messengers brought them clear proofs, but they returned their hands to their mouths and said, \"Indeed, we disbelieve in that with which you have been sent, and indeed we are, about that to which you invite us, in disquieting doubt.\"","translation_id":"Belumkah sampai kepadamu berita orang-orang sebelum kamu (yaitu) kaum Nuh, 'Ad, Tsamud dan orang-orang sesudah mereka. Tidak ada yang mengetahui mereka selain Allah. Telah datang rasul-rasul kepada mereka (membawa) bukti-bukti yang nyata lalu mereka menutupkan tangannya ke mulutnya (karena kebencian), dan berkata: \"Sesungguhnya kami mengingkari apa yang kamu disuruh menyampaikannya (kepada kami), dan sesungguhnya kami benar-benar dalam keragu-raguan yang menggelisahkan terhadap apa yang kamu ajak kami kepadanya\"."},{"number":10,"text":"قَالَتْ رُسُلُهُمْ أَفِى ٱللَّهِ شَكٌّ فَاطِرِ ٱلسَّمَٰوَٰتِ وَٱلْأَرْضِ يَدْعُوكُمْ لِيَغْفِرَ لَكُم مِّن ذُنُوبِكُمْ وَيُؤَخِّرَكُمْ إِلَىٰٓ أَجَلٍ مُّسَمًّى قَالُوٓا۟ إِنْ أَنتُمْ إِلَّا بَشَرٌ مِّثْلُنَا تُرِيدُونَ أَن تَصُدُّونَا عَمَّا كَانَ يَعْبُدُ ءَابَآؤُنَا فَأْتُونَا بِسُلْطَٰنٍ مُّبِينٍ","translation_en":"Their messengers said, \"Can there be doubt about Allah, Creator of the heavens and earth? He invites you that He may forgive you of your sins, and He delays your death for a specified term.\" They said, \"You are not but men like us who wish to avert us from what our fathers were worshipping. So bring us a clear authority.\"","translation_id":"Berkata rasul-rasul mereka: \"Apakah ada keragu-raguan terhadap Allah, Pencipta langit dan bumi? Dia menyeru kamu untuk memberi ampunan kepadamu dari dosa-dosamu dan menangguhkan (siksaan)mu sampai masa yang ditentukan?\" Mereka berkata: \"Kamu tidak lain hanyalah manusia seperti kami juga. Kamu menghendaki untuk menghalang-halangi (membelokkan) kami dari apa yang selalu disembah nenek moyang kami, karena itu datangkanlah kepada kami, bukti yang nyata\"."},{"number":11,"text":"قَالَتْ لَهُمْ رُسُلُهُمْ إِن نَّحْنُ إِلَّا بَشَرٌ مِّثْلُكُمْ وَلَٰكِنَّ ٱللَّهَ يَمُنُّ عَلَىٰ مَن يَشَآءُ مِنْ عِبَادِهِۦ وَمَا كَانَ لَنَآ أَن نَّأْتِيَكُم بِسُلْطَٰنٍ إِلَّا بِإِذْنِ ٱللَّهِ وَعَلَى ٱللَّهِ فَلْيَتَوَكَّلِ ٱلْمُؤْمِنُونَ","translation_en":"Their messengers said to them, \"We are only men like you, but Allah confers favor upon whom He wills of His servants. It has never been for us to bring you evidence except by permission of Allah. And upon Allah let the believers rely.","translation_id":"Rasul-rasul mereka berkata kepada mereka: \"Kami tidak lain hanyalah manusia seperti kamu, akan tetapi Allah memberi karunia kepada siapa yang Dia kehendaki di antara hamba-hamba-Nya. Dan tidak patut bagi kami mendatangkan suatu bukti kepada kamu melainkan dengan izin Allah. Dan hanya kepada Allah sajalah hendaknya orang-orang mukmin bertawakkal."},{"number":12,"text":"وَمَا لَنَآ أَلَّا نَتَوَكَّلَ عَلَى ٱللَّهِ وَقَدْ هَدَىٰنَا سُبُلَنَا وَلَنَصْبِرَنَّ عَلَىٰ مَآ ءَاذَيْتُمُونَا وَعَلَى ٱللَّهِ فَلْيَتَوَكَّلِ ٱلْمُتَوَكِّلُونَ","translation_en":"And why should we not rely upon Allah while He has guided us to our [good] ways. And we will surely be patient against whatever harm you should cause us. And upon Allah let those who would rely [indeed] rely.\"","translation_id":"Mengapa kami tidak akan bertawakkal kepada Allah padahal Dia telah menunjukkan jalan kepada kami, dan kami sungguh-sungguh akan bersabar terhadap gangguan-gangguan yang kamu lakukan kepada kami. Dan hanya kepada Allah saja orang-orang yang bertawakkal itu, berserah diri\"."},{"number":13,"text":"وَقَالَ ٱلَّذِينَ كَفَرُوا۟ لِرُسُلِهِمْ لَنُخْرِجَنَّكُم مِّنْ أَرْضِنَآ أَوْ لَتَعُودُنَّ فِى مِلَّتِنَا فَأَوْحَىٰٓ إِلَيْهِمْ رَبُّهُمْ لَنُهْلِكَنَّ ٱلظَّٰلِمِينَ","translation_en":"And those who disbelieved said to their messengers, \"We will surely drive you out of our land, or you must return to our religion.\" So their Lord inspired to them, \"We will surely destroy the wrongdoers.","translation_id":"Orang-orang kafir berkata kepada Rasul-rasul mereka: \"Kami sungguh-sungguh akan mengusir kamu dari negeri kami atau kamu kembali kepada agama kami\". Maka Tuhan mewahyukan kepada mereka: \"Kami pasti akan membinasakan orang-orang yang zalim itu,"},{"number":14,"text":"وَلَنُسْكِنَنَّكُمُ ٱلْأَرْضَ مِنۢ بَعْدِهِمْ ذَٰلِكَ لِمَنْ خَافَ مَقَامِى وَخَافَ وَعِيدِ","translation_en":"And We will surely cause you to dwell in the land after them. That is for he who fears My position and fears My threat.\"","translation_id":"dan Kami pasti akan menempatkan kamu di negeri-negeri itu sesudah mereka. Yang demikian itu (adalah untuk) orang-orang yang takut (akan menghadap) kehadirat-Ku dan yang takut kepada ancaman-Ku\"."},{"number":15,"text":"وَٱسْتَفْتَحُوا۟ وَخَابَ كُلُّ جَبَّارٍ عَنِيدٍ","translation_en":"And they requested victory from Allah, and disappointed, [therefore], was every obstinate tyrant.","translation_id":"Dan mereka memohon kemenangan (atas musuh-musuh mereka) dan binasalah semua orang yang berlaku sewenang-wenang lagi keras kepala,"},{"number":16,"text":"مِّن وَرَآئِهِۦ جَهَنَّمُ وَيُسْقَىٰ مِن مَّآءٍ صَدِيدٍ","translation_en":"Before him is Hell, and he will be given a drink of purulent water.","translation_id":"di hadapannya ada Jahannam dan dia akan diberi minuman dengan air nanah,"},{"number":17,"text":"يَتَجَرَّعُهُۥ وَلَا يَكَادُ يُسِيغُهُۥ وَيَأْتِيهِ ٱلْمَوْتُ مِن كُلِّ مَكَانٍ وَمَا هُوَ بِمَيِّتٍ وَمِن وَرَآئِهِۦ عَذَابٌ غَلِيظٌ","translation_en":"He will gulp it but will hardly [be able to] swallow it. And death will come to him from everywhere, but he is not to die. And before him is a massive punishment.","translation_id":"diminumnnya air nanah itu dan hampir dia tidak bisa menelannya dan datanglah (bahaya) maut kepadanya dari segenap penjuru, tetapi dia tidak juga mati, dan dihadapannya masih ada azab yang berat."},{"number":18,"text":"مَّثَلُ ٱلَّذِينَ كَفَرُوا۟ بِرَبِّهِمْ أَعْمَٰلُهُمْ كَرَمَادٍ ٱشْتَدَّتْ بِهِ ٱلرِّيحُ فِى يَوْمٍ عَاصِفٍ لَّا يَقْدِرُونَ مِمَّا كَسَبُوا۟ عَلَىٰ شَىْءٍ ذَٰلِكَ هُوَ ٱلضَّلَٰلُ ٱلْبَعِيدُ","translation_en":"The example of those who disbelieve in their Lord is [that] their deeds are like ashes which the wind blows forcefully on a stormy day; they are unable [to keep] from what they earned a [single] thing. That is what is extreme error.","translation_id":"Orang-orang yang kafir kepada Tuhannya, amalan-amalan mereka adalah seperti abu yang ditiup angin dengan keras pada suatu hari yang berangin kencang. Mereka tidak dapat mengambil manfaat sedikitpun dari apa yang telah mereka usahakan (di dunia). Yang demikian itu adalah kesesatan yang jauh."},{"number":19,"text":"أَلَمْ تَرَ أَنَّ ٱللَّهَ خَلَقَ ٱلسَّمَٰوَٰتِ وَٱلْأَرْضَ بِٱلْحَقِّ إِن يَشَأْ يُذْهِبْكُمْ وَيَأْتِ بِخَلْقٍ جَدِيدٍ","translation_en":"Have you not seen that Allah created the heavens and the earth in truth? If He wills, He can do away with you and produce a new creation.","translation_id":"Tidakkah kamu perhatikan, bahwa sesungguhnya Allah telah menciptakan langit dan bumi dengan hak? Jika Dia menghendaki, niscaya Dia membinasakan kamu dan mengganti(mu) dengan makhluk yang baru,"},{"number":20,"text":"وَمَا ذَٰلِكَ عَلَى ٱللَّهِ بِعَزِيزٍ","translation_en":"And that is not difficult for Allah.","translation_id":"dan yang demikian itu sekali-kali tidak sukar bagi Allah."},{"number":21,"text":"وَبَرَزُوا۟ لِلَّهِ جَمِيعًا فَقَالَ ٱلضُّعَفَٰٓؤُا۟ لِلَّذِينَ ٱسْتَكْبَرُوٓا۟ إِنَّا كُنَّا لَكُمْ تَبَعًا فَهَلْ أَنتُم مُّغْنُونَ عَنَّا مِنْ عَذَابِ ٱللَّهِ مِن شَىْءٍ قَالُوا۟ لَوْ هَدَىٰنَا ٱللَّهُ لَهَدَيْنَٰكُمْ سَوَآءٌ عَلَيْنَآ أَجَزِعْنَآ أَمْ صَبَرْنَا مَا لَنَا مِن مَّحِيصٍ","translation_en":"And they will come out [for judgement] before Allah all together, and the weak will say to those who were arrogant, \"Indeed, we were your followers, so can you avail us anything against the punishment of Allah?\" They will say, \"If Allah had guided us, we would have guided you. It is all the same for us whether we show intolerance or are patient: there is for us no place of escape.\"","translation_id":"Dan mereka semuanya (di padang Mahsyar) akan berkumpul menghadap ke hadirat Allah, lalu berkatalah orang-orang yang lemah kepada orang-orang yang sombong: \"Sesungguhnya kami dahulu adalah pengikut-pengikutmu, maka dapatkah kamu menghindarkan daripada kami azab Allah (walaupun) sedikit saja? Mereka menjawab: \"Seandainya Allah memberi petunjuk kepada kami, niscaya kami dapat memberi petunjuk kepadamu. Sama saja bagi kita, apakah kita mengeluh ataukah bersabar. Sekali-kali kita tidak mempunyai tempat untuk melarikan diri\"."},{"number":22,"text":"وَقَالَ ٱلشَّيْطَٰنُ لَمَّا قُضِىَ ٱلْأَمْرُ إِنَّ ٱللَّهَ وَعَدَكُمْ وَعْدَ ٱلْحَقِّ وَوَعَدتُّكُمْ فَأَخْلَفْتُكُمْ وَمَا كَانَ لِىَ عَلَيْكُم مِّن سُلْطَٰنٍ إِلَّآ أَن دَعَوْتُكُمْ فَٱسْتَجَبْتُمْ لِى فَلَا تَلُومُونِى وَلُومُوٓا۟ أَنفُسَكُم مَّآ أَنَا۠ بِمُصْرِخِكُمْ وَمَآ أَنتُم بِمُصْرِخِىَّ إِنِّى كَفَرْتُ بِمَآ أَشْرَكْتُمُونِ مِن قَبْلُ إِنَّ ٱلظَّٰلِمِينَ لَهُمْ عَذَابٌ أَلِيمٌ","translation_en":"And Satan will say when the matter has been concluded, \"Indeed, Allah had promised you the promise of truth. And I promised you, but I betrayed you. But I had no authority over you except that I invited you, and you responded to me. So do not blame me; but blame yourselves. I cannot be called to your aid, nor can you be called to my aid. Indeed, I deny your association of me [with Allah] before. Indeed, for the wrongdoers is a painful punishment.\"","translation_id":"Dan berkatalah syaitan tatkala perkara (hisab) telah diselesaikan: \"Sesungguhnya Allah telah menjanjikan kepadamu janji yang benar, dan akupun telah menjanjikan kepadamu tetapi aku menyalahinya. Sekali-kali tidak ada kekuasaan bagiku terhadapmu, melainkan (sekedar) aku menyeru kamu lalu kamu mematuhi seruanku, oleh sebab itu janganlah kamu mencerca aku akan tetapi cercalah dirimu sendiri. Aku sekali-kali tidak dapat menolongmu dan kamupun sekali-kali tidak dapat menolongku. Sesungguhnya aku tidak membenarkan perbuatanmu mempersekutukan aku (dengan Allah) sejak dahulu\". Sesungguhnya orang-orang yang zalim itu mendapat siksaan yang pedih."},{"number":23,"text":"وَأُدْخِلَ ٱلَّذِينَ ءَامَنُوا۟ وَعَمِلُوا۟ ٱلصَّٰلِحَٰتِ جَنَّٰتٍ تَجْرِى مِن تَحْتِهَا ٱلْأَنْهَٰرُ خَٰلِدِينَ فِيهَا بِإِذْنِ رَبِّهِمْ تَحِيَّتُهُمْ فِيهَا سَلَٰمٌ","translation_en":"And those who believed and did righteous deeds will be admitted to gardens beneath which rivers flow, abiding eternally therein by permission of their Lord; and their greeting therein will be, \"Peace!\"","translation_id":"Dan dimasukkanlah orang-orang yang beriman dan beramal saleh ke dalam surga yang mengalir di bawahnya sungai-sungai, mereka kekal di dalamnya dengan seizin Tuhan mereka. Ucapan penghormatan mereka dalam surga itu ialah \"salaam\"."},{"number":24,"text":"أَلَمْ تَرَ كَيْفَ ضَرَبَ ٱللَّهُ مَثَلًا كَلِمَةً طَيِّبَةً كَشَجَرَةٍ طَيِّبَةٍ أَصْلُهَا ثَابِتٌ وَفَرْعُهَا فِى ٱلسَّمَآءِ","translation_en":"Have you not considered how Allah presents an example, [making] a good word like a good tree, whose root is firmly fixed and its branches [high] in the sky?","translation_id":"Tidakkah kamu perhatikan bagaimana Allah telah membuat perumpamaan kalimat yang baik seperti pohon yang baik, akarnya teguh dan cabangnya (menjulang) ke langit,"},{"number":25,"text":"تُؤْتِىٓ أُكُلَهَا كُلَّ حِينٍۭ بِإِذْنِ رَبِّهَا وَيَضْرِبُ ٱللَّهُ ٱلْأَمْثَالَ لِلنَّاسِ لَعَلَّهُمْ يَتَذَكَّرُونَ","translation_en":"It produces its fruit all the time, by permission of its Lord. And Allah presents examples for the people that perhaps they will be reminded.","translation_id":"pohon itu memberikan buahnya pada setiap musim dengan seizin Tuhannya. Allah membuat perumpamaan-perumpamaan itu untuk manusia supaya mereka selalu ingat."},{"number":26,"text":"وَمَثَلُ كَلِمَةٍ خَبِيثَةٍ كَشَجَرَةٍ خَبِيثَةٍ ٱجْتُثَّتْ مِن فَوْقِ ٱلْأَرْضِ مَا لَهَا مِن قَرَارٍ","translation_en":"And the example of a bad word is like a bad tree, uprooted from the surface of the earth, not having any stability.","translation_id":"Dan perumpamaan kalimat yang buruk seperti pohon yang buruk, yang telah dicabut dengan akar-akarnya dari permukaan bumi; tidak dapat tetap (tegak) sedikitpun."},{"number":27,"text":"يُثَبِّتُ ٱللَّهُ ٱلَّذِينَ ءَامَنُوا۟ بِٱلْقَوْلِ ٱلثَّابِتِ فِى ٱلْحَيَوٰةِ ٱلدُّنْيَا وَفِى ٱلْءَاخِرَةِ وَيُضِلُّ ٱللَّهُ ٱلظَّٰلِمِينَ وَيَفْعَلُ ٱللَّهُ مَا يَشَآءُ","translation_en":"Allah keeps firm those who believe, with the firm word, in worldly life and in the Hereafter. And Allah sends astray the wrongdoers. And Allah does what He wills.","translation_id":"Allah meneguhkan (iman) orang-orang yang beriman dengan ucapan yang teguh itu dalam kehidupan di dunia dan di akhirat; dan Allah menyesatkan orang-orang yang zalim dan memperbuat apa yang Dia kehendaki."},{"number":28,"text":"أَلَمْ تَرَ إِلَى ٱلَّذِينَ بَدَّلُوا۟ نِعْمَتَ ٱللَّهِ كُفْرًا وَأَحَلُّوا۟ قَوْمَهُمْ دَارَ ٱلْبَوَارِ","translation_en":"Have you not considered those who exchanged the favor of Allah for disbelief and settled their people [in] the home of ruin?","translation_id":"Tidakkah kamu perhatikan orang-orang yang telah menukar nikmat Allah dengan kekafiran dan menjatuhkan kaumnya ke lembah kebinasaan?,"},{"number":29,"text":"جَهَنَّمَ يَصْلَوْنَهَا وَبِئْسَ ٱلْقَرَارُ","translation_en":"[It is] Hell, which they will [enter to] burn, and wretched is the settlement.","translation_id":"yaitu neraka jahannam; mereka masuk kedalamnya; dan itulah seburuk-buruk tempat kediaman."},{"number":30,"text":"وَجَعَلُوا۟ لِلَّهِ أَندَادًا لِّيُضِلُّوا۟ عَن سَبِيلِهِۦ قُلْ تَمَتَّعُوا۟ فَإِنَّ مَصِيرَكُمْ إِلَى ٱلنَّارِ","translation_en":"And they have attributed to Allah equals to mislead [people] from His way. Say, \"Enjoy yourselves, for indeed, your destination is the Fire.\"","translation_id":"Orang-orang kafir itu telah menjadikan sekutu-sekutu bagi Allah supaya mereka menyesatkan (manusia) dari jalan-Nya. Katakanlah: \"Bersenang-senanglah kamu, karena sesungguhnya tempat kembalimu ialah neraka\"."},{"number":31,"text":"قُل لِّعِبَادِىَ ٱلَّذِينَ ءَامَنُوا۟ يُقِيمُوا۟ ٱلصَّلَوٰةَ وَيُنفِقُوا۟ مِمَّا رَزَقْنَٰهُمْ سِرًّا وَعَلَانِيَةً مِّن قَبْلِ أَن يَأْتِىَ يَوْمٌ لَّا بَيْعٌ فِيهِ وَلَا خِلَٰلٌ","translation_en":"[O Muhammad], tell My servants who have believed to establish prayer and spend from what We have provided them, secretly and publicly, before a Day comes in which there will be no exchange, nor any friendships.","translation_id":"Katakanlah kepada hamba-hamba-Ku yang telah beriman: \"Hendaklah mereka mendirikan shalat, menafkahkan sebahagian rezeki yang Kami berikan kepada mereka secara sembunyi ataupun terang-terangan sebelum datang hari (kiamat) yang pada bari itu tidak ada jual beli dan persahabatan."},{"number":32,"text":"ٱللَّهُ ٱلَّذِى خَلَقَ ٱلسَّمَٰوَٰتِ وَٱلْأَرْضَ وَأَنزَلَ مِنَ ٱلسَّمَآءِ مَآءً فَأَخْرَجَ بِهِۦ مِنَ ٱلثَّمَرَٰتِ رِزْقًا لَّكُمْ وَسَخَّرَ لَكُمُ ٱلْفُلْكَ لِتَجْرِىَ فِى ٱلْبَحْرِ بِأَمْرِهِۦ وَسَخَّرَ لَكُمُ ٱلْأَنْهَٰرَ","translation_en":"It is Allah who created the heavens and the earth and sent down rain from the sky and produced thereby some fruits as provision for you and subjected for you the ships to sail through the sea by His command and subjected for you the rivers.","translation_id":"Allah-lah yang telah menciptakan langit dan bumi dan menurunkan air hujan dari langit, kemudian Dia mengeluarkan dengan air hujan itu berbagai buah-buahan menjadi rezeki untukmu; dan Dia telah menundukkan bahtera bagimu supaya bahtera itu, berlayar di lautan dengan kehendak-Nya, dan Dia telah menundukkan (pula) bagimu sungai-sungai."},{"number":33,"text":"وَسَخَّرَ لَكُمُ ٱلشَّمْسَ وَٱلْقَمَرَ دَآئِبَيْنِ وَسَخَّرَ لَكُمُ ٱلَّيْلَ وَٱلنَّهَارَ","translation_en":"And He subjected for you the sun and the moon, continuous [in orbit], and subjected for you the night and the day.","translation_id":"Dan Dia telah menundukkan (pula) bagimu matahari dan bulan yang terus menerus beredar (dalam orbitnya); dan telah menundukkan bagimu malam dan siang."},{"number":34,"text":"وَءَاتَىٰكُم مِّن كُلِّ مَا سَأَلْتُمُوهُ وَإِن تَعُدُّوا۟ نِعْمَتَ ٱللَّهِ لَا تُحْصُوهَآ إِنَّ ٱلْإِنسَٰنَ لَظَلُومٌ كَفَّارٌ","translation_en":"And He gave you from all you asked of Him. And if you should count the favor of Allah, you could not enumerate them. Indeed, mankind is [generally] most unjust and ungrateful.","translation_id":"Dan Dia telah memberikan kepadamu (keperluanmu) dan segala apa yang kamu mohonkan kepadanya. Dan jika kamu menghitung nikmat Allah, tidaklah dapat kamu menghinggakannya. Sesungguhnya manusia itu, sangat zalim dan sangat mengingkari (nikmat Allah)."},{"number":35,"text":"وَإِذْ قَالَ إِبْرَٰهِيمُ رَبِّ ٱجْعَلْ هَٰذَا ٱلْبَلَدَ ءَامِنًا وَٱجْنُبْنِى وَبَنِىَّ أَن نَّعْبُدَ ٱلْأَصْنَامَ","translation_en":"And [mention, O Muhammad], when Abraham said, \"My Lord, make this city [Makkah] secure and keep me and my sons away from worshipping idols.","translation_id":"Dan (ingatlah), ketika Ibrahim berkata: \"Ya Tuhanku, jadikanlah negeri ini (Mekah), negeri yang aman, dan jauhkanlah aku beserta anak cucuku daripada menyembah berhala-berhala."},{"number":36,"text":"رَبِّ إِنَّهُنَّ أَضْلَلْنَ كَثِيرًا مِّنَ ٱلنَّاسِ فَمَن تَبِعَنِى فَإِنَّهُۥ مِنِّى وَمَنْ عَصَانِى فَإِنَّكَ غَفُورٌ رَّحِيمٌ","translation_en":"My Lord, indeed they have led astray many among the people. So whoever follows me - then he is of me; and whoever disobeys me - indeed, You are [yet] Forgiving and Merciful.","translation_id":"Ya Tuhanku, sesungguhnya berhala-berhala itu telah menyesatkan kebanyakan daripada manusia, maka barangsiapa yang mengikutiku, maka sesungguhnya orang itu termasuk golonganku, dan barangsiapa yang mendurhakai aku, maka sesungguhnya Engkau, Maha Pengampun lagi Maha Penyayang."},{"number":37,"text":"رَّبَّنَآ إِنِّىٓ أَسْكَنتُ مِن ذُرِّيَّتِى بِوَادٍ غَيْرِ ذِى زَرْعٍ عِندَ بَيْتِكَ ٱلْمُحَرَّمِ رَبَّنَا لِيُقِيمُوا۟ ٱلصَّلَوٰةَ فَٱجْعَلْ أَفْـِٔدَةً مِّنَ ٱلنَّاسِ تَهْوِىٓ إِلَيْهِمْ وَٱرْزُقْهُم مِّنَ ٱلثَّمَرَٰتِ لَعَلَّهُمْ يَشْكُرُونَ","translation_en":"Our Lord, I have settled some of my descendants in an uncultivated valley near Your sacred House, our Lord, that they may establish prayer. So make hearts among the people incline toward them and provide for them from the fruits that they might be grateful.","translation_id":"Ya Tuhan kami, sesungguhnya aku telah menempatkan sebahagian keturunanku di lembah yang tidak mempunyai tanam-tanaman di dekat rumah Engkau (Baitullah) yang dihormati, ya Tuhan kami (yang demikian itu) agar mereka mendirikan shalat, maka jadikanlah hati sebagian manusia cenderung kepada mereka dan beri rezekilah mereka dari buah-buahan, mudah-mudahan mereka bersyukur."},{"number":38,"text":"رَبَّنَآ إِنَّكَ تَعْلَمُ مَا نُخْفِى وَمَا نُعْلِنُ وَمَا يَخْفَىٰ عَلَى ٱللَّهِ مِن شَىْءٍ فِى ٱلْأَرْضِ وَلَا فِى ٱلسَّمَآءِ","translation_en":"Our Lord, indeed You know what we conceal and what we declare, and nothing is hidden from Allah on the earth or in the heaven.","translation_id":"Ya Tuhan kami, sesungguhnya Engkau mengetahui apa yang kami sembunyikan dan apa yang kami lahirkan; dan tidak ada sesuatupun yang tersembunyi bagi Allah, baik yang ada di bumi maupun yang ada di langit."},{"number":39,"text":"ٱلْحَمْدُ لِلَّهِ ٱلَّذِى وَهَبَ لِى عَلَى ٱلْكِبَرِ إِسْمَٰعِيلَ وَإِسْحَٰقَ إِنَّ رَبِّى لَسَمِيعُ ٱلدُّعَآءِ","translation_en":"Praise to Allah, who has granted to me in old age Ishmael and Isaac. Indeed, my Lord is the Hearer of supplication.","translation_id":"Segala puji bagi Allah yang telah menganugerahkan kepadaku di hari tua(ku) Ismail dan Ishaq. Sesungguhnya Tuhanku, benar-benar Maha Mendengar (memperkenankan) doa."},{"number":40,"text":"رَبِّ ٱجْعَلْنِى مُقِيمَ ٱلصَّلَوٰةِ وَمِن ذُرِّيَّتِى رَبَّنَا وَتَقَبَّلْ دُعَآءِ","translation_en":"My Lord, make me an establisher of prayer, and [many] from my descendants. Our Lord, and accept my supplication.","translation_id":"Ya Tuhanku, jadikanlah aku dan anak cucuku orang-orang yang tetap mendirikan shalat, ya Tuhan kami, perkenankanlah doaku."},{"number":41,"text":"رَبَّنَا ٱغْفِرْ لِى وَلِوَٰلِدَىَّ وَلِلْمُؤْمِنِينَ يَوْمَ يَقُومُ ٱلْحِسَابُ","translation_en":"Our Lord, forgive me and my parents and the believers the Day the account is established.\"","translation_id":"Ya Tuhan kami, beri ampunlah aku dan kedua ibu bapaku dan sekalian orang-orang mukmin pada hari terjadinya hisab (hari kiamat)\"."},{"number":42,"text":"وَلَا تَحْسَبَنَّ ٱللَّهَ غَٰفِلًا عَمَّا يَعْمَلُ ٱلظَّٰلِمُونَ إِنَّمَا يُؤَخِّرُهُمْ لِيَوْمٍ تَشْخَصُ فِيهِ ٱلْأَبْصَٰرُ","translation_en":"And never think that Allah is unaware of what the wrongdoers do. He only delays them for a Day when eyes will stare [in horror].","translation_id":"Dan janganlah sekali-kali kamu (Muhammad) mengira, bahwa Allah lalai dari apa yang diperbuat oleh orang-orang yang zalim. Sesungguhnya Allah memberi tangguh kepada mereka sampai hari yang pada waktu itu mata (mereka) terbelalak,"},{"number":43,"text":"مُهْطِعِينَ مُقْنِعِى رُءُوسِهِمْ لَا يَرْتَدُّ إِلَيْهِمْ طَرْفُهُمْ وَأَفْـِٔدَتُهُمْ هَوَآءٌ","translation_en":"Racing ahead, their heads raised up, their glance does not come back to them, and their hearts are void.","translation_id":"mereka datang bergegas-gegas memenuhi panggilan dengan mangangkat kepalanya, sedang mata mereka tidak berkedip-kedip dan hati mereka kosong."},{"number":44,"text":"وَأَنذِرِ ٱلنَّاسَ يَوْمَ يَأْتِيهِمُ ٱلْعَذَابُ فَيَقُولُ ٱلَّذِينَ ظَلَمُوا۟ رَبَّنَآ أَخِّرْنَآ إِلَىٰٓ أَجَلٍ قَرِيبٍ نُّجِبْ دَعْوَتَكَ وَنَتَّبِعِ ٱلرُّسُلَ أَوَلَمْ تَكُونُوٓا۟ أَقْسَمْتُم مِّن قَبْلُ مَا لَكُم مِّن زَوَالٍ","translation_en":"And, [O Muhammad], warn the people of a Day when the punishment will come to them and those who did wrong will say, \"Our Lord, delay us for a short term; we will answer Your call and follow the messengers.\" [But it will be said], \"Had you not sworn, before, that for you there would be no cessation?","translation_id":"Dan berikanlah peringatan kepada manusia terhadap hari (yang pada waktu itu) datang azab kepada mereka, maka berkatalah orang-orang yang zalim: \"Ya Tuhan kami, beri tangguhlah kami (kembalikanlah kami ke dunia) walaupun dalam waktu yang sedikit, niscaya kami akan mematuhi seruan Engkau dan akan mengikuti rasul-rasul\". (Kepada mereka dikatakan): \"Bukankah kamu telah bersumpah dahulu (di dunia) bahwa sekali-kali kamu tidak akan binasa?"},{"number":45,"text":"وَسَكَنتُمْ فِى مَسَٰكِنِ ٱلَّذِينَ ظَلَمُوٓا۟ أَنفُسَهُمْ وَتَبَيَّنَ لَكُمْ كَيْفَ فَعَلْنَا بِهِمْ وَضَرَبْنَا لَكُمُ ٱلْأَمْثَالَ","translation_en":"And you lived among the dwellings of those who wronged themselves, and it had become clear to you how We dealt with them. And We presented for you [many] examples.\"","translation_id":"dan kamu telah berdiam di tempat-tempat kediaman orang-orang yang menganiaya diri mereka sendiri, dan telah nyata bagimu bagaimana Kami telah berbuat terhadap mereka dan telah Kami berikan kepadamu beberapa perumpamaan\"."},{"number":46,"text":"وَقَدْ مَكَرُوا۟ مَكْرَهُمْ وَعِندَ ٱللَّهِ مَكْرُهُمْ وَإِن كَانَ مَكْرُهُمْ لِتَزُولَ مِنْهُ ٱلْجِبَالُ","translation_en":"And they had planned their plan, but with Allah is [recorded] their plan, even if their plan had been [sufficient] to do away with the mountains.","translation_id":"Dan sesungguhnya mereka telah membuat makar yang besar padahal di sisi Allah-lah (balasan) makar mereka itu. Dan sesungguhnya makar mereka itu (amat besar) sehingga gunung-gunung dapat lenyap karenanya."},{"number":47,"text":"فَلَا تَحْسَبَنَّ ٱللَّهَ مُخْلِفَ وَعْدِهِۦ رُسُلَهُۥٓ إِنَّ ٱللَّهَ عَزِيزٌ ذُو ٱنتِقَامٍ","translation_en":"So never think that Allah will fail in His promise to His messengers. Indeed, Allah is Exalted in Might and Owner of Retribution.","translation_id":"Karena itu janganlah sekali-kali kamu mengira Allah akan menyalahi janji-Nya kepada rasul-raaul-Nya; sesungguhnya Allah Maha Perkasa, lagi mempunyai pembalasan."},{"number":48,"text":"يَوْمَ تُبَدَّلُ ٱلْأَرْضُ غَيْرَ ٱلْأَرْضِ وَٱلسَّمَٰوَٰتُ وَبَرَزُوا۟ لِلَّهِ ٱلْوَٰحِدِ ٱلْقَهَّارِ","translation_en":"[It will be] on the Day the earth will be replaced by another earth, and the heavens [as well], and all creatures will come out before Allah, the One, the Prevailing.","translation_id":"(Yaitu) pada hari (ketika) bumi diganti dengan bumi yang lain dan (demikian pula) langit, dan meraka semuanya (di padang Mahsyar) berkumpul menghadap ke hadirat Allah yang Maha Esa lagi Maha Perkasa."},{"number":49,"text":"وَتَرَى ٱلْمُجْرِمِينَ يَوْمَئِذٍ مُّقَرَّنِينَ فِى ٱلْأَصْفَادِ","translation_en":"And you will see the criminals that Day bound together in shackles,","translation_id":"Dan kamu akan melihat orang-orang yang berdosa pada hari itu diikat bersama-sama dengan belenggu."},{"number":50,"text":"سَرَابِيلُهُم مِّن قَطِرَانٍ وَتَغْشَىٰ وُجُوهَهُمُ ٱلنَّارُ","translation_en":"Their garments of liquid pitch and their faces covered by the Fire.","translation_id":"Pakaian mereka adalah dari pelangkin (ter) dan muka mereka ditutup oleh api neraka,"},{"number":51,"text":"لِيَجْزِىَ ٱللَّهُ كُلَّ نَفْسٍ مَّا كَسَبَتْ إِنَّ ٱللَّهَ سَرِيعُ ٱلْحِسَابِ","translation_en":"So that Allah will recompense every soul for what it earned. Indeed, Allah is swift in account.","translation_id":"agar Allah memberi pembalasan kepada tiap-tiap orang terhadap apa yang ia usahakan. Sesungguhnya Allah Maha cepat hisab-Nya."},{"number":52,"text":"هَٰذَا بَلَٰغٌ لِّلنَّاسِ وَلِيُنذَرُوا۟ بِهِۦ وَلِيَعْلَمُوٓا۟ أَنَّمَا هُوَ إِلَٰهٌ وَٰحِدٌ وَلِيَذَّكَّرَ أُو۟لُوا۟ ٱلْأَلْبَٰبِ","translation_en":"This [Qur'an] is notification for the people that they may be warned thereby and that they may know that He is but one God and that those of understanding will be reminded.","translation_id":"(Al Quran) ini adalah penjelasan yang sempurna bagi manusia, dan supaya mereka diberi peringatan dengan-Nya, dan supaya mereka mengetahui bahwasanya Dia adalah Tuhan Yang Maha Esa dan agar orang-orang yang berakal mengambil pelajaran."}]}