{"number":16,"name":"سورة النحل","transliteration_en":"An-Nahl","translation_en":"The Bee","total_verses":128,"revelation_type":"Meccan","verses":[{"number":1,"text":"بِسْمِ ٱللَّهِ ٱلرَّحْمَٰنِ ٱلرَّحِيمِ أَتَىٰٓ أَمْرُ ٱللَّهِ فَلَا تَسْتَعْجِلُوهُ سُبْحَٰنَهُۥ وَتَعَٰلَىٰ عَمَّا يُشْرِكُونَ","translation_en":"The command of Allah is coming, so be not impatient for it. Exalted is He and high above what they associate with Him.","translation_id":"Telah pasti datangnya ketetapan Allah maka janganlah kamu meminta agar disegerakan (datang)nya. Maha Suci Allah dan Maha Tinggi dari apa yang mereka persekutukan."},{"number":2,"text":"يُنَزِّلُ ٱلْمَلَٰٓئِكَةَ بِٱلرُّوحِ مِنْ أَمْرِهِۦ عَلَىٰ مَن يَشَآءُ مِنْ عِبَادِهِۦٓ أَنْ أَنذِرُوٓا۟ أَنَّهُۥ لَآ إِلَٰهَ إِلَّآ أَنَا۠ فَٱتَّقُونِ","translation_en":"He sends down the angels, with the inspiration of His command, upon whom He wills of His servants, [telling them], \"Warn that there is no deity except Me; so fear Me.\"","translation_id":"Dia menurunkan para malaikat dengan (membawa) wahyu dengan perintah-Nya kepada siapa yang Dia kehendaki di antara hamba-hamba-Nya, yaitu: \"Peringatkanlah olehmu sekalian, bahwasanya tidak ada Tuhan (yang hak) melainkan Aku, maka hendaklah kamu bertakwa kepada-Ku\"."},{"number":3,"text":"خَلَقَ ٱلسَّمَٰوَٰتِ وَٱلْأَرْضَ بِٱلْحَقِّ تَعَٰلَىٰ عَمَّا يُشْرِكُونَ","translation_en":"He created the heavens and earth in truth. High is He above what they associate with Him.","translation_id":"Dia menciptakan langit dan bumi dengan hak. Maha Tinggi Allah daripada apa yang mereka persekutukan."},{"number":4,"text":"خَلَقَ ٱلْإِنسَٰنَ مِن نُّطْفَةٍ فَإِذَا هُوَ خَصِيمٌ مُّبِينٌ","translation_en":"He created man from a sperm-drop; then at once, he is a clear adversary.","translation_id":"Dia telah menciptakan manusia dari mani, tiba-tiba ia menjadi pembantah yang nyata."},{"number":5,"text":"وَٱلْأَنْعَٰمَ خَلَقَهَا لَكُمْ فِيهَا دِفْءٌ وَمَنَٰفِعُ وَمِنْهَا تَأْكُلُونَ","translation_en":"And the grazing livestock He has created for you; in them is warmth and [numerous] benefits, and from them you eat.","translation_id":"Dan Dia telah menciptakan binatang ternak untuk kamu; padanya ada (bulu) yang menghangatkan dan berbagai-bagai manfaat, dan sebahagiannya kamu makan."},{"number":6,"text":"وَلَكُمْ فِيهَا جَمَالٌ حِينَ تُرِيحُونَ وَحِينَ تَسْرَحُونَ","translation_en":"And for you in them is [the enjoyment of] beauty when you bring them in [for the evening] and when you send them out [to pasture].","translation_id":"Dan kamu memperoleh pandangan yang indah padanya, ketika kamu membawanya kembali ke kandang dan ketika kamu melepaskannya ke tempat penggembalaan."},{"number":7,"text":"وَتَحْمِلُ أَثْقَالَكُمْ إِلَىٰ بَلَدٍ لَّمْ تَكُونُوا۟ بَٰلِغِيهِ إِلَّا بِشِقِّ ٱلْأَنفُسِ إِنَّ رَبَّكُمْ لَرَءُوفٌ رَّحِيمٌ","translation_en":"And they carry your loads to a land you could not have reached except with difficulty to yourselves. Indeed, your Lord is Kind and Merciful.","translation_id":"Dan ia memikul beban-bebanmu ke suatu negeri yang kamu tidak sanggup sampai kepadanya, melainkan dengan kesukaran-kesukaran (yang memayahkan) diri. Sesungguhnya Tuhanmu benar-benar Maha Pengasih lagi Maha Penyayang,"},{"number":8,"text":"وَٱلْخَيْلَ وَٱلْبِغَالَ وَٱلْحَمِيرَ لِتَرْكَبُوهَا وَزِينَةً وَيَخْلُقُ مَا لَا تَعْلَمُونَ","translation_en":"And [He created] the horses, mules and donkeys for you to ride and [as] adornment. And He creates that which you do not know.","translation_id":"dan (Dia telah menciptakan) kuda, bagal dan keledai, agar kamu menungganginya dan (menjadikannya) perhiasan. Dan Allah menciptakan apa yang kamu tidak mengetahuinya."},{"number":9,"text":"وَعَلَى ٱللَّهِ قَصْدُ ٱلسَّبِيلِ وَمِنْهَا جَآئِرٌ وَلَوْ شَآءَ لَهَدَىٰكُمْ أَجْمَعِينَ","translation_en":"And upon Allah is the direction of the [right] way, and among the various paths are those deviating. And if He willed, He could have guided you all.","translation_id":"Dan hak bagi Allah (menerangkan) jalan yang lurus, dan di antara jalan-jalan ada yang bengkok. Dan jikalau Dia menghendaki, tentulah Dia memimpin kamu semuanya (kepada jalan yang benar)."},{"number":10,"text":"هُوَ ٱلَّذِىٓ أَنزَلَ مِنَ ٱلسَّمَآءِ مَآءً لَّكُم مِّنْهُ شَرَابٌ وَمِنْهُ شَجَرٌ فِيهِ تُسِيمُونَ","translation_en":"It is He who sends down rain from the sky; from it is drink and from it is foliage in which you pasture [animals].","translation_id":"Dialah, Yang telah menurunkan air hujan dari langit untuk kamu, sebahagiannya menjadi minuman dan sebahagiannya (menyuburkan) tumbuh-tumbuhan, yang pada (tempat tumbuhnya) kamu menggembalakan ternakmu."},{"number":11,"text":"يُنۢبِتُ لَكُم بِهِ ٱلزَّرْعَ وَٱلزَّيْتُونَ وَٱلنَّخِيلَ وَٱلْأَعْنَٰبَ وَمِن كُلِّ ٱلثَّمَرَٰتِ إِنَّ فِى ذَٰلِكَ لَءَايَةً لِّقَوْمٍ يَتَفَكَّرُونَ","translation_en":"He causes to grow for you thereby the crops, olives, palm trees, grapevines, and from all the fruits. Indeed in that is a sign for a people who give thought.","translation_id":"Dia menumbuhkan bagi kamu dengan air hujan itu tanam-tanaman; zaitun, korma, anggur dan segala macam buah-buahan. Sesungguhnya pada yang demikian itu benar-benar ada tanda (kekuasaan Allah) bagi kaum yang memikirkan."},{"number":12,"text":"وَسَخَّرَ لَكُمُ ٱلَّيْلَ وَٱلنَّهَارَ وَٱلشَّمْسَ وَٱلْقَمَرَ وَٱلنُّجُومُ مُسَخَّرَٰتٌۢ بِأَمْرِهِۦٓ إِنَّ فِى ذَٰلِكَ لَءَايَٰتٍ لِّقَوْمٍ يَعْقِلُونَ","translation_en":"And He has subjected for you the night and day and the sun and moon, and the stars are subjected by His command. Indeed in that are signs for a people who reason.","translation_id":"Dan Dia menundukkan malam dan siang, matahari dan bulan untukmu. Dan bintang-bintang itu ditundukkan (untukmu) dengan perintah-Nya. Sesungguhnya pada yang demikian itu benar-benar ada tanda-tanda (kekuasaan Allah) bagi kaum yang memahami(nya),"},{"number":13,"text":"وَمَا ذَرَأَ لَكُمْ فِى ٱلْأَرْضِ مُخْتَلِفًا أَلْوَٰنُهُۥٓ إِنَّ فِى ذَٰلِكَ لَءَايَةً لِّقَوْمٍ يَذَّكَّرُونَ","translation_en":"And [He has subjected] whatever He multiplied for you on the earth of varying colors. Indeed in that is a sign for a people who remember.","translation_id":"dan Dia (menundukkan pula) apa yang Dia ciptakan untuk kamu di bumi ini dengan berlain-lainan macamnya. Sesungguhnya pada yang demikian itu benar-benar terdapat tanda (kekuasaan Allah) bagi kaum yang mengambil pelajaran."},{"number":14,"text":"وَهُوَ ٱلَّذِى سَخَّرَ ٱلْبَحْرَ لِتَأْكُلُوا۟ مِنْهُ لَحْمًا طَرِيًّا وَتَسْتَخْرِجُوا۟ مِنْهُ حِلْيَةً تَلْبَسُونَهَا وَتَرَى ٱلْفُلْكَ مَوَاخِرَ فِيهِ وَلِتَبْتَغُوا۟ مِن فَضْلِهِۦ وَلَعَلَّكُمْ تَشْكُرُونَ","translation_en":"And it is He who subjected the sea for you to eat from it tender meat and to extract from it ornaments which you wear. And you see the ships plowing through it, and [He subjected it] that you may seek of His bounty; and perhaps you will be grateful.","translation_id":"Dan Dialah, Allah yang menundukkan lautan (untukmu), agar kamu dapat memakan daripadanya daging yang segar (ikan), dan kamu mengeluarkan dari lautan itu perhiasan yang kamu pakai; dan kamu melihat bahtera berlayar padanya, dan supaya kamu mencari (keuntungan) dari karunia-Nya, dan supaya kamu bersyukur."},{"number":15,"text":"وَأَلْقَىٰ فِى ٱلْأَرْضِ رَوَٰسِىَ أَن تَمِيدَ بِكُمْ وَأَنْهَٰرًا وَسُبُلًا لَّعَلَّكُمْ تَهْتَدُونَ","translation_en":"And He has cast into the earth firmly set mountains, lest it shift with you, and [made] rivers and roads, that you may be guided,","translation_id":"Dan Dia menancapkan gunung-gunung di bumi supaya bumi itu tidak goncang bersama kamu, (dan Dia menciptakan) sungai-sungai dan jalan-jalan agar kamu mendapat petunjuk,"},{"number":16,"text":"وَعَلَٰمَٰتٍ وَبِٱلنَّجْمِ هُمْ يَهْتَدُونَ","translation_en":"And landmarks. And by the stars they are [also] guided.","translation_id":"dan (Dia ciptakan) tanda-tanda (penunjuk jalan). Dan dengan bintang-bintang itulah mereka mendapat petunjuk."},{"number":17,"text":"أَفَمَن يَخْلُقُ كَمَن لَّا يَخْلُقُ أَفَلَا تَذَكَّرُونَ","translation_en":"Then is He who creates like one who does not create? So will you not be reminded?","translation_id":"Maka apakah (Allah) yang menciptakan itu sama dengan yang tidak dapat menciptakan (apa-apa)?. Maka mengapa kamu tidak mengambil pelajaran."},{"number":18,"text":"وَإِن تَعُدُّوا۟ نِعْمَةَ ٱللَّهِ لَا تُحْصُوهَآ إِنَّ ٱللَّهَ لَغَفُورٌ رَّحِيمٌ","translation_en":"And if you should count the favors of Allah, you could not enumerate them. Indeed, Allah is Forgiving and Merciful.","translation_id":"Dan jika kamu menghitung-hitung nikmat Allah, niscaya kamu tak dapat menentukan jumlahnya. Sesungguhnya Allah benar-benar Maha Pengampun lagi Maha Penyayang."},{"number":19,"text":"وَٱللَّهُ يَعْلَمُ مَا تُسِرُّونَ وَمَا تُعْلِنُونَ","translation_en":"And Allah knows what you conceal and what you declare.","translation_id":"Dan Allah mengetahui apa yang kamu rahasiakan dan apa yang kamu lahirkan."},{"number":20,"text":"وَٱلَّذِينَ يَدْعُونَ مِن دُونِ ٱللَّهِ لَا يَخْلُقُونَ شَيْـًٔا وَهُمْ يُخْلَقُونَ","translation_en":"And those they invoke other than Allah create nothing, and they [themselves] are created.","translation_id":"Dan berhala-berhala yang mereka seru selain Allah, tidak dapat membuat sesuatu apapun, sedang berhala-berhala itu (sendiri) dibuat orang."},{"number":21,"text":"أَمْوَٰتٌ غَيْرُ أَحْيَآءٍ وَمَا يَشْعُرُونَ أَيَّانَ يُبْعَثُونَ","translation_en":"They are, [in fact], dead, not alive, and they do not perceive when they will be resurrected.","translation_id":"(Berhala-berhala itu) benda mati tidak hidup, dan berhala-berhala tidak mengetahui bilakah penyembah-penyembahnya akan dibangkitkan."},{"number":22,"text":"إِلَٰهُكُمْ إِلَٰهٌ وَٰحِدٌ فَٱلَّذِينَ لَا يُؤْمِنُونَ بِٱلْءَاخِرَةِ قُلُوبُهُم مُّنكِرَةٌ وَهُم مُّسْتَكْبِرُونَ","translation_en":"Your god is one God. But those who do not believe in the Hereafter - their hearts are disapproving, and they are arrogant.","translation_id":"Tuhan kamu adalah Tuhan Yang Maha Esa. Maka orang-orang yang tidak beriman kepada akhirat, hati mereka mengingkari (keesaaan Allah), sedangkan mereka sendiri adalah orang-orang yang sombong."},{"number":23,"text":"لَا جَرَمَ أَنَّ ٱللَّهَ يَعْلَمُ مَا يُسِرُّونَ وَمَا يُعْلِنُونَ إِنَّهُۥ لَا يُحِبُّ ٱلْمُسْتَكْبِرِينَ","translation_en":"Assuredly, Allah knows what they conceal and what they declare. Indeed, He does not like the arrogant.","translation_id":"Tidak diragukan lagi bahwa sesungguhnya Allah mengetahui apa yang mereka rahasiakan dan apa yang mereka lahirkan. Sesungguhnya Allah tidak menyukai orang-orang yang sombong."},{"number":24,"text":"وَإِذَا قِيلَ لَهُم مَّاذَآ أَنزَلَ رَبُّكُمْ قَالُوٓا۟ أَسَٰطِيرُ ٱلْأَوَّلِينَ","translation_en":"And when it is said to them, \"What has your Lord sent down?\" They say, \"Legends of the former peoples,\"","translation_id":"Dan apabila dikatakan kepada mereka \"Apakah yang telah diturunkan Tuhanmu?\" Mereka menjawab: \"Dongeng-dongengan orang-orang dahulu\","},{"number":25,"text":"لِيَحْمِلُوٓا۟ أَوْزَارَهُمْ كَامِلَةً يَوْمَ ٱلْقِيَٰمَةِ وَمِنْ أَوْزَارِ ٱلَّذِينَ يُضِلُّونَهُم بِغَيْرِ عِلْمٍ أَلَا سَآءَ مَا يَزِرُونَ","translation_en":"That they may bear their own burdens in full on the Day of Resurrection and some of the burdens of those whom they misguide without knowledge. Unquestionably, evil is that which they bear.","translation_id":"(ucapan mereka) menyebabkan mereka memikul dosa-dosanya dengan sepenuh-penuhnya pada hari kiamat, dan sebahagian dosa-dosa orang yang mereka sesatkan yang tidak mengetahui sedikitpun (bahwa mereka disesatkan). Ingatlah, amat buruklah dosa yang mereka pikul itu."},{"number":26,"text":"قَدْ مَكَرَ ٱلَّذِينَ مِن قَبْلِهِمْ فَأَتَى ٱللَّهُ بُنْيَٰنَهُم مِّنَ ٱلْقَوَاعِدِ فَخَرَّ عَلَيْهِمُ ٱلسَّقْفُ مِن فَوْقِهِمْ وَأَتَىٰهُمُ ٱلْعَذَابُ مِنْ حَيْثُ لَا يَشْعُرُونَ","translation_en":"Those before them had already plotted, but Allah came at their building from the foundations, so the roof fell upon them from above them, and the punishment came to them from where they did not perceive.","translation_id":"Sesungguhnya orang-orang yang sebelum mereka telah mengadakan makar, maka Allah menghancurkan rumah-rumah mereka dari fondasinya, lalu atap (rumah itu) jatuh menimpa mereka dari atas, dan datanglah azab itu kepada mereka dari tempat yang tidak mereka sadari."},{"number":27,"text":"ثُمَّ يَوْمَ ٱلْقِيَٰمَةِ يُخْزِيهِمْ وَيَقُولُ أَيْنَ شُرَكَآءِىَ ٱلَّذِينَ كُنتُمْ تُشَٰٓقُّونَ فِيهِمْ قَالَ ٱلَّذِينَ أُوتُوا۟ ٱلْعِلْمَ إِنَّ ٱلْخِزْىَ ٱلْيَوْمَ وَٱلسُّوٓءَ عَلَى ٱلْكَٰفِرِينَ","translation_en":"Then on the Day of Resurrection He will disgrace them and say, \"Where are My 'partners' for whom you used to oppose [the believers]?\" Those who were given knowledge will say, \"Indeed disgrace, this Day, and evil are upon the disbelievers\" -","translation_id":"Kemudian Allah menghinakan mereka di hari kiamat, dan berfirman: \"Di manakah sekutu-sekutu-Ku itu (yang karena membelanya) kamu selalu memusuhi mereka (nabi-nabi dan orang-orang mukmin)?\" Berkatalah orang-orang yang telah diberi ilmu: \"Sesungguhnya kehinaan dan azab hari ini ditimpakan atas orang-orang yang kafir\","},{"number":28,"text":"ٱلَّذِينَ تَتَوَفَّىٰهُمُ ٱلْمَلَٰٓئِكَةُ ظَالِمِىٓ أَنفُسِهِمْ فَأَلْقَوُا۟ ٱلسَّلَمَ مَا كُنَّا نَعْمَلُ مِن سُوٓءٍۭ بَلَىٰٓ إِنَّ ٱللَّهَ عَلِيمٌۢ بِمَا كُنتُمْ تَعْمَلُونَ","translation_en":"The ones whom the angels take in death [while] wronging themselves, and [who] then offer submission, [saying], \"We were not doing any evil.\" But, yes! Indeed, Allah is Knowing of what you used to do.","translation_id":"(yaitu) orang-orang yang dimatikan oleh para malaikat dalam keadaan berbuat zalim kepada diri mereka sendiri, lalu mereka menyerah diri (sambil berkata); \"Kami sekali-kali tidak ada mengerjakan sesuatu kejahatanpun\". (Malaikat menjawab): \"Ada, sesungguhnya Allah Maha Mengetahui apa yang telah kamu kerjakan\"."},{"number":29,"text":"فَٱدْخُلُوٓا۟ أَبْوَٰبَ جَهَنَّمَ خَٰلِدِينَ فِيهَا فَلَبِئْسَ مَثْوَى ٱلْمُتَكَبِّرِينَ","translation_en":"So enter the gates of Hell to abide eternally therein, and how wretched is the residence of the arrogant.","translation_id":"Maka masukilah pintu-pintu neraka Jahannam, kamu kekal di dalamnya. Maka amat buruklah tempat orang-orang yang menyombongkan diri itu."},{"number":30,"text":"وَقِيلَ لِلَّذِينَ ٱتَّقَوْا۟ مَاذَآ أَنزَلَ رَبُّكُمْ قَالُوا۟ خَيْرًا لِّلَّذِينَ أَحْسَنُوا۟ فِى هَٰذِهِ ٱلدُّنْيَا حَسَنَةٌ وَلَدَارُ ٱلْءَاخِرَةِ خَيْرٌ وَلَنِعْمَ دَارُ ٱلْمُتَّقِينَ","translation_en":"And it will be said to those who feared Allah, \"What did your Lord send down?\" They will say, \"[That which is] good.\" For those who do good in this world is good; and the home of the Hereafter is better. And how excellent is the home of the righteous -","translation_id":"Dan dikatakan kepada orang-orang yang bertakwa: \"Apakah yang telah diturunkan oleh Tuhanmu?\" Mereka menjawab: \"(Allah telah menurunkan) kebaikan\". Orang-orang yang berbuat baik di dunia ini mendapat (pembalasan) yang baik. Dan sesungguhnya kampung akhirat adalah lebih baik dan itulah sebaik-baik tempat bagi orang yang bertakwa,"},{"number":31,"text":"جَنَّٰتُ عَدْنٍ يَدْخُلُونَهَا تَجْرِى مِن تَحْتِهَا ٱلْأَنْهَٰرُ لَهُمْ فِيهَا مَا يَشَآءُونَ كَذَٰلِكَ يَجْزِى ٱللَّهُ ٱلْمُتَّقِينَ","translation_en":"Gardens of perpetual residence, which they will enter, beneath which rivers flow. They will have therein whatever they wish. Thus does Allah reward the righteous -","translation_id":"(yaitu) surga 'Adn yang mereka masuk ke dalamnya, mengalir di bawahnya sungai-sungai, di dalam surga itu mereka mendapat segala apa yang mereka kehendaki. Demikianlah Allah memberi balasan kepada orang-orang yang bertakwa,"},{"number":32,"text":"ٱلَّذِينَ تَتَوَفَّىٰهُمُ ٱلْمَلَٰٓئِكَةُ طَيِّبِينَ يَقُولُونَ سَلَٰمٌ عَلَيْكُمُ ٱدْخُلُوا۟ ٱلْجَنَّةَ بِمَا كُنتُمْ تَعْمَلُونَ","translation_en":"The ones whom the angels take in death, [being] good and pure; [the angels] will say, \"Peace be upon you. Enter Paradise for what you used to do.\"","translation_id":"(yaitu) orang-orang yang diwafatkan dalam keadaan baik oleh para malaikat dengan mengatakan (kepada mereka): \"Salaamun'alaikum, masuklah kamu ke dalam surga itu disebabkan apa yang telah kamu kerjakan\"."},{"number":33,"text":"هَلْ يَنظُرُونَ إِلَّآ أَن تَأْتِيَهُمُ ٱلْمَلَٰٓئِكَةُ أَوْ يَأْتِىَ أَمْرُ رَبِّكَ كَذَٰلِكَ فَعَلَ ٱلَّذِينَ مِن قَبْلِهِمْ وَمَا ظَلَمَهُمُ ٱللَّهُ وَلَٰكِن كَانُوٓا۟ أَنفُسَهُمْ يَظْلِمُونَ","translation_en":"Do the disbelievers await [anything] except that the angels should come to them or there comes the command of your Lord? Thus did those do before them. And Allah wronged them not, but they had been wronging themselves.","translation_id":"Tidak ada yang ditunggu-tunggu orang kafir selain dari datangnya para malaikat kepada mereka atau datangnya perintah Tuhanmu. Demikianlah yang telah diperbuat oleh orang-orang (kafir) sebelum mereka. Dan Allah tidak menganiaya mereka, akan tetapi merekalah yang selalu menganiaya diri mereka sendiri,"},{"number":34,"text":"فَأَصَابَهُمْ سَيِّـَٔاتُ مَا عَمِلُوا۟ وَحَاقَ بِهِم مَّا كَانُوا۟ بِهِۦ يَسْتَهْزِءُونَ","translation_en":"So they were struck by the evil consequences of what they did and were enveloped by what they used to ridicule.","translation_id":"Maka mereka ditimpa oleh (akibat) kejahatan perbuatan mereka dan mereka diliputi oleh azab yang selalu mereka perolok-olokan."},{"number":35,"text":"وَقَالَ ٱلَّذِينَ أَشْرَكُوا۟ لَوْ شَآءَ ٱللَّهُ مَا عَبَدْنَا مِن دُونِهِۦ مِن شَىْءٍ نَّحْنُ وَلَآ ءَابَآؤُنَا وَلَا حَرَّمْنَا مِن دُونِهِۦ مِن شَىْءٍ كَذَٰلِكَ فَعَلَ ٱلَّذِينَ مِن قَبْلِهِمْ فَهَلْ عَلَى ٱلرُّسُلِ إِلَّا ٱلْبَلَٰغُ ٱلْمُبِينُ","translation_en":"And those who associate others with Allah say, \"If Allah had willed, we would not have worshipped anything other than Him, neither we nor our fathers, nor would we have forbidden anything through other than Him.\" Thus did those do before them. So is there upon the messengers except [the duty of] clear notification?","translation_id":"Dan berkatalah orang-orang musyrik: \"Jika Allah menghendaki, niscaya kami tidak akan menyembah sesuatu apapun selain Dia, baik kami maupun bapak-bapak kami, dan tidak pula kami mengharamkan sesuatupun tanpa (izin)-Nya\". Demikianlah yang diperbuat orang-orang sebelum mereka; maka tidak ada kewajiban atas para rasul, selain dari menyampaikan (amanat Allah) dengan terang."},{"number":36,"text":"وَلَقَدْ بَعَثْنَا فِى كُلِّ أُمَّةٍ رَّسُولًا أَنِ ٱعْبُدُوا۟ ٱللَّهَ وَٱجْتَنِبُوا۟ ٱلطَّٰغُوتَ فَمِنْهُم مَّنْ هَدَى ٱللَّهُ وَمِنْهُم مَّنْ حَقَّتْ عَلَيْهِ ٱلضَّلَٰلَةُ فَسِيرُوا۟ فِى ٱلْأَرْضِ فَٱنظُرُوا۟ كَيْفَ كَانَ عَٰقِبَةُ ٱلْمُكَذِّبِينَ","translation_en":"And We certainly sent into every nation a messenger, [saying], \"Worship Allah and avoid Taghut.\" And among them were those whom Allah guided, and among them were those upon whom error was [deservedly] decreed. So proceed through the earth and observe how was the end of the deniers.","translation_id":"Dan sungguhnya Kami telah mengutus rasul pada tiap-tiap umat (untuk menyerukan): \"Sembahlah Allah (saja), dan jauhilah Thaghut itu\", maka di antara umat itu ada orang-orang yang diberi petunjuk oleh Allah dan ada pula di antaranya orang-orang yang telah pasti kesesatan baginya. Maka berjalanlah kamu dimuka bumi dan perhatikanlah bagaimana kesudahan orang-orang yang mendustakan (rasul-rasul)."},{"number":37,"text":"إِن تَحْرِصْ عَلَىٰ هُدَىٰهُمْ فَإِنَّ ٱللَّهَ لَا يَهْدِى مَن يُضِلُّ وَمَا لَهُم مِّن نَّٰصِرِينَ","translation_en":"[Even] if you should strive for their guidance, [O Muhammad], indeed, Allah does not guide those He sends astray, and they will have no helpers.","translation_id":"Jika kamu sangat mengharapkan agar mereka dapat petunjuk, maka sesungguhnya Allah tiada memberi petunjuk kepada orang yang disesatkan-Nya, dan sekali-kali mereka tiada mempunyai penolong."},{"number":38,"text":"وَأَقْسَمُوا۟ بِٱللَّهِ جَهْدَ أَيْمَٰنِهِمْ لَا يَبْعَثُ ٱللَّهُ مَن يَمُوتُ بَلَىٰ وَعْدًا عَلَيْهِ حَقًّا وَلَٰكِنَّ أَكْثَرَ ٱلنَّاسِ لَا يَعْلَمُونَ","translation_en":"And they swear by Allah their strongest oaths [that] Allah will not resurrect one who dies. But yes - [it is] a true promise [binding] upon Him, but most of the people do not know.","translation_id":"Mereka bersumpah dengan nama Allah dengan sumpahnya yang sungguh-sungguh: \"Allah tidak akan akan membangkitkan orang yang mati\". (Tidak demikian), bahkan (pasti Allah akan membangkitnya), sebagai suatu janji yang benar dari Allah, akan tetapi kebanyakan manusia tiada mengetahui,"},{"number":39,"text":"لِيُبَيِّنَ لَهُمُ ٱلَّذِى يَخْتَلِفُونَ فِيهِ وَلِيَعْلَمَ ٱلَّذِينَ كَفَرُوٓا۟ أَنَّهُمْ كَانُوا۟ كَٰذِبِينَ","translation_en":"[It is] so He will make clear to them [the truth of] that wherein they differ and so those who have disbelieved may know that they were liars.","translation_id":"agar Allah menjelaskan kepada mereka apa yang mereka perselisihkan itu, agar orang-orang kafir itu mengetahui bahwasanya mereka adalah orang-orang yang berdusta."},{"number":40,"text":"إِنَّمَا قَوْلُنَا لِشَىْءٍ إِذَآ أَرَدْنَٰهُ أَن نَّقُولَ لَهُۥ كُن فَيَكُونُ","translation_en":"Indeed, Our word to a thing when We intend it is but that We say to it, \"Be,\" and it is.","translation_id":"Sesungguhnya perkataan Kami terhadap sesuatu apabila Kami menghendakinya, Kami hanya mengatakan kepadanya: \"kun (jadilah)\", maka jadilah ia."},{"number":41,"text":"وَٱلَّذِينَ هَاجَرُوا۟ فِى ٱللَّهِ مِنۢ بَعْدِ مَا ظُلِمُوا۟ لَنُبَوِّئَنَّهُمْ فِى ٱلدُّنْيَا حَسَنَةً وَلَأَجْرُ ٱلْءَاخِرَةِ أَكْبَرُ لَوْ كَانُوا۟ يَعْلَمُونَ","translation_en":"And those who emigrated for [the cause of] Allah after they had been wronged - We will surely settle them in this world in a good place; but the reward of the Hereafter is greater, if only they could know.","translation_id":"Dan orang-orang yang berhijrah karena Allah sesudah mereka dianiaya, pasti Kami akan memberikan tempat yang bagus kepada mereka di dunia. Dan sesungguhnya pahala di akhirat adalah lebih besar, kalau mereka mengetahui,"},{"number":42,"text":"ٱلَّذِينَ صَبَرُوا۟ وَعَلَىٰ رَبِّهِمْ يَتَوَكَّلُونَ","translation_en":"[They are] those who endured patiently and upon their Lord relied.","translation_id":"(yaitu) orang-orang yang sabar dan hanya kepada Tuhan saja mereka bertawakkal."},{"number":43,"text":"وَمَآ أَرْسَلْنَا مِن قَبْلِكَ إِلَّا رِجَالًا نُّوحِىٓ إِلَيْهِمْ فَسْـَٔلُوٓا۟ أَهْلَ ٱلذِّكْرِ إِن كُنتُمْ لَا تَعْلَمُونَ","translation_en":"And We sent not before you except men to whom We revealed [Our message]. So ask the people of the message if you do not know.","translation_id":"Dan Kami tidak mengutus sebelum kamu, kecuali orang-orang lelaki yang Kami beri wahyu kepada mereka; maka bertanyalah kepada orang yang mempunyai pengetahuan jika kamu tidak mengetahui,"},{"number":44,"text":"بِٱلْبَيِّنَٰتِ وَٱلزُّبُرِ وَأَنزَلْنَآ إِلَيْكَ ٱلذِّكْرَ لِتُبَيِّنَ لِلنَّاسِ مَا نُزِّلَ إِلَيْهِمْ وَلَعَلَّهُمْ يَتَفَكَّرُونَ","translation_en":"[We sent them] with clear proofs and written ordinances. And We revealed to you the message that you may make clear to the people what was sent down to them and that they might give thought.","translation_id":"keterangan-keterangan (mukjizat) dan kitab-kitab. Dan Kami turunkan kepadamu Al Quran, agar kamu menerangkan pada umat manusia apa yang telah diturunkan kepada mereka dan supaya mereka memikirkan,"},{"number":45,"text":"أَفَأَمِنَ ٱلَّذِينَ مَكَرُوا۟ ٱلسَّيِّـَٔاتِ أَن يَخْسِفَ ٱللَّهُ بِهِمُ ٱلْأَرْضَ أَوْ يَأْتِيَهُمُ ٱلْعَذَابُ مِنْ حَيْثُ لَا يَشْعُرُونَ","translation_en":"Then, do those who have planned evil deeds feel secure that Allah will not cause the earth to swallow them or that the punishment will not come upon them from where they do not perceive?","translation_id":"maka apakah orang-orang yang membuat makar yang jahat itu, merasa aman (dari bencana) ditenggelamkannya bumi oleh Allah bersama mereka, atau datangnya azab kepada mereka dari tempat yang tidak mereka sadari,"},{"number":46,"text":"أَوْ يَأْخُذَهُمْ فِى تَقَلُّبِهِمْ فَمَا هُم بِمُعْجِزِينَ","translation_en":"Or that He would not seize them during their [usual] activity, and they could not cause failure?","translation_id":"atau Allah mengazab mereka diwaktu mereka dalam perjalanan, maka sekali-kali mereka tidak dapat menolak (azab itu),"},{"number":47,"text":"أَوْ يَأْخُذَهُمْ عَلَىٰ تَخَوُّفٍ فَإِنَّ رَبَّكُمْ لَرَءُوفٌ رَّحِيمٌ","translation_en":"Or that He would not seize them gradually [in a state of dread]? But indeed, your Lord is Kind and Merciful.","translation_id":"atau Allah mengazab mereka dengan berangsur-angsur (sampai binasa). Maka sesungguhnya Tuhanmu adalah Maha Pengasih lagi Maha Penyayang."},{"number":48,"text":"أَوَلَمْ يَرَوْا۟ إِلَىٰ مَا خَلَقَ ٱللَّهُ مِن شَىْءٍ يَتَفَيَّؤُا۟ ظِلَٰلُهُۥ عَنِ ٱلْيَمِينِ وَٱلشَّمَآئِلِ سُجَّدًا لِّلَّهِ وَهُمْ دَٰخِرُونَ","translation_en":"Have they not considered what things Allah has created? Their shadows incline to the right and to the left, prostrating to Allah, while they are humble.","translation_id":"Dan apakah mereka tidak memperhatikan segala sesuatu yang telah diciptakan Allah yang bayangannya berbolak-balik ke kanan dan ke kiri dalam keadaan sujud kepada Allah, sedang mereka berendah diri?"},{"number":49,"text":"وَلِلَّهِ يَسْجُدُ مَا فِى ٱلسَّمَٰوَٰتِ وَمَا فِى ٱلْأَرْضِ مِن دَآبَّةٍ وَٱلْمَلَٰٓئِكَةُ وَهُمْ لَا يَسْتَكْبِرُونَ","translation_en":"And to Allah prostrates whatever is in the heavens and whatever is on the earth of creatures, and the angels [as well], and they are not arrogant.","translation_id":"Dan kepada Allah sajalah bersujud segala apa yang berada di langit dan semua makhluk yang melata di bumi dan (juga) para ma]aikat, sedang mereka (malaikat) tidak menyombongkan diri."},{"number":50,"text":"يَخَافُونَ رَبَّهُم مِّن فَوْقِهِمْ وَيَفْعَلُونَ مَا يُؤْمَرُونَ","translation_en":"They fear their Lord above them, and they do what they are commanded.","translation_id":"Mereka takut kepada Tuhan mereka yang di atas mereka dan melaksanakan apa yang diperintahkan (kepada mereka)."},{"number":51,"text":"وَقَالَ ٱللَّهُ لَا تَتَّخِذُوٓا۟ إِلَٰهَيْنِ ٱثْنَيْنِ إِنَّمَا هُوَ إِلَٰهٌ وَٰحِدٌ فَإِيَّٰىَ فَٱرْهَبُونِ","translation_en":"And Allah has said, \"Do not take for yourselves two deities. He is but one God, so fear only Me.\"","translation_id":"Allah berfirman: \"Janganlah kamu menyembah dua tuhan; sesungguhnya Dialah Tuhan Yang Maha Esa, maka hendaklah kepada-Ku saja kamu takut\"."},{"number":52,"text":"وَلَهُۥ مَا فِى ٱلسَّمَٰوَٰتِ وَٱلْأَرْضِ وَلَهُ ٱلدِّينُ وَاصِبًا أَفَغَيْرَ ٱللَّهِ تَتَّقُونَ","translation_en":"And to Him belongs whatever is in the heavens and the earth, and to Him is [due] worship constantly. Then is it other than Allah that you fear?","translation_id":"Dan kepunyaan-Nya-lah segala apa yang ada di langit dan di bumi, dan untuk-Nya-lah ketaatan itu selama-lamanya. Maka mengapa kamu bertakwa kepada selain Allah?"},{"number":53,"text":"وَمَا بِكُم مِّن نِّعْمَةٍ فَمِنَ ٱللَّهِ ثُمَّ إِذَا مَسَّكُمُ ٱلضُّرُّ فَإِلَيْهِ تَجْـَٔرُونَ","translation_en":"And whatever you have of favor - it is from Allah. Then when adversity touches you, to Him you cry for help.","translation_id":"Dan apa saja nikmat yang ada pada kamu, maka dari Allah-lah (datangnya), dan bila kamu ditimpa oleh kemudharatan, maka hanya kepada-Nya-lah kamu meminta pertolongan."},{"number":54,"text":"ثُمَّ إِذَا كَشَفَ ٱلضُّرَّ عَنكُمْ إِذَا فَرِيقٌ مِّنكُم بِرَبِّهِمْ يُشْرِكُونَ","translation_en":"Then when He removes the adversity from you, at once a party of you associates others with their Lord","translation_id":"Kemudian apabila Dia telah menghilangkan kemudharatan itu dari pada kamu, tiba-tiba sebahagian dari pada kamu mempersekutukan Tuhannya dengan (yang lain),"},{"number":55,"text":"لِيَكْفُرُوا۟ بِمَآ ءَاتَيْنَٰهُمْ فَتَمَتَّعُوا۟ فَسَوْفَ تَعْلَمُونَ","translation_en":"So they will deny what We have given them. Then enjoy yourselves, for you are going to know.","translation_id":"Biarlah mereka mengingkari nikmat yang telah Kami berikan kepada mereka; maka bersenang-senanglah kamu. Kelak kamu akan mengetahui (akibatnya)."},{"number":56,"text":"وَيَجْعَلُونَ لِمَا لَا يَعْلَمُونَ نَصِيبًا مِّمَّا رَزَقْنَٰهُمْ تَٱللَّهِ لَتُسْـَٔلُنَّ عَمَّا كُنتُمْ تَفْتَرُونَ","translation_en":"And they assign to what they do not know a portion of that which We have provided them. By Allah, you will surely be questioned about what you used to invent.","translation_id":"Dan mereka sediakan untuk berhala-berhala yang mereka tiada mengetahui (kekuasaannya), satu bahagian dari rezeki yang telah Kami berikan kepada mereka. Demi Allah, sesungguhnya kamu akan ditanyai tentang apa yang telah kamu ada-adakan."},{"number":57,"text":"وَيَجْعَلُونَ لِلَّهِ ٱلْبَنَٰتِ سُبْحَٰنَهُۥ وَلَهُم مَّا يَشْتَهُونَ","translation_en":"And they attribute to Allah daughters - exalted is He - and for them is what they desire.","translation_id":"Dan mereka menetapkan bagi Allah anak-anak perempuan. Maha Suci Allah, sedang untuk mereka sendiri (mereka tetapkan) apa yang mereka sukai (yaitu anak-anak laki-laki)."},{"number":58,"text":"وَإِذَا بُشِّرَ أَحَدُهُم بِٱلْأُنثَىٰ ظَلَّ وَجْهُهُۥ مُسْوَدًّا وَهُوَ كَظِيمٌ","translation_en":"And when one of them is informed of [the birth of] a female, his face becomes dark, and he suppresses grief.","translation_id":"Dan apabila seseorang dari mereka diberi kabar dengan (kelahiran) anak perempuan, hitamlah (merah padamlah) mukanya, dan dia sangat marah."},{"number":59,"text":"يَتَوَٰرَىٰ مِنَ ٱلْقَوْمِ مِن سُوٓءِ مَا بُشِّرَ بِهِۦٓ أَيُمْسِكُهُۥ عَلَىٰ هُونٍ أَمْ يَدُسُّهُۥ فِى ٱلتُّرَابِ أَلَا سَآءَ مَا يَحْكُمُونَ","translation_en":"He hides himself from the people because of the ill of which he has been informed. Should he keep it in humiliation or bury it in the ground? Unquestionably, evil is what they decide.","translation_id":"Ia menyembunyikan dirinya dari orang banyak, disebabkan buruknya berita yang disampaikan kepadanya. Apakah dia akan memeliharanya dengan menanggung kehinaan ataukah akan menguburkannya ke dalam tanah (hidup-hidup)?. Ketahuilah, alangkah buruknya apa yang mereka tetapkan itu."},{"number":60,"text":"لِلَّذِينَ لَا يُؤْمِنُونَ بِٱلْءَاخِرَةِ مَثَلُ ٱلسَّوْءِ وَلِلَّهِ ٱلْمَثَلُ ٱلْأَعْلَىٰ وَهُوَ ٱلْعَزِيزُ ٱلْحَكِيمُ","translation_en":"For those who do not believe in the Hereafter is the description of evil; and for Allah is the highest attribute. And He is Exalted in Might, the Wise.","translation_id":"Orang-orang yang tidak beriman kepada kehidupan akhirat, mempunyai sifat yang buruk; dan Allah mempunyai sifat yang Maha Tinggi; dan Dialah Yang Maha Perkasa lagi Maha Bijaksana."},{"number":61,"text":"وَلَوْ يُؤَاخِذُ ٱللَّهُ ٱلنَّاسَ بِظُلْمِهِم مَّا تَرَكَ عَلَيْهَا مِن دَآبَّةٍ وَلَٰكِن يُؤَخِّرُهُمْ إِلَىٰٓ أَجَلٍ مُّسَمًّى فَإِذَا جَآءَ أَجَلُهُمْ لَا يَسْتَـْٔخِرُونَ سَاعَةً وَلَا يَسْتَقْدِمُونَ","translation_en":"And if Allah were to impose blame on the people for their wrongdoing, He would not have left upon the earth any creature, but He defers them for a specified term. And when their term has come, they will not remain behind an hour, nor will they precede [it].","translation_id":"Jikalau Allah menghukum manusia karena kezalimannya, niscaya tidak akan ditinggalkan-Nya di muka bumi sesuatupun dari makhluk yang melata, tetapi Allah menangguhkan mereka sampai kepada waktu yang ditentukan. Maka apabila telah tiba waktunya (yang ditentukan) bagi mereka, tidaklah mereka dapat mengundurkannya barang sesaatpun dan tidak (pula) mendahulukannya."},{"number":62,"text":"وَيَجْعَلُونَ لِلَّهِ مَا يَكْرَهُونَ وَتَصِفُ أَلْسِنَتُهُمُ ٱلْكَذِبَ أَنَّ لَهُمُ ٱلْحُسْنَىٰ لَا جَرَمَ أَنَّ لَهُمُ ٱلنَّارَ وَأَنَّهُم مُّفْرَطُونَ","translation_en":"And they attribute to Allah that which they dislike, and their tongues assert the lie that they will have the best [from Him]. Assuredly, they will have the Fire, and they will be [therein] neglected.","translation_id":"Dan mereka menetapkan bagi Allah apa yang mereka sendiri membencinya, dan lidah mereka mengucapkan kedustaan, yaitu bahwa sesungguhnya merekalah yang akan mendapat kebaikan. Tiadalah diragukan bahwa nerakalah bagi mereka, dan sesungguhnya mereka segera dimasukkan (ke dalamnya)."},{"number":63,"text":"تَٱللَّهِ لَقَدْ أَرْسَلْنَآ إِلَىٰٓ أُمَمٍ مِّن قَبْلِكَ فَزَيَّنَ لَهُمُ ٱلشَّيْطَٰنُ أَعْمَٰلَهُمْ فَهُوَ وَلِيُّهُمُ ٱلْيَوْمَ وَلَهُمْ عَذَابٌ أَلِيمٌ","translation_en":"By Allah, We did certainly send [messengers] to nations before you, but Satan made their deeds attractive to them. And he is the disbelievers' ally today [as well], and they will have a painful punishment.","translation_id":"Demi Allah, sesungguhnya Kami telah mengutus rasul-rasul Kami kepada umat-umat sebelum kamu, tetapi syaitan menjadikan umat-umat itu memandang baik perbuatan mereka (yang buruk), maka syaitan menjadi pemimpin mereka di hari itu dan bagi mereka azab yang sangat pedih."},{"number":64,"text":"وَمَآ أَنزَلْنَا عَلَيْكَ ٱلْكِتَٰبَ إِلَّا لِتُبَيِّنَ لَهُمُ ٱلَّذِى ٱخْتَلَفُوا۟ فِيهِ وَهُدًى وَرَحْمَةً لِّقَوْمٍ يُؤْمِنُونَ","translation_en":"And We have not revealed to you the Book, [O Muhammad], except for you to make clear to them that wherein they have differed and as guidance and mercy for a people who believe.","translation_id":"Dan Kami tidak menurunkan kepadamu Al-Kitab (Al Quran) ini, melainkan agar kamu dapat menjelaskan kepada mereka apa yang mereka perselisihkan itu dan menjadi petunjuk dan rahmat bagi kaum yang beriman."},{"number":65,"text":"وَٱللَّهُ أَنزَلَ مِنَ ٱلسَّمَآءِ مَآءً فَأَحْيَا بِهِ ٱلْأَرْضَ بَعْدَ مَوْتِهَآ إِنَّ فِى ذَٰلِكَ لَءَايَةً لِّقَوْمٍ يَسْمَعُونَ","translation_en":"And Allah has sent down rain from the sky and given life thereby to the earth after its lifelessness. Indeed in that is a sign for a people who listen.","translation_id":"Dan Allah menurunkan dari langit air (hujan) dan dengan air itu dihidupkan-Nya bumi sesudah matinya. Sesungguhnya pada yang demikian itu benar-benar terdapat tanda-tanda (kebesaran Tuhan) bagi orang-orang yang mendengarkan (pelajaran)."},{"number":66,"text":"وَإِنَّ لَكُمْ فِى ٱلْأَنْعَٰمِ لَعِبْرَةً نُّسْقِيكُم مِّمَّا فِى بُطُونِهِۦ مِنۢ بَيْنِ فَرْثٍ وَدَمٍ لَّبَنًا خَالِصًا سَآئِغًا لِّلشَّٰرِبِينَ","translation_en":"And indeed, for you in grazing livestock is a lesson. We give you drink from what is in their bellies - between excretion and blood - pure milk, palatable to drinkers.","translation_id":"Dan sesungguhnya pada binatang ternak itu benar-benar terdapat pelajaran bagi kamu. Kami memberimu minum dari pada apa yang berada dalam perutnya (berupa) susu yang bersih antara tahi dan darah, yang mudah ditelan bagi orang-orang yang meminumnya."},{"number":67,"text":"وَمِن ثَمَرَٰتِ ٱلنَّخِيلِ وَٱلْأَعْنَٰبِ تَتَّخِذُونَ مِنْهُ سَكَرًا وَرِزْقًا حَسَنًا إِنَّ فِى ذَٰلِكَ لَءَايَةً لِّقَوْمٍ يَعْقِلُونَ","translation_en":"And from the fruits of the palm trees and grapevines you take intoxicant and good provision. Indeed in that is a sign for a people who reason.","translation_id":"Dan dari buah korma dan anggur, kamu buat minimuman yang memabukkan dan rezeki yang baik. Sesunggguhnya pada yang demikian itu benar-benar terdapat tanda (kebesaran Allah) bagi orang yang memikirkan."},{"number":68,"text":"وَأَوْحَىٰ رَبُّكَ إِلَى ٱلنَّحْلِ أَنِ ٱتَّخِذِى مِنَ ٱلْجِبَالِ بُيُوتًا وَمِنَ ٱلشَّجَرِ وَمِمَّا يَعْرِشُونَ","translation_en":"And your Lord inspired to the bee, \"Take for yourself among the mountains, houses, and among the trees and [in] that which they construct.","translation_id":"Dan Tuhanmu mewahyukan kepada lebah: \"Buatlah sarang-sarang di bukit-bukit, di pohon-pohon kayu, dan di tempat-tempat yang dibikin manusia\","},{"number":69,"text":"ثُمَّ كُلِى مِن كُلِّ ٱلثَّمَرَٰتِ فَٱسْلُكِى سُبُلَ رَبِّكِ ذُلُلًا يَخْرُجُ مِنۢ بُطُونِهَا شَرَابٌ مُّخْتَلِفٌ أَلْوَٰنُهُۥ فِيهِ شِفَآءٌ لِّلنَّاسِ إِنَّ فِى ذَٰلِكَ لَءَايَةً لِّقَوْمٍ يَتَفَكَّرُونَ","translation_en":"Then eat from all the fruits and follow the ways of your Lord laid down [for you].\" There emerges from their bellies a drink, varying in colors, in which there is healing for people. Indeed in that is a sign for a people who give thought.","translation_id":"kemudian makanlah dari tiap-tiap (macam) buah-buahan dan tempuhlah jalan Tuhanmu yang telah dimudahkan (bagimu). Dari perut lebah itu ke luar minuman (madu) yang bermacam-macam warnanya, di dalamnya terdapat obat yang menyembuhkan bagi manusia. Sesungguhnya pada yang demikian itu benar-benar terdapat tanda (kebesaran Tuhan) bagi orang-orang yang memikirkan."},{"number":70,"text":"وَٱللَّهُ خَلَقَكُمْ ثُمَّ يَتَوَفَّىٰكُمْ وَمِنكُم مَّن يُرَدُّ إِلَىٰٓ أَرْذَلِ ٱلْعُمُرِ لِكَىْ لَا يَعْلَمَ بَعْدَ عِلْمٍ شَيْـًٔا إِنَّ ٱللَّهَ عَلِيمٌ قَدِيرٌ","translation_en":"And Allah created you; then He will take you in death. And among you is he who is reversed to the most decrepit [old] age so that he will not know, after [having had] knowledge, a thing. Indeed, Allah is Knowing and Competent.","translation_id":"Allah menciptakan kamu, kemudian mewafatkan kamu; dan di antara kamu ada yang dikembalikan kepada umur yang paling lemah (pikun), supaya dia tidak mengetahui lagi sesuatupun yang pernah diketahuinya. Sesungguhnya Allah Maha Mengetahui lagi Maha Kuasa."},{"number":71,"text":"وَٱللَّهُ فَضَّلَ بَعْضَكُمْ عَلَىٰ بَعْضٍ فِى ٱلرِّزْقِ فَمَا ٱلَّذِينَ فُضِّلُوا۟ بِرَآدِّى رِزْقِهِمْ عَلَىٰ مَا مَلَكَتْ أَيْمَٰنُهُمْ فَهُمْ فِيهِ سَوَآءٌ أَفَبِنِعْمَةِ ٱللَّهِ يَجْحَدُونَ","translation_en":"And Allah has favored some of you over others in provision. But those who were favored would not hand over their provision to those whom their right hands possess so they would be equal to them therein. Then is it the favor of Allah they reject?","translation_id":"Dan Allah melebihkan sebahagian kamu dari sebagian yang lain dalam hal rezeki, tetapi orang-orang yang dilebihkan (rezekinya itu) tidak mau memberikan rezeki mereka kepada budak-budak yang mereka miliki, agar mereka sama (merasakan) rezeki itu. Maka mengapa mereka mengingkari nikmat Allah?."},{"number":72,"text":"وَٱللَّهُ جَعَلَ لَكُم مِّنْ أَنفُسِكُمْ أَزْوَٰجًا وَجَعَلَ لَكُم مِّنْ أَزْوَٰجِكُم بَنِينَ وَحَفَدَةً وَرَزَقَكُم مِّنَ ٱلطَّيِّبَٰتِ أَفَبِٱلْبَٰطِلِ يُؤْمِنُونَ وَبِنِعْمَتِ ٱللَّهِ هُمْ يَكْفُرُونَ","translation_en":"And Allah has made for you from yourselves mates and has made for you from your mates sons and grandchildren and has provided for you from the good things. Then in falsehood do they believe and in the favor of Allah they disbelieve?","translation_id":"Allah menjadikan bagi kamu isteri-isteri dari jenis kamu sendiri dan menjadikan bagimu dari isteri-isteri kamu itu, anak-anak dan cucu-cucu, dan memberimu rezeki dari yang baik-baik. Maka mengapakah mereka beriman kepada yang bathil dan mengingkari nikmat Allah?\""},{"number":73,"text":"وَيَعْبُدُونَ مِن دُونِ ٱللَّهِ مَا لَا يَمْلِكُ لَهُمْ رِزْقًا مِّنَ ٱلسَّمَٰوَٰتِ وَٱلْأَرْضِ شَيْـًٔا وَلَا يَسْتَطِيعُونَ","translation_en":"And they worship besides Allah that which does not possess for them [the power of] provision from the heavens and the earth at all, and [in fact], they are unable.","translation_id":"Dan mereka menyembah selain Allah, sesuatu yang tidak dapat memberikan rezeki kepada mereka sedikitpun dari langit dan bumi, dan tidak berkuasa (sedikit juapun)."},{"number":74,"text":"فَلَا تَضْرِبُوا۟ لِلَّهِ ٱلْأَمْثَالَ إِنَّ ٱللَّهَ يَعْلَمُ وَأَنتُمْ لَا تَعْلَمُونَ","translation_en":"So do not assert similarities to Allah. Indeed, Allah knows and you do not know.","translation_id":"Maka janganlah kamu mengadakan sekutu-sekutu bagi Allah. Sesungguhnya Allah mengetahui, sedang kamu tidak mengetahui."},{"number":75,"text":"ضَرَبَ ٱللَّهُ مَثَلًا عَبْدًا مَّمْلُوكًا لَّا يَقْدِرُ عَلَىٰ شَىْءٍ وَمَن رَّزَقْنَٰهُ مِنَّا رِزْقًا حَسَنًا فَهُوَ يُنفِقُ مِنْهُ سِرًّا وَجَهْرًا هَلْ يَسْتَوُۥنَ ٱلْحَمْدُ لِلَّهِ بَلْ أَكْثَرُهُمْ لَا يَعْلَمُونَ","translation_en":"Allah presents an example: a slave [who is] owned and unable to do a thing and he to whom We have provided from Us good provision, so he spends from it secretly and publicly. Can they be equal? Praise to Allah! But most of them do not know.","translation_id":"Allah membuat perumpamaan dengan seorang hamba sahaya yang dimiliki yang tidak dapat bertindak terhadap sesuatupun dan seorang yang Kami beri rezeki yang baik dari Kami, lalu dia menafkahkan sebagian dari rezeki itu secara sembunyi dan secara terang-terangan, adakah mereka itu sama? Segala puji hanya bagi Allah, tetapi kebanyakan mereka tiada mengetahui."},{"number":76,"text":"وَضَرَبَ ٱللَّهُ مَثَلًا رَّجُلَيْنِ أَحَدُهُمَآ أَبْكَمُ لَا يَقْدِرُ عَلَىٰ شَىْءٍ وَهُوَ كَلٌّ عَلَىٰ مَوْلَىٰهُ أَيْنَمَا يُوَجِّههُّ لَا يَأْتِ بِخَيْرٍ هَلْ يَسْتَوِى هُوَ وَمَن يَأْمُرُ بِٱلْعَدْلِ وَهُوَ عَلَىٰ صِرَٰطٍ مُّسْتَقِيمٍ","translation_en":"And Allah presents an example of two men, one of them dumb and unable to do a thing, while he is a burden to his guardian. Wherever he directs him, he brings no good. Is he equal to one who commands justice, while he is on a straight path?","translation_id":"Dan Allah membuat (pula) perumpamaan: dua orang lelaki yang seorang bisu, tidak dapat berbuat sesuatupun dan dia menjadi beban atas penanggungnya, ke mana saja dia disuruh oleh penanggungnya itu, dia tidak dapat mendatangkan suatu kebajikanpun. Samakah orang itu dengan orang yang menyuruh berbuat keadilan, dan dia berada pula di atas jalan yang lurus?"},{"number":77,"text":"وَلِلَّهِ غَيْبُ ٱلسَّمَٰوَٰتِ وَٱلْأَرْضِ وَمَآ أَمْرُ ٱلسَّاعَةِ إِلَّا كَلَمْحِ ٱلْبَصَرِ أَوْ هُوَ أَقْرَبُ إِنَّ ٱللَّهَ عَلَىٰ كُلِّ شَىْءٍ قَدِيرٌ","translation_en":"And to Allah belongs the unseen [aspects] of the heavens and the earth. And the command for the Hour is not but as a glance of the eye or even nearer. Indeed, Allah is over all things competent.","translation_id":"Dan kepunyaan Allah-lah segala apa yang tersembunyi di langit dan di bumi. Tidak adalah kejadian kiamat itu, melainkan seperti sekejap mata atau lebih cepat (lagi). Sesungguhnya Allah Maha Kuasa atas segala sesuatu."},{"number":78,"text":"وَٱللَّهُ أَخْرَجَكُم مِّنۢ بُطُونِ أُمَّهَٰتِكُمْ لَا تَعْلَمُونَ شَيْـًٔا وَجَعَلَ لَكُمُ ٱلسَّمْعَ وَٱلْأَبْصَٰرَ وَٱلْأَفْـِٔدَةَ لَعَلَّكُمْ تَشْكُرُونَ","translation_en":"And Allah has extracted you from the wombs of your mothers not knowing a thing, and He made for you hearing and vision and intellect that perhaps you would be grateful.","translation_id":"Dan Allah mengeluarkan kamu dari perut ibumu dalam keadaan tidak mengetahui sesuatupun, dan Dia memberi kamu pendengaran, penglihatan dan hati, agar kamu bersyukur."},{"number":79,"text":"أَلَمْ يَرَوْا۟ إِلَى ٱلطَّيْرِ مُسَخَّرَٰتٍ فِى جَوِّ ٱلسَّمَآءِ مَا يُمْسِكُهُنَّ إِلَّا ٱللَّهُ إِنَّ فِى ذَٰلِكَ لَءَايَٰتٍ لِّقَوْمٍ يُؤْمِنُونَ","translation_en":"Do they not see the birds controlled in the atmosphere of the sky? None holds them up except Allah. Indeed in that are signs for a people who believe.","translation_id":"Tidakkah mereka memperhatikan burung-burung yang dimudahkan terbang diangkasa bebas. Tidak ada yang menahannya selain daripada Allah. Sesungguhnya pada yang demikian itu benar-benar terdapat tanda-tanda (kebesaran Tuhan) bagi orang-orang yang beriman."},{"number":80,"text":"وَٱللَّهُ جَعَلَ لَكُم مِّنۢ بُيُوتِكُمْ سَكَنًا وَجَعَلَ لَكُم مِّن جُلُودِ ٱلْأَنْعَٰمِ بُيُوتًا تَسْتَخِفُّونَهَا يَوْمَ ظَعْنِكُمْ وَيَوْمَ إِقَامَتِكُمْ وَمِنْ أَصْوَافِهَا وَأَوْبَارِهَا وَأَشْعَارِهَآ أَثَٰثًا وَمَتَٰعًا إِلَىٰ حِينٍ","translation_en":"And Allah has made for you from your homes a place of rest and made for you from the hides of the animals tents which you find light on your day of travel and your day of encampment; and from their wool, fur and hair is furnishing and enjoyment for a time.","translation_id":"Dan Allah menjadikan bagimu rumah-rumahmu sebagai tempat tinggal dan Dia menjadikan bagi kamu rumah-rumah (kemah-kemah) dari kulit binatang ternak yang kamu merasa ringan (membawa)nya di waktu kamu berjalan dan waktu kamu bermukim dan (dijadikan-Nya pula) dari bulu domba, bulu unta dan bulu kambing, alat-alat rumah tangga dan perhiasan (yang kamu pakai) sampai waktu (tertentu)."},{"number":81,"text":"وَٱللَّهُ جَعَلَ لَكُم مِّمَّا خَلَقَ ظِلَٰلًا وَجَعَلَ لَكُم مِّنَ ٱلْجِبَالِ أَكْنَٰنًا وَجَعَلَ لَكُمْ سَرَٰبِيلَ تَقِيكُمُ ٱلْحَرَّ وَسَرَٰبِيلَ تَقِيكُم بَأْسَكُمْ كَذَٰلِكَ يُتِمُّ نِعْمَتَهُۥ عَلَيْكُمْ لَعَلَّكُمْ تُسْلِمُونَ","translation_en":"And Allah has made for you, from that which He has created, shadows and has made for you from the mountains, shelters and has made for you garments which protect you from the heat and garments which protect you from your [enemy in] battle. Thus does He complete His favor upon you that you might submit [to Him].","translation_id":"Dan Allah menjadikan bagimu tempat bernaung dari apa yang telah Dia ciptakan, dan Dia jadikan bagimu tempat-tempat tinggal di gunung-gunung, dan Dia jadikan bagimu pakaian yang memeliharamu dari panas dan pakaian (baju besi) yang memelihara kamu dalam peperangan. Demikianlah Allah menyempurnakan nikmat-Nya atasmu agar kamu berserah diri (kepada-Nya)."},{"number":82,"text":"فَإِن تَوَلَّوْا۟ فَإِنَّمَا عَلَيْكَ ٱلْبَلَٰغُ ٱلْمُبِينُ","translation_en":"But if they turn away, [O Muhammad] - then only upon you is [responsibility for] clear notification.","translation_id":"Jika mereka tetap berpaling, maka sesungguhnya kewajiban yang dibebankan atasmu (Muhammad) hanyalah menyampaikan (amanat Allah) dengan terang."},{"number":83,"text":"يَعْرِفُونَ نِعْمَتَ ٱللَّهِ ثُمَّ يُنكِرُونَهَا وَأَكْثَرُهُمُ ٱلْكَٰفِرُونَ","translation_en":"They recognize the favor of Allah; then they deny it. And most of them are disbelievers.","translation_id":"Mereka mengetahui nikmat Allah, kemudian mereka mengingkarinya dan kebanyakan mereka adalah orang-orang yang kafir."},{"number":84,"text":"وَيَوْمَ نَبْعَثُ مِن كُلِّ أُمَّةٍ شَهِيدًا ثُمَّ لَا يُؤْذَنُ لِلَّذِينَ كَفَرُوا۟ وَلَا هُمْ يُسْتَعْتَبُونَ","translation_en":"And [mention] the Day when We will resurrect from every nation a witness. Then it will not be permitted to the disbelievers [to apologize or make excuses], nor will they be asked to appease [Allah].","translation_id":"Dan (ingatlah) akan hari (ketika) Kami bangkitkan dari tiap-tiap umat seorang saksi (rasul), kemudian tidak diizinkan kepada orang-orang yang kafir (untuk membela diri) dan tidak (pula) mereka dibolehkan meminta maaf."},{"number":85,"text":"وَإِذَا رَءَا ٱلَّذِينَ ظَلَمُوا۟ ٱلْعَذَابَ فَلَا يُخَفَّفُ عَنْهُمْ وَلَا هُمْ يُنظَرُونَ","translation_en":"And when those who wronged see the punishment, it will not be lightened for them, nor will they be reprieved.","translation_id":"Dan apabila orang-orang zalim telah menyaksikan azab, maka tidaklah diringankan azab bagi mereka dan tidak puIa mereka diberi tangguh."},{"number":86,"text":"وَإِذَا رَءَا ٱلَّذِينَ أَشْرَكُوا۟ شُرَكَآءَهُمْ قَالُوا۟ رَبَّنَا هَٰٓؤُلَآءِ شُرَكَآؤُنَا ٱلَّذِينَ كُنَّا نَدْعُوا۟ مِن دُونِكَ فَأَلْقَوْا۟ إِلَيْهِمُ ٱلْقَوْلَ إِنَّكُمْ لَكَٰذِبُونَ","translation_en":"And when those who associated others with Allah see their \"partners,\" they will say,\" Our Lord, these are our partners [to You] whom we used to invoke besides You.\" But they will throw at them the statement, \"Indeed, you are liars.\"","translation_id":"Dan apabila orang-orang yang mempersekutukan (Allah) melihat sekutu-sekutu mereka, mereka berkata: \"Ya Tuhan kami mereka inilah sekutu-sekutu kami yang dahulu kami sembah selain dari Engkau\". Lalu sekutu-sekutu mereka mengatakan kepada mereka: \"Sesungguhnya kamu benar-benar orang-orang yang dusta\"."},{"number":87,"text":"وَأَلْقَوْا۟ إِلَى ٱللَّهِ يَوْمَئِذٍ ٱلسَّلَمَ وَضَلَّ عَنْهُم مَّا كَانُوا۟ يَفْتَرُونَ","translation_en":"And they will impart to Allah that Day [their] submission, and lost from them is what they used to invent.","translation_id":"Dan mereka menyatakan ketundukannya kepada Allah pada hari itu dan hilanglah dari mereka apa yang selalu mereka ada-adakan."},{"number":88,"text":"ٱلَّذِينَ كَفَرُوا۟ وَصَدُّوا۟ عَن سَبِيلِ ٱللَّهِ زِدْنَٰهُمْ عَذَابًا فَوْقَ ٱلْعَذَابِ بِمَا كَانُوا۟ يُفْسِدُونَ","translation_en":"Those who disbelieved and averted [others] from the way of Allah - We will increase them in punishment over [their] punishment for what corruption they were causing.","translation_id":"Orang-orang yang kafir dan menghalangi (manusia) dari jalan Allah, Kami tambahkan kepada mereka siksaan di atas siksaan disebabkan mereka selalu berbuat kerusakan."},{"number":89,"text":"وَيَوْمَ نَبْعَثُ فِى كُلِّ أُمَّةٍ شَهِيدًا عَلَيْهِم مِّنْ أَنفُسِهِمْ وَجِئْنَا بِكَ شَهِيدًا عَلَىٰ هَٰٓؤُلَآءِ وَنَزَّلْنَا عَلَيْكَ ٱلْكِتَٰبَ تِبْيَٰنًا لِّكُلِّ شَىْءٍ وَهُدًى وَرَحْمَةً وَبُشْرَىٰ لِلْمُسْلِمِينَ","translation_en":"And [mention] the Day when We will resurrect among every nation a witness over them from themselves. And We will bring you, [O Muhammad], as a witness over your nation. And We have sent down to you the Book as clarification for all things and as guidance and mercy and good tidings for the Muslims.","translation_id":"(Dan ingatlah) akan hari (ketika) Kami bangkitkan pada tiap-tiap umat seorang saksi atas mereka dari mereka sendiri dan Kami datangkan kamu (Muhammad) menjadi saksi atas seluruh umat manusia. Dan Kami turunkan kepadamu Al Kitab (Al Quran) untuk menjelaskan segala sesuatu dan petunjuk serta rahmat dan kabar gembira bagi orang-orang yang berserah diri."},{"number":90,"text":"إِنَّ ٱللَّهَ يَأْمُرُ بِٱلْعَدْلِ وَٱلْإِحْسَٰنِ وَإِيتَآئِ ذِى ٱلْقُرْبَىٰ وَيَنْهَىٰ عَنِ ٱلْفَحْشَآءِ وَٱلْمُنكَرِ وَٱلْبَغْىِ يَعِظُكُمْ لَعَلَّكُمْ تَذَكَّرُونَ","translation_en":"Indeed, Allah orders justice and good conduct and giving to relatives and forbids immorality and bad conduct and oppression. He admonishes you that perhaps you will be reminded.","translation_id":"Sesungguhnya Allah menyuruh (kamu) berlaku adil dan berbuat kebajikan, memberi kepada kaum kerabat, dan Allah melarang dari perbuatan keji, kemungkaran dan permusuhan. Dia memberi pengajaran kepadamu agar kamu dapat mengambil pelajaran."},{"number":91,"text":"وَأَوْفُوا۟ بِعَهْدِ ٱللَّهِ إِذَا عَٰهَدتُّمْ وَلَا تَنقُضُوا۟ ٱلْأَيْمَٰنَ بَعْدَ تَوْكِيدِهَا وَقَدْ جَعَلْتُمُ ٱللَّهَ عَلَيْكُمْ كَفِيلًا إِنَّ ٱللَّهَ يَعْلَمُ مَا تَفْعَلُونَ","translation_en":"And fulfill the covenant of Allah when you have taken it, [O believers], and do not break oaths after their confirmation while you have made Allah, over you, a witness. Indeed, Allah knows what you do.","translation_id":"Dan tepatilah perjanjian dengan Allah apabila kamu berjanji dan janganlah kamu membatalkan sumpah-sumpah(mu) itu, sesudah meneguhkannya, sedang kamu telah menjadikan Allah sebagai saksimu (terhadap sumpah-sumpahmu itu). Sesungguhnya Allah mengetahui apa yang kamu perbuat."},{"number":92,"text":"وَلَا تَكُونُوا۟ كَٱلَّتِى نَقَضَتْ غَزْلَهَا مِنۢ بَعْدِ قُوَّةٍ أَنكَٰثًا تَتَّخِذُونَ أَيْمَٰنَكُمْ دَخَلًۢا بَيْنَكُمْ أَن تَكُونَ أُمَّةٌ هِىَ أَرْبَىٰ مِنْ أُمَّةٍ إِنَّمَا يَبْلُوكُمُ ٱللَّهُ بِهِۦ وَلَيُبَيِّنَنَّ لَكُمْ يَوْمَ ٱلْقِيَٰمَةِ مَا كُنتُمْ فِيهِ تَخْتَلِفُونَ","translation_en":"And do not be like she who untwisted her spun thread after it was strong [by] taking your oaths as [means of] deceit between you because one community is more plentiful [in number or wealth] than another community. Allah only tries you thereby. And He will surely make clear to you on the Day of Resurrection that over which you used to differ.","translation_id":"Dan janganlah kamu seperti seorang perempuan yang menguraikan benangnya yang sudah dipintal dengan kuat, menjadi cerai berai kembali, kamu menjadikan sumpah (perjanjian)mu sebagai alat penipu di antaramu, disebabkan adanya satu golongan yang lebih banyak jumlahnya dari golongan yang lain. Sesungguhnya Allah hanya menguji kamu dengan hal itu. Dan sesungguhnya di hari kiamat akan dijelaskan-Nya kepadamu apa yang dahulu kamu perselisihkan itu."},{"number":93,"text":"وَلَوْ شَآءَ ٱللَّهُ لَجَعَلَكُمْ أُمَّةً وَٰحِدَةً وَلَٰكِن يُضِلُّ مَن يَشَآءُ وَيَهْدِى مَن يَشَآءُ وَلَتُسْـَٔلُنَّ عَمَّا كُنتُمْ تَعْمَلُونَ","translation_en":"And if Allah had willed, He could have made you [of] one religion, but He causes to stray whom He wills and guides whom He wills. And you will surely be questioned about what you used to do.","translation_id":"Dan kalau Allah menghendaki, niscaya Dia menjadikan kamu satu umat (saja), tetapi Allah menyesatkan siapa yang dikehendaki-Nya dan memberi petunjuk kepada siapa yang dikehendaki-Nya. Dan sesungguhnya kamu akan ditanya tentang apa yang telah kamu kerjakan."},{"number":94,"text":"وَلَا تَتَّخِذُوٓا۟ أَيْمَٰنَكُمْ دَخَلًۢا بَيْنَكُمْ فَتَزِلَّ قَدَمٌۢ بَعْدَ ثُبُوتِهَا وَتَذُوقُوا۟ ٱلسُّوٓءَ بِمَا صَدَدتُّمْ عَن سَبِيلِ ٱللَّهِ وَلَكُمْ عَذَابٌ عَظِيمٌ","translation_en":"And do not take your oaths as [means of] deceit between you, lest a foot slip after it was [once] firm, and you would taste evil [in this world] for what [people] you diverted from the way of Allah, and you would have [in the Hereafter] a great punishment.","translation_id":"Dan janganlah kamu jadikan sumpah-sumpahmu sebagai alat penipu di antaramu, yang menyebabkan tergelincir kaki(mu) sesudah kokoh tegaknya, dan kamu rasakan kemelaratan (di dunia) karena kamu menghalangi (manusia) dari jalan Allah; dan bagimu azab yang besar."},{"number":95,"text":"وَلَا تَشْتَرُوا۟ بِعَهْدِ ٱللَّهِ ثَمَنًا قَلِيلًا إِنَّمَا عِندَ ٱللَّهِ هُوَ خَيْرٌ لَّكُمْ إِن كُنتُمْ تَعْلَمُونَ","translation_en":"And do not exchange the covenant of Allah for a small price. Indeed, what is with Allah is best for you, if only you could know.","translation_id":"Dan janganlah kamu tukar perjanjianmu dengan Allah dengan harga yang sedikit (murah), sesungguhnya apa yang ada di sisi Allah, itulah yang lebih baik bagimu jika kamu mengetahui."},{"number":96,"text":"مَا عِندَكُمْ يَنفَدُ وَمَا عِندَ ٱللَّهِ بَاقٍ وَلَنَجْزِيَنَّ ٱلَّذِينَ صَبَرُوٓا۟ أَجْرَهُم بِأَحْسَنِ مَا كَانُوا۟ يَعْمَلُونَ","translation_en":"Whatever you have will end, but what Allah has is lasting. And We will surely give those who were patient their reward according to the best of what they used to do.","translation_id":"Apa yang di sisimu akan lenyap, dan apa yang ada di sisi Allah adalah kekal. Dan sesungguhnya Kami akan memberi balasan kepada orang-orang yang sabar dengan pahala yang lebih baik dari apa yang telah mereka kerjakan."},{"number":97,"text":"مَنْ عَمِلَ صَٰلِحًا مِّن ذَكَرٍ أَوْ أُنثَىٰ وَهُوَ مُؤْمِنٌ فَلَنُحْيِيَنَّهُۥ حَيَوٰةً طَيِّبَةً وَلَنَجْزِيَنَّهُمْ أَجْرَهُم بِأَحْسَنِ مَا كَانُوا۟ يَعْمَلُونَ","translation_en":"Whoever does righteousness, whether male or female, while he is a believer - We will surely cause him to live a good life, and We will surely give them their reward [in the Hereafter] according to the best of what they used to do.","translation_id":"Barangsiapa yang mengerjakan amal saleh, baik laki-laki maupun perempuan dalam keadaan beriman, maka sesungguhnya akan Kami berikan kepadanya kehidupan yang baik dan sesungguhnya akan Kami beri balasan kepada mereka dengan pahala yang lebih baik dari apa yang telah mereka kerjakan."},{"number":98,"text":"فَإِذَا قَرَأْتَ ٱلْقُرْءَانَ فَٱسْتَعِذْ بِٱللَّهِ مِنَ ٱلشَّيْطَٰنِ ٱلرَّجِيمِ","translation_en":"So when you recite the Qur'an, [first] seek refuge in Allah from Satan, the expelled [from His mercy].","translation_id":"Apabila kamu membaca Al Quran hendaklah kamu meminta perlindungan kepada Allah dari syaitan yang terkutuk."},{"number":99,"text":"إِنَّهُۥ لَيْسَ لَهُۥ سُلْطَٰنٌ عَلَى ٱلَّذِينَ ءَامَنُوا۟ وَعَلَىٰ رَبِّهِمْ يَتَوَكَّلُونَ","translation_en":"Indeed, there is for him no authority over those who have believed and rely upon their Lord.","translation_id":"Sesungguhnya syaitan itu tidak ada kekuasaannya atas orang-orang yang beriman dan bertawakkal kepada Tuhannya."},{"number":100,"text":"إِنَّمَا سُلْطَٰنُهُۥ عَلَى ٱلَّذِينَ يَتَوَلَّوْنَهُۥ وَٱلَّذِينَ هُم بِهِۦ مُشْرِكُونَ","translation_en":"His authority is only over those who take him as an ally and those who through him associate others with Allah.","translation_id":"Sesungguhnya kekuasaannya (syaitan) hanyalah atas orang-orang yang mengambilnya jadi pemimpin dan atas orang-orang yang mempersekutukannya dengan Allah."},{"number":101,"text":"وَإِذَا بَدَّلْنَآ ءَايَةً مَّكَانَ ءَايَةٍ وَٱللَّهُ أَعْلَمُ بِمَا يُنَزِّلُ قَالُوٓا۟ إِنَّمَآ أَنتَ مُفْتَرٍۭ بَلْ أَكْثَرُهُمْ لَا يَعْلَمُونَ","translation_en":"And when We substitute a verse in place of a verse - and Allah is most knowing of what He sends down - they say, \"You, [O Muhammad], are but an inventor [of lies].\" But most of them do not know.","translation_id":"Dan apabila Kami letakkan suatu ayat di tempat ayat yang lain sebagai penggantinya padahal Allah lebih mengetahui apa yang diturunkan-Nya, mereka berkata: \"Sesungguhnya kamu adalah orang yang mengada-adakan saja\". Bahkan kebanyakan mereka tiada mengetahui."},{"number":102,"text":"قُلْ نَزَّلَهُۥ رُوحُ ٱلْقُدُسِ مِن رَّبِّكَ بِٱلْحَقِّ لِيُثَبِّتَ ٱلَّذِينَ ءَامَنُوا۟ وَهُدًى وَبُشْرَىٰ لِلْمُسْلِمِينَ","translation_en":"Say, [O Muhammad], \"The Pure Spirit has brought it down from your Lord in truth to make firm those who believe and as guidance and good tidings to the Muslims.\"","translation_id":"Katakanlah: \"Ruhul Qudus (Jibril) menurunkan Al Quran itu dari Tuhanmu dengan benar, untuk meneguhkan (hati) orang-orang yang telah beriman, dan menjadi petunjuk serta kabar gembira bagi orang-orang yang berserah diri (kepada Allah)\"."},{"number":103,"text":"وَلَقَدْ نَعْلَمُ أَنَّهُمْ يَقُولُونَ إِنَّمَا يُعَلِّمُهُۥ بَشَرٌ لِّسَانُ ٱلَّذِى يُلْحِدُونَ إِلَيْهِ أَعْجَمِىٌّ وَهَٰذَا لِسَانٌ عَرَبِىٌّ مُّبِينٌ","translation_en":"And We certainly know that they say, \"It is only a human being who teaches the Prophet.\" The tongue of the one they refer to is foreign, and this Qur'an is [in] a clear Arabic language.","translation_id":"Dan sesungguhnya Kami mengetahui bahwa mereka berkata: \"Sesungguhnya Al Quran itu diajarkan oleh seorang manusia kepadanya (Muhammad)\". Padahal bahasa orang yang mereka tuduhkan (bahwa) Muhammad belajar kepadanya bahasa 'Ajam, sedang Al Quran adalah dalam bahasa Arab yang terang."},{"number":104,"text":"إِنَّ ٱلَّذِينَ لَا يُؤْمِنُونَ بِـَٔايَٰتِ ٱللَّهِ لَا يَهْدِيهِمُ ٱللَّهُ وَلَهُمْ عَذَابٌ أَلِيمٌ","translation_en":"Indeed, those who do not believe in the verses of Allah - Allah will not guide them, and for them is a painful punishment.","translation_id":"Sesungguhnya orang-orang yang tidak beriman kepada ayat-ayat Allah (Al Quran), Allah tidak akan memberi petunjuk kepada mereka dan bagi mereka azab yang pedih."},{"number":105,"text":"إِنَّمَا يَفْتَرِى ٱلْكَذِبَ ٱلَّذِينَ لَا يُؤْمِنُونَ بِـَٔايَٰتِ ٱللَّهِ وَأُو۟لَٰٓئِكَ هُمُ ٱلْكَٰذِبُونَ","translation_en":"They only invent falsehood who do not believe in the verses of Allah, and it is those who are the liars.","translation_id":"Sesungguhnya yang mengada-adakan kebohongan, hanyalah orang-orang yang tidak beriman kepada ayat-ayat Allah, dan mereka itulah orang-orang pendusta."},{"number":106,"text":"مَن كَفَرَ بِٱللَّهِ مِنۢ بَعْدِ إِيمَٰنِهِۦٓ إِلَّا مَنْ أُكْرِهَ وَقَلْبُهُۥ مُطْمَئِنٌّۢ بِٱلْإِيمَٰنِ وَلَٰكِن مَّن شَرَحَ بِٱلْكُفْرِ صَدْرًا فَعَلَيْهِمْ غَضَبٌ مِّنَ ٱللَّهِ وَلَهُمْ عَذَابٌ عَظِيمٌ","translation_en":"Whoever disbelieves in Allah after his belief... except for one who is forced [to renounce his religion] while his heart is secure in faith. But those who [willingly] open their breasts to disbelief, upon them is wrath from Allah, and for them is a great punishment;","translation_id":"Barangsiapa yang kafir kepada Allah sesudah dia beriman (dia mendapat kemurkaan Allah), kecuali orang yang dipaksa kafir padahal hatinya tetap tenang dalam beriman (dia tidak berdosa), akan tetapi orang yang melapangkan dadanya untuk kekafiran, maka kemurkaan Allah menimpanya dan baginya azab yang besar."},{"number":107,"text":"ذَٰلِكَ بِأَنَّهُمُ ٱسْتَحَبُّوا۟ ٱلْحَيَوٰةَ ٱلدُّنْيَا عَلَى ٱلْءَاخِرَةِ وَأَنَّ ٱللَّهَ لَا يَهْدِى ٱلْقَوْمَ ٱلْكَٰفِرِينَ","translation_en":"That is because they preferred the worldly life over the Hereafter and that Allah does not guide the disbelieving people.","translation_id":"Yang demikian itu disebabkan karena sesungguhnya mereka mencintai kehidupan di dunia lebih dari akhirat, dan bahwasanya Allah tiada memberi petunjuk kepada kaum yang kafir."},{"number":108,"text":"أُو۟لَٰٓئِكَ ٱلَّذِينَ طَبَعَ ٱللَّهُ عَلَىٰ قُلُوبِهِمْ وَسَمْعِهِمْ وَأَبْصَٰرِهِمْ وَأُو۟لَٰٓئِكَ هُمُ ٱلْغَٰفِلُونَ","translation_en":"Those are the ones over whose hearts and hearing and vision Allah has sealed, and it is those who are the heedless.","translation_id":"Mereka itulah orang-orang yang hati, pendengaran dan penglihatannya telah dikunci mati oleh Allah, dan mereka itulah orang-orang yang lalai."},{"number":109,"text":"لَا جَرَمَ أَنَّهُمْ فِى ٱلْءَاخِرَةِ هُمُ ٱلْخَٰسِرُونَ","translation_en":"Assuredly, it is they, in the Hereafter, who will be the losers.","translation_id":"Pastilah bahwa mereka di akhirat nanti adalah orang-orang yang merugi."},{"number":110,"text":"ثُمَّ إِنَّ رَبَّكَ لِلَّذِينَ هَاجَرُوا۟ مِنۢ بَعْدِ مَا فُتِنُوا۟ ثُمَّ جَٰهَدُوا۟ وَصَبَرُوٓا۟ إِنَّ رَبَّكَ مِنۢ بَعْدِهَا لَغَفُورٌ رَّحِيمٌ","translation_en":"Then, indeed your Lord, to those who emigrated after they had been compelled [to renounce their religion] and thereafter fought [for the cause of Allah] and were patient - indeed, your Lord, after that, is Forgiving and Merciful","translation_id":"Dan sesungguhnya Tuhanmu (pelindung) bagi orang-orang yang berhijrah sesudah menderita cobaan, kemudian mereka berjihad dan sabar; sesungguhnya Tuhanmu sesudah itu benar-benar Maha Pengampun lagi Maha Penyayang."},{"number":111,"text":"يَوْمَ تَأْتِى كُلُّ نَفْسٍ تُجَٰدِلُ عَن نَّفْسِهَا وَتُوَفَّىٰ كُلُّ نَفْسٍ مَّا عَمِلَتْ وَهُمْ لَا يُظْلَمُونَ","translation_en":"On the Day when every soul will come disputing for itself, and every soul will be fully compensated for what it did, and they will not be wronged.","translation_id":"(Ingatlah) suatu hari (ketika) tiap-tiap diri datang untuk membela dirinya sendiri dan bagi tiap-tiap diri disempurnakan (balasan) apa yang telah dikerjakannya, sedangkan mereka tidak dianiaya (dirugikan)."},{"number":112,"text":"وَضَرَبَ ٱللَّهُ مَثَلًا قَرْيَةً كَانَتْ ءَامِنَةً مُّطْمَئِنَّةً يَأْتِيهَا رِزْقُهَا رَغَدًا مِّن كُلِّ مَكَانٍ فَكَفَرَتْ بِأَنْعُمِ ٱللَّهِ فَأَذَٰقَهَا ٱللَّهُ لِبَاسَ ٱلْجُوعِ وَٱلْخَوْفِ بِمَا كَانُوا۟ يَصْنَعُونَ","translation_en":"And Allah presents an example: a city which was safe and secure, its provision coming to it in abundance from every location, but it denied the favors of Allah. So Allah made it taste the envelopment of hunger and fear for what they had been doing.","translation_id":"Dan Allah telah membuat suatu perumpamaan (dengan) sebuah negeri yang dahulunya aman lagi tenteram, rezekinya datang kepadanya melimpah ruah dari segenap tempat, tetapi (penduduk)nya mengingkari nikmat-nikmat Allah; karena itu Allah merasakan kepada mereka pakaian kelaparan dan ketakutan, disebabkan apa yang selalu mereka perbuat."},{"number":113,"text":"وَلَقَدْ جَآءَهُمْ رَسُولٌ مِّنْهُمْ فَكَذَّبُوهُ فَأَخَذَهُمُ ٱلْعَذَابُ وَهُمْ ظَٰلِمُونَ","translation_en":"And there had certainly come to them a Messenger from among themselves, but they denied him; so punishment overtook them while they were wrongdoers.","translation_id":"Dan sesungguhnya telah datang kepada mereka seorang rasul dari mereka sendiri, tetapi mereka mendustakannya; karena itu mereka dimusnahkan azab dan mereka adalah orang-orang yang zalim."},{"number":114,"text":"فَكُلُوا۟ مِمَّا رَزَقَكُمُ ٱللَّهُ حَلَٰلًا طَيِّبًا وَٱشْكُرُوا۟ نِعْمَتَ ٱللَّهِ إِن كُنتُمْ إِيَّاهُ تَعْبُدُونَ","translation_en":"Then eat of what Allah has provided for you [which is] lawful and good. And be grateful for the favor of Allah, if it is [indeed] Him that you worship.","translation_id":"Maka makanlah yang halal lagi baik dari rezeki yang telah diberikan Allah kepadamu; dan syukurilah nikmat Allah, jika kamu hanya kepada-Nya saja menyembah."},{"number":115,"text":"إِنَّمَا حَرَّمَ عَلَيْكُمُ ٱلْمَيْتَةَ وَٱلدَّمَ وَلَحْمَ ٱلْخِنزِيرِ وَمَآ أُهِلَّ لِغَيْرِ ٱللَّهِ بِهِۦ فَمَنِ ٱضْطُرَّ غَيْرَ بَاغٍ وَلَا عَادٍ فَإِنَّ ٱللَّهَ غَفُورٌ رَّحِيمٌ","translation_en":"He has only forbidden to you dead animals, blood, the flesh of swine, and that which has been dedicated to other than Allah. But whoever is forced [by necessity], neither desiring [it] nor transgressing [its limit] - then indeed, Allah is Forgiving and Merciful.","translation_id":"Sesungguhnya Allah hanya mengharamkan atasmu (memakan) bangkai, darah, daging babi dan apa yang disembelih dengan menyebut nama selain Allah; tetapi barangsiapa yang terpaksa memakannya dengan tidak menganiaya dan tidak pula melampaui batas, maka sesungguhnya Allah Maha Pengampun lagi Maha Penyayang."},{"number":116,"text":"وَلَا تَقُولُوا۟ لِمَا تَصِفُ أَلْسِنَتُكُمُ ٱلْكَذِبَ هَٰذَا حَلَٰلٌ وَهَٰذَا حَرَامٌ لِّتَفْتَرُوا۟ عَلَى ٱللَّهِ ٱلْكَذِبَ إِنَّ ٱلَّذِينَ يَفْتَرُونَ عَلَى ٱللَّهِ ٱلْكَذِبَ لَا يُفْلِحُونَ","translation_en":"And do not say about what your tongues assert of untruth, \"This is lawful and this is unlawful,\" to invent falsehood about Allah. Indeed, those who invent falsehood about Allah will not succeed.","translation_id":"Dan janganlah kamu mengatakan terhadap apa yang disebut-sebut oleh lidahmu secara dusta \"ini halal dan ini haram\", untuk mengada-adakan kebohongan terhadap Allah. Sesungguhnya orang-orang yang mengada-adakan kebohongan terhadap Allah tiadalah beruntung."},{"number":117,"text":"مَتَٰعٌ قَلِيلٌ وَلَهُمْ عَذَابٌ أَلِيمٌ","translation_en":"[It is but] a brief enjoyment, and they will have a painful punishment.","translation_id":"(Itu adalah) kesenangan yang sedikit, dan bagi mereka azab yang pedih."},{"number":118,"text":"وَعَلَى ٱلَّذِينَ هَادُوا۟ حَرَّمْنَا مَا قَصَصْنَا عَلَيْكَ مِن قَبْلُ وَمَا ظَلَمْنَٰهُمْ وَلَٰكِن كَانُوٓا۟ أَنفُسَهُمْ يَظْلِمُونَ","translation_en":"And to those who are Jews We have prohibited that which We related to you before. And We did not wrong them [thereby], but they were wronging themselves.","translation_id":"Dan terhadap orang-orang Yahudi, Kami haramkan apa yang telah Kami ceritakan dahulu kepadamu; dan Kami tiada menganiaya mereka, akan tetapi merekalah yang menganiaya diri mereka sendiri."},{"number":119,"text":"ثُمَّ إِنَّ رَبَّكَ لِلَّذِينَ عَمِلُوا۟ ٱلسُّوٓءَ بِجَهَٰلَةٍ ثُمَّ تَابُوا۟ مِنۢ بَعْدِ ذَٰلِكَ وَأَصْلَحُوٓا۟ إِنَّ رَبَّكَ مِنۢ بَعْدِهَا لَغَفُورٌ رَّحِيمٌ","translation_en":"Then, indeed your Lord, to those who have done wrong out of ignorance and then repent after that and correct themselves - indeed, your Lord, thereafter, is Forgiving and Merciful.","translation_id":"Kemudian, sesungguhnya Tuhanmu (mengampuni) bagi orang-orang yang mengerjakan kesalahan karena kebodohannya, kemudian mereka bertaubat sesudah itu dan memperbaiki (dirinya), sesungguhnya Tuhanmu sesudah itu benar-benar Maha Pengampun lagi Maha Penyayang."},{"number":120,"text":"إِنَّ إِبْرَٰهِيمَ كَانَ أُمَّةً قَانِتًا لِّلَّهِ حَنِيفًا وَلَمْ يَكُ مِنَ ٱلْمُشْرِكِينَ","translation_en":"Indeed, Abraham was a [comprehensive] leader, devoutly obedient to Allah, inclining toward truth, and he was not of those who associate others with Allah.","translation_id":"Sesungguhnya Ibrahim adalah seorang imam yang dapat dijadikan teladan lagi patuh kepada Allah dan hanif. Dan sekali-kali bukanlah dia termasuk orang-orang yang mempersekutukan (Tuhan),"},{"number":121,"text":"شَاكِرًا لِّأَنْعُمِهِ ٱجْتَبَىٰهُ وَهَدَىٰهُ إِلَىٰ صِرَٰطٍ مُّسْتَقِيمٍ","translation_en":"[He was] grateful for His favors. Allah chose him and guided him to a straight path.","translation_id":"(lagi) yang mensyukuri nikmat-nikmat Allah. Allah telah memilihnya dan menunjukinya kepada jalan yang lurus."},{"number":122,"text":"وَءَاتَيْنَٰهُ فِى ٱلدُّنْيَا حَسَنَةً وَإِنَّهُۥ فِى ٱلْءَاخِرَةِ لَمِنَ ٱلصَّٰلِحِينَ","translation_en":"And We gave him good in this world, and indeed, in the Hereafter he will be among the righteous.","translation_id":"Dan Kami berikan kepadanya kebaikan di dunia. Dan sesungguhnya dia di akhirat benar-benar termasuk orang-orang yang saleh."},{"number":123,"text":"ثُمَّ أَوْحَيْنَآ إِلَيْكَ أَنِ ٱتَّبِعْ مِلَّةَ إِبْرَٰهِيمَ حَنِيفًا وَمَا كَانَ مِنَ ٱلْمُشْرِكِينَ","translation_en":"Then We revealed to you, [O Muhammad], to follow the religion of Abraham, inclining toward truth; and he was not of those who associate with Allah.","translation_id":"Kemudian Kami wahyukan kepadamu (Muhammad): \"Ikutilah agama Ibrahim seorang yang hanif\" dan bukanlah dia termasuk orang-orang yang mempersekutukan Tuhan."},{"number":124,"text":"إِنَّمَا جُعِلَ ٱلسَّبْتُ عَلَى ٱلَّذِينَ ٱخْتَلَفُوا۟ فِيهِ وَإِنَّ رَبَّكَ لَيَحْكُمُ بَيْنَهُمْ يَوْمَ ٱلْقِيَٰمَةِ فِيمَا كَانُوا۟ فِيهِ يَخْتَلِفُونَ","translation_en":"The sabbath was only appointed for those who differed over it. And indeed, your Lord will judge between them on the Day of Resurrection concerning that over which they used to differ.","translation_id":"Sesungguhnya diwajibkan (menghormati) hari Sabtu atas orang-orang (Yahudi) yang berselisih padanya. Dan sesungguhnya Tuhanmu benar-benar akan memberi putusan di antara mereka di hari kiamat terhadap apa yang telah mereka perselisihkan itu."},{"number":125,"text":"ٱدْعُ إِلَىٰ سَبِيلِ رَبِّكَ بِٱلْحِكْمَةِ وَٱلْمَوْعِظَةِ ٱلْحَسَنَةِ وَجَٰدِلْهُم بِٱلَّتِى هِىَ أَحْسَنُ إِنَّ رَبَّكَ هُوَ أَعْلَمُ بِمَن ضَلَّ عَن سَبِيلِهِۦ وَهُوَ أَعْلَمُ بِٱلْمُهْتَدِينَ","translation_en":"Invite to the way of your Lord with wisdom and good instruction, and argue with them in a way that is best. Indeed, your Lord is most knowing of who has strayed from His way, and He is most knowing of who is [rightly] guided.","translation_id":"Serulah (manusia) kepada jalan Tuhan-mu dengan hikmah dan pelajaran yang baik dan bantahlah mereka dengan cara yang baik. Sesungguhnya Tuhanmu Dialah yang lebih mengetahui tentang siapa yang tersesat dari jalan-Nya dan Dialah yang lebih mengetahui orang-orang yang mendapat petunjuk."},{"number":126,"text":"وَإِنْ عَاقَبْتُمْ فَعَاقِبُوا۟ بِمِثْلِ مَا عُوقِبْتُم بِهِۦ وَلَئِن صَبَرْتُمْ لَهُوَ خَيْرٌ لِّلصَّٰبِرِينَ","translation_en":"And if you punish [an enemy, O believers], punish with an equivalent of that with which you were harmed. But if you are patient - it is better for those who are patient.","translation_id":"Dan jika kamu memberikan balasan, maka balaslah dengan balasan yang sama dengan siksaan yang ditimpakan kepadamu. Akan tetapi jika kamu bersabar, sesungguhnya itulah yang lebih baik bagi orang-orang yang sabar."},{"number":127,"text":"وَٱصْبِرْ وَمَا صَبْرُكَ إِلَّا بِٱللَّهِ وَلَا تَحْزَنْ عَلَيْهِمْ وَلَا تَكُ فِى ضَيْقٍ مِّمَّا يَمْكُرُونَ","translation_en":"And be patient, [O Muhammad], and your patience is not but through Allah. And do not grieve over them and do not be in distress over what they conspire.","translation_id":"Bersabarlah (hai Muhammad) dan tiadalah kesabaranmu itu melainkan dengan pertolongan Allah dan janganlah kamu bersedih hati terhadap (kekafiran) mereka dan janganlah kamu bersempit dada terhadap apa yang mereka tipu dayakan."},{"number":128,"text":"إِنَّ ٱللَّهَ مَعَ ٱلَّذِينَ ٱتَّقَوا۟ وَّٱلَّذِينَ هُم مُّحْسِنُونَ","translation_en":"Indeed, Allah is with those who fear Him and those who are doers of good.","translation_id":"Sesungguhnya Allah beserta orang-orang yang bertakwa dan orang-orang yang berbuat kebaikan."}]}