{"number":18,"name":"سورة الكهف","transliteration_en":"Al-Kahf","translation_en":"The Cave","total_verses":110,"revelation_type":"Meccan","verses":[{"number":1,"text":"بِسْمِ ٱللَّهِ ٱلرَّحْمَٰنِ ٱلرَّحِيمِ ٱلْحَمْدُ لِلَّهِ ٱلَّذِىٓ أَنزَلَ عَلَىٰ عَبْدِهِ ٱلْكِتَٰبَ وَلَمْ يَجْعَل لَّهُۥ عِوَجَا","translation_en":"[All] praise is [due] to Allah, who has sent down upon His Servant the Book and has not made therein any deviance.","translation_id":"Segala puji bagi Allah yang telah menurunkan kepada hamba-Nya Al Kitab (Al-Quran) dan Dia tidak mengadakan kebengkokan di dalamnya;"},{"number":2,"text":"قَيِّمًا لِّيُنذِرَ بَأْسًا شَدِيدًا مِّن لَّدُنْهُ وَيُبَشِّرَ ٱلْمُؤْمِنِينَ ٱلَّذِينَ يَعْمَلُونَ ٱلصَّٰلِحَٰتِ أَنَّ لَهُمْ أَجْرًا حَسَنًا","translation_en":"[He has made it] straight, to warn of severe punishment from Him and to give good tidings to the believers who do righteous deeds that they will have a good reward","translation_id":"sebagai bimbingan yang lurus, untuk memperingatkan siksaan yang sangat pedih dari sisi Allah dan memberi berita gembira kepada orang-orang yang beriman, yang mengerjakan amal saleh, bahwa mereka akan mendapat pembalasan yang baik,"},{"number":3,"text":"مَّٰكِثِينَ فِيهِ أَبَدًا","translation_en":"In which they will remain forever","translation_id":"mereka kekal di dalamnya untuk selama-lamanya."},{"number":4,"text":"وَيُنذِرَ ٱلَّذِينَ قَالُوا۟ ٱتَّخَذَ ٱللَّهُ وَلَدًا","translation_en":"And to warn those who say, \"Allah has taken a son.\"","translation_id":"Dan untuk memperingatkan kepada orang-orang yang berkata: \"Allah mengambil seorang anak\"."},{"number":5,"text":"مَّا لَهُم بِهِۦ مِنْ عِلْمٍ وَلَا لِءَابَآئِهِمْ كَبُرَتْ كَلِمَةً تَخْرُجُ مِنْ أَفْوَٰهِهِمْ إِن يَقُولُونَ إِلَّا كَذِبًا","translation_en":"They have no knowledge of it, nor had their fathers. Grave is the word that comes out of their mouths; they speak not except a lie.","translation_id":"Mereka sekali-kali tidak mempunyai pengetahuan tentang hal itu, begitu pula nenek moyang mereka. Alangkah buruknya kata-kata yang keluar dari mulut mereka; mereka tidak mengatakan (sesuatu) kecuali dusta."},{"number":6,"text":"فَلَعَلَّكَ بَٰخِعٌ نَّفْسَكَ عَلَىٰٓ ءَاثَٰرِهِمْ إِن لَّمْ يُؤْمِنُوا۟ بِهَٰذَا ٱلْحَدِيثِ أَسَفًا","translation_en":"Then perhaps you would kill yourself through grief over them, [O Muhammad], if they do not believe in this message, [and] out of sorrow.","translation_id":"Maka (apakah) barangkali kamu akan membunuh dirimu karena bersedih hati setelah mereka berpaling, sekiranya mereka tidak beriman kepada keterangan ini (Al-Quran)."},{"number":7,"text":"إِنَّا جَعَلْنَا مَا عَلَى ٱلْأَرْضِ زِينَةً لَّهَا لِنَبْلُوَهُمْ أَيُّهُمْ أَحْسَنُ عَمَلًا","translation_en":"Indeed, We have made that which is on the earth adornment for it that We may test them [as to] which of them is best in deed.","translation_id":"Sesungguhnya Kami telah menjadikan apa yang di bumi sebagai perhiasan baginya, agar Kami menguji mereka siapakah di antara mereka yang terbaik perbuatannya."},{"number":8,"text":"وَإِنَّا لَجَٰعِلُونَ مَا عَلَيْهَا صَعِيدًا جُرُزًا","translation_en":"And indeed, We will make that which is upon it [into] a barren ground.","translation_id":"Dan sesungguhnya Kami benar-benar akan menjadikan (pula) apa yang di atasnya menjadi tanah rata lagi tandus."},{"number":9,"text":"أَمْ حَسِبْتَ أَنَّ أَصْحَٰبَ ٱلْكَهْفِ وَٱلرَّقِيمِ كَانُوا۟ مِنْ ءَايَٰتِنَا عَجَبًا","translation_en":"Or have you thought that the companions of the cave and the inscription were, among Our signs, a wonder?","translation_id":"Atau kamu mengira bahwa orang-orang yang mendiami gua dan (yang mempunyai) raqim itu, mereka termasuk tanda-tanda kekuasaan Kami yang mengherankan?"},{"number":10,"text":"إِذْ أَوَى ٱلْفِتْيَةُ إِلَى ٱلْكَهْفِ فَقَالُوا۟ رَبَّنَآ ءَاتِنَا مِن لَّدُنكَ رَحْمَةً وَهَيِّئْ لَنَا مِنْ أَمْرِنَا رَشَدًا","translation_en":"[Mention] when the youths retreated to the cave and said, \"Our Lord, grant us from Yourself mercy and prepare for us from our affair right guidance.\"","translation_id":"(Ingatlah) tatkala para pemuda itu mencari tempat berlindung ke dalam gua, lalu mereka berdoa: \"Wahai Tuhan kami, berikanlah rahmat kepada kami dari sisi-Mu dan sempurnakanlah bagi kami petunjuk yang lurus dalam urusan kami (ini)\"."},{"number":11,"text":"فَضَرَبْنَا عَلَىٰٓ ءَاذَانِهِمْ فِى ٱلْكَهْفِ سِنِينَ عَدَدًا","translation_en":"So We cast [a cover of sleep] over their ears within the cave for a number of years.","translation_id":"Maka Kami tutup telinga mereka beberapa tahun dalam gua itu,"},{"number":12,"text":"ثُمَّ بَعَثْنَٰهُمْ لِنَعْلَمَ أَىُّ ٱلْحِزْبَيْنِ أَحْصَىٰ لِمَا لَبِثُوٓا۟ أَمَدًا","translation_en":"Then We awakened them that We might show which of the two factions was most precise in calculating what [extent] they had remained in time.","translation_id":"Kemudian Kami bangunkan mereka, agar Kami mengetahui manakah di antara kedua golongan itu] yang lebih tepat dalam menghitung berapa lama mereka tinggal (dalam gua itu)."},{"number":13,"text":"نَّحْنُ نَقُصُّ عَلَيْكَ نَبَأَهُم بِٱلْحَقِّ إِنَّهُمْ فِتْيَةٌ ءَامَنُوا۟ بِرَبِّهِمْ وَزِدْنَٰهُمْ هُدًى","translation_en":"It is We who relate to you, [O Muhammad], their story in truth. Indeed, they were youths who believed in their Lord, and We increased them in guidance.","translation_id":"Kami kisahkan kepadamu (Muhammad) cerita ini dengan benar. Sesungguhnya mereka adalah pemuda-pemuda yang beriman kepada Tuhan mereka, dan Kami tambah pula untuk mereka petunjuk."},{"number":14,"text":"وَرَبَطْنَا عَلَىٰ قُلُوبِهِمْ إِذْ قَامُوا۟ فَقَالُوا۟ رَبُّنَا رَبُّ ٱلسَّمَٰوَٰتِ وَٱلْأَرْضِ لَن نَّدْعُوَا۟ مِن دُونِهِۦٓ إِلَٰهًا لَّقَدْ قُلْنَآ إِذًا شَطَطًا","translation_en":"And We made firm their hearts when they stood up and said, \"Our Lord is the Lord of the heavens and the earth. Never will we invoke besides Him any deity. We would have certainly spoken, then, an excessive transgression.","translation_id":"Dan Kami meneguhkan hati mereka diwaktu mereka berdiri, lalu mereka pun berkata, \"Tuhan kami adalah Tuhan seluruh langit dan bumi; kami sekali-kali tidak menyeru Tuhan selain Dia, sesungguhnya kami kalau demikian telah mengucapkan perkataan yang amat jauh dari kebenaran\"."},{"number":15,"text":"هَٰٓؤُلَآءِ قَوْمُنَا ٱتَّخَذُوا۟ مِن دُونِهِۦٓ ءَالِهَةً لَّوْلَا يَأْتُونَ عَلَيْهِم بِسُلْطَٰنٍۭ بَيِّنٍ فَمَنْ أَظْلَمُ مِمَّنِ ٱفْتَرَىٰ عَلَى ٱللَّهِ كَذِبًا","translation_en":"These, our people, have taken besides Him deities. Why do they not bring for [worship of] them a clear authority? And who is more unjust than one who invents about Allah a lie?\"","translation_id":"Kaum kami ini telah menjadikan selain Dia sebagai tuhan-tuhan (untuk disembah). Mengapa mereka tidak mengemukakan alasan yang terang (tentang kepercayaan mereka)? Siapakah yang lebih zalim daripada orang-orang yang mengada-adakan kebohongan terhadap Allah?"},{"number":16,"text":"وَإِذِ ٱعْتَزَلْتُمُوهُمْ وَمَا يَعْبُدُونَ إِلَّا ٱللَّهَ فَأْوُۥٓا۟ إِلَى ٱلْكَهْفِ يَنشُرْ لَكُمْ رَبُّكُم مِّن رَّحْمَتِهِۦ وَيُهَيِّئْ لَكُم مِّنْ أَمْرِكُم مِّرْفَقًا","translation_en":"[The youths said to one another], \"And when you have withdrawn from them and that which they worship other than Allah, retreat to the cave. Your Lord will spread out for you of His mercy and will prepare for you from your affair facility.\"","translation_id":"Dan apabila kamu meninggalkan mereka dan apa yang mereka sembah selain Allah, maka carilah tempat berlindung ke dalam gua itu, niscaya Tuhanmu akan melimpahkan sebagian rahmat-Nya kepadamu dan menyediakan sesuatu yang berguna bagimu dalam urusan kamu."},{"number":17,"text":"وَتَرَى ٱلشَّمْسَ إِذَا طَلَعَت تَّزَٰوَرُ عَن كَهْفِهِمْ ذَاتَ ٱلْيَمِينِ وَإِذَا غَرَبَت تَّقْرِضُهُمْ ذَاتَ ٱلشِّمَالِ وَهُمْ فِى فَجْوَةٍ مِّنْهُ ذَٰلِكَ مِنْ ءَايَٰتِ ٱللَّهِ مَن يَهْدِ ٱللَّهُ فَهُوَ ٱلْمُهْتَدِ وَمَن يُضْلِلْ فَلَن تَجِدَ لَهُۥ وَلِيًّا مُّرْشِدًا","translation_en":"And [had you been present], you would see the sun when it rose, inclining away from their cave on the right, and when it set, passing away from them on the left, while they were [laying] within an open space thereof. That was from the signs of Allah. He whom Allah guides is the [rightly] guided, but he whom He leaves astray - never will you find for him a protecting guide.","translation_id":"Dan kamu akan melihat matahari ketika terbit, condong dari gua mereka ke sebelah kanan, dan bila matahari terbenam menjauhi mereka ke sebelah kiri sedang mereka berada dalam tempat yang luas dalam gua itu. Itu adalah sebagian dari tanda-tanda (kebesaran) Allah. Barangsiapa yang diberi petunjuk oleh Allah, maka dialah yang mendapat petunjuk; dan barangsiapa yang disesatkan-Nya, maka kamu tidak akan mendapatkan seorang pemimpinpun yang dapat memberi petunjuk kepadanya."},{"number":18,"text":"وَتَحْسَبُهُمْ أَيْقَاظًا وَهُمْ رُقُودٌ وَنُقَلِّبُهُمْ ذَاتَ ٱلْيَمِينِ وَذَاتَ ٱلشِّمَالِ وَكَلْبُهُم بَٰسِطٌ ذِرَاعَيْهِ بِٱلْوَصِيدِ لَوِ ٱطَّلَعْتَ عَلَيْهِمْ لَوَلَّيْتَ مِنْهُمْ فِرَارًا وَلَمُلِئْتَ مِنْهُمْ رُعْبًا","translation_en":"And you would think them awake, while they were asleep. And We turned them to the right and to the left, while their dog stretched his forelegs at the entrance. If you had looked at them, you would have turned from them in flight and been filled by them with terror.","translation_id":"Dan kamu mengira mereka itu bangun, padahal mereka tidur; Dan kami balik-balikkan mereka ke kanan dan ke kiri, sedang anjing mereka mengunjurkan kedua lengannya di muka pintu gua. Dan jika kamu menyaksikan mereka tentulah kamu akan berpaling dari mereka dengan melarikan diri dan tentulah (hati) kamu akan dipenuhi oleh ketakutan terhadap mereka."},{"number":19,"text":"وَكَذَٰلِكَ بَعَثْنَٰهُمْ لِيَتَسَآءَلُوا۟ بَيْنَهُمْ قَالَ قَآئِلٌ مِّنْهُمْ كَمْ لَبِثْتُمْ قَالُوا۟ لَبِثْنَا يَوْمًا أَوْ بَعْضَ يَوْمٍ قَالُوا۟ رَبُّكُمْ أَعْلَمُ بِمَا لَبِثْتُمْ فَٱبْعَثُوٓا۟ أَحَدَكُم بِوَرِقِكُمْ هَٰذِهِۦٓ إِلَى ٱلْمَدِينَةِ فَلْيَنظُرْ أَيُّهَآ أَزْكَىٰ طَعَامًا فَلْيَأْتِكُم بِرِزْقٍ مِّنْهُ وَلْيَتَلَطَّفْ وَلَا يُشْعِرَنَّ بِكُمْ أَحَدًا","translation_en":"And similarly, We awakened them that they might question one another. Said a speaker from among them, \"How long have you remained [here]?\" They said, \"We have remained a day or part of a day.\" They said, \"Your Lord is most knowing of how long you remained. So send one of you with this silver coin of yours to the city and let him look to which is the best of food and bring you provision from it and let him be cautious. And let no one be aware of you.","translation_id":"Dan demikianlah Kami bangunkan mereka agar mereka saling bertanya di antara mereka sendiri. Berkatalah salah seorang di antara mereka: Sudah berapa lamakah kamu berada (disini?)\". Mereka menjawab: \"Kita berada (disini) sehari atau setengah hari\". Berkata (yang lain lagi): \"Tuhan kamu lebih mengetahui berapa lamanya kamu berada (di sini). Maka suruhlah salah seorang di antara kamu untuk pergi ke kota dengan membawa uang perakmu ini, dan hendaklah dia lihat manakah makanan yang lebih baik, maka hendaklah ia membawa makanan itu untukmu, dan hendaklah ia berlaku lemah-lembut dan janganlah sekali-kali menceritakan halmu kepada seorangpun."},{"number":20,"text":"إِنَّهُمْ إِن يَظْهَرُوا۟ عَلَيْكُمْ يَرْجُمُوكُمْ أَوْ يُعِيدُوكُمْ فِى مِلَّتِهِمْ وَلَن تُفْلِحُوٓا۟ إِذًا أَبَدًا","translation_en":"Indeed, if they come to know of you, they will stone you or return you to their religion. And never would you succeed, then - ever.\"","translation_id":"Sesungguhnya jika mereka dapat mengetahui tempatmu, niscaya mereka akan melempar kamu dengan batu, atau memaksamu kembali kepada agama mereka, dan jika demikian niscaya kamu tidak akan beruntung selama lamanya\"."},{"number":21,"text":"وَكَذَٰلِكَ أَعْثَرْنَا عَلَيْهِمْ لِيَعْلَمُوٓا۟ أَنَّ وَعْدَ ٱللَّهِ حَقٌّ وَأَنَّ ٱلسَّاعَةَ لَا رَيْبَ فِيهَآ إِذْ يَتَنَٰزَعُونَ بَيْنَهُمْ أَمْرَهُمْ فَقَالُوا۟ ٱبْنُوا۟ عَلَيْهِم بُنْيَٰنًا رَّبُّهُمْ أَعْلَمُ بِهِمْ قَالَ ٱلَّذِينَ غَلَبُوا۟ عَلَىٰٓ أَمْرِهِمْ لَنَتَّخِذَنَّ عَلَيْهِم مَّسْجِدًا","translation_en":"And similarly, We caused them to be found that they [who found them] would know that the promise of Allah is truth and that of the Hour there is no doubt. [That was] when they disputed among themselves about their affair and [then] said, \"Construct over them a structure. Their Lord is most knowing about them.\" Said those who prevailed in the matter, \"We will surely take [for ourselves] over them a masjid.\"","translation_id":"Dan demikian (pula) Kami mempertemukan (manusia) dengan mereka, agar manusia itu mengetahui, bahwa janji Allah itu benar, dan bahwa kedatangan hari kiamat tidak ada keraguan padanya. Ketika orang-orang itu berselisih tentang urusan mereka, orang-orang itu berkata: \"Dirikan sebuah bangunan di atas (gua) mereka, Tuhan mereka lebih mengetahui tentang mereka\". Orang-orang yang berkuasa atas urusan mereka berkata: \"Sesungguhnya kami akan mendirikan sebuah rumah peribadatan di atasnya\"."},{"number":22,"text":"سَيَقُولُونَ ثَلَٰثَةٌ رَّابِعُهُمْ كَلْبُهُمْ وَيَقُولُونَ خَمْسَةٌ سَادِسُهُمْ كَلْبُهُمْ رَجْمًۢا بِٱلْغَيْبِ وَيَقُولُونَ سَبْعَةٌ وَثَامِنُهُمْ كَلْبُهُمْ قُل رَّبِّىٓ أَعْلَمُ بِعِدَّتِهِم مَّا يَعْلَمُهُمْ إِلَّا قَلِيلٌ فَلَا تُمَارِ فِيهِمْ إِلَّا مِرَآءً ظَٰهِرًا وَلَا تَسْتَفْتِ فِيهِم مِّنْهُمْ أَحَدًا","translation_en":"They will say there were three, the fourth of them being their dog; and they will say there were five, the sixth of them being their dog - guessing at the unseen; and they will say there were seven, and the eighth of them was their dog. Say, [O Muhammad], \"My Lord is most knowing of their number. None knows them except a few. So do not argue about them except with an obvious argument and do not inquire about them among [the speculators] from anyone.\"","translation_id":"Nanti (ada orang yang akan) mengatakan (jumlah mereka) adalah tiga orang yang keempat adalah anjingnya, dan (yang lain) mengatakan: \"(jumlah mereka) adalah lima orang yang keenam adalah anjing nya\", sebagai terkaan terhadap barang yang gaib; dan (yang lain lagi) mengatakan: \"(jumlah mereka) tujuh orang, yang ke delapan adalah anjingnya\". Katakanlah: \"Tuhanku lebih mengetahui jumlah mereka; tidak ada orang yang mengetahui (bilangan) mereka kecuali sedikit\". Karena itu janganlah kamu (Muhammad) bertengkar tentang hal mereka, kecuali pertengkaran lahir saja dan jangan kamu menanyakan tentang mereka (pemuda-pemuda itu) kepada seorangpun di antara mereka."},{"number":23,"text":"وَلَا تَقُولَنَّ لِشَا۟ىْءٍ إِنِّى فَاعِلٌ ذَٰلِكَ غَدًا","translation_en":"And never say of anything, \"Indeed, I will do that tomorrow,\"","translation_id":"Dan jangan sekali-kali kamu mengatakan tentang sesuatu: \"Sesungguhnya aku akan mengerjakan ini besok pagi,"},{"number":24,"text":"إِلَّآ أَن يَشَآءَ ٱللَّهُ وَٱذْكُر رَّبَّكَ إِذَا نَسِيتَ وَقُلْ عَسَىٰٓ أَن يَهْدِيَنِ رَبِّى لِأَقْرَبَ مِنْ هَٰذَا رَشَدًا","translation_en":"Except [when adding], \"If Allah wills.\" And remember your Lord when you forget [it] and say, \"Perhaps my Lord will guide me to what is nearer than this to right conduct.\"","translation_id":"kecuali (dengan menyebut): \"Insya Allah\". Dan ingatlah kepada Tuhanmu jika kamu lupa dan katakanlah: \"Mudah-mudahan Tuhanku akan memberiku petunjuk kepada yang lebih dekat kebenarannya dari pada ini\"."},{"number":25,"text":"وَلَبِثُوا۟ فِى كَهْفِهِمْ ثَلَٰثَ مِا۟ئَةٍ سِنِينَ وَٱزْدَادُوا۟ تِسْعًا","translation_en":"And they remained in their cave for three hundred years and exceeded by nine.","translation_id":"Dan mereka tinggal dalam gua mereka tiga ratus tahun dan ditambah sembilan tahun (lagi)."},{"number":26,"text":"قُلِ ٱللَّهُ أَعْلَمُ بِمَا لَبِثُوا۟ لَهُۥ غَيْبُ ٱلسَّمَٰوَٰتِ وَٱلْأَرْضِ أَبْصِرْ بِهِۦ وَأَسْمِعْ مَا لَهُم مِّن دُونِهِۦ مِن وَلِىٍّ وَلَا يُشْرِكُ فِى حُكْمِهِۦٓ أَحَدًا","translation_en":"Say, \"Allah is most knowing of how long they remained. He has [knowledge of] the unseen [aspects] of the heavens and the earth. How Seeing is He and how Hearing! They have not besides Him any protector, and He shares not His legislation with anyone.\"","translation_id":"Katakanlah: \"Allah lebih mengetahui berapa lamanya mereka tinggal (di gua); kepunyaan-Nya-lah semua yang tersembunyi di langit dan di bumi. Alangkah terang penglihatan-Nya dan alangkah tajam pendengaran-Nya; tak ada seorang pelindungpun bagi mereka selain dari pada-Nya; dan Dia tidak mengambil seorangpun menjadi sekutu-Nya dalam menetapkan keputusan\"."},{"number":27,"text":"وَٱتْلُ مَآ أُوحِىَ إِلَيْكَ مِن كِتَابِ رَبِّكَ لَا مُبَدِّلَ لِكَلِمَٰتِهِۦ وَلَن تَجِدَ مِن دُونِهِۦ مُلْتَحَدًا","translation_en":"And recite, [O Muhammad], what has been revealed to you of the Book of your Lord. There is no changer of His words, and never will you find in other than Him a refuge.","translation_id":"Dan bacakanlah apa yang diwahyukan kepadamu, yaitu kitab Tuhanmu (Al Quran). Tidak ada (seorangpun) yang dapat merubah kalimat-kalimat-Nya. Dan kamu tidak akan dapat menemukan tempat berlindung selain dari pada-Nya."},{"number":28,"text":"وَٱصْبِرْ نَفْسَكَ مَعَ ٱلَّذِينَ يَدْعُونَ رَبَّهُم بِٱلْغَدَوٰةِ وَٱلْعَشِىِّ يُرِيدُونَ وَجْهَهُۥ وَلَا تَعْدُ عَيْنَاكَ عَنْهُمْ تُرِيدُ زِينَةَ ٱلْحَيَوٰةِ ٱلدُّنْيَا وَلَا تُطِعْ مَنْ أَغْفَلْنَا قَلْبَهُۥ عَن ذِكْرِنَا وَٱتَّبَعَ هَوَىٰهُ وَكَانَ أَمْرُهُۥ فُرُطًا","translation_en":"And keep yourself patient [by being] with those who call upon their Lord in the morning and the evening, seeking His countenance. And let not your eyes pass beyond them, desiring adornments of the worldly life, and do not obey one whose heart We have made heedless of Our remembrance and who follows his desire and whose affair is ever [in] neglect.","translation_id":"Dan bersabarlah kamu bersama-sama dengan orang-orang yang menyeru Tuhannya di pagi dan senja hari dengan mengharap keridhaan-Nya; dan janganlah kedua matamu berpaling dari mereka (karena) mengharapkan perhiasan dunia ini; dan janganlah kamu mengikuti orang yang hatinya telah Kami lalaikan dari mengingati Kami, serta menuruti hawa nafsunya dan adalah keadaannya itu melewati batas."},{"number":29,"text":"وَقُلِ ٱلْحَقُّ مِن رَّبِّكُمْ فَمَن شَآءَ فَلْيُؤْمِن وَمَن شَآءَ فَلْيَكْفُرْ إِنَّآ أَعْتَدْنَا لِلظَّٰلِمِينَ نَارًا أَحَاطَ بِهِمْ سُرَادِقُهَا وَإِن يَسْتَغِيثُوا۟ يُغَاثُوا۟ بِمَآءٍ كَٱلْمُهْلِ يَشْوِى ٱلْوُجُوهَ بِئْسَ ٱلشَّرَابُ وَسَآءَتْ مُرْتَفَقًا","translation_en":"And say, \"The truth is from your Lord, so whoever wills - let him believe; and whoever wills - let him disbelieve.\" Indeed, We have prepared for the wrongdoers a fire whose walls will surround them. And if they call for relief, they will be relieved with water like murky oil, which scalds [their] faces. Wretched is the drink, and evil is the resting place.","translation_id":"Dan katakanlah: \"Kebenaran itu datangnya dari Tuhanmu; maka barangsiapa yang ingin (beriman) hendaklah ia beriman, dan barangsiapa yang ingin (kafir) biarlah ia kafir\". Sesungguhnya Kami telah sediakan bagi orang orang zalim itu neraka, yang gejolaknya mengepung mereka. Dan jika mereka meminta minum, niscaya mereka akan diberi minum dengan air seperti besi yang mendidih yang menghanguskan muka. Itulah minuman yang paling buruk dan tempat istirahat yang paling jelek."},{"number":30,"text":"إِنَّ ٱلَّذِينَ ءَامَنُوا۟ وَعَمِلُوا۟ ٱلصَّٰلِحَٰتِ إِنَّا لَا نُضِيعُ أَجْرَ مَنْ أَحْسَنَ عَمَلًا","translation_en":"Indeed, those who have believed and done righteous deeds - indeed, We will not allow to be lost the reward of any who did well in deeds.","translation_id":"Sesunggunya mereka yang beriman dan beramal saleh, tentulah Kami tidak akan menyia-nyiakan pahala orang-orang yang mengerjakan amalan(nya) dengan yang baik."},{"number":31,"text":"أُو۟لَٰٓئِكَ لَهُمْ جَنَّٰتُ عَدْنٍ تَجْرِى مِن تَحْتِهِمُ ٱلْأَنْهَٰرُ يُحَلَّوْنَ فِيهَا مِنْ أَسَاوِرَ مِن ذَهَبٍ وَيَلْبَسُونَ ثِيَابًا خُضْرًا مِّن سُندُسٍ وَإِسْتَبْرَقٍ مُّتَّكِـِٔينَ فِيهَا عَلَى ٱلْأَرَآئِكِ نِعْمَ ٱلثَّوَابُ وَحَسُنَتْ مُرْتَفَقًا","translation_en":"Those will have gardens of perpetual residence; beneath them rivers will flow. They will be adorned therein with bracelets of gold and will wear green garments of fine silk and brocade, reclining therein on adorned couches. Excellent is the reward, and good is the resting place.","translation_id":"Mereka itulah (orang-orang yang) bagi mereka surga 'Adn, mengalir sungai-sungai di bawahnya; dalam surga itu mereka dihiasi dengan gelang mas dan mereka memakai pakaian hijau dari sutera halus dan sutera tebal, sedang mereka duduk sambil bersandar di atas dipan-dipan yang indah. Itulah pahala yang sebaik-baiknya, dan tempat istirahat yang indah;"},{"number":32,"text":"وَٱضْرِبْ لَهُم مَّثَلًا رَّجُلَيْنِ جَعَلْنَا لِأَحَدِهِمَا جَنَّتَيْنِ مِنْ أَعْنَٰبٍ وَحَفَفْنَٰهُمَا بِنَخْلٍ وَجَعَلْنَا بَيْنَهُمَا زَرْعًا","translation_en":"And present to them an example of two men: We granted to one of them two gardens of grapevines, and We bordered them with palm trees and placed between them [fields of] crops.","translation_id":"Dan berikanlah kepada mereka sebuah perumpamaan dua orang laki-laki, Kami jadikan bagi seorang di antara keduanya (yang kafir) dua buah kebun anggur dan kami kelilingi kedua kebun itu dengan pohon-pohon korma dan di antara kedua kebun itu Kami buatkan ladang."},{"number":33,"text":"كِلْتَا ٱلْجَنَّتَيْنِ ءَاتَتْ أُكُلَهَا وَلَمْ تَظْلِم مِّنْهُ شَيْـًٔا وَفَجَّرْنَا خِلَٰلَهُمَا نَهَرًا","translation_en":"Each of the two gardens produced its fruit and did not fall short thereof in anything. And We caused to gush forth within them a river.","translation_id":"Kedua buah kebun itu menghasilkan buahnya, dan kebun itu tiada kurang buahnya sedikitpun, dan Kami alirkan sungai di celah-celah kedua kebun itu,"},{"number":34,"text":"وَكَانَ لَهُۥ ثَمَرٌ فَقَالَ لِصَٰحِبِهِۦ وَهُوَ يُحَاوِرُهُۥٓ أَنَا۠ أَكْثَرُ مِنكَ مَالًا وَأَعَزُّ نَفَرًا","translation_en":"And he had fruit, so he said to his companion while he was conversing with him, \"I am greater than you in wealth and mightier in [numbers of] men.\"","translation_id":"dan dia mempunyai kekayaan besar, maka ia berkata kepada kawannya (yang mukmin) ketika bercakap-cakap dengan dia: \"Hartaku lebih banyak dari pada hartamu dan pengikut-pengikutku lebih kuat\""},{"number":35,"text":"وَدَخَلَ جَنَّتَهُۥ وَهُوَ ظَالِمٌ لِّنَفْسِهِۦ قَالَ مَآ أَظُنُّ أَن تَبِيدَ هَٰذِهِۦٓ أَبَدًا","translation_en":"And he entered his garden while he was unjust to himself. He said, \"I do not think that this will perish - ever.","translation_id":"Dan dia memasuki kebunnya sedang dia zalim terhadap dirinya sendiri; ia berkata: \"Aku kira kebun ini tidak akan binasa selama-lamanya,"},{"number":36,"text":"وَمَآ أَظُنُّ ٱلسَّاعَةَ قَآئِمَةً وَلَئِن رُّدِدتُّ إِلَىٰ رَبِّى لَأَجِدَنَّ خَيْرًا مِّنْهَا مُنقَلَبًا","translation_en":"And I do not think the Hour will occur. And even if I should be brought back to my Lord, I will surely find better than this as a return.\"","translation_id":"dan aku tidak mengira hari kiamat itu akan datang, dan jika sekiranya aku kembalikan kepada Tuhanku, pasti aku akan mendapat tempat kembali yang lebih baik dari pada kebun-kebun itu\"."},{"number":37,"text":"قَالَ لَهُۥ صَاحِبُهُۥ وَهُوَ يُحَاوِرُهُۥٓ أَكَفَرْتَ بِٱلَّذِى خَلَقَكَ مِن تُرَابٍ ثُمَّ مِن نُّطْفَةٍ ثُمَّ سَوَّىٰكَ رَجُلًا","translation_en":"His companion said to him while he was conversing with him, \"Have you disbelieved in He who created you from dust and then from a sperm-drop and then proportioned you [as] a man?","translation_id":"Kawannya (yang mukmin) berkata kepadanya -- sedang dia bercakap-cakap dengannya: \"Apakah kamu kafir kepada (Tuhan) yang menciptakan kamu dari tanah, kemudian dari setetes air mani, lalu Dia menjadikan kamu seorang laki-laki yang sempurna?"},{"number":38,"text":"لَّٰكِنَّا۠ هُوَ ٱللَّهُ رَبِّى وَلَآ أُشْرِكُ بِرَبِّىٓ أَحَدًا","translation_en":"But as for me, He is Allah, my Lord, and I do not associate with my Lord anyone.","translation_id":"Tetapi aku (percaya bahwa): Dialah Allah, Tuhanku, dan aku tidak mempersekutukan seorangpun dengan Tuhanku."},{"number":39,"text":"وَلَوْلَآ إِذْ دَخَلْتَ جَنَّتَكَ قُلْتَ مَا شَآءَ ٱللَّهُ لَا قُوَّةَ إِلَّا بِٱللَّهِ إِن تَرَنِ أَنَا۠ أَقَلَّ مِنكَ مَالًا وَوَلَدًا","translation_en":"And why did you, when you entered your garden, not say, 'What Allah willed [has occurred]; there is no power except in Allah '? Although you see me less than you in wealth and children,","translation_id":"Dan mengapa kamu tidak mengatakan waktu kamu memasuki kebunmu \"maasyaallaah, laa quwwata illaa billaah (sungguh atas kehendak Allah semua ini terwujud, tiada kekuatan kecuali dengan pertolongan Allah). Sekiranya kamu anggap aku lebih sedikit darimu dalam hal harta dan keturunan,"},{"number":40,"text":"فَعَسَىٰ رَبِّىٓ أَن يُؤْتِيَنِ خَيْرًا مِّن جَنَّتِكَ وَيُرْسِلَ عَلَيْهَا حُسْبَانًا مِّنَ ٱلسَّمَآءِ فَتُصْبِحَ صَعِيدًا زَلَقًا","translation_en":"It may be that my Lord will give me [something] better than your garden and will send upon it a calamity from the sky, and it will become a smooth, dusty ground,","translation_id":"maka mudah-mudahan Tuhanku, akan memberi kepadaku (kebun) yang lebih baik dari pada kebunmu (ini); dan mudah-mudahan Dia mengirimkan ketentuan (petir) dari langit kepada kebunmu; hingga (kebun itu) menjadi tanah yang licin;"},{"number":41,"text":"أَوْ يُصْبِحَ مَآؤُهَا غَوْرًا فَلَن تَسْتَطِيعَ لَهُۥ طَلَبًا","translation_en":"Or its water will become sunken [into the earth], so you would never be able to seek it.\"","translation_id":"atau airnya menjadi surut ke dalam tanah, maka sekali-kali kamu tidak dapat menemukannya lagi\"."},{"number":42,"text":"وَأُحِيطَ بِثَمَرِهِۦ فَأَصْبَحَ يُقَلِّبُ كَفَّيْهِ عَلَىٰ مَآ أَنفَقَ فِيهَا وَهِىَ خَاوِيَةٌ عَلَىٰ عُرُوشِهَا وَيَقُولُ يَٰلَيْتَنِى لَمْ أُشْرِكْ بِرَبِّىٓ أَحَدًا","translation_en":"And his fruits were encompassed [by ruin], so he began to turn his hands about [in dismay] over what he had spent on it, while it had collapsed upon its trellises, and said, \"Oh, I wish I had not associated with my Lord anyone.\"","translation_id":"Dan harta kekayaannya dibinasakan; lalu ia membulak-balikkan kedua tangannya (tanda menyesal) terhadap apa yang ia telah belanjakan untuk itu, sedang pohon anggur itu roboh bersama para-paranya dan dia berkata: \"Aduhai kiranya dulu aku tidak mempersekutukan seorangpun dengan Tuhanku\"."},{"number":43,"text":"وَلَمْ تَكُن لَّهُۥ فِئَةٌ يَنصُرُونَهُۥ مِن دُونِ ٱللَّهِ وَمَا كَانَ مُنتَصِرًا","translation_en":"And there was for him no company to aid him other than Allah, nor could he defend himself.","translation_id":"Dan tidak ada bagi dia segolonganpun yang akan menolongnya selain Allah; dan sekali-kali ia tidak dapat membela dirinya."},{"number":44,"text":"هُنَالِكَ ٱلْوَلَٰيَةُ لِلَّهِ ٱلْحَقِّ هُوَ خَيْرٌ ثَوَابًا وَخَيْرٌ عُقْبًا","translation_en":"There the authority is [completely] for Allah, the Truth. He is best in reward and best in outcome.","translation_id":"Di sana pertolongan itu hanya dari Allah Yang Hak. Dia adalah sebaik-baik Pemberi pahala dan sebaik-baik Pemberi balasan."},{"number":45,"text":"وَٱضْرِبْ لَهُم مَّثَلَ ٱلْحَيَوٰةِ ٱلدُّنْيَا كَمَآءٍ أَنزَلْنَٰهُ مِنَ ٱلسَّمَآءِ فَٱخْتَلَطَ بِهِۦ نَبَاتُ ٱلْأَرْضِ فَأَصْبَحَ هَشِيمًا تَذْرُوهُ ٱلرِّيَٰحُ وَكَانَ ٱللَّهُ عَلَىٰ كُلِّ شَىْءٍ مُّقْتَدِرًا","translation_en":"And present to them the example of the life of this world, [its being] like rain which We send down from the sky, and the vegetation of the earth mingles with it and [then] it becomes dry remnants, scattered by the winds. And Allah is ever, over all things, Perfect in Ability.","translation_id":"Dan berilah perumpamaan kepada mereka (manusia), kehidupan dunia sebagai air hujan yang Kami turunkan dari langit, maka menjadi subur karenanya tumbuh-tumbuhan di muka bumi, kemudian tumbuh-tumbuhan itu menjadi kering yang diterbangkan oleh angin. Dan adalah Allah, Maha Kuasa atas segala sesuatu."},{"number":46,"text":"ٱلْمَالُ وَٱلْبَنُونَ زِينَةُ ٱلْحَيَوٰةِ ٱلدُّنْيَا وَٱلْبَٰقِيَٰتُ ٱلصَّٰلِحَٰتُ خَيْرٌ عِندَ رَبِّكَ ثَوَابًا وَخَيْرٌ أَمَلًا","translation_en":"Wealth and children are [but] adornment of the worldly life. But the enduring good deeds are better to your Lord for reward and better for [one's] hope.","translation_id":"Harta dan anak-anak adalah perhiasan kehidupan dunia tetapi amalan-amalan yang kekal lagi saleh adalah lebih baik pahalanya di sisi Tuhanmu serta lebih baik untuk menjadi harapan."},{"number":47,"text":"وَيَوْمَ نُسَيِّرُ ٱلْجِبَالَ وَتَرَى ٱلْأَرْضَ بَارِزَةً وَحَشَرْنَٰهُمْ فَلَمْ نُغَادِرْ مِنْهُمْ أَحَدًا","translation_en":"And [warn of] the Day when We will remove the mountains and you will see the earth prominent, and We will gather them and not leave behind from them anyone.","translation_id":"Dan (ingatlah) akan hari (yang ketika itu) Kami perjalankan gunung-gunung dan kamu akan dapat melihat bumi itu datar dan Kami kumpulkan seluruh manusia, dan tidak kami tinggalkan seorangpun dari mereka."},{"number":48,"text":"وَعُرِضُوا۟ عَلَىٰ رَبِّكَ صَفًّا لَّقَدْ جِئْتُمُونَا كَمَا خَلَقْنَٰكُمْ أَوَّلَ مَرَّةٍۭ بَلْ زَعَمْتُمْ أَلَّن نَّجْعَلَ لَكُم مَّوْعِدًا","translation_en":"And they will be presented before your Lord in rows, [and He will say], \"You have certainly come to Us just as We created you the first time. But you claimed that We would never make for you an appointment.\"","translation_id":"Dan mereka akan dibawa ke hadapan Tuhanmu dengan berbaris. Sesungguhnya kamu datang kepada Kami, sebagaimana Kami menciptakan kamu pada kali yang pertama; bahkan kamu mengatakan bahwa Kami sekali-kali tidak akan menetapkan bagi kamu waktu (memenuhi) perjanjian."},{"number":49,"text":"وَوُضِعَ ٱلْكِتَٰبُ فَتَرَى ٱلْمُجْرِمِينَ مُشْفِقِينَ مِمَّا فِيهِ وَيَقُولُونَ يَٰوَيْلَتَنَا مَالِ هَٰذَا ٱلْكِتَٰبِ لَا يُغَادِرُ صَغِيرَةً وَلَا كَبِيرَةً إِلَّآ أَحْصَىٰهَا وَوَجَدُوا۟ مَا عَمِلُوا۟ حَاضِرًا وَلَا يَظْلِمُ رَبُّكَ أَحَدًا","translation_en":"And the record [of deeds] will be placed [open], and you will see the criminals fearful of that within it, and they will say, \"Oh, woe to us! What is this book that leaves nothing small or great except that it has enumerated it?\" And they will find what they did present [before them]. And your Lord does injustice to no one.","translation_id":"Dan diletakkanlah kitab, lalu kamu akan melihat orang-orang bersalah ketakutan terhadap apa yang (tertulis) di dalamnya, dan mereka berkata: \"Aduhai celaka kami, kitab apakah ini yang tidak meninggalkan yang kecil dan tidak (pula) yang besar, melainkan ia mencatat semuanya; dan mereka dapati apa yang telah mereka kerjakan ada (tertulis). Dan Tuhanmu tidak menganiaya seorang juapun\"."},{"number":50,"text":"وَإِذْ قُلْنَا لِلْمَلَٰٓئِكَةِ ٱسْجُدُوا۟ لِءَادَمَ فَسَجَدُوٓا۟ إِلَّآ إِبْلِيسَ كَانَ مِنَ ٱلْجِنِّ فَفَسَقَ عَنْ أَمْرِ رَبِّهِۦٓ أَفَتَتَّخِذُونَهُۥ وَذُرِّيَّتَهُۥٓ أَوْلِيَآءَ مِن دُونِى وَهُمْ لَكُمْ عَدُوٌّۢ بِئْسَ لِلظَّٰلِمِينَ بَدَلًا","translation_en":"And [mention] when We said to the angels, \"Prostrate to Adam,\" and they prostrated, except for Iblees. He was of the jinn and departed from the command of his Lord. Then will you take him and his descendants as allies other than Me while they are enemies to you? Wretched it is for the wrongdoers as an exchange.","translation_id":"Dan (ingatlah) ketika Kami berfirman kepada para malaikat: \"Sujudlah kamu kepada Adam, maka sujudlah mereka kecuali Iblis. Dia adalah dari golongan jin, maka ia mendurhakai perintah Tuhannya. Patutkah kamu mengambil dia dan turanan-turunannya sebagai pemimpin selain daripada-Ku, sedang mereka adalah musuhmu? Amat buruklah iblis itu sebagai pengganti (dari Allah) bagi orang-orang yang zalim."},{"number":51,"text":"مَّآ أَشْهَدتُّهُمْ خَلْقَ ٱلسَّمَٰوَٰتِ وَٱلْأَرْضِ وَلَا خَلْقَ أَنفُسِهِمْ وَمَا كُنتُ مُتَّخِذَ ٱلْمُضِلِّينَ عَضُدًا","translation_en":"I did not make them witness to the creation of the heavens and the earth or to the creation of themselves, and I would not have taken the misguiders as assistants.","translation_id":"Aku tidak menghadirkan mereka (iblis dan anak cucunya) untuk menyaksikan penciptaan langit dan bumi dan tidak (pula) penciptaan diri mereka sendiri; dan tidaklah Aku mengambil orang-orang yang menyesatkan itu sebagai penolong."},{"number":52,"text":"وَيَوْمَ يَقُولُ نَادُوا۟ شُرَكَآءِىَ ٱلَّذِينَ زَعَمْتُمْ فَدَعَوْهُمْ فَلَمْ يَسْتَجِيبُوا۟ لَهُمْ وَجَعَلْنَا بَيْنَهُم مَّوْبِقًا","translation_en":"And [warn of] the Day when He will say, \"Call 'My partners' whom you claimed,\" and they will invoke them, but they will not respond to them. And We will put between them [a valley of] destruction.","translation_id":"Dan (ingatlah) akan hari (yang ketika itu) Dia berfirman: \"Serulah olehmu sekalian sekutu-sekutu-Ku yang kamu katakan itu\". Mereka lalu memanggilnya tetapi sekutu-sekutu itu tidak membalas seruan mereka dan Kami adakan untuk mereka tempat kebinasaan (neraka)."},{"number":53,"text":"وَرَءَا ٱلْمُجْرِمُونَ ٱلنَّارَ فَظَنُّوٓا۟ أَنَّهُم مُّوَاقِعُوهَا وَلَمْ يَجِدُوا۟ عَنْهَا مَصْرِفًا","translation_en":"And the criminals will see the Fire and will be certain that they are to fall therein. And they will not find from it a way elsewhere.","translation_id":"Dan orang-orang yang berdosa melihat neraka, maka mereka meyakini, bahwa mereka akan jatuh ke dalamnya dan mereka tidak menemukan tempat berpaling dari padanya."},{"number":54,"text":"وَلَقَدْ صَرَّفْنَا فِى هَٰذَا ٱلْقُرْءَانِ لِلنَّاسِ مِن كُلِّ مَثَلٍ وَكَانَ ٱلْإِنسَٰنُ أَكْثَرَ شَىْءٍ جَدَلًا","translation_en":"And We have certainly diversified in this Qur'an for the people from every [kind of] example; but man has ever been, most of anything, [prone to] dispute.","translation_id":"Dan sesungguhnya Kami telah mengulang-ulangi bagi manusia dalam Al Quran ini bermacam-macam perumpamaan. Dan manusia adalah makhluk yang paling banyak membantah."},{"number":55,"text":"وَمَا مَنَعَ ٱلنَّاسَ أَن يُؤْمِنُوٓا۟ إِذْ جَآءَهُمُ ٱلْهُدَىٰ وَيَسْتَغْفِرُوا۟ رَبَّهُمْ إِلَّآ أَن تَأْتِيَهُمْ سُنَّةُ ٱلْأَوَّلِينَ أَوْ يَأْتِيَهُمُ ٱلْعَذَابُ قُبُلًا","translation_en":"And nothing has prevented the people from believing when guidance came to them and from asking forgiveness of their Lord except that there [must] befall them the [accustomed] precedent of the former peoples or that the punishment should come [directly] before them.","translation_id":"Dam tidak ada sesuatupun yang menghalangi manusia dari beriman, ketika petunjuk telah datang kepada mereka, dan dari memohon ampun kepada Tuhannya, kecuali (keinginan menanti) datangnya hukum (Allah yang telah berlalu pada) umat-umat yang dahulu atau datangnya azab atas mereka dengan nyata."},{"number":56,"text":"وَمَا نُرْسِلُ ٱلْمُرْسَلِينَ إِلَّا مُبَشِّرِينَ وَمُنذِرِينَ وَيُجَٰدِلُ ٱلَّذِينَ كَفَرُوا۟ بِٱلْبَٰطِلِ لِيُدْحِضُوا۟ بِهِ ٱلْحَقَّ وَٱتَّخَذُوٓا۟ ءَايَٰتِى وَمَآ أُنذِرُوا۟ هُزُوًا","translation_en":"And We send not the messengers except as bringers of good tidings and warners. And those who disbelieve dispute by [using] falsehood to [attempt to] invalidate thereby the truth and have taken My verses, and that of which they are warned, in ridicule.","translation_id":"Dan tidaklah Kami mengutus rasul-rasul hanyalah sebagai pembawa berita gembira dan sebagai pemberi peringatan; tetapi orang-orang yang kafir membantah dengan yang batil agar dengan demikian mereka dapat melenyap kan yang hak, dan mereka menganggap ayat-ayat kami dan peringatan-peringatan terhadap mereka sebagai olok-olokan."},{"number":57,"text":"وَمَنْ أَظْلَمُ مِمَّن ذُكِّرَ بِـَٔايَٰتِ رَبِّهِۦ فَأَعْرَضَ عَنْهَا وَنَسِىَ مَا قَدَّمَتْ يَدَاهُ إِنَّا جَعَلْنَا عَلَىٰ قُلُوبِهِمْ أَكِنَّةً أَن يَفْقَهُوهُ وَفِىٓ ءَاذَانِهِمْ وَقْرًا وَإِن تَدْعُهُمْ إِلَى ٱلْهُدَىٰ فَلَن يَهْتَدُوٓا۟ إِذًا أَبَدًا","translation_en":"And who is more unjust than one who is reminded of the verses of his Lord but turns away from them and forgets what his hands have put forth? Indeed, We have placed over their hearts coverings, lest they understand it, and in their ears deafness. And if you invite them to guidance - they will never be guided, then - ever.","translation_id":"Dan siapakah yang lebih zalim dari pada orang yang telah diperingatkan dengan ayat-ayat Tuhannya lalu dia berpaling dari padanya dan melupakan apa yang telah dikerjakan oleh kedua tangannya? Sesungguhnya Kami telah meletakkan tutupan di atas hati mereka, (sehingga mereka tidak) memahaminya, dan (Kami letakkan pula) sumbatan di telinga mereka; dan kendatipun kamu menyeru mereka kepada petunjuk, niscaya mereka tidak akan mendapat petunjuk selama-lamanya."},{"number":58,"text":"وَرَبُّكَ ٱلْغَفُورُ ذُو ٱلرَّحْمَةِ لَوْ يُؤَاخِذُهُم بِمَا كَسَبُوا۟ لَعَجَّلَ لَهُمُ ٱلْعَذَابَ بَل لَّهُم مَّوْعِدٌ لَّن يَجِدُوا۟ مِن دُونِهِۦ مَوْئِلًا","translation_en":"And your Lord is the Forgiving, full of mercy. If He were to impose blame upon them for what they earned, He would have hastened for them the punishment. Rather, for them is an appointment from which they will never find an escape.","translation_id":"Dan Tuhanmulah yang Maha Pengampun, lagi mempunyai rahmat. Jika Dia mengazab mereka karena perbuatan mereka, tentu Dia akan menyegerakan azab bagi mereka. Tetapi bagi mereka ada waktu yang tertentu (untuk mendapat azab) yang mereka sekali-kali tidak akan menemukan tempat berlindung dari padanya."},{"number":59,"text":"وَتِلْكَ ٱلْقُرَىٰٓ أَهْلَكْنَٰهُمْ لَمَّا ظَلَمُوا۟ وَجَعَلْنَا لِمَهْلِكِهِم مَّوْعِدًا","translation_en":"And those cities - We destroyed them when they wronged, and We made for their destruction an appointed time.","translation_id":"Dan (penduduk) negeri telah Kami binasakan ketika mereka berbuat zalim, dan telah Kami tetapkan waktu tertentu bagi kebinasaan mereka."},{"number":60,"text":"وَإِذْ قَالَ مُوسَىٰ لِفَتَىٰهُ لَآ أَبْرَحُ حَتَّىٰٓ أَبْلُغَ مَجْمَعَ ٱلْبَحْرَيْنِ أَوْ أَمْضِىَ حُقُبًا","translation_en":"And [mention] when Moses said to his servant, \"I will not cease [traveling] until I reach the junction of the two seas or continue for a long period.\"","translation_id":"Dan (ingatlah) ketika Musa berkata kepada muridnya: \"Aku tidak akan berhenti (berjalan) sebelum sampai ke pertemuan dua buah lautan; atau aku akan berjalan sampai bertahun-tahun\"."},{"number":61,"text":"فَلَمَّا بَلَغَا مَجْمَعَ بَيْنِهِمَا نَسِيَا حُوتَهُمَا فَٱتَّخَذَ سَبِيلَهُۥ فِى ٱلْبَحْرِ سَرَبًا","translation_en":"But when they reached the junction between them, they forgot their fish, and it took its course into the sea, slipping away.","translation_id":"Maka tatkala mereka sampai ke pertemuan dua buah laut itu, mereka lalai akan ikannya, lalu ikan itu melompat mengambil jalannya ke laut itu."},{"number":62,"text":"فَلَمَّا جَاوَزَا قَالَ لِفَتَىٰهُ ءَاتِنَا غَدَآءَنَا لَقَدْ لَقِينَا مِن سَفَرِنَا هَٰذَا نَصَبًا","translation_en":"So when they had passed beyond it, [Moses] said to his boy, \"Bring us our morning meal. We have certainly suffered in this, our journey, [much] fatigue.\"","translation_id":"Maka tatkala mereka berjalan lebih jauh, berkatalah Musa kepada muridnya: \"Bawalah kemari makanan kita; sesungguhnya kita telah merasa letih karena perjalanan kita ini\"."},{"number":63,"text":"قَالَ أَرَءَيْتَ إِذْ أَوَيْنَآ إِلَى ٱلصَّخْرَةِ فَإِنِّى نَسِيتُ ٱلْحُوتَ وَمَآ أَنسَىٰنِيهُ إِلَّا ٱلشَّيْطَٰنُ أَنْ أَذْكُرَهُۥ وَٱتَّخَذَ سَبِيلَهُۥ فِى ٱلْبَحْرِ عَجَبًا","translation_en":"He said, \"Did you see when we retired to the rock? Indeed, I forgot [there] the fish. And none made me forget it except Satan - that I should mention it. And it took its course into the sea amazingly\".","translation_id":"Muridnya menjawab: \"Tahukah kamu tatkala kita mencari tempat berlindung di batu tadi, maka sesungguhnya aku lupa (menceritakan tentang) ikan itu dan tidak adalah yang melupakan aku untuk menceritakannya kecuali syaitan dan ikan itu mengambil jalannya ke laut dengan cara yang aneh sekali\"."},{"number":64,"text":"قَالَ ذَٰلِكَ مَا كُنَّا نَبْغِ فَٱرْتَدَّا عَلَىٰٓ ءَاثَارِهِمَا قَصَصًا","translation_en":"[Moses] said, \"That is what we were seeking.\" So they returned, following their footprints.","translation_id":"Musa berkata: \"Itulah (tempat) yang kita cari\". Lalu keduanya kembali, mengikuti jejak mereka semula."},{"number":65,"text":"فَوَجَدَا عَبْدًا مِّنْ عِبَادِنَآ ءَاتَيْنَٰهُ رَحْمَةً مِّنْ عِندِنَا وَعَلَّمْنَٰهُ مِن لَّدُنَّا عِلْمًا","translation_en":"And they found a servant from among Our servants to whom we had given mercy from us and had taught him from Us a [certain] knowledge.","translation_id":"Lalu mereka bertemu dengan seorang hamba di antara hamba-hamba Kami, yang telah Kami berikan kepadanya rahmat dari sisi Kami, dan yang telah Kami ajarkan kepadanya ilmu dari sisi Kami."},{"number":66,"text":"قَالَ لَهُۥ مُوسَىٰ هَلْ أَتَّبِعُكَ عَلَىٰٓ أَن تُعَلِّمَنِ مِمَّا عُلِّمْتَ رُشْدًا","translation_en":"Moses said to him, \"May I follow you on [the condition] that you teach me from what you have been taught of sound judgement?\"","translation_id":"Musa berkata kepada Khidhr: \"Bolehkah aku mengikutimu supaya kamu mengajarkan kepadaku ilmu yang benar di antara ilmu-ilmu yang telah diajarkan kepadamu?\""},{"number":67,"text":"قَالَ إِنَّكَ لَن تَسْتَطِيعَ مَعِىَ صَبْرًا","translation_en":"He said, \"Indeed, with me you will never be able to have patience.","translation_id":"Dia menjawab: \"Sesungguhnya kamu sekali-kali tidak akan sanggup sabar bersama aku."},{"number":68,"text":"وَكَيْفَ تَصْبِرُ عَلَىٰ مَا لَمْ تُحِطْ بِهِۦ خُبْرًا","translation_en":"And how can you have patience for what you do not encompass in knowledge?\"","translation_id":"Dan bagaimana kamu dapat sabar atas sesuatu, yang kamu belum mempunyai pengetahuan yang cukup tentang hal itu?\""},{"number":69,"text":"قَالَ سَتَجِدُنِىٓ إِن شَآءَ ٱللَّهُ صَابِرًا وَلَآ أَعْصِى لَكَ أَمْرًا","translation_en":"[Moses] said, \"You will find me, if Allah wills, patient, and I will not disobey you in [any] order.\"","translation_id":"Musa berkata: \"Insya Allah kamu akan mendapati aku sebagai orang yang sabar, dan aku tidak akan menentangmu dalam sesuatu urusanpun\"."},{"number":70,"text":"قَالَ فَإِنِ ٱتَّبَعْتَنِى فَلَا تَسْـَٔلْنِى عَن شَىْءٍ حَتَّىٰٓ أُحْدِثَ لَكَ مِنْهُ ذِكْرًا","translation_en":"He said, \"Then if you follow me, do not ask me about anything until I make to you about it mention.\"","translation_id":"Dia berkata: \"Jika kamu mengikutiku, maka janganlah kamu menanyakan kepadaku tentang sesuatu apapun, sampai aku sendiri menerangkannya kepadamu\"."},{"number":71,"text":"فَٱنطَلَقَا حَتَّىٰٓ إِذَا رَكِبَا فِى ٱلسَّفِينَةِ خَرَقَهَا قَالَ أَخَرَقْتَهَا لِتُغْرِقَ أَهْلَهَا لَقَدْ جِئْتَ شَيْـًٔا إِمْرًا","translation_en":"So they set out, until when they had embarked on the ship, al-Khidh r tore it open. [Moses] said, \"Have you torn it open to drown its people? You have certainly done a grave thing.\"","translation_id":"Maka berjalanlah keduanya, hingga tatkala keduanya menaiki perahu lalu Khidhr melobanginya. Musa berkata: \"Mengapa kamu melobangi perahu itu akibatnya kamu menenggelamkan penumpangnya?\" Sesungguhnya kamu telah berbuat sesuatu kesalahan yang besar."},{"number":72,"text":"قَالَ أَلَمْ أَقُلْ إِنَّكَ لَن تَسْتَطِيعَ مَعِىَ صَبْرًا","translation_en":"[Al-Khidh r] said, \"Did I not say that with me you would never be able to have patience?\"","translation_id":"Dia (Khidhr) berkata: \"Bukankah aku telah berkata: \"Sesungguhnya kamu sekali-kali tidak akan sabar bersama dengan aku\"."},{"number":73,"text":"قَالَ لَا تُؤَاخِذْنِى بِمَا نَسِيتُ وَلَا تُرْهِقْنِى مِنْ أَمْرِى عُسْرًا","translation_en":"[Moses] said, \"Do not blame me for what I forgot and do not cover me in my matter with difficulty.\"","translation_id":"Musa berkata: \"Janganlah kamu menghukum aku karena kelupaanku dan janganlah kamu membebani aku dengan sesuatu kesulitan dalam urusanku\"."},{"number":74,"text":"فَٱنطَلَقَا حَتَّىٰٓ إِذَا لَقِيَا غُلَٰمًا فَقَتَلَهُۥ قَالَ أَقَتَلْتَ نَفْسًا زَكِيَّةًۢ بِغَيْرِ نَفْسٍ لَّقَدْ جِئْتَ شَيْـًٔا نُّكْرًا","translation_en":"So they set out, until when they met a boy, al-Khidh r killed him. [Moses] said, \"Have you killed a pure soul for other than [having killed] a soul? You have certainly done a deplorable thing.\"","translation_id":"Maka berjalanlah keduanya; hingga tatkala keduanya berjumpa dengan seorang anak, maka Khidhr membunuhnya. Musa berkata: \"Mengapa kamu membunuh jiwa yang bersih, bukan karena dia membunuh orang lain? Sesungguhnya kamu telah melakukan suatu yang mungkar\"."},{"number":75,"text":"قَالَ أَلَمْ أَقُل لَّكَ إِنَّكَ لَن تَسْتَطِيعَ مَعِىَ صَبْرًا","translation_en":"[Al-Khidh r] said, \"Did I not tell you that with me you would never be able to have patience?\"","translation_id":"Khidhr berkata: \"Bukankah sudah kukatakan kepadamu, bahwa sesungguhnya kamu tidak akan dapat sabar bersamaku?\""},{"number":76,"text":"قَالَ إِن سَأَلْتُكَ عَن شَىْءٍۭ بَعْدَهَا فَلَا تُصَٰحِبْنِى قَدْ بَلَغْتَ مِن لَّدُنِّى عُذْرًا","translation_en":"[Moses] said, \"If I should ask you about anything after this, then do not keep me as a companion. You have obtained from me an excuse.\"","translation_id":"Musa berkata: \"Jika aku bertanya kepadamu tentang sesuatu sesudah (kali) ini, maka janganlah kamu memperbolehkan aku menyertaimu, sesungguhnya kamu sudah cukup memberikan uzur padaku\"."},{"number":77,"text":"فَٱنطَلَقَا حَتَّىٰٓ إِذَآ أَتَيَآ أَهْلَ قَرْيَةٍ ٱسْتَطْعَمَآ أَهْلَهَا فَأَبَوْا۟ أَن يُضَيِّفُوهُمَا فَوَجَدَا فِيهَا جِدَارًا يُرِيدُ أَن يَنقَضَّ فَأَقَامَهُۥ قَالَ لَوْ شِئْتَ لَتَّخَذْتَ عَلَيْهِ أَجْرًا","translation_en":"So they set out, until when they came to the people of a town, they asked its people for food, but they refused to offer them hospitality. And they found therein a wall about to collapse, so al-Khidh r restored it. [Moses] said, \"If you wished, you could have taken for it a payment.\"","translation_id":"Maka keduanya berjalan; hingga tatkala keduanya sampai kepada penduduk suatu negeri, mereka minta dijamu kepada penduduk negeri itu, tetapi penduduk negeri itu tidak mau menjamu mereka, kemudian keduanya mendapatkan dalam negeri itu dinding rumah yang hampir roboh, maka Khidhr menegakkan dinding itu. Musa berkata: \"Jikalau kamu mau, niscaya kamu mengambil upah untuk itu\"."},{"number":78,"text":"قَالَ هَٰذَا فِرَاقُ بَيْنِى وَبَيْنِكَ سَأُنَبِّئُكَ بِتَأْوِيلِ مَا لَمْ تَسْتَطِع عَّلَيْهِ صَبْرًا","translation_en":"[Al-Khidh r] said, \"This is parting between me and you. I will inform you of the interpretation of that about which you could not have patience.","translation_id":"Khidhr berkata: \"Inilah perpisahan antara aku dengan kamu; kelak akan kuberitahukan kepadamu tujuan perbuatan-perbuatan yang kamu tidak dapat sabar terhadapnya."},{"number":79,"text":"أَمَّا ٱلسَّفِينَةُ فَكَانَتْ لِمَسَٰكِينَ يَعْمَلُونَ فِى ٱلْبَحْرِ فَأَرَدتُّ أَنْ أَعِيبَهَا وَكَانَ وَرَآءَهُم مَّلِكٌ يَأْخُذُ كُلَّ سَفِينَةٍ غَصْبًا","translation_en":"As for the ship, it belonged to poor people working at sea. So I intended to cause defect in it as there was after them a king who seized every [good] ship by force.","translation_id":"Adapun bahtera itu adalah kepunyaan orang-orang miskin yang bekerja di laut, dan aku bertujuan merusakkan bahtera itu, karena di hadapan mereka ada seorang raja yang merampas tiap-tiap bahtera."},{"number":80,"text":"وَأَمَّا ٱلْغُلَٰمُ فَكَانَ أَبَوَاهُ مُؤْمِنَيْنِ فَخَشِينَآ أَن يُرْهِقَهُمَا طُغْيَٰنًا وَكُفْرًا","translation_en":"And as for the boy, his parents were believers, and we feared that he would overburden them by transgression and disbelief.","translation_id":"Dan adapun anak muda itu, maka keduanya adalah orang-orang mukmin, dan kami khawatir bahwa dia akan mendorong kedua orang tuanya itu kepada kesesatan dan kekafiran."},{"number":81,"text":"فَأَرَدْنَآ أَن يُبْدِلَهُمَا رَبُّهُمَا خَيْرًا مِّنْهُ زَكَوٰةً وَأَقْرَبَ رُحْمًا","translation_en":"So we intended that their Lord should substitute for them one better than him in purity and nearer to mercy.","translation_id":"Dan kami menghendaki, supaya Tuhan mereka mengganti bagi mereka dengan anak lain yang lebih baik kesuciannya dari anaknya itu dan lebih dalam kasih sayangnya (kepada ibu bapaknya)."},{"number":82,"text":"وَأَمَّا ٱلْجِدَارُ فَكَانَ لِغُلَٰمَيْنِ يَتِيمَيْنِ فِى ٱلْمَدِينَةِ وَكَانَ تَحْتَهُۥ كَنزٌ لَّهُمَا وَكَانَ أَبُوهُمَا صَٰلِحًا فَأَرَادَ رَبُّكَ أَن يَبْلُغَآ أَشُدَّهُمَا وَيَسْتَخْرِجَا كَنزَهُمَا رَحْمَةً مِّن رَّبِّكَ وَمَا فَعَلْتُهُۥ عَنْ أَمْرِى ذَٰلِكَ تَأْوِيلُ مَا لَمْ تَسْطِع عَّلَيْهِ صَبْرًا","translation_en":"And as for the wall, it belonged to two orphan boys in the city, and there was beneath it a treasure for them, and their father had been righteous. So your Lord intended that they reach maturity and extract their treasure, as a mercy from your Lord. And I did it not of my own accord. That is the interpretation of that about which you could not have patience.\"","translation_id":"Adapun dinding rumah adalah kepunyaan dua orang anak yatim di kota itu, dan di bawahnya ada harta benda simpanan bagi mereka berdua, sedang ayahnya adalah seorang yang saleh, maka Tuhanmu menghendaki agar supaya mereka sampai kepada kedewasaannya dan mengeluarkan simpanannya itu, sebagai rahmat dari Tuhanmu; dan bukanlah aku melakukannya itu menurut kemauanku sendiri. Demikian itu adalah tujuan perbuatan-perbuatan yang kamu tidak dapat sabar terhadapnya\"."},{"number":83,"text":"وَيَسْـَٔلُونَكَ عَن ذِى ٱلْقَرْنَيْنِ قُلْ سَأَتْلُوا۟ عَلَيْكُم مِّنْهُ ذِكْرًا","translation_en":"And they ask you, [O Muhammad], about Dhul-Qarnayn. Say, \"I will recite to you about him a report.\"","translation_id":"Mereka akan bertanya kepadamu (Muhammad) tentang Dzulkarnain. Katakanlah: \"Aku akan bacakan kepadamu cerita tantangnya\"."},{"number":84,"text":"إِنَّا مَكَّنَّا لَهُۥ فِى ٱلْأَرْضِ وَءَاتَيْنَٰهُ مِن كُلِّ شَىْءٍ سَبَبًا","translation_en":"Indeed We established him upon the earth, and We gave him to everything a way.","translation_id":"Sesungguhnya Kami telah memberi kekuasaan kepadanya di (muka) bumi, dan Kami telah memberikan kepadanya jalan (untuk mencapai) segala sesuatu,"},{"number":85,"text":"فَأَتْبَعَ سَبَبًا","translation_en":"So he followed a way","translation_id":"maka diapun menempuh suatu jalan."},{"number":86,"text":"حَتَّىٰٓ إِذَا بَلَغَ مَغْرِبَ ٱلشَّمْسِ وَجَدَهَا تَغْرُبُ فِى عَيْنٍ حَمِئَةٍ وَوَجَدَ عِندَهَا قَوْمًا قُلْنَا يَٰذَا ٱلْقَرْنَيْنِ إِمَّآ أَن تُعَذِّبَ وَإِمَّآ أَن تَتَّخِذَ فِيهِمْ حُسْنًا","translation_en":"Until, when he reached the setting of the sun, he found it [as if] setting in a spring of dark mud, and he found near it a people. Allah said, \"O Dhul-Qarnayn, either you punish [them] or else adopt among them [a way of] goodness.\"","translation_id":"Hingga apabila dia telah sampai ketempat terbenam matahari, dia melihat matahari terbenam di dalam laut yang berlumpur hitam, dan dia mendapati di situ segolongan umat. Kami berkata: \"Hai Dzulkarnain, kamu boleh menyiksa atau boleh berbuat kebaikan terhadap mereka."},{"number":87,"text":"قَالَ أَمَّا مَن ظَلَمَ فَسَوْفَ نُعَذِّبُهُۥ ثُمَّ يُرَدُّ إِلَىٰ رَبِّهِۦ فَيُعَذِّبُهُۥ عَذَابًا نُّكْرًا","translation_en":"He said, \"As for one who wrongs, we will punish him. Then he will be returned to his Lord, and He will punish him with a terrible punishment.","translation_id":"Berkata Dzulkarnain: \"Adapun orang yang aniaya, maka kami kelak akan mengazabnya, kemudian dia kembalikan kepada Tuhannya, lalu Tuhan mengazabnya dengan azab yang tidak ada taranya."},{"number":88,"text":"وَأَمَّا مَنْ ءَامَنَ وَعَمِلَ صَٰلِحًا فَلَهُۥ جَزَآءً ٱلْحُسْنَىٰ وَسَنَقُولُ لَهُۥ مِنْ أَمْرِنَا يُسْرًا","translation_en":"But as for one who believes and does righteousness, he will have a reward of Paradise, and we will speak to him from our command with ease.\"","translation_id":"Adapun orang-orang yang beriman dan beramal saleh, maka baginya pahala yang terbaik sebagai balasan, dan akan kami titahkan kepadanya (perintah) yang mudah dari perintah-perintah kami\"."},{"number":89,"text":"ثُمَّ أَتْبَعَ سَبَبًا","translation_en":"Then he followed a way","translation_id":"Kemudian dia menempuh jalan (yang lain)."},{"number":90,"text":"حَتَّىٰٓ إِذَا بَلَغَ مَطْلِعَ ٱلشَّمْسِ وَجَدَهَا تَطْلُعُ عَلَىٰ قَوْمٍ لَّمْ نَجْعَل لَّهُم مِّن دُونِهَا سِتْرًا","translation_en":"Until, when he came to the rising of the sun, he found it rising on a people for whom We had not made against it any shield.","translation_id":"Hingga apabila dia telah sampai ke tempat terbit matahari (sebelah Timur) dia mendapati matahari itu menyinari segolongan umat yang Kami tidak menjadikan bagi mereka sesuatu yang melindunginya dari (cahaya) matahari itu,"},{"number":91,"text":"كَذَٰلِكَ وَقَدْ أَحَطْنَا بِمَا لَدَيْهِ خُبْرًا","translation_en":"Thus. And We had encompassed [all] that he had in knowledge.","translation_id":"demikianlah. dan sesungguhnya ilmu Kami meliputi segala apa yang ada padanya."},{"number":92,"text":"ثُمَّ أَتْبَعَ سَبَبًا","translation_en":"Then he followed a way","translation_id":"Kemudian dia menempuh suatu jalan (yang lain lagi)."},{"number":93,"text":"حَتَّىٰٓ إِذَا بَلَغَ بَيْنَ ٱلسَّدَّيْنِ وَجَدَ مِن دُونِهِمَا قَوْمًا لَّا يَكَادُونَ يَفْقَهُونَ قَوْلًا","translation_en":"Until, when he reached [a pass] between two mountains, he found beside them a people who could hardly understand [his] speech.","translation_id":"Hingga apabila dia telah sampai di antara dua buah gunung, dia mendapati di hadapan kedua bukit itu suatu kaum yang hampir tidak mengerti pembicaraan."},{"number":94,"text":"قَالُوا۟ يَٰذَا ٱلْقَرْنَيْنِ إِنَّ يَأْجُوجَ وَمَأْجُوجَ مُفْسِدُونَ فِى ٱلْأَرْضِ فَهَلْ نَجْعَلُ لَكَ خَرْجًا عَلَىٰٓ أَن تَجْعَلَ بَيْنَنَا وَبَيْنَهُمْ سَدًّا","translation_en":"They said, \"O Dhul-Qarnayn, indeed Gog and Magog are [great] corrupters in the land. So may we assign for you an expenditure that you might make between us and them a barrier?\"","translation_id":"Mereka berkata: \"Hai Dzulkarnain, sesungguhnya Ya'juj dan Ma'juj itu orang-orang yang membuat kerusakan di muka bumi, maka dapatkah kami memberikan sesuatu pembayaran kepadamu, supaya kamu membuat dinding antara kami dan mereka?\""},{"number":95,"text":"قَالَ مَا مَكَّنِّى فِيهِ رَبِّى خَيْرٌ فَأَعِينُونِى بِقُوَّةٍ أَجْعَلْ بَيْنَكُمْ وَبَيْنَهُمْ رَدْمًا","translation_en":"He said, \"That in which my Lord has established me is better [than what you offer], but assist me with strength; I will make between you and them a dam.","translation_id":"Dzulkarnain berkata: \"Apa yang telah dikuasakan oleh Tuhanku kepadaku terhadapnya adalah lebih baik, maka tolonglah aku dengan kekuatan (manusia dan alat-alat), agar aku membuatkan dinding antara kamu dan mereka,"},{"number":96,"text":"ءَاتُونِى زُبَرَ ٱلْحَدِيدِ حَتَّىٰٓ إِذَا سَاوَىٰ بَيْنَ ٱلصَّدَفَيْنِ قَالَ ٱنفُخُوا۟ حَتَّىٰٓ إِذَا جَعَلَهُۥ نَارًا قَالَ ءَاتُونِىٓ أُفْرِغْ عَلَيْهِ قِطْرًا","translation_en":"Bring me sheets of iron\" - until, when he had leveled [them] between the two mountain walls, he said, \"Blow [with bellows],\" until when he had made it [like] fire, he said, \"Bring me, that I may pour over it molten copper.\"","translation_id":"berilah aku potongan-potongan besi\". Hingga apabila besi itu telah sama rata dengan kedua (puncak) gunung itu, berkatalah Dzulkarnain: \"Tiuplah (api itu)\". Hingga apabila besi itu sudah menjadi (merah seperti) api, diapun berkata: \"Berilah aku tembaga (yang mendidih) agar aku kutuangkan ke atas besi panas itu\"."},{"number":97,"text":"فَمَا ٱسْطَٰعُوٓا۟ أَن يَظْهَرُوهُ وَمَا ٱسْتَطَٰعُوا۟ لَهُۥ نَقْبًا","translation_en":"So Gog and Magog were unable to pass over it, nor were they able [to effect] in it any penetration.","translation_id":"Maka mereka tidak bisa mendakinya dan mereka tidak bisa (pula) melobanginya."},{"number":98,"text":"قَالَ هَٰذَا رَحْمَةٌ مِّن رَّبِّى فَإِذَا جَآءَ وَعْدُ رَبِّى جَعَلَهُۥ دَكَّآءَ وَكَانَ وَعْدُ رَبِّى حَقًّا","translation_en":"[Dhul-Qarnayn] said, \"This is a mercy from my Lord; but when the promise of my Lord comes, He will make it level, and ever is the promise of my Lord true.\"","translation_id":"Dzulkarnain berkata: \"Ini (dinding) adalah rahmat dari Tuhanku, maka apabila sudah datang janji Tuhanku, Dia akan menjadikannya hancur luluh; dan janji Tuhanku itu adalah benar\"."},{"number":99,"text":"وَتَرَكْنَا بَعْضَهُمْ يَوْمَئِذٍ يَمُوجُ فِى بَعْضٍ وَنُفِخَ فِى ٱلصُّورِ فَجَمَعْنَٰهُمْ جَمْعًا","translation_en":"And We will leave them that day surging over each other, and [then] the Horn will be blown, and We will assemble them in [one] assembly.","translation_id":"Kami biarkan mereka di hari itu bercampur aduk antara satu dengan yang lain, kemudian ditiup lagi sangkakala, lalu Kami kumpulkan mereka itu semuanya,"},{"number":100,"text":"وَعَرَضْنَا جَهَنَّمَ يَوْمَئِذٍ لِّلْكَٰفِرِينَ عَرْضًا","translation_en":"And We will present Hell that Day to the Disbelievers, on display -","translation_id":"dan Kami nampakkan Jahannam pada hari itu kepada orang-orang kafir dengan jelas,"},{"number":101,"text":"ٱلَّذِينَ كَانَتْ أَعْيُنُهُمْ فِى غِطَآءٍ عَن ذِكْرِى وَكَانُوا۟ لَا يَسْتَطِيعُونَ سَمْعًا","translation_en":"Those whose eyes had been within a cover [removed] from My remembrance, and they were not able to hear.","translation_id":"yaitu orang-orang yang matanya dalam keadaan tertutup dari memperhatikan tanda-tanda kebesaran-Ku, dan adalah mereka tidak sanggup mendengar."},{"number":102,"text":"أَفَحَسِبَ ٱلَّذِينَ كَفَرُوٓا۟ أَن يَتَّخِذُوا۟ عِبَادِى مِن دُونِىٓ أَوْلِيَآءَ إِنَّآ أَعْتَدْنَا جَهَنَّمَ لِلْكَٰفِرِينَ نُزُلًا","translation_en":"Then do those who disbelieve think that they can take My servants instead of Me as allies? Indeed, We have prepared Hell for the disbelievers as a lodging.","translation_id":"maka apakah orang-orang kafir menyangka bahwa mereka (dapat) mengambil hamba-hamba-Ku menjadi penolong selain Aku? Sesungguhnya Kami telah menyediakan neraka Jahannam tempat tinggal bagi orang-orang kafir."},{"number":103,"text":"قُلْ هَلْ نُنَبِّئُكُم بِٱلْأَخْسَرِينَ أَعْمَٰلًا","translation_en":"Say, [O Muhammad], \"Shall we [believers] inform you of the greatest losers as to [their] deeds?","translation_id":"Katakanlah: \"Apakah akan Kami beritahukan kepadamu tentang orang-orang yang paling merugi perbuatannya?\""},{"number":104,"text":"ٱلَّذِينَ ضَلَّ سَعْيُهُمْ فِى ٱلْحَيَوٰةِ ٱلدُّنْيَا وَهُمْ يَحْسَبُونَ أَنَّهُمْ يُحْسِنُونَ صُنْعًا","translation_en":"[They are] those whose effort is lost in worldly life, while they think that they are doing well in work.\"","translation_id":"Yaitu orang-orang yang telah sia-sia perbuatannya dalam kehidupan dunia ini, sedangkan mereka menyangka bahwa mereka berbuat sebaik-baiknya."},{"number":105,"text":"أُو۟لَٰٓئِكَ ٱلَّذِينَ كَفَرُوا۟ بِـَٔايَٰتِ رَبِّهِمْ وَلِقَآئِهِۦ فَحَبِطَتْ أَعْمَٰلُهُمْ فَلَا نُقِيمُ لَهُمْ يَوْمَ ٱلْقِيَٰمَةِ وَزْنًا","translation_en":"Those are the ones who disbelieve in the verses of their Lord and in [their] meeting Him, so their deeds have become worthless; and We will not assign to them on the Day of Resurrection any importance.","translation_id":"Mereka itu orang-orang yang telah kufur terhadap ayat-ayat Tuhan mereka dan (kufur terhadap) perjumpaan dengan Dia, maka hapuslah amalan-amalan mereka, dan Kami tidak mengadakan suatu penilaian bagi (amalan) mereka pada hari kiamat."},{"number":106,"text":"ذَٰلِكَ جَزَآؤُهُمْ جَهَنَّمُ بِمَا كَفَرُوا۟ وَٱتَّخَذُوٓا۟ ءَايَٰتِى وَرُسُلِى هُزُوًا","translation_en":"That is their recompense - Hell - for what they denied and [because] they took My signs and My messengers in ridicule.","translation_id":"Demikianlah balasan mereka itu neraka Jahannam, disebabkan kekafiran mereka dan disebabkan mereka menjadikan ayat-ayat-Ku dan rasul-rasul-Ku sebagai olok-olok."},{"number":107,"text":"إِنَّ ٱلَّذِينَ ءَامَنُوا۟ وَعَمِلُوا۟ ٱلصَّٰلِحَٰتِ كَانَتْ لَهُمْ جَنَّٰتُ ٱلْفِرْدَوْسِ نُزُلًا","translation_en":"Indeed, those who have believed and done righteous deeds - they will have the Gardens of Paradise as a lodging,","translation_id":"Sesungguhnya orang-orang yang beriman dan beramal saleh, bagi mereka adalah surga Firdaus menjadi tempat tinggal,"},{"number":108,"text":"خَٰلِدِينَ فِيهَا لَا يَبْغُونَ عَنْهَا حِوَلًا","translation_en":"Wherein they abide eternally. They will not desire from it any transfer.","translation_id":"mereka kekal di dalamnya, mereka tidak ingin berpindah dari padanya."},{"number":109,"text":"قُل لَّوْ كَانَ ٱلْبَحْرُ مِدَادًا لِّكَلِمَٰتِ رَبِّى لَنَفِدَ ٱلْبَحْرُ قَبْلَ أَن تَنفَدَ كَلِمَٰتُ رَبِّى وَلَوْ جِئْنَا بِمِثْلِهِۦ مَدَدًا","translation_en":"Say, \"If the sea were ink for [writing] the words of my Lord, the sea would be exhausted before the words of my Lord were exhausted, even if We brought the like of it as a supplement.\"","translation_id":"Katakanlah: Sekiranya lautan menjadi tinta untuk (menulis) kalimat-kalimat Tuhanku, sungguh habislah lautan itu sebelum habis (ditulis) kalimat-kalimat Tuhanku, meskipun Kami datangkan tambahan sebanyak itu (pula)\"."},{"number":110,"text":"قُلْ إِنَّمَآ أَنَا۠ بَشَرٌ مِّثْلُكُمْ يُوحَىٰٓ إِلَىَّ أَنَّمَآ إِلَٰهُكُمْ إِلَٰهٌ وَٰحِدٌ فَمَن كَانَ يَرْجُوا۟ لِقَآءَ رَبِّهِۦ فَلْيَعْمَلْ عَمَلًا صَٰلِحًا وَلَا يُشْرِكْ بِعِبَادَةِ رَبِّهِۦٓ أَحَدًۢا","translation_en":"Say, \"I am only a man like you, to whom has been revealed that your god is one God. So whoever would hope for the meeting with his Lord - let him do righteous work and not associate in the worship of his Lord anyone.\"","translation_id":"Katakanlah: Sesungguhnya aku ini manusia biasa seperti kamu, yang diwahyukan kepadaku: \"Bahwa sesungguhnya Tuhan kamu itu adalah Tuhan yang Esa\". Barangsiapa mengharap perjumpaan dengan Tuhannya, maka hendaklah ia mengerjakan amal yang saleh dan janganlah ia mempersekutukan seorangpun dalam beribadat kepada Tuhannya\"."}]}