{"number":19,"name":"سورة مريم","transliteration_en":"Maryam","translation_en":"Mary","total_verses":98,"revelation_type":"Meccan","verses":[{"number":1,"text":"بِسْمِ ٱللَّهِ ٱلرَّحْمَٰنِ ٱلرَّحِيمِ كٓهيعٓصٓ","translation_en":"Kaf, Ha, Ya, 'Ayn, Sad.","translation_id":"Kaaf Haa Yaa 'Ain Shaad."},{"number":2,"text":"ذِكْرُ رَحْمَتِ رَبِّكَ عَبْدَهُۥ زَكَرِيَّآ","translation_en":"[This is] a mention of the mercy of your Lord to His servant Zechariah","translation_id":"(Yang dibacakan ini adalah) penjelasan tentang rahmat Tuhan kamu kepada hamba-Nya, Zakaria,"},{"number":3,"text":"إِذْ نَادَىٰ رَبَّهُۥ نِدَآءً خَفِيًّا","translation_en":"When he called to his Lord a private supplication.","translation_id":"yaitu tatkala ia berdoa kepada Tuhannya dengan suara yang lembut."},{"number":4,"text":"قَالَ رَبِّ إِنِّى وَهَنَ ٱلْعَظْمُ مِنِّى وَٱشْتَعَلَ ٱلرَّأْسُ شَيْبًا وَلَمْ أَكُنۢ بِدُعَآئِكَ رَبِّ شَقِيًّا","translation_en":"He said, \"My Lord, indeed my bones have weakened, and my head has filled with white, and never have I been in my supplication to You, my Lord, unhappy.","translation_id":"Ia berkata \"Ya Tuhanku, sesungguhnya tulangku telah lemah dan kepalaku telah ditumbuhi uban, dan aku belum pernah kecewa dalam berdoa kepada Engkau, ya Tuhanku."},{"number":5,"text":"وَإِنِّى خِفْتُ ٱلْمَوَٰلِىَ مِن وَرَآءِى وَكَانَتِ ٱمْرَأَتِى عَاقِرًا فَهَبْ لِى مِن لَّدُنكَ وَلِيًّا","translation_en":"And indeed, I fear the successors after me, and my wife has been barren, so give me from Yourself an heir","translation_id":"Dan sesungguhnya aku khawatir terhadap mawaliku sepeninggalku, sedang isteriku adalah seorang yang mandul, maka anugerahilah aku dari sisi Engkau seorang putera,"},{"number":6,"text":"يَرِثُنِى وَيَرِثُ مِنْ ءَالِ يَعْقُوبَ وَٱجْعَلْهُ رَبِّ رَضِيًّا","translation_en":"Who will inherit me and inherit from the family of Jacob. And make him, my Lord, pleasing [to You].\"","translation_id":"yang akan mewarisi aku dan mewarisi sebahagian keluarga Ya'qub; dan jadikanlah ia, ya Tuhanku, seorang yang diridhai\"."},{"number":7,"text":"يَٰزَكَرِيَّآ إِنَّا نُبَشِّرُكَ بِغُلَٰمٍ ٱسْمُهُۥ يَحْيَىٰ لَمْ نَجْعَل لَّهُۥ مِن قَبْلُ سَمِيًّا","translation_en":"[He was told], \"O Zechariah, indeed We give you good tidings of a boy whose name will be John. We have not assigned to any before [this] name.\"","translation_id":"Hai Zakaria, sesungguhnya Kami memberi kabar gembira kepadamu akan (beroleh) seorang anak yang namanya Yahya, yang sebelumnya Kami belum pernah menciptakan orang yang serupa dengan dia."},{"number":8,"text":"قَالَ رَبِّ أَنَّىٰ يَكُونُ لِى غُلَٰمٌ وَكَانَتِ ٱمْرَأَتِى عَاقِرًا وَقَدْ بَلَغْتُ مِنَ ٱلْكِبَرِ عِتِيًّا","translation_en":"He said, \"My Lord, how will I have a boy when my wife has been barren and I have reached extreme old age?\"","translation_id":"Zakaria berkata: \"Ya Tuhanku, bagaimana akan ada anak bagiku, padahal isteriku adalah seorang yang mandul dan aku (sendiri) sesungguhnya sudah mencapai umur yang sangat tua\"."},{"number":9,"text":"قَالَ كَذَٰلِكَ قَالَ رَبُّكَ هُوَ عَلَىَّ هَيِّنٌ وَقَدْ خَلَقْتُكَ مِن قَبْلُ وَلَمْ تَكُ شَيْـًٔا","translation_en":"[An angel] said, \"Thus [it will be]; your Lord says, 'It is easy for Me, for I created you before, while you were nothing.' \"","translation_id":"Tuhan berfirman: \"Demikianlah\". Tuhan berfirman: \"Hal itu adalah mudah bagi-Ku; dan sesunguhnya telah Aku ciptakan kamu sebelum itu, padahal kamu (di waktu itu) belum ada sama sekali\"."},{"number":10,"text":"قَالَ رَبِّ ٱجْعَل لِّىٓ ءَايَةً قَالَ ءَايَتُكَ أَلَّا تُكَلِّمَ ٱلنَّاسَ ثَلَٰثَ لَيَالٍ سَوِيًّا","translation_en":"[Zechariah] said, \"My Lord, make for me a sign.\" He said, \"Your sign is that you will not speak to the people for three nights, [being] sound.\"","translation_id":"Zakaria berkata: \"Ya Tuhanku, berilah aku suatu tanda\". Tuhan berfirman: \"Tanda bagimu ialah bahwa kamu tidak dapat bercakap-cakap dengan manusia selama tiga malam, padahal kamu sehat\"."},{"number":11,"text":"فَخَرَجَ عَلَىٰ قَوْمِهِۦ مِنَ ٱلْمِحْرَابِ فَأَوْحَىٰٓ إِلَيْهِمْ أَن سَبِّحُوا۟ بُكْرَةً وَعَشِيًّا","translation_en":"So he came out to his people from the prayer chamber and signaled to them to exalt [Allah] in the morning and afternoon.","translation_id":"Maka ia keluar dari mihrab menuju kaumnya, lalu ia memberi isyarat kepada mereka; hendaklah kamu bertasbih di waktu pagi dan petang."},{"number":12,"text":"يَٰيَحْيَىٰ خُذِ ٱلْكِتَٰبَ بِقُوَّةٍ وَءَاتَيْنَٰهُ ٱلْحُكْمَ صَبِيًّا","translation_en":"[Allah] said, \"O John, take the Scripture with determination.\" And We gave him judgement [while yet] a boy","translation_id":"Hai Yahya, ambillah Al Kitab (Taurat) itu dengan sungguh-sungguh. Dan kami berikan kepadanya hikmah selagi ia masih kanak-kanak,"},{"number":13,"text":"وَحَنَانًا مِّن لَّدُنَّا وَزَكَوٰةً وَكَانَ تَقِيًّا","translation_en":"And affection from Us and purity, and he was fearing of Allah","translation_id":"dan rasa belas kasihan yang mendalam dari sisi Kami dan kesucian (dan dosa). Dan ia adalah seorang yang bertakwa,"},{"number":14,"text":"وَبَرًّۢا بِوَٰلِدَيْهِ وَلَمْ يَكُن جَبَّارًا عَصِيًّا","translation_en":"And dutiful to his parents, and he was not a disobedient tyrant.","translation_id":"dan seorang yang berbakti kepada kedua orang tuanya, dan bukanlah ia orang yang sombong lagi durhaka."},{"number":15,"text":"وَسَلَٰمٌ عَلَيْهِ يَوْمَ وُلِدَ وَيَوْمَ يَمُوتُ وَيَوْمَ يُبْعَثُ حَيًّا","translation_en":"And peace be upon him the day he was born and the day he dies and the day he is raised alive.","translation_id":"Kesejahteraan atas dirinya pada hari ia dilahirkan dan pada hari ia meninggal dan pada hari ia dibangkitkan hidup kembali."},{"number":16,"text":"وَٱذْكُرْ فِى ٱلْكِتَٰبِ مَرْيَمَ إِذِ ٱنتَبَذَتْ مِنْ أَهْلِهَا مَكَانًا شَرْقِيًّا","translation_en":"And mention, [O Muhammad], in the Book [the story of] Mary, when she withdrew from her family to a place toward the east.","translation_id":"Dan ceritakanlah (kisah) Maryam di dalam Al Quran, yaitu ketika ia menjauhkan diri dari keluarganya ke suatu tempat di sebelah timur,"},{"number":17,"text":"فَٱتَّخَذَتْ مِن دُونِهِمْ حِجَابًا فَأَرْسَلْنَآ إِلَيْهَا رُوحَنَا فَتَمَثَّلَ لَهَا بَشَرًا سَوِيًّا","translation_en":"And she took, in seclusion from them, a screen. Then We sent to her Our Angel, and he represented himself to her as a well-proportioned man.","translation_id":"maka ia mengadakan tabir (yang melindunginya) dari mereka; lalu Kami mengutus roh Kami kepadanya, maka ia menjelma di hadapannya (dalam bentuk) manusia yang sempurna."},{"number":18,"text":"قَالَتْ إِنِّىٓ أَعُوذُ بِٱلرَّحْمَٰنِ مِنكَ إِن كُنتَ تَقِيًّا","translation_en":"She said, \"Indeed, I seek refuge in the Most Merciful from you, [so leave me], if you should be fearing of Allah.\"","translation_id":"Maryam berkata: \"Sesungguhnya aku berlindung dari padamu kepada Tuhan Yang Maha pemurah, jika kamu seorang yang bertakwa\"."},{"number":19,"text":"قَالَ إِنَّمَآ أَنَا۠ رَسُولُ رَبِّكِ لِأَهَبَ لَكِ غُلَٰمًا زَكِيًّا","translation_en":"He said, \"I am only the messenger of your Lord to give you [news of] a pure boy.\"","translation_id":"Ia (jibril) berkata: \"Sesungguhnya aku ini hanyalah seorang utusan Tuhanmu, untuk memberimu seorang anak laki-laki yang suci\"."},{"number":20,"text":"قَالَتْ أَنَّىٰ يَكُونُ لِى غُلَٰمٌ وَلَمْ يَمْسَسْنِى بَشَرٌ وَلَمْ أَكُ بَغِيًّا","translation_en":"She said, \"How can I have a boy while no man has touched me and I have not been unchaste?\"","translation_id":"Maryam berkata: \"Bagaimana akan ada bagiku seorang anak laki-laki, sedang tidak pernah seorang manusiapun menyentuhku dan aku bukan (pula) seorang pezina!\""},{"number":21,"text":"قَالَ كَذَٰلِكِ قَالَ رَبُّكِ هُوَ عَلَىَّ هَيِّنٌ وَلِنَجْعَلَهُۥٓ ءَايَةً لِّلنَّاسِ وَرَحْمَةً مِّنَّا وَكَانَ أَمْرًا مَّقْضِيًّا","translation_en":"He said, \"Thus [it will be]; your Lord says, 'It is easy for Me, and We will make him a sign to the people and a mercy from Us. And it is a matter [already] decreed.' \"","translation_id":"Jibril berkata: \"Demikianlah\". Tuhanmu berfirman: \"Hal itu adalah mudah bagi-Ku; dan agar dapat Kami menjadikannya suatu tanda bagi manusia dan sebagai rahmat dari Kami; dan hal itu adalah suatu perkara yang sudah diputuskan\"."},{"number":22,"text":"فَحَمَلَتْهُ فَٱنتَبَذَتْ بِهِۦ مَكَانًا قَصِيًّا","translation_en":"So she conceived him, and she withdrew with him to a remote place.","translation_id":"Maka Maryam mengandungnya, lalu ia menyisihkan diri dengan kandungannya itu ke tempat yang jauh."},{"number":23,"text":"فَأَجَآءَهَا ٱلْمَخَاضُ إِلَىٰ جِذْعِ ٱلنَّخْلَةِ قَالَتْ يَٰلَيْتَنِى مِتُّ قَبْلَ هَٰذَا وَكُنتُ نَسْيًا مَّنسِيًّا","translation_en":"And the pains of childbirth drove her to the trunk of a palm tree. She said, \"Oh, I wish I had died before this and was in oblivion, forgotten.\"","translation_id":"Maka rasa sakit akan melahirkan anak memaksa ia (bersandar) pada pangkal pohon kurma, dia berkata: \"Aduhai, alangkah baiknya aku mati sebelum ini, dan aku menjadi barang yang tidak berarti, lagi dilupakan\"."},{"number":24,"text":"فَنَادَىٰهَا مِن تَحْتِهَآ أَلَّا تَحْزَنِى قَدْ جَعَلَ رَبُّكِ تَحْتَكِ سَرِيًّا","translation_en":"But he called her from below her, \"Do not grieve; your Lord has provided beneath you a stream.","translation_id":"Maka Jibril menyerunya dari tempat yang rendah: \"Janganlah kamu bersedih hati, sesungguhnya Tuhanmu telah menjadikan anak sungai di bawahmu."},{"number":25,"text":"وَهُزِّىٓ إِلَيْكِ بِجِذْعِ ٱلنَّخْلَةِ تُسَٰقِطْ عَلَيْكِ رُطَبًا جَنِيًّا","translation_en":"And shake toward you the trunk of the palm tree; it will drop upon you ripe, fresh dates.","translation_id":"Dan goyanglah pangkal pohon kurma itu ke arahmu, niscaya pohon itu akan menggugurkan buah kurma yang masak kepadamu,"},{"number":26,"text":"فَكُلِى وَٱشْرَبِى وَقَرِّى عَيْنًا فَإِمَّا تَرَيِنَّ مِنَ ٱلْبَشَرِ أَحَدًا فَقُولِىٓ إِنِّى نَذَرْتُ لِلرَّحْمَٰنِ صَوْمًا فَلَنْ أُكَلِّمَ ٱلْيَوْمَ إِنسِيًّا","translation_en":"So eat and drink and be contented. And if you see from among humanity anyone, say, 'Indeed, I have vowed to the Most Merciful abstention, so I will not speak today to [any] man.' \"","translation_id":"maka makan, minum dan bersenang hatilah kamu. Jika kamu melihat seorang manusia, maka katakanlah: \"Sesungguhnya aku telah bernazar berpuasa untuk Tuhan Yang Maha Pemurah, maka aku tidak akan berbicara dengan seorang manusiapun pada hari ini\"."},{"number":27,"text":"فَأَتَتْ بِهِۦ قَوْمَهَا تَحْمِلُهُۥ قَالُوا۟ يَٰمَرْيَمُ لَقَدْ جِئْتِ شَيْـًٔا فَرِيًّا","translation_en":"Then she brought him to her people, carrying him. They said, \"O Mary, you have certainly done a thing unprecedented.","translation_id":"Maka Maryam membawa anak itu kepada kaumnya dengan menggendongnya. Kaumnya berkata: \"Hai Maryam, sesungguhnya kamu telah melakukan sesuatu yang amat mungkar."},{"number":28,"text":"يَٰٓأُخْتَ هَٰرُونَ مَا كَانَ أَبُوكِ ٱمْرَأَ سَوْءٍ وَمَا كَانَتْ أُمُّكِ بَغِيًّا","translation_en":"O sister of Aaron, your father was not a man of evil, nor was your mother unchaste.\"","translation_id":"Hai saudara perempuan Harun, ayahmu sekali-kali bukanlah seorang yang jahat dan ibumu sekali-kali bukanlah seorang pezina\","},{"number":29,"text":"فَأَشَارَتْ إِلَيْهِ قَالُوا۟ كَيْفَ نُكَلِّمُ مَن كَانَ فِى ٱلْمَهْدِ صَبِيًّا","translation_en":"So she pointed to him. They said, \"How can we speak to one who is in the cradle a child?\"","translation_id":"maka Maryam menunjuk kepada anaknya. Mereka berkata: \"Bagaimana kami akan berbicara dengan anak kecil yang masih di dalam ayunan?\""},{"number":30,"text":"قَالَ إِنِّى عَبْدُ ٱللَّهِ ءَاتَىٰنِىَ ٱلْكِتَٰبَ وَجَعَلَنِى نَبِيًّا","translation_en":"[Jesus] said, \"Indeed, I am the servant of Allah. He has given me the Scripture and made me a prophet.","translation_id":"Berkata Isa: \"Sesungguhnya aku ini hamba Allah, Dia memberiku Al Kitab (Injil) dan Dia menjadikan aku seorang nabi,"},{"number":31,"text":"وَجَعَلَنِى مُبَارَكًا أَيْنَ مَا كُنتُ وَأَوْصَٰنِى بِٱلصَّلَوٰةِ وَٱلزَّكَوٰةِ مَا دُمْتُ حَيًّا","translation_en":"And He has made me blessed wherever I am and has enjoined upon me prayer and zakah as long as I remain alive","translation_id":"dan Dia menjadikan aku seorang yang diberkati di mana saja aku berada, dan Dia memerintahkan kepadaku (mendirikan) shalat dan (menunaikan) zakat selama aku hidup;"},{"number":32,"text":"وَبَرًّۢا بِوَٰلِدَتِى وَلَمْ يَجْعَلْنِى جَبَّارًا شَقِيًّا","translation_en":"And [made me] dutiful to my mother, and He has not made me a wretched tyrant.","translation_id":"dan berbakti kepada ibuku, dan Dia tidak menjadikan aku seorang yang sombong lagi celaka."},{"number":33,"text":"وَٱلسَّلَٰمُ عَلَىَّ يَوْمَ وُلِدتُّ وَيَوْمَ أَمُوتُ وَيَوْمَ أُبْعَثُ حَيًّا","translation_en":"And peace is on me the day I was born and the day I will die and the day I am raised alive.\"","translation_id":"Dan kesejahteraan semoga dilimpahkan kepadaku, pada hari aku dilahirkan, pada hari aku meninggal dan pada hari aku dibangkitkan hidup kembali\"."},{"number":34,"text":"ذَٰلِكَ عِيسَى ٱبْنُ مَرْيَمَ قَوْلَ ٱلْحَقِّ ٱلَّذِى فِيهِ يَمْتَرُونَ","translation_en":"That is Jesus, the son of Mary - the word of truth about which they are in dispute.","translation_id":"Itulah Isa putera Maryam, yang mengatakan perkataan yang benar, yang mereka berbantah-bantahan tentang kebenarannya."},{"number":35,"text":"مَا كَانَ لِلَّهِ أَن يَتَّخِذَ مِن وَلَدٍ سُبْحَٰنَهُۥٓ إِذَا قَضَىٰٓ أَمْرًا فَإِنَّمَا يَقُولُ لَهُۥ كُن فَيَكُونُ","translation_en":"It is not [befitting] for Allah to take a son; exalted is He! When He decrees an affair, He only says to it, \"Be,\" and it is.","translation_id":"Tidak layak bagi Allah mempunyai anak, Maha Suci Dia. Apabila Dia telah menetapkan sesuatu, maka Dia hanya berkata kepadanya: \"Jadilah\", maka jadilah ia."},{"number":36,"text":"وَإِنَّ ٱللَّهَ رَبِّى وَرَبُّكُمْ فَٱعْبُدُوهُ هَٰذَا صِرَٰطٌ مُّسْتَقِيمٌ","translation_en":"[Jesus said], \"And indeed, Allah is my Lord and your Lord, so worship Him. That is a straight path.\"","translation_id":"Sesungguhnya Allah adalah Tuhanku dan Tuhanmu, maka sembahIah Dia oleh kamu sekalian. Ini adalah jalan yang lurus."},{"number":37,"text":"فَٱخْتَلَفَ ٱلْأَحْزَابُ مِنۢ بَيْنِهِمْ فَوَيْلٌ لِّلَّذِينَ كَفَرُوا۟ مِن مَّشْهَدِ يَوْمٍ عَظِيمٍ","translation_en":"Then the factions differed [concerning Jesus] from among them, so woe to those who disbelieved - from the scene of a tremendous Day.","translation_id":"Maka berselisihlah golongan-golongan (yang ada) di antara mereka. Maka kecelakaanlah bagi orang-orang kafir pada waktu menyaksikan hari yang besar."},{"number":38,"text":"أَسْمِعْ بِهِمْ وَأَبْصِرْ يَوْمَ يَأْتُونَنَا لَٰكِنِ ٱلظَّٰلِمُونَ ٱلْيَوْمَ فِى ضَلَٰلٍ مُّبِينٍ","translation_en":"How [clearly] they will hear and see the Day they come to Us, but the wrongdoers today are in clear error.","translation_id":"Alangkah terangnya pendengaran mereka dan alangkah tajamnya penglihatan mereka pada hari mereka datang kepada Kami. Tetapi orang-orang yang zalim pada hari ini (di dunia) berada dalam kesesatan yang nyata."},{"number":39,"text":"وَأَنذِرْهُمْ يَوْمَ ٱلْحَسْرَةِ إِذْ قُضِىَ ٱلْأَمْرُ وَهُمْ فِى غَفْلَةٍ وَهُمْ لَا يُؤْمِنُونَ","translation_en":"And warn them, [O Muhammad], of the Day of Regret, when the matter will be concluded; and [yet], they are in [a state of] heedlessness, and they do not believe.","translation_id":"Dan berilah mereka peringatan tentang hari penyesalan, (yaitu) ketika segala perkara telah diputus. Dan mereka dalam kelalaian dan mereka tidak (pula) beriman."},{"number":40,"text":"إِنَّا نَحْنُ نَرِثُ ٱلْأَرْضَ وَمَنْ عَلَيْهَا وَإِلَيْنَا يُرْجَعُونَ","translation_en":"Indeed, it is We who will inherit the earth and whoever is on it, and to Us they will be returned.","translation_id":"Sesungguhnya Kami mewarisi bumi dan semua orang-orang yang ada di atasnya, dan hanya kepada Kamilah mereka dikembalikan."},{"number":41,"text":"وَٱذْكُرْ فِى ٱلْكِتَٰبِ إِبْرَٰهِيمَ إِنَّهُۥ كَانَ صِدِّيقًا نَّبِيًّا","translation_en":"And mention in the Book [the story of] Abraham. Indeed, he was a man of truth and a prophet.","translation_id":"Ceritakanlah (Hai Muhammad) kisah Ibrahim di dalam Al Kitab (Al Quran) ini. Sesungguhnya ia adalah seorang yang sangat membenarkan lagi seorang Nabi."},{"number":42,"text":"إِذْ قَالَ لِأَبِيهِ يَٰٓأَبَتِ لِمَ تَعْبُدُ مَا لَا يَسْمَعُ وَلَا يُبْصِرُ وَلَا يُغْنِى عَنكَ شَيْـًٔا","translation_en":"[Mention] when he said to his father, \"O my father, why do you worship that which does not hear and does not see and will not benefit you at all?","translation_id":"Ingatlah ketika ia berkata kepada bapaknya; \"Wahai bapakku, mengapa kamu menyembah sesuatu yang tidak mendengar, tidak melihat dan tidak dapat menolong kamu sedikitpun?"},{"number":43,"text":"يَٰٓأَبَتِ إِنِّى قَدْ جَآءَنِى مِنَ ٱلْعِلْمِ مَا لَمْ يَأْتِكَ فَٱتَّبِعْنِىٓ أَهْدِكَ صِرَٰطًا سَوِيًّا","translation_en":"O my father, indeed there has come to me of knowledge that which has not come to you, so follow me; I will guide you to an even path.","translation_id":"Wahai bapakku, sesungguhnya telah datang kepadaku sebahagian ilmu pengetahuan yang tidak datang kepadamu, maka ikutilah aku, niscaya aku akan menunjukkan kepadamu jalan yang lurus."},{"number":44,"text":"يَٰٓأَبَتِ لَا تَعْبُدِ ٱلشَّيْطَٰنَ إِنَّ ٱلشَّيْطَٰنَ كَانَ لِلرَّحْمَٰنِ عَصِيًّا","translation_en":"O my father, do not worship Satan. Indeed Satan has ever been, to the Most Merciful, disobedient.","translation_id":"Wahai bapakku, janganlah kamu menyembah syaitan. Sesungguhnya syaitan itu durhaka kepada Tuhan Yang Maha Pemurah."},{"number":45,"text":"يَٰٓأَبَتِ إِنِّىٓ أَخَافُ أَن يَمَسَّكَ عَذَابٌ مِّنَ ٱلرَّحْمَٰنِ فَتَكُونَ لِلشَّيْطَٰنِ وَلِيًّا","translation_en":"O my father, indeed I fear that there will touch you a punishment from the Most Merciful so you would be to Satan a companion [in Hellfire].\"","translation_id":"Wahai bapakku, sesungguhnya aku khawatir bahwa kamu akan ditimpa azab dari Tuhan Yang Maha Pemurah, maka kamu menjadi kawan bagi syaitan\"."},{"number":46,"text":"قَالَ أَرَاغِبٌ أَنتَ عَنْ ءَالِهَتِى يَٰٓإِبْرَٰهِيمُ لَئِن لَّمْ تَنتَهِ لَأَرْجُمَنَّكَ وَٱهْجُرْنِى مَلِيًّا","translation_en":"[His father] said, \"Have you no desire for my gods, O Abraham? If you do not desist, I will surely stone you, so avoid me a prolonged time.\"","translation_id":"Berkata bapaknya: \"Bencikah kamu kepada tuhan-tuhanku, hai Ibrahim? Jika kamu tidak berhenti, maka niscaya kamu akan kurajam, dan tinggalkanlah aku buat waktu yang lama\"."},{"number":47,"text":"قَالَ سَلَٰمٌ عَلَيْكَ سَأَسْتَغْفِرُ لَكَ رَبِّىٓ إِنَّهُۥ كَانَ بِى حَفِيًّا","translation_en":"[Abraham] said, \"Peace will be upon you. I will ask forgiveness for you of my Lord. Indeed, He is ever gracious to me.","translation_id":"Berkata Ibrahim: \"Semoga keselamatan dilimpahkan kepadamu, aku akan memintakan ampun bagimu kepada Tuhanku. Sesungguhnya Dia sangat baik kepadaku."},{"number":48,"text":"وَأَعْتَزِلُكُمْ وَمَا تَدْعُونَ مِن دُونِ ٱللَّهِ وَأَدْعُوا۟ رَبِّى عَسَىٰٓ أَلَّآ أَكُونَ بِدُعَآءِ رَبِّى شَقِيًّا","translation_en":"And I will leave you and those you invoke other than Allah and will invoke my Lord. I expect that I will not be in invocation to my Lord unhappy.\"","translation_id":"Dan aku akan menjauhkan diri darimu dan dari apa yang kamu seru selain Allah, dan aku akan berdoa kepada Tuhanku, mudah-mudahan aku tidak akan kecewa dengan berdoa kepada Tuhanku\"."},{"number":49,"text":"فَلَمَّا ٱعْتَزَلَهُمْ وَمَا يَعْبُدُونَ مِن دُونِ ٱللَّهِ وَهَبْنَا لَهُۥٓ إِسْحَٰقَ وَيَعْقُوبَ وَكُلًّا جَعَلْنَا نَبِيًّا","translation_en":"So when he had left them and those they worshipped other than Allah, We gave him Isaac and Jacob, and each [of them] We made a prophet.","translation_id":"Maka ketika Ibrahim sudah menjauhkan diri dari mereka dan dari apa yang mereka sembah selain Allah, Kami anugerahkan kepadanya Ishak, dan Ya'qub. Dan masing-masingnya Kami angkat menjadi nabi."},{"number":50,"text":"وَوَهَبْنَا لَهُم مِّن رَّحْمَتِنَا وَجَعَلْنَا لَهُمْ لِسَانَ صِدْقٍ عَلِيًّا","translation_en":"And We gave them of Our mercy, and we made for them a reputation of high honor.","translation_id":"Dan Kami anugerahkan kepada mereka sebagian dari rahmat Kami dan Kami jadikan mereka buah tutur yang baik lagi tinggi."},{"number":51,"text":"وَٱذْكُرْ فِى ٱلْكِتَٰبِ مُوسَىٰٓ إِنَّهُۥ كَانَ مُخْلَصًا وَكَانَ رَسُولًا نَّبِيًّا","translation_en":"And mention in the Book, Moses. Indeed, he was chosen, and he was a messenger and a prophet.","translation_id":"Dan ceritakanlah (hai Muhammad kepada mereka), kisah Musa di dalam Al Kitab (Al Quran) ini. Sesungguhnya ia adalah seorang yang dipilih dan seorang rasul dan nabi."},{"number":52,"text":"وَنَٰدَيْنَٰهُ مِن جَانِبِ ٱلطُّورِ ٱلْأَيْمَنِ وَقَرَّبْنَٰهُ نَجِيًّا","translation_en":"And We called him from the side of the mount at [his] right and brought him near, confiding [to him].","translation_id":"Dan Kami telah memanggilnya dari sebelah kanan gunung Thur dan Kami telah mendekatkannya kepada Kami di waktu dia munajat (kepada Kami)."},{"number":53,"text":"وَوَهَبْنَا لَهُۥ مِن رَّحْمَتِنَآ أَخَاهُ هَٰرُونَ نَبِيًّا","translation_en":"And We gave him out of Our mercy his brother Aaron as a prophet.","translation_id":"Dan Kami telah menganugerahkan kepadanya sebagian rahmat Kami, yaitu saudaranya, Harun menjadi seorang nabi."},{"number":54,"text":"وَٱذْكُرْ فِى ٱلْكِتَٰبِ إِسْمَٰعِيلَ إِنَّهُۥ كَانَ صَادِقَ ٱلْوَعْدِ وَكَانَ رَسُولًا نَّبِيًّا","translation_en":"And mention in the Book, Ishmael. Indeed, he was true to his promise, and he was a messenger and a prophet.","translation_id":"Dan ceritakanlah (hai Muhammad kepada mereka) kisah Ismail (yang tersebut) di dalam Al Quran. Sesungguhnya ia adalah seorang yang benar janjinya, dan dia adalah seorang rasul dan nabi."},{"number":55,"text":"وَكَانَ يَأْمُرُ أَهْلَهُۥ بِٱلصَّلَوٰةِ وَٱلزَّكَوٰةِ وَكَانَ عِندَ رَبِّهِۦ مَرْضِيًّا","translation_en":"And he used to enjoin on his people prayer and zakah and was to his Lord pleasing.","translation_id":"Dan ia menyuruh ahlinya untuk bersembahyang dan menunaikan zakat, dan ia adalah seorang yang diridhai di sisi Tuhannya."},{"number":56,"text":"وَٱذْكُرْ فِى ٱلْكِتَٰبِ إِدْرِيسَ إِنَّهُۥ كَانَ صِدِّيقًا نَّبِيًّا","translation_en":"And mention in the Book, Idrees. Indeed, he was a man of truth and a prophet.","translation_id":"Dan ceritakanlah (hai Muhammad kepada mereka, kisah) Idris (yang tersebut) di dalam Al Quran. Sesungguhnya ia adalah seorang yang sangat membenarkan dan seorang nabi."},{"number":57,"text":"وَرَفَعْنَٰهُ مَكَانًا عَلِيًّا","translation_en":"And We raised him to a high station.","translation_id":"Dan Kami telah mengangkatnya ke martabat yang tinggi."},{"number":58,"text":"أُو۟لَٰٓئِكَ ٱلَّذِينَ أَنْعَمَ ٱللَّهُ عَلَيْهِم مِّنَ ٱلنَّبِيِّۦنَ مِن ذُرِّيَّةِ ءَادَمَ وَمِمَّنْ حَمَلْنَا مَعَ نُوحٍ وَمِن ذُرِّيَّةِ إِبْرَٰهِيمَ وَإِسْرَٰٓءِيلَ وَمِمَّنْ هَدَيْنَا وَٱجْتَبَيْنَآ إِذَا تُتْلَىٰ عَلَيْهِمْ ءَايَٰتُ ٱلرَّحْمَٰنِ خَرُّوا۟ سُجَّدًا وَبُكِيًّا","translation_en":"Those were the ones upon whom Allah bestowed favor from among the prophets of the descendants of Adam and of those We carried [in the ship] with Noah, and of the descendants of Abraham and Israel, and of those whom We guided and chose. When the verses of the Most Merciful were recited to them, they fell in prostration and weeping.","translation_id":"Mereka itu adalah orang-orang yang telah diberi nikmat oleh Allah, yaitu para nabi dari keturunan Adam, dan dari orang-orang yang Kami angkat bersama Nuh, dan dari keturunan Ibrahim dan Israil, dan dari orang-orang yang telah Kami beri petunjuk dan telah Kami pilih. Apabila dibacakan ayat-ayat Allah Yang Maha Pemurah kepada mereka, maka mereka menyungkur dengan bersujud dan menangis."},{"number":59,"text":"فَخَلَفَ مِنۢ بَعْدِهِمْ خَلْفٌ أَضَاعُوا۟ ٱلصَّلَوٰةَ وَٱتَّبَعُوا۟ ٱلشَّهَوَٰتِ فَسَوْفَ يَلْقَوْنَ غَيًّا","translation_en":"But there came after them successors who neglected prayer and pursued desires; so they are going to meet evil -","translation_id":"Maka datanglah sesudah mereka, pengganti (yang jelek) yang menyia-nyiakan shalat dan memperturutkan hawa nafsunya, maka mereka kelak akan menemui kesesatan,"},{"number":60,"text":"إِلَّا مَن تَابَ وَءَامَنَ وَعَمِلَ صَٰلِحًا فَأُو۟لَٰٓئِكَ يَدْخُلُونَ ٱلْجَنَّةَ وَلَا يُظْلَمُونَ شَيْـًٔا","translation_en":"Except those who repent, believe and do righteousness; for those will enter Paradise and will not be wronged at all.","translation_id":"kecuali orang yang bertaubat, beriman dan beramal saleh, maka mereka itu akan masuk surga dan tidak dianiaya (dirugikan) sedikitpun,"},{"number":61,"text":"جَنَّٰتِ عَدْنٍ ٱلَّتِى وَعَدَ ٱلرَّحْمَٰنُ عِبَادَهُۥ بِٱلْغَيْبِ إِنَّهُۥ كَانَ وَعْدُهُۥ مَأْتِيًّا","translation_en":"[Therein are] gardens of perpetual residence which the Most Merciful has promised His servants in the unseen. Indeed, His promise has ever been coming.","translation_id":"yaitu surga 'Adn yang telah dijanjikan oleh Tuhan Yang Maha Pemurah kepada hamba-hamba-Nya, sekalipun (surga itu) tidak nampak. Sesungguhnya janji Allah itu pasti akan ditepati."},{"number":62,"text":"لَّا يَسْمَعُونَ فِيهَا لَغْوًا إِلَّا سَلَٰمًا وَلَهُمْ رِزْقُهُمْ فِيهَا بُكْرَةً وَعَشِيًّا","translation_en":"They will not hear therein any ill speech - only [greetings of] peace - and they will have their provision therein, morning and afternoon.","translation_id":"Mereka tidak mendengar perkataan yang tak berguna di dalam surga, kecuali ucapan salam. Bagi mereka rezekinya di surga itu tiap-tiap pagi dan petang."},{"number":63,"text":"تِلْكَ ٱلْجَنَّةُ ٱلَّتِى نُورِثُ مِنْ عِبَادِنَا مَن كَانَ تَقِيًّا","translation_en":"That is Paradise, which We give as inheritance to those of Our servants who were fearing of Allah.","translation_id":"Itulah surga yang akan Kami wariskan kepada hamba-hamba Kami yang selalu bertakwa."},{"number":64,"text":"وَمَا نَتَنَزَّلُ إِلَّا بِأَمْرِ رَبِّكَ لَهُۥ مَا بَيْنَ أَيْدِينَا وَمَا خَلْفَنَا وَمَا بَيْنَ ذَٰلِكَ وَمَا كَانَ رَبُّكَ نَسِيًّا","translation_en":"[Gabriel said], \"And we [angels] descend not except by the order of your Lord. To Him belongs that before us and that behind us and what is in between. And never is your Lord forgetful -","translation_id":"Dan tidaklah kami (Jibril) turun, kecuali dengan perintah Tuhanmu. Kepunyaan-Nya-lah apa-apa yang ada di hadapan kita, apa-apa yang ada di belakang kita dan apa-apa yang ada di antara keduanya, dan tidaklah Tuhanmu lupa."},{"number":65,"text":"رَّبُّ ٱلسَّمَٰوَٰتِ وَٱلْأَرْضِ وَمَا بَيْنَهُمَا فَٱعْبُدْهُ وَٱصْطَبِرْ لِعِبَٰدَتِهِۦ هَلْ تَعْلَمُ لَهُۥ سَمِيًّا","translation_en":"Lord of the heavens and the earth and whatever is between them - so worship Him and have patience for His worship. Do you know of any similarity to Him?\"","translation_id":"Tuhan (yang menguasai) langit dan bumi dan apa-apa yang ada di antara keduanya, maka sembahlah Dia dan berteguh hatilah dalam beribadat kepada-Nya. Apakah kamu mengetahui ada seorang yang sama dengan Dia (yang patut disembah)?"},{"number":66,"text":"وَيَقُولُ ٱلْإِنسَٰنُ أَءِذَا مَا مِتُّ لَسَوْفَ أُخْرَجُ حَيًّا","translation_en":"And the disbeliever says, \"When I have died, am I going to be brought forth alive?\"","translation_id":"Dan berkata manusia: \"Betulkah apabila aku telah mati, bahwa aku sungguh-sungguh akan dibangkitkan menjadi hidup kembali?\""},{"number":67,"text":"أَوَلَا يَذْكُرُ ٱلْإِنسَٰنُ أَنَّا خَلَقْنَٰهُ مِن قَبْلُ وَلَمْ يَكُ شَيْـًٔا","translation_en":"Does man not remember that We created him before, while he was nothing?","translation_id":"Dan tidakkah manusia itu memikirkan bahwa sesungguhnya Kami telah menciptakannya dahulu, sedang ia tidak ada sama sekali?"},{"number":68,"text":"فَوَرَبِّكَ لَنَحْشُرَنَّهُمْ وَٱلشَّيَٰطِينَ ثُمَّ لَنُحْضِرَنَّهُمْ حَوْلَ جَهَنَّمَ جِثِيًّا","translation_en":"So by your Lord, We will surely gather them and the devils; then We will bring them to be present around Hell upon their knees.","translation_id":"Demi Tuhanmu, sesungguhnya akan Kami bangkitkan mereka bersama syaitan, kemudian akan Kami datangkan mereka ke sekeliling Jahannam dengan berlutut."},{"number":69,"text":"ثُمَّ لَنَنزِعَنَّ مِن كُلِّ شِيعَةٍ أَيُّهُمْ أَشَدُّ عَلَى ٱلرَّحْمَٰنِ عِتِيًّا","translation_en":"Then We will surely extract from every sect those of them who were worst against the Most Merciful in insolence.","translation_id":"Kemudian pasti akan Kami tarik dari tiap-tiap golongan siapa di antara mereka yang sangat durhaka kepada Tuhan Yang Maha Pemurah."},{"number":70,"text":"ثُمَّ لَنَحْنُ أَعْلَمُ بِٱلَّذِينَ هُمْ أَوْلَىٰ بِهَا صِلِيًّا","translation_en":"Then, surely it is We who are most knowing of those most worthy of burning therein.","translation_id":"Dan kemudian Kami sungguh lebih mengetahui orang-orang yang seharusnya dimasukkan ke dalam neraka."},{"number":71,"text":"وَإِن مِّنكُمْ إِلَّا وَارِدُهَا كَانَ عَلَىٰ رَبِّكَ حَتْمًا مَّقْضِيًّا","translation_en":"And there is none of you except he will come to it. This is upon your Lord an inevitability decreed.","translation_id":"Dan tidak ada seorangpun dari padamu, melainkan mendatangi neraka itu. Hal itu bagi Tuhanmu adalah suatu kemestian yang sudah ditetapkan."},{"number":72,"text":"ثُمَّ نُنَجِّى ٱلَّذِينَ ٱتَّقَوا۟ وَّنَذَرُ ٱلظَّٰلِمِينَ فِيهَا جِثِيًّا","translation_en":"Then We will save those who feared Allah and leave the wrongdoers within it, on their knees.","translation_id":"Kemudian Kami akan menyelamatkan orang-orang yang bertakwa dan membiarkan orang-orang yang zalim di dalam neraka dalam keadaan berlutut."},{"number":73,"text":"وَإِذَا تُتْلَىٰ عَلَيْهِمْ ءَايَٰتُنَا بَيِّنَٰتٍ قَالَ ٱلَّذِينَ كَفَرُوا۟ لِلَّذِينَ ءَامَنُوٓا۟ أَىُّ ٱلْفَرِيقَيْنِ خَيْرٌ مَّقَامًا وَأَحْسَنُ نَدِيًّا","translation_en":"And when Our verses are recited to them as clear evidences, those who disbelieve say to those who believe, \"Which of [our] two parties is best in position and best in association?\"","translation_id":"Dan apabila dibacakan kepada mereka ayat-ayat Kami yang terang (maksudnya), niscaya orang-orang yang kafir berkata kepada orang-orang yang beriman: \"Manakah di antara kedua golongan (kafir dan mukmin) yang lebih baik tempat tinggalnya dan lebih indah tempat pertemuan(nya)?\""},{"number":74,"text":"وَكَمْ أَهْلَكْنَا قَبْلَهُم مِّن قَرْنٍ هُمْ أَحْسَنُ أَثَٰثًا وَرِءْيًا","translation_en":"And how many a generation have We destroyed before them who were better in possessions and [outward] appearance?","translation_id":"Berapa banyak umat yang telah Kami binasakan sebelum mereka, sedang mereka adalah lebih bagus alat rumah tangganya dan lebih sedap di pandang mata."},{"number":75,"text":"قُلْ مَن كَانَ فِى ٱلضَّلَٰلَةِ فَلْيَمْدُدْ لَهُ ٱلرَّحْمَٰنُ مَدًّا حَتَّىٰٓ إِذَا رَأَوْا۟ مَا يُوعَدُونَ إِمَّا ٱلْعَذَابَ وَإِمَّا ٱلسَّاعَةَ فَسَيَعْلَمُونَ مَنْ هُوَ شَرٌّ مَّكَانًا وَأَضْعَفُ جُندًا","translation_en":"Say, \"Whoever is in error - let the Most Merciful extend for him an extension [in wealth and time] until, when they see that which they were promised - either punishment [in this world] or the Hour [of resurrection] - they will come to know who is worst in position and weaker in soldiers.\"","translation_id":"Katakanlah: \"Barang siapa yang berada di dalam kesesatan, maka biarlah Tuhan yang Maha Pemurah memperpanjang tempo baginya; sehingga apabila mereka telah melihat apa yang diancamkan kepadanya, baik siksa maupun kiamat, maka mereka akan mengetahui siapa yang lebih jelek kedudukannya dan lebih lemah penolong-penolongnya\"."},{"number":76,"text":"وَيَزِيدُ ٱللَّهُ ٱلَّذِينَ ٱهْتَدَوْا۟ هُدًى وَٱلْبَٰقِيَٰتُ ٱلصَّٰلِحَٰتُ خَيْرٌ عِندَ رَبِّكَ ثَوَابًا وَخَيْرٌ مَّرَدًّا","translation_en":"And Allah increases those who were guided, in guidance, and the enduring good deeds are better to your Lord for reward and better for recourse.","translation_id":"Dan Allah akan menambah petunjuk kepada mereka yang telah mendapat petunjuk. Dan amal-amal saleh yang kekal itu lebih baik pahalanya di sisi Tuhanmu dan lebih baik kesudahannya."},{"number":77,"text":"أَفَرَءَيْتَ ٱلَّذِى كَفَرَ بِـَٔايَٰتِنَا وَقَالَ لَأُوتَيَنَّ مَالًا وَوَلَدًا","translation_en":"Then, have you seen he who disbelieved in Our verses and said, \"I will surely be given wealth and children [in the next life]?\"","translation_id":"Maka apakah kamu telah melihat orang yang kafir kepada ayat-ayat Kami dan ia mengatakan: \"Pasti aku akan diberi harta dan anak\"."},{"number":78,"text":"أَطَّلَعَ ٱلْغَيْبَ أَمِ ٱتَّخَذَ عِندَ ٱلرَّحْمَٰنِ عَهْدًا","translation_en":"Has he looked into the unseen, or has he taken from the Most Merciful a promise?","translation_id":"Adakah ia melihat yang ghaib atau ia telah membuat perjanjian di sisi Tuhan Yang Maha Pemurah?,"},{"number":79,"text":"كَلَّا سَنَكْتُبُ مَا يَقُولُ وَنَمُدُّ لَهُۥ مِنَ ٱلْعَذَابِ مَدًّا","translation_en":"No! We will record what he says and extend for him from the punishment extensively.","translation_id":"sekali-kali tidak, Kami akan menulis apa yang ia katakan, dan benar-benar Kami akan memperpanjang azab untuknya,"},{"number":80,"text":"وَنَرِثُهُۥ مَا يَقُولُ وَيَأْتِينَا فَرْدًا","translation_en":"And We will inherit him [in] what he mentions, and he will come to Us alone.","translation_id":"dan Kami akan mewarisi apa yang ia katakan itu, dan ia akan datang kepada Kami dengan seorang diri."},{"number":81,"text":"وَٱتَّخَذُوا۟ مِن دُونِ ٱللَّهِ ءَالِهَةً لِّيَكُونُوا۟ لَهُمْ عِزًّا","translation_en":"And they have taken besides Allah [false] deities that they would be for them [a source of] honor.","translation_id":"Dan mereka telah mengambil sembahan-sembahan selain Allah, agar sembahan-sembahan itu menjadi pelindung bagi mereka,"},{"number":82,"text":"كَلَّا سَيَكْفُرُونَ بِعِبَادَتِهِمْ وَيَكُونُونَ عَلَيْهِمْ ضِدًّا","translation_en":"No! Those \"gods\" will deny their worship of them and will be against them opponents [on the Day of Judgement].","translation_id":"sekali-kali tidak. Kelak mereka (sembahan-sembahan) itu akan mengingkari penyembahan (pengikut-pengikutnya) terhadapnya, dan mereka (sembahan-sembahan) itu akan menjadi musuh bagi mereka."},{"number":83,"text":"أَلَمْ تَرَ أَنَّآ أَرْسَلْنَا ٱلشَّيَٰطِينَ عَلَى ٱلْكَٰفِرِينَ تَؤُزُّهُمْ أَزًّا","translation_en":"Do you not see that We have sent the devils upon the disbelievers, inciting them to [evil] with [constant] incitement?","translation_id":"Tidakkah kamu lihat, bahwasanya Kami telah mengirim syaitan-syaitan itu kepada orang-orang kafir untuk menghasung mereka berbuat maksiat dengan sungguh-sungguh?,"},{"number":84,"text":"فَلَا تَعْجَلْ عَلَيْهِمْ إِنَّمَا نَعُدُّ لَهُمْ عَدًّا","translation_en":"So be not impatient over them. We only count out to them a [limited] number.","translation_id":"maka janganlah kamu tergesa-gesa memintakan siksa terhadap mereka, karena sesungguhnya Kami hanya menghitung datangnya (hari siksaan) untuk mereka dengan perhitungan yang teliti."},{"number":85,"text":"يَوْمَ نَحْشُرُ ٱلْمُتَّقِينَ إِلَى ٱلرَّحْمَٰنِ وَفْدًا","translation_en":"On the Day We will gather the righteous to the Most Merciful as a delegation","translation_id":"(Ingatlah) hari (ketika) Kami mengumpulkan orang-orang yang takwa kepada Tuhan Yang Maha Pemurah sebagai perutusan yang terhormat,"},{"number":86,"text":"وَنَسُوقُ ٱلْمُجْرِمِينَ إِلَىٰ جَهَنَّمَ وِرْدًا","translation_en":"And will drive the criminals to Hell in thirst","translation_id":"dan Kami akan menghalau orang-orang yang durhaka ke neraka Jahannam dalam keadaan dahaga."},{"number":87,"text":"لَّا يَمْلِكُونَ ٱلشَّفَٰعَةَ إِلَّا مَنِ ٱتَّخَذَ عِندَ ٱلرَّحْمَٰنِ عَهْدًا","translation_en":"None will have [power of] intercession except he who had taken from the Most Merciful a covenant.","translation_id":"Mereka tidak berhak mendapat syafa'at kecuali orang yang telah mengadakan perjanjian di sisi Tuhan Yang Maha Pemurah."},{"number":88,"text":"وَقَالُوا۟ ٱتَّخَذَ ٱلرَّحْمَٰنُ وَلَدًا","translation_en":"And they say, \"The Most Merciful has taken [for Himself] a son.\"","translation_id":"Dan mereka berkata: \"Tuhan Yang Maha Pemurah mengambil (mempunyai) anak\"."},{"number":89,"text":"لَّقَدْ جِئْتُمْ شَيْـًٔا إِدًّا","translation_en":"You have done an atrocious thing.","translation_id":"Sesungguhnya kamu telah mendatangkan sesuatu perkara yang sangat mungkar,"},{"number":90,"text":"تَكَادُ ٱلسَّمَٰوَٰتُ يَتَفَطَّرْنَ مِنْهُ وَتَنشَقُّ ٱلْأَرْضُ وَتَخِرُّ ٱلْجِبَالُ هَدًّا","translation_en":"The heavens almost rupture therefrom and the earth splits open and the mountains collapse in devastation","translation_id":"hampir-hampir langit pecah karena ucapan itu, dan bumi belah, dan gunung-gunung runtuh,"},{"number":91,"text":"أَن دَعَوْا۟ لِلرَّحْمَٰنِ وَلَدًا","translation_en":"That they attribute to the Most Merciful a son.","translation_id":"karena mereka mendakwakan Allah Yang Maha Pemurah mempunyai anak."},{"number":92,"text":"وَمَا يَنۢبَغِى لِلرَّحْمَٰنِ أَن يَتَّخِذَ وَلَدًا","translation_en":"And it is not appropriate for the Most Merciful that He should take a son.","translation_id":"Dan tidak layak bagi Tuhan Yang Maha Pemurah mengambil (mempunyai) anak."},{"number":93,"text":"إِن كُلُّ مَن فِى ٱلسَّمَٰوَٰتِ وَٱلْأَرْضِ إِلَّآ ءَاتِى ٱلرَّحْمَٰنِ عَبْدًا","translation_en":"There is no one in the heavens and earth but that he comes to the Most Merciful as a servant.","translation_id":"Tidak ada seorangpun di langit dan di bumi, kecuali akan datang kepada Tuhan Yang Maha Pemurah selaku seorang hamba."},{"number":94,"text":"لَّقَدْ أَحْصَىٰهُمْ وَعَدَّهُمْ عَدًّا","translation_en":"He has enumerated them and counted them a [full] counting.","translation_id":"Sesungguhnya Allah telah menentukan jumlah mereka dan menghitung mereka dengan hitungan yang teliti."},{"number":95,"text":"وَكُلُّهُمْ ءَاتِيهِ يَوْمَ ٱلْقِيَٰمَةِ فَرْدًا","translation_en":"And all of them are coming to Him on the Day of Resurrection alone.","translation_id":"Dan tiap-tiap mereka akan datang kepada Allah pada hari kiamat dengan sendiri-sendiri."},{"number":96,"text":"إِنَّ ٱلَّذِينَ ءَامَنُوا۟ وَعَمِلُوا۟ ٱلصَّٰلِحَٰتِ سَيَجْعَلُ لَهُمُ ٱلرَّحْمَٰنُ وُدًّا","translation_en":"Indeed, those who have believed and done righteous deeds - the Most Merciful will appoint for them affection.","translation_id":"Sesungguhnya orang-orang yang beriman dan beramal saleh, kelak Allah Yang Maha Pemurah akan menanamkan dalam (hati) mereka rasa kasih sayang."},{"number":97,"text":"فَإِنَّمَا يَسَّرْنَٰهُ بِلِسَانِكَ لِتُبَشِّرَ بِهِ ٱلْمُتَّقِينَ وَتُنذِرَ بِهِۦ قَوْمًا لُّدًّا","translation_en":"So, [O Muhammad], We have only made Qur'an easy in the Arabic language that you may give good tidings thereby to the righteous and warn thereby a hostile people.","translation_id":"Maka sesungguhnya telah Kami mudahkan Al Quran itu dengan bahasamu, agar kamu dapat memberi kabar gembira dengan Al Quran itu kepada orang-orang yang bertakwa, dan agar kamu memberi peringatan dengannya kepada kaum yang membangkang."},{"number":98,"text":"وَكَمْ أَهْلَكْنَا قَبْلَهُم مِّن قَرْنٍ هَلْ تُحِسُّ مِنْهُم مِّنْ أَحَدٍ أَوْ تَسْمَعُ لَهُمْ رِكْزًۢا","translation_en":"And how many have We destroyed before them of generations? Do you perceive of them anyone or hear from them a sound?","translation_id":"Dan berapa banyak telah Kami binasakan umat-umat sebelum mereka. Adakah kamu melihat seorangpun dari mereka atau kamu dengar suara mereka yang samar-samar?"}]}