{"number":20,"name":"سورة طه","transliteration_en":"Taa-Haa","translation_en":"Taa-Haa","total_verses":135,"revelation_type":"Meccan","verses":[{"number":1,"text":"بِسْمِ ٱللَّهِ ٱلرَّحْمَٰنِ ٱلرَّحِيمِ طه","translation_en":"Ta, Ha.","translation_id":"Thaahaa."},{"number":2,"text":"مَآ أَنزَلْنَا عَلَيْكَ ٱلْقُرْءَانَ لِتَشْقَىٰٓ","translation_en":"We have not sent down to you the Qur'an that you be distressed","translation_id":"Kami tidak menurunkan Al Quran ini kepadamu agar kamu menjadi susah;"},{"number":3,"text":"إِلَّا تَذْكِرَةً لِّمَن يَخْشَىٰ","translation_en":"But only as a reminder for those who fear [Allah] -","translation_id":"tetapi sebagai peringatan bagi orang yang takut (kepada Allah),"},{"number":4,"text":"تَنزِيلًا مِّمَّنْ خَلَقَ ٱلْأَرْضَ وَٱلسَّمَٰوَٰتِ ٱلْعُلَى","translation_en":"A revelation from He who created the earth and highest heavens,","translation_id":"yaitu diturunkan dari Allah yang menciptakan bumi dan langit yang tinggi."},{"number":5,"text":"ٱلرَّحْمَٰنُ عَلَى ٱلْعَرْشِ ٱسْتَوَىٰ","translation_en":"The Most Merciful [who is] above the Throne established.","translation_id":"(Yaitu) Tuhan Yang Maha Pemurah. Yang bersemayam di atas 'Arsy."},{"number":6,"text":"لَهُۥ مَا فِى ٱلسَّمَٰوَٰتِ وَمَا فِى ٱلْأَرْضِ وَمَا بَيْنَهُمَا وَمَا تَحْتَ ٱلثَّرَىٰ","translation_en":"To Him belongs what is in the heavens and what is on the earth and what is between them and what is under the soil.","translation_id":"Kepunyaan-Nya-lah semua yang ada di langit, semua yang di bumi, semua yang di antara keduanya dan semua yang di bawah tanah."},{"number":7,"text":"وَإِن تَجْهَرْ بِٱلْقَوْلِ فَإِنَّهُۥ يَعْلَمُ ٱلسِّرَّ وَأَخْفَى","translation_en":"And if you speak aloud - then indeed, He knows the secret and what is [even] more hidden.","translation_id":"Dan jika kamu mengeraskan ucapanmu, maka sesungguhnya Dia mengetahui rahasia dan yang lebih tersembunyi."},{"number":8,"text":"ٱللَّهُ لَآ إِلَٰهَ إِلَّا هُوَ لَهُ ٱلْأَسْمَآءُ ٱلْحُسْنَىٰ","translation_en":"Allah - there is no deity except Him. To Him belong the best names.","translation_id":"Dialah Allah, tidak ada Tuhan (yang berhak disembah) melainkan Dia. Dia mempunyai al asmaaul husna (nama-nama yang baik),"},{"number":9,"text":"وَهَلْ أَتَىٰكَ حَدِيثُ مُوسَىٰٓ","translation_en":"And has the story of Moses reached you? -","translation_id":"Apakah telah sampai kepadamu kisah Musa?"},{"number":10,"text":"إِذْ رَءَا نَارًا فَقَالَ لِأَهْلِهِ ٱمْكُثُوٓا۟ إِنِّىٓ ءَانَسْتُ نَارًا لَّعَلِّىٓ ءَاتِيكُم مِّنْهَا بِقَبَسٍ أَوْ أَجِدُ عَلَى ٱلنَّارِ هُدًى","translation_en":"When he saw a fire and said to his family, \"Stay here; indeed, I have perceived a fire; perhaps I can bring you a torch or find at the fire some guidance.\"","translation_id":"Ketika ia melihat api, lalu berkatalah ia kepada keluarganya: \"Tinggallah kamu (di sini), sesungguhnya aku melihat api, mudah-mudahan aku dapat membawa sedikit daripadanya kepadamu atau aku akan mendapat petunjuk di tempat api itu\"."},{"number":11,"text":"فَلَمَّآ أَتَىٰهَا نُودِىَ يَٰمُوسَىٰٓ","translation_en":"And when he came to it, he was called, \"O Moses,","translation_id":"Maka ketika ia datang ke tempat api itu ia dipanggil: \"Hai Musa."},{"number":12,"text":"إِنِّىٓ أَنَا۠ رَبُّكَ فَٱخْلَعْ نَعْلَيْكَ إِنَّكَ بِٱلْوَادِ ٱلْمُقَدَّسِ طُوًى","translation_en":"Indeed, I am your Lord, so remove your sandals. Indeed, you are in the sacred valley of Tuwa.","translation_id":"Sesungguhnya Aku inilah Tuhanmu, maka tanggalkanlah kedua terompahmu; sesungguhnya kamu berada dilembah yang suci, Thuwa."},{"number":13,"text":"وَأَنَا ٱخْتَرْتُكَ فَٱسْتَمِعْ لِمَا يُوحَىٰٓ","translation_en":"And I have chosen you, so listen to what is revealed [to you].","translation_id":"Dan Aku telah memilih kamu, maka dengarkanlah apa yang akan diwahyukan (kepadamu)."},{"number":14,"text":"إِنَّنِىٓ أَنَا ٱللَّهُ لَآ إِلَٰهَ إِلَّآ أَنَا۠ فَٱعْبُدْنِى وَأَقِمِ ٱلصَّلَوٰةَ لِذِكْرِىٓ","translation_en":"Indeed, I am Allah. There is no deity except Me, so worship Me and establish prayer for My remembrance.","translation_id":"Sesungguhnya Aku ini adalah Allah, tidak ada Tuhan (yang hak) selain Aku, maka sembahlah Aku dan dirikanlah shalat untuk mengingat Aku."},{"number":15,"text":"إِنَّ ٱلسَّاعَةَ ءَاتِيَةٌ أَكَادُ أُخْفِيهَا لِتُجْزَىٰ كُلُّ نَفْسٍۭ بِمَا تَسْعَىٰ","translation_en":"Indeed, the Hour is coming - I almost conceal it - so that every soul may be recompensed according to that for which it strives.","translation_id":"Segungguhnya hari kiamat itu akan datang Aku merahasiakan (waktunya) agar supaya tiap-tiap diri itu dibalas dengan apa yang ia usahakan."},{"number":16,"text":"فَلَا يَصُدَّنَّكَ عَنْهَا مَن لَّا يُؤْمِنُ بِهَا وَٱتَّبَعَ هَوَىٰهُ فَتَرْدَىٰ","translation_en":"So do not let one avert you from it who does not believe in it and follows his desire, for you [then] would perish.","translation_id":"Maka sekali-kali janganlah kamu dipalingkan daripadanya oleh orang yang tidak beriman kepadanya dan oleh orang yang mengikuti hawa nafsunya, yang menyebabkan kamu jadi binasa\"."},{"number":17,"text":"وَمَا تِلْكَ بِيَمِينِكَ يَٰمُوسَىٰ","translation_en":"And what is that in your right hand, O Moses?\"","translation_id":"Apakah itu yang di tangan kananmu, hai Musa?"},{"number":18,"text":"قَالَ هِىَ عَصَاىَ أَتَوَكَّؤُا۟ عَلَيْهَا وَأَهُشُّ بِهَا عَلَىٰ غَنَمِى وَلِىَ فِيهَا مَـَٔارِبُ أُخْرَىٰ","translation_en":"He said, \"It is my staff; I lean upon it, and I bring down leaves for my sheep and I have therein other uses.\"","translation_id":"Berkata Musa: \"Ini adalah tongkatku, aku bertelekan padanya, dan aku pukul (daun) dengannya untuk kambingku, dan bagiku ada lagi keperluan yang lain padanya\"."},{"number":19,"text":"قَالَ أَلْقِهَا يَٰمُوسَىٰ","translation_en":"[Allah] said, \"Throw it down, O Moses.\"","translation_id":"Allah berfirman: \"Lemparkanlah ia, hai Musa!\""},{"number":20,"text":"فَأَلْقَىٰهَا فَإِذَا هِىَ حَيَّةٌ تَسْعَىٰ","translation_en":"So he threw it down, and thereupon it was a snake, moving swiftly.","translation_id":"Lalu dilemparkannyalah tongkat itu, maka tiba-tiba ia menjadi seekor ular yang merayap dengan cepat."},{"number":21,"text":"قَالَ خُذْهَا وَلَا تَخَفْ سَنُعِيدُهَا سِيرَتَهَا ٱلْأُولَىٰ","translation_en":"[Allah] said, \"Seize it and fear not; We will return it to its former condition.","translation_id":"Allah berfirman: \"Peganglah ia dan jangan takut, Kami akan mengembalikannya kepada keadaannya semula,"},{"number":22,"text":"وَٱضْمُمْ يَدَكَ إِلَىٰ جَنَاحِكَ تَخْرُجْ بَيْضَآءَ مِنْ غَيْرِ سُوٓءٍ ءَايَةً أُخْرَىٰ","translation_en":"And draw in your hand to your side; it will come out white without disease - another sign,","translation_id":"dan kepitkanlah tanganmu ke ketiakmu, niscaya ia ke luar menjadi putih cemerlang tanpa cacad, sebagai mukjizat yang lain (pula),"},{"number":23,"text":"لِنُرِيَكَ مِنْ ءَايَٰتِنَا ٱلْكُبْرَى","translation_en":"That We may show you [some] of Our greater signs.","translation_id":"untuk Kami perlihatkan kepadamu sebahagian dari tanda-tanda kekuasaan Kami yang sangat besar,"},{"number":24,"text":"ٱذْهَبْ إِلَىٰ فِرْعَوْنَ إِنَّهُۥ طَغَىٰ","translation_en":"Go to Pharaoh. Indeed, he has transgressed.\"","translation_id":"Pergilah kepada Fir'aun; sesungguhnya ia telah melampaui batas\"."},{"number":25,"text":"قَالَ رَبِّ ٱشْرَحْ لِى صَدْرِى","translation_en":"[Moses] said, \"My Lord, expand for me my breast [with assurance]","translation_id":"Berkata Musa: \"Ya Tuhanku, lapangkanlah untukku dadaku,"},{"number":26,"text":"وَيَسِّرْ لِىٓ أَمْرِى","translation_en":"And ease for me my task","translation_id":"dan mudahkanlah untukku urusanku,"},{"number":27,"text":"وَٱحْلُلْ عُقْدَةً مِّن لِّسَانِى","translation_en":"And untie the knot from my tongue","translation_id":"dan lepaskanlah kekakuan dari lidahku,"},{"number":28,"text":"يَفْقَهُوا۟ قَوْلِى","translation_en":"That they may understand my speech.","translation_id":"supaya mereka mengerti perkataanku,"},{"number":29,"text":"وَٱجْعَل لِّى وَزِيرًا مِّنْ أَهْلِى","translation_en":"And appoint for me a minister from my family -","translation_id":"dan jadikanlah untukku seorang pembantu dari keluargaku,"},{"number":30,"text":"هَٰرُونَ أَخِى","translation_en":"Aaron, my brother.","translation_id":"(yaitu) Harun, saudaraku,"},{"number":31,"text":"ٱشْدُدْ بِهِۦٓ أَزْرِى","translation_en":"Increase through him my strength","translation_id":"teguhkanlah dengan dia kekuatanku,"},{"number":32,"text":"وَأَشْرِكْهُ فِىٓ أَمْرِى","translation_en":"And let him share my task","translation_id":"dan jadikankanlah dia sekutu dalam urusanku,"},{"number":33,"text":"كَىْ نُسَبِّحَكَ كَثِيرًا","translation_en":"That we may exalt You much","translation_id":"supaya kami banyak bertasbih kepada Engkau,"},{"number":34,"text":"وَنَذْكُرَكَ كَثِيرًا","translation_en":"And remember You much.","translation_id":"dan banyak mengingat Engkau."},{"number":35,"text":"إِنَّكَ كُنتَ بِنَا بَصِيرًا","translation_en":"Indeed, You are of us ever Seeing.\"","translation_id":"Sesungguhnya Engkau adalah Maha Melihat (keadaan) kami\"."},{"number":36,"text":"قَالَ قَدْ أُوتِيتَ سُؤْلَكَ يَٰمُوسَىٰ","translation_en":"[Allah] said, \"You have been granted your request, O Moses.","translation_id":"Allah berfirman: \"Sesungguhnya telah diperkenankan permintaanmu, hai Musa\"."},{"number":37,"text":"وَلَقَدْ مَنَنَّا عَلَيْكَ مَرَّةً أُخْرَىٰٓ","translation_en":"And We had already conferred favor upon you another time,","translation_id":"Dan sesungguhnya Kami telah memberi nikmat kepadamu pada kali yang lain,"},{"number":38,"text":"إِذْ أَوْحَيْنَآ إِلَىٰٓ أُمِّكَ مَا يُوحَىٰٓ","translation_en":"When We inspired to your mother what We inspired,","translation_id":"yaitu ketika Kami mengilhamkan kepada ibumu suatu yang diilhamkan,"},{"number":39,"text":"أَنِ ٱقْذِفِيهِ فِى ٱلتَّابُوتِ فَٱقْذِفِيهِ فِى ٱلْيَمِّ فَلْيُلْقِهِ ٱلْيَمُّ بِٱلسَّاحِلِ يَأْخُذْهُ عَدُوٌّ لِّى وَعَدُوٌّ لَّهُۥ وَأَلْقَيْتُ عَلَيْكَ مَحَبَّةً مِّنِّى وَلِتُصْنَعَ عَلَىٰ عَيْنِىٓ","translation_en":"[Saying], 'Cast him into the chest and cast it into the river, and the river will throw it onto the bank; there will take him an enemy to Me and an enemy to him.' And I bestowed upon you love from Me that you would be brought up under My eye.","translation_id":"Yaitu: \"Letakkanlah ia (Musa) didalam peti, kemudian lemparkanlah ia ke sungai (Nil), maka pasti sungai itu membawanya ke tepi, supaya diambil oleh (Fir'aun) musuh-Ku dan musuhnya. Dan Aku telah melimpahkan kepadamu kasih sayang yang datang dari-Ku; dan supaya kamu diasuh di bawah pengawasan-Ku,"},{"number":40,"text":"إِذْ تَمْشِىٓ أُخْتُكَ فَتَقُولُ هَلْ أَدُلُّكُمْ عَلَىٰ مَن يَكْفُلُهُۥ فَرَجَعْنَٰكَ إِلَىٰٓ أُمِّكَ كَىْ تَقَرَّ عَيْنُهَا وَلَا تَحْزَنَ وَقَتَلْتَ نَفْسًا فَنَجَّيْنَٰكَ مِنَ ٱلْغَمِّ وَفَتَنَّٰكَ فُتُونًا فَلَبِثْتَ سِنِينَ فِىٓ أَهْلِ مَدْيَنَ ثُمَّ جِئْتَ عَلَىٰ قَدَرٍ يَٰمُوسَىٰ","translation_en":"[And We favored you] when your sister went and said, 'Shall I direct you to someone who will be responsible for him?' So We restored you to your mother that she might be content and not grieve. And you killed someone, but We saved you from retaliation and tried you with a [severe] trial. And you remained [some] years among the people of Madyan. Then you came [here] at the decreed time, O Moses.","translation_id":"(yaitu) ketika saudaramu yang perempuan berjalan, lalu ia berkata kepada (keluarga Fir'aun): \"Bolehkah saya menunjukkan kepadamu orang yang akan memeliharanya?\" Maka Kami mengembalikanmu kepada ibumu, agar senang hatinya dan tidak berduka cita. Dan kamu pernah membunuh seorang manusia, lalu Kami selamatkan kamu dari kesusahan dan Kami telah mencobamu dengan beberapa cobaan; maka kamu tinggal beberapa tahun diantara penduduk Madyan, kemudian kamu datang menurut waktu yang ditetapkan hai Musa,"},{"number":41,"text":"وَٱصْطَنَعْتُكَ لِنَفْسِى","translation_en":"And I produced you for Myself.","translation_id":"dan Aku telah memilihmu untuk diri-Ku."},{"number":42,"text":"ٱذْهَبْ أَنتَ وَأَخُوكَ بِـَٔايَٰتِى وَلَا تَنِيَا فِى ذِكْرِى","translation_en":"Go, you and your brother, with My signs and do not slacken in My remembrance.","translation_id":"Pergilah kamu beserta saudaramu dengan membawa ayat-ayat-Ku, dan janganlah kamu berdua lalai dalam mengingat-Ku;"},{"number":43,"text":"ٱذْهَبَآ إِلَىٰ فِرْعَوْنَ إِنَّهُۥ طَغَىٰ","translation_en":"Go, both of you, to Pharaoh. Indeed, he has transgressed.","translation_id":"Pergilah kamu berdua kepada Fir'aun, sesungguhnya dia telah melampaui batas;"},{"number":44,"text":"فَقُولَا لَهُۥ قَوْلًا لَّيِّنًا لَّعَلَّهُۥ يَتَذَكَّرُ أَوْ يَخْشَىٰ","translation_en":"And speak to him with gentle speech that perhaps he may be reminded or fear [Allah].\"","translation_id":"maka berbicaralah kamu berdua kepadanya dengan kata-kata yang lemah lembut, mudah-mudahan ia ingat atau takut\"."},{"number":45,"text":"قَالَا رَبَّنَآ إِنَّنَا نَخَافُ أَن يَفْرُطَ عَلَيْنَآ أَوْ أَن يَطْغَىٰ","translation_en":"They said, \"Our Lord, indeed we are afraid that he will hasten [punishment] against us or that he will transgress.\"","translation_id":"Berkatalah mereka berdua: \"Ya Tuhan kami, sesungguhnya kami khawatir bahwa ia segera menyiksa kami atau akan bertambah melampaui batas\"."},{"number":46,"text":"قَالَ لَا تَخَافَآ إِنَّنِى مَعَكُمَآ أَسْمَعُ وَأَرَىٰ","translation_en":"[Allah] said, \"Fear not. Indeed, I am with you both; I hear and I see.","translation_id":"Allah berfirman: \"Janganlah kamu berdua khawatir, sesungguhnya Aku beserta kamu berdua, Aku mendengar dan melihat\"."},{"number":47,"text":"فَأْتِيَاهُ فَقُولَآ إِنَّا رَسُولَا رَبِّكَ فَأَرْسِلْ مَعَنَا بَنِىٓ إِسْرَٰٓءِيلَ وَلَا تُعَذِّبْهُمْ قَدْ جِئْنَٰكَ بِـَٔايَةٍ مِّن رَّبِّكَ وَٱلسَّلَٰمُ عَلَىٰ مَنِ ٱتَّبَعَ ٱلْهُدَىٰٓ","translation_en":"So go to him and say, 'Indeed, we are messengers of your Lord, so send with us the Children of Israel and do not torment them. We have come to you with a sign from your Lord. And peace will be upon he who follows the guidance.","translation_id":"Maka datanglah kamu berdua kepadanya (Fir'aun) dan katakanlah: \"Sesungguhnya kami berdua adalah utusan Tuhanmu, maka lepaskanlah Bani Israil bersama kami dan janganlah kamu menyiksa mereka. Sesungguhnya kami telah datang kepadamu dengan membawa bukti (atas kerasulan kami) dari Tuhanmu. Dan keselamatan itu dilimpahkan kepada orang yang mengikuti petunjuk."},{"number":48,"text":"إِنَّا قَدْ أُوحِىَ إِلَيْنَآ أَنَّ ٱلْعَذَابَ عَلَىٰ مَن كَذَّبَ وَتَوَلَّىٰ","translation_en":"Indeed, it has been revealed to us that the punishment will be upon whoever denies and turns away.' \"","translation_id":"Sesungguhnya telah diwahyukan kepada kami bahwa siksa itu (ditimpakan) atas orang-orang yang mendustakan dan berpaling."},{"number":49,"text":"قَالَ فَمَن رَّبُّكُمَا يَٰمُوسَىٰ","translation_en":"[Pharaoh] said, \"So who is the Lord of you two, O Moses?\"","translation_id":"Berkata Fir'aun: \"Maka siapakah Tuhanmu berdua, hai Musa?."},{"number":50,"text":"قَالَ رَبُّنَا ٱلَّذِىٓ أَعْطَىٰ كُلَّ شَىْءٍ خَلْقَهُۥ ثُمَّ هَدَىٰ","translation_en":"He said, \"Our Lord is He who gave each thing its form and then guided [it].\"","translation_id":"Musa berkata: \"Tuhan kami ialah (Tuhan) yang telah memberikan kepada tiap-tiap sesuatu bentuk kejadiannya, kemudian memberinya petunjuk."},{"number":51,"text":"قَالَ فَمَا بَالُ ٱلْقُرُونِ ٱلْأُولَىٰ","translation_en":"[Pharaoh] said, \"Then what is the case of the former generations?\"","translation_id":"Berkata Fir'aun: \"Maka bagaimanakah keadaan umat-umat yang dahulu?\""},{"number":52,"text":"قَالَ عِلْمُهَا عِندَ رَبِّى فِى كِتَٰبٍ لَّا يَضِلُّ رَبِّى وَلَا يَنسَى","translation_en":"[Moses] said, \"The knowledge thereof is with my Lord in a record. My Lord neither errs nor forgets.\"","translation_id":"Musa menjawab: \"Pengetahuan tentang itu ada di sisi Tuhanku, di dalam sebuah kitab, Tuhan kami tidak akan salah dan tidak (pula) lupa;"},{"number":53,"text":"ٱلَّذِى جَعَلَ لَكُمُ ٱلْأَرْضَ مَهْدًا وَسَلَكَ لَكُمْ فِيهَا سُبُلًا وَأَنزَلَ مِنَ ٱلسَّمَآءِ مَآءً فَأَخْرَجْنَا بِهِۦٓ أَزْوَٰجًا مِّن نَّبَاتٍ شَتَّىٰ","translation_en":"[It is He] who has made for you the earth as a bed [spread out] and inserted therein for you roadways and sent down from the sky, rain and produced thereby categories of various plants.","translation_id":"Yang telah menjadikan bagimu bumi sebagai hamparan dan Yang telah menjadikan bagimu di bumi itu jalan-ja]an, dan menurunkan dari langit air hujan. Maka Kami tumbuhkan dengan air hujan itu berjenis-jenis dari tumbuh-tumbuhan yang bermacam-macam."},{"number":54,"text":"كُلُوا۟ وَٱرْعَوْا۟ أَنْعَٰمَكُمْ إِنَّ فِى ذَٰلِكَ لَءَايَٰتٍ لِّأُو۟لِى ٱلنُّهَىٰ","translation_en":"Eat [therefrom] and pasture your livestock. Indeed, in that are signs for those of intelligence.","translation_id":"Makanlah dan gembalakanlah binatang-binatangmu. Sesungguhnya pada yang demikian itu, terdapat tanda-tanda kekuasaan Allah bagi orang-orang yang berakal."},{"number":55,"text":"مِنْهَا خَلَقْنَٰكُمْ وَفِيهَا نُعِيدُكُمْ وَمِنْهَا نُخْرِجُكُمْ تَارَةً أُخْرَىٰ","translation_en":"From the earth We created you, and into it We will return you, and from it We will extract you another time.","translation_id":"Dari bumi (tanah) itulah Kami menjadikan kamu dan kepadanya Kami akan mengembalikan kamu dan daripadanya Kami akan mengeluarkan kamu pada kali yang lain,"},{"number":56,"text":"وَلَقَدْ أَرَيْنَٰهُ ءَايَٰتِنَا كُلَّهَا فَكَذَّبَ وَأَبَىٰ","translation_en":"And We certainly showed Pharaoh Our signs - all of them - but he denied and refused.","translation_id":"Dan sesungguhnya Kami telah perlihatkan kepadanya (Fir'aun) tanda-tanda kekuasaan Kami semuanya maka ia mendustakan dan enggan (menerima kebenaran)."},{"number":57,"text":"قَالَ أَجِئْتَنَا لِتُخْرِجَنَا مِنْ أَرْضِنَا بِسِحْرِكَ يَٰمُوسَىٰ","translation_en":"He said, \"Have you come to us to drive us out of our land with your magic, O Moses?","translation_id":"Berkata Fir'aun: \"Adakah kamu datang kepada kami untuk mengusir kami dari negeri kami (ini) dengan sihirmu, hai Musa?"},{"number":58,"text":"فَلَنَأْتِيَنَّكَ بِسِحْرٍ مِّثْلِهِۦ فَٱجْعَلْ بَيْنَنَا وَبَيْنَكَ مَوْعِدًا لَّا نُخْلِفُهُۥ نَحْنُ وَلَآ أَنتَ مَكَانًا سُوًى","translation_en":"Then we will surely bring you magic like it, so make between us and you an appointment, which we will not fail to keep and neither will you, in a place assigned.\"","translation_id":"Dan kamipun pasti akan mendatangkan (pula) kepadamu sihir semacam itu, maka buatlah suatu waktu untuk pertemuan antara kami dan kamu, yang kami tidak akan menyalahinya dan tidak (pula) kamu di suatu tempat yang pertengahan (letaknya)."},{"number":59,"text":"قَالَ مَوْعِدُكُمْ يَوْمُ ٱلزِّينَةِ وَأَن يُحْشَرَ ٱلنَّاسُ ضُحًى","translation_en":"[Moses] said, \"Your appointment is on the day of the festival when the people assemble at mid-morning.\"","translation_id":"Berkata Musa: \"Waktu untuk pertemuan (kami dengan) kamu itu ialah di hari raya dan hendaklah dikumpulkan manusia pada waktu matahari sepenggalahan naik\"."},{"number":60,"text":"فَتَوَلَّىٰ فِرْعَوْنُ فَجَمَعَ كَيْدَهُۥ ثُمَّ أَتَىٰ","translation_en":"So Pharaoh went away, put together his plan, and then came [to Moses].","translation_id":"Maka Fir'aun meninggalkan (tempat itu), lalu mengatur tipu dayanya, kemudian dia datang."},{"number":61,"text":"قَالَ لَهُم مُّوسَىٰ وَيْلَكُمْ لَا تَفْتَرُوا۟ عَلَى ٱللَّهِ كَذِبًا فَيُسْحِتَكُم بِعَذَابٍ وَقَدْ خَابَ مَنِ ٱفْتَرَىٰ","translation_en":"Moses said to the magicians summoned by Pharaoh, \"Woe to you! Do not invent a lie against Allah or He will exterminate you with a punishment; and he has failed who invents [such falsehood].\"","translation_id":"Berkata Musa kepada mereka: \"Celakalah kamu, janganlah kamu mengada-adakan kedustaan terhadap Allah, maka Dia membinasakan kamu dengan siksa\". Dan sesungguhnya telah merugi orang yang mengada-adakan kedustaan."},{"number":62,"text":"فَتَنَٰزَعُوٓا۟ أَمْرَهُم بَيْنَهُمْ وَأَسَرُّوا۟ ٱلنَّجْوَىٰ","translation_en":"So they disputed over their affair among themselves and concealed their private conversation.","translation_id":"Maka mereka berbantah-bantahan tentang urusan mereka di antara mereka dan mereka merahasiakan percakapan (mereka)."},{"number":63,"text":"قَالُوٓا۟ إِنْ هَٰذَٰنِ لَسَٰحِرَٰنِ يُرِيدَانِ أَن يُخْرِجَاكُم مِّنْ أَرْضِكُم بِسِحْرِهِمَا وَيَذْهَبَا بِطَرِيقَتِكُمُ ٱلْمُثْلَىٰ","translation_en":"They said, \"Indeed, these are two magicians who want to drive you out of your land with their magic and do away with your most exemplary way.","translation_id":"Mereka berkata: \"Sesungguhnya dua orang ini adalah benar-benar ahli sihir yang hendak mengusir kamu dari negeri kamu dengan sihirnya dan hendak melenyapkan kedudukan kamu yang utama."},{"number":64,"text":"فَأَجْمِعُوا۟ كَيْدَكُمْ ثُمَّ ٱئْتُوا۟ صَفًّا وَقَدْ أَفْلَحَ ٱلْيَوْمَ مَنِ ٱسْتَعْلَىٰ","translation_en":"So resolve upon your plan and then come [forward] in line. And he has succeeded today who overcomes.\"","translation_id":"Maka himpunkanlah segala daya (sihir) kamu sekalian, kemudian datanglah dengan berbaris. dan sesungguhnya beruntunglah oran yang menang pada hari ini."},{"number":65,"text":"قَالُوا۟ يَٰمُوسَىٰٓ إِمَّآ أَن تُلْقِىَ وَإِمَّآ أَن نَّكُونَ أَوَّلَ مَنْ أَلْقَىٰ","translation_en":"They said, \"O Moses, either you throw or we will be the first to throw.\"","translation_id":"(Setelah mereka berkumpul) mereka berkata: \"Hai Musa (pilihlah), apakah kamu yang melemparkan (dahulu) atau kamikah orang yang mula-mula melemparkan?\""},{"number":66,"text":"قَالَ بَلْ أَلْقُوا۟ فَإِذَا حِبَالُهُمْ وَعِصِيُّهُمْ يُخَيَّلُ إِلَيْهِ مِن سِحْرِهِمْ أَنَّهَا تَسْعَىٰ","translation_en":"He said, \"Rather, you throw.\" And suddenly their ropes and staffs seemed to him from their magic that they were moving [like snakes].","translation_id":"Berkata Musa: \"Silahkan kamu sekalian melemparkan\". Maka tiba-tiba tali-tali dan tongkat-tongkat mereka, terbayang kepada Musa seakan-akan ia merayap cepat, lantaran sihir mereka."},{"number":67,"text":"فَأَوْجَسَ فِى نَفْسِهِۦ خِيفَةً مُّوسَىٰ","translation_en":"And he sensed within himself apprehension, did Moses.","translation_id":"Maka Musa merasa takut dalam hatinya."},{"number":68,"text":"قُلْنَا لَا تَخَفْ إِنَّكَ أَنتَ ٱلْأَعْلَىٰ","translation_en":"Allah said, \"Fear not. Indeed, it is you who are superior.","translation_id":"Kami berkata: \"janganlah kamu takut, sesungguhnya kamulah yang paling unggul (menang)."},{"number":69,"text":"وَأَلْقِ مَا فِى يَمِينِكَ تَلْقَفْ مَا صَنَعُوٓا۟ إِنَّمَا صَنَعُوا۟ كَيْدُ سَٰحِرٍ وَلَا يُفْلِحُ ٱلسَّاحِرُ حَيْثُ أَتَىٰ","translation_en":"And throw what is in your right hand; it will swallow up what they have crafted. What they have crafted is but the trick of a magician, and the magician will not succeed wherever he is.\"","translation_id":"Dan lemparkanlah apa yang ada ditangan kananmu, niscaya ia akan menelan apa yang mereka perbuat. \"Sesungguhnya apa yang mereka perbuat itu adalah tipu daya tukang sihir (belaka). Dan tidak akan menang tukang sihir itu, dari mana saja ia datang\"."},{"number":70,"text":"فَأُلْقِىَ ٱلسَّحَرَةُ سُجَّدًا قَالُوٓا۟ ءَامَنَّا بِرَبِّ هَٰرُونَ وَمُوسَىٰ","translation_en":"So the magicians fell down in prostration. They said, \"We have believed in the Lord of Aaron and Moses.\"","translation_id":"Lalu tukang-tukang sihir itu tersungkur dengan bersujud, seraya berkata: \"Kami telah percaya kepada Tuhan Harun dan Musa\"."},{"number":71,"text":"قَالَ ءَامَنتُمْ لَهُۥ قَبْلَ أَنْ ءَاذَنَ لَكُمْ إِنَّهُۥ لَكَبِيرُكُمُ ٱلَّذِى عَلَّمَكُمُ ٱلسِّحْرَ فَلَأُقَطِّعَنَّ أَيْدِيَكُمْ وَأَرْجُلَكُم مِّنْ خِلَٰفٍ وَلَأُصَلِّبَنَّكُمْ فِى جُذُوعِ ٱلنَّخْلِ وَلَتَعْلَمُنَّ أَيُّنَآ أَشَدُّ عَذَابًا وَأَبْقَىٰ","translation_en":"[Pharaoh] said, \"You believed him before I gave you permission. Indeed, he is your leader who has taught you magic. So I will surely cut off your hands and your feet on opposite sides, and I will crucify you on the trunks of palm trees, and you will surely know which of us is more severe in [giving] punishment and more enduring.\"","translation_id":"Berkata Fir'aun: \"Apakah kamu telah beriman kepadanya (Musa) sebelum aku memberi izin kepadamu sekalian. Sesungguhnya ia adalah pemimpinmu yang mengajarkan sihir kepadamu sekalian. Maka sesungguhnya aku akan memotong tangan dan kaki kamu sekalian dengan bersilang secara bertimbal balik, dan sesungguhnya aku akan menyalib kamu sekalian pada pangkal pohon kurma dan sesungguhnya kamu akan mengetahui siapa di antara kita yang lebih pedih dan lebih kekal siksanya\"."},{"number":72,"text":"قَالُوا۟ لَن نُّؤْثِرَكَ عَلَىٰ مَا جَآءَنَا مِنَ ٱلْبَيِّنَٰتِ وَٱلَّذِى فَطَرَنَا فَٱقْضِ مَآ أَنتَ قَاضٍ إِنَّمَا تَقْضِى هَٰذِهِ ٱلْحَيَوٰةَ ٱلدُّنْيَآ","translation_en":"They said, \"Never will we prefer you over what has come to us of clear proofs and [over] He who created us. So decree whatever you are to decree. You can only decree for this worldly life.","translation_id":"Mereka berkata: \"Kami sekali-kali tidak akan mengutamakan kamu daripada bukti-bukti yang nyata (mukjizat), yang telah datang kepada kami dan daripada Tuhan yang telah menciptakan kami; maka putuskanlah apa yang hendak kamu putuskan. Sesungguhnya kamu hanya akan dapat memutuskan pada kehidupan di dunia ini saja."},{"number":73,"text":"إِنَّآ ءَامَنَّا بِرَبِّنَا لِيَغْفِرَ لَنَا خَطَٰيَٰنَا وَمَآ أَكْرَهْتَنَا عَلَيْهِ مِنَ ٱلسِّحْرِ وَٱللَّهُ خَيْرٌ وَأَبْقَىٰٓ","translation_en":"Indeed, we have believed in our Lord that He may forgive us our sins and what you compelled us [to do] of magic. And Allah is better and more enduring.\"","translation_id":"Sesungguhnya kami telah beriman kepada Tuhan kami, agar Dia mengampuni kesalahan-kesalahan kami dan sihir yang telah kamu paksakan kepada kami melakukannya. Dan Allah lebih baik (pahala-Nya) dan lebih kekal (azab-Nya)\"."},{"number":74,"text":"إِنَّهُۥ مَن يَأْتِ رَبَّهُۥ مُجْرِمًا فَإِنَّ لَهُۥ جَهَنَّمَ لَا يَمُوتُ فِيهَا وَلَا يَحْيَىٰ","translation_en":"Indeed, whoever comes to his Lord as a criminal - indeed, for him is Hell; he will neither die therein nor live.","translation_id":"Sesungguhnya barangsiapa datang kepada Tuhannya dalam keadaan berdosa, maka sesungguhnya baginya neraka Jahannam. Ia tidak mati di dalamnya dan tidak (pula) hidup."},{"number":75,"text":"وَمَن يَأْتِهِۦ مُؤْمِنًا قَدْ عَمِلَ ٱلصَّٰلِحَٰتِ فَأُو۟لَٰٓئِكَ لَهُمُ ٱلدَّرَجَٰتُ ٱلْعُلَىٰ","translation_en":"But whoever comes to Him as a believer having done righteous deeds - for those will be the highest degrees [in position]:","translation_id":"Dan barangsiapa datang kepada Tuhannya dalam keadaan beriman, lagi sungguh-sungguh telah beramal saleh, maka mereka itulah orang-orang yang memperoleh tempat-tempat yang tinggi (mulia),"},{"number":76,"text":"جَنَّٰتُ عَدْنٍ تَجْرِى مِن تَحْتِهَا ٱلْأَنْهَٰرُ خَٰلِدِينَ فِيهَا وَذَٰلِكَ جَزَآءُ مَن تَزَكَّىٰ","translation_en":"Gardens of perpetual residence beneath which rivers flow, wherein they abide eternally. And that is the reward of one who purifies himself.","translation_id":"(yaitu) surga 'Adn yang mengalir sungai-sungai di bawahnya, mereka kekal di dalamnya. Dan itu adalah balasan bagi orang yang bersih (dari kekafiran dan kemaksiatan)."},{"number":77,"text":"وَلَقَدْ أَوْحَيْنَآ إِلَىٰ مُوسَىٰٓ أَنْ أَسْرِ بِعِبَادِى فَٱضْرِبْ لَهُمْ طَرِيقًا فِى ٱلْبَحْرِ يَبَسًا لَّا تَخَٰفُ دَرَكًا وَلَا تَخْشَىٰ","translation_en":"And We had inspired to Moses, \"Travel by night with My servants and strike for them a dry path through the sea; you will not fear being overtaken [by Pharaoh] nor be afraid [of drowning].\"","translation_id":"Dan sesungguhnya telah Kami wahyukan kepada Musa: \"Pergilah kamu dengan hamba-hamba-Ku (Bani Israil) di malam hari, maka buatlah untuk mereka jalan yang kering dilaut itu, kamu tak usah khawatir akan tersusul dan tidak usah takut (akan tenggelam)\"."},{"number":78,"text":"فَأَتْبَعَهُمْ فِرْعَوْنُ بِجُنُودِهِۦ فَغَشِيَهُم مِّنَ ٱلْيَمِّ مَا غَشِيَهُمْ","translation_en":"So Pharaoh pursued them with his soldiers, and there covered them from the sea that which covered them,","translation_id":"Maka Fir'aun dengan bala tentaranya mengejar mereka, lalu mereka ditutup oleh laut yang menenggelamkan mereka."},{"number":79,"text":"وَأَضَلَّ فِرْعَوْنُ قَوْمَهُۥ وَمَا هَدَىٰ","translation_en":"And Pharaoh led his people astray and did not guide [them].","translation_id":"Dan Fir'aun telah menyesatkan kaumnya dan tidak memberi petunjuk."},{"number":80,"text":"يَٰبَنِىٓ إِسْرَٰٓءِيلَ قَدْ أَنجَيْنَٰكُم مِّنْ عَدُوِّكُمْ وَوَٰعَدْنَٰكُمْ جَانِبَ ٱلطُّورِ ٱلْأَيْمَنَ وَنَزَّلْنَا عَلَيْكُمُ ٱلْمَنَّ وَٱلسَّلْوَىٰ","translation_en":"O Children of Israel, We delivered you from your enemy, and We made an appointment with you at the right side of the mount, and We sent down to you manna and quails,","translation_id":"Hai Bani Israil, sesungguhnya Kami telah menyelamatkan kamu sekalian dari musuhmu, dan Kami telah mengadakan perjanjian dengan kamu sekalian (untuk munajat) di sebelah kanan gunung itu dan Kami telah menurunkan kepada kamu sekalian manna dan salwa."},{"number":81,"text":"كُلُوا۟ مِن طَيِّبَٰتِ مَا رَزَقْنَٰكُمْ وَلَا تَطْغَوْا۟ فِيهِ فَيَحِلَّ عَلَيْكُمْ غَضَبِى وَمَن يَحْلِلْ عَلَيْهِ غَضَبِى فَقَدْ هَوَىٰ","translation_en":"[Saying], \"Eat from the good things with which We have provided you and do not transgress [or oppress others] therein, lest My anger should descend upon you. And he upon whom My anger descends has certainly fallen.\"","translation_id":"Makanlah di antara rezeki yang baik yang telah Kami berikan kepadamu, dan janganlah melampaui batas padanya, yang menyebabkan kemurkaan-Ku menimpamu. Dan barangsiapa ditimpa oleh kemurkaan-Ku, maka sesungguhnya binasalah ia."},{"number":82,"text":"وَإِنِّى لَغَفَّارٌ لِّمَن تَابَ وَءَامَنَ وَعَمِلَ صَٰلِحًا ثُمَّ ٱهْتَدَىٰ","translation_en":"But indeed, I am the Perpetual Forgiver of whoever repents and believes and does righteousness and then continues in guidance.","translation_id":"Dan sesungguhnya Aku Maha Pengampun bagi orang yang bertaubat, beriman, beramal saleh, kemudian tetap di jalan yang benar."},{"number":83,"text":"وَمَآ أَعْجَلَكَ عَن قَوْمِكَ يَٰمُوسَىٰ","translation_en":"[Allah] said, \"And what made you hasten from your people, O Moses?\"","translation_id":"Mengapa kamu datang lebih cepat daripada kaummu, hai Musa?"},{"number":84,"text":"قَالَ هُمْ أُو۟لَآءِ عَلَىٰٓ أَثَرِى وَعَجِلْتُ إِلَيْكَ رَبِّ لِتَرْضَىٰ","translation_en":"He said, \"They are close upon my tracks, and I hastened to You, my Lord, that You be pleased.\"","translation_id":"Berkata, Musa: \"Itulah mereka sedang menyusuli aku dan aku bersegera kepada-Mu. Ya Tuhanku, agar supaya Engkau ridha (kepadaku)\"."},{"number":85,"text":"قَالَ فَإِنَّا قَدْ فَتَنَّا قَوْمَكَ مِنۢ بَعْدِكَ وَأَضَلَّهُمُ ٱلسَّامِرِىُّ","translation_en":"[Allah] said, \"But indeed, We have tried your people after you [departed], and the Samiri has led them astray.\"","translation_id":"Allah berfirman: \"Maka sesungguhnya Kami telah menguji kaummu sesudah kamu tinggalkan, dan mereka telah disesatkan oleh Samiri."},{"number":86,"text":"فَرَجَعَ مُوسَىٰٓ إِلَىٰ قَوْمِهِۦ غَضْبَٰنَ أَسِفًا قَالَ يَٰقَوْمِ أَلَمْ يَعِدْكُمْ رَبُّكُمْ وَعْدًا حَسَنًا أَفَطَالَ عَلَيْكُمُ ٱلْعَهْدُ أَمْ أَرَدتُّمْ أَن يَحِلَّ عَلَيْكُمْ غَضَبٌ مِّن رَّبِّكُمْ فَأَخْلَفْتُم مَّوْعِدِى","translation_en":"So Moses returned to his people, angry and grieved. He said, \"O my people, did your Lord not make you a good promise? Then, was the time [of its fulfillment] too long for you, or did you wish that wrath from your Lord descend upon you, so you broke your promise [of obedience] to me?\"","translation_id":"Kemudian Musa kembali kepada kaumnya dengan marah dan bersedih hati. Berkata Musa: \"Hai kaumku, bukankah Tuhanmu telah menjanjikan kepadamu suatu janji yang baik? Maka apakah terasa lama masa yang berlalu itu bagimu atau kamu menghendaki agar kemurkaan dari Tuhanmu menimpamu, dan kamu melanggar perjanjianmu dengan aku?\"."},{"number":87,"text":"قَالُوا۟ مَآ أَخْلَفْنَا مَوْعِدَكَ بِمَلْكِنَا وَلَٰكِنَّا حُمِّلْنَآ أَوْزَارًا مِّن زِينَةِ ٱلْقَوْمِ فَقَذَفْنَٰهَا فَكَذَٰلِكَ أَلْقَى ٱلسَّامِرِىُّ","translation_en":"They said, \"We did not break our promise to you by our will, but we were made to carry burdens from the ornaments of the people [of Pharaoh], so we threw them [into the fire], and thus did the Samiri throw.\"","translation_id":"Mereka berkata: \"Kami sekali-kali tidak melanggar perjanjianmu dengan kemauan kami sendiri, tetapi kami disuruh membawa beban-beban dari perhiasan kaum itu, maka kami telah melemparkannya, dan demikian pula Samiri melemparkannya\","},{"number":88,"text":"فَأَخْرَجَ لَهُمْ عِجْلًا جَسَدًا لَّهُۥ خُوَارٌ فَقَالُوا۟ هَٰذَآ إِلَٰهُكُمْ وَإِلَٰهُ مُوسَىٰ فَنَسِىَ","translation_en":"And he extracted for them [the statue of] a calf which had a lowing sound, and they said, \"This is your god and the god of Moses, but he forgot.\"","translation_id":"kemudian Samiri mengeluarkan untuk mereka (dari lobang itu) anak lembu yang bertubuh dan bersuara, maka mereka berkata: \"Inilah Tuhanmu dan Tuhan Musa, tetapi Musa telah lupa\"."},{"number":89,"text":"أَفَلَا يَرَوْنَ أَلَّا يَرْجِعُ إِلَيْهِمْ قَوْلًا وَلَا يَمْلِكُ لَهُمْ ضَرًّا وَلَا نَفْعًا","translation_en":"Did they not see that it could not return to them any speech and that it did not possess for them any harm or benefit?","translation_id":"Maka apakah mereka tidak memperhatikan bahwa patung anak lembu itu tidak dapat memberi jawaban kepada mereka, dan tidak dapat memberi kemudharatan kepada mereka dan tidak (pula) kemanfaatan?"},{"number":90,"text":"وَلَقَدْ قَالَ لَهُمْ هَٰرُونُ مِن قَبْلُ يَٰقَوْمِ إِنَّمَا فُتِنتُم بِهِۦ وَإِنَّ رَبَّكُمُ ٱلرَّحْمَٰنُ فَٱتَّبِعُونِى وَأَطِيعُوٓا۟ أَمْرِى","translation_en":"And Aaron had already told them before [the return of Moses], \"O my people, you are only being tested by it, and indeed, your Lord is the Most Merciful, so follow me and obey my order.\"","translation_id":"Dan sesungguhnya Harun telah berkata kepada mereka sebelumnya: \"Hai kaumku, sesungguhnya kamu hanya diberi cobaan dengan anak lembu. itu dan sesungguhnya Tuhanmu ialah (Tuhan) Yang Maha Pemurah, maka ikutilah aku dan taatilah perintahku\"."},{"number":91,"text":"قَالُوا۟ لَن نَّبْرَحَ عَلَيْهِ عَٰكِفِينَ حَتَّىٰ يَرْجِعَ إِلَيْنَا مُوسَىٰ","translation_en":"They said, \"We will never cease being devoted to the calf until Moses returns to us.\"","translation_id":"Mereka menjawab: \"Kami akan tetap menyembah patung anak lembu ini, hingga Musa kembali kepada kami\"."},{"number":92,"text":"قَالَ يَٰهَٰرُونُ مَا مَنَعَكَ إِذْ رَأَيْتَهُمْ ضَلُّوٓا۟","translation_en":"[Moses] said, \"O Aaron, what prevented you, when you saw them going astray,","translation_id":"Berkata Musa: \"Hai Harun, apa yang menghalangi kamu ketika kamu melihat mereka telah sesat,"},{"number":93,"text":"أَلَّا تَتَّبِعَنِ أَفَعَصَيْتَ أَمْرِى","translation_en":"From following me? Then have you disobeyed my order?\"","translation_id":"(sehingga) kamu tidak mengikuti aku? Maka apakah kamu telah (sengaja) mendurhakai perintahku?\""},{"number":94,"text":"قَالَ يَبْنَؤُمَّ لَا تَأْخُذْ بِلِحْيَتِى وَلَا بِرَأْسِىٓ إِنِّى خَشِيتُ أَن تَقُولَ فَرَّقْتَ بَيْنَ بَنِىٓ إِسْرَٰٓءِيلَ وَلَمْ تَرْقُبْ قَوْلِى","translation_en":"[Aaron] said, \"O son of my mother, do not seize [me] by my beard or by my head. Indeed, I feared that you would say, 'You caused division among the Children of Israel, and you did not observe [or await] my word.' \"","translation_id":"Harun menjawab' \"Hai putera ibuku, janganlah kamu pegang janggutku dan jangan (pula) kepalaku; sesungguhnya aku khawatir bahwa kamu akan berkata (kepadaku): \"Kamu telah memecah antara Bani Israil dan kamu tidak memelihara amanatku\"."},{"number":95,"text":"قَالَ فَمَا خَطْبُكَ يَٰسَٰمِرِىُّ","translation_en":"[Moses] said, \"And what is your case, O Samiri?\"","translation_id":"Berkata Musa: \"Apakah yang mendorongmu (berbuat demikian) hai Samiri?\""},{"number":96,"text":"قَالَ بَصُرْتُ بِمَا لَمْ يَبْصُرُوا۟ بِهِۦ فَقَبَضْتُ قَبْضَةً مِّنْ أَثَرِ ٱلرَّسُولِ فَنَبَذْتُهَا وَكَذَٰلِكَ سَوَّلَتْ لِى نَفْسِى","translation_en":"He said, \"I saw what they did not see, so I took a handful [of dust] from the track of the messenger and threw it, and thus did my soul entice me.\"","translation_id":"Samiri menjawab: \"Aku mengetahui sesuatu yang mereka tidak mengetahuinya, maka aku ambil segenggam dari jejak rasul lalu aku melemparkannya, dan demikianlah nafsuku membujukku\"."},{"number":97,"text":"قَالَ فَٱذْهَبْ فَإِنَّ لَكَ فِى ٱلْحَيَوٰةِ أَن تَقُولَ لَا مِسَاسَ وَإِنَّ لَكَ مَوْعِدًا لَّن تُخْلَفَهُۥ وَٱنظُرْ إِلَىٰٓ إِلَٰهِكَ ٱلَّذِى ظَلْتَ عَلَيْهِ عَاكِفًا لَّنُحَرِّقَنَّهُۥ ثُمَّ لَنَنسِفَنَّهُۥ فِى ٱلْيَمِّ نَسْفًا","translation_en":"[Moses] said, \"Then go. And indeed, it is [decreed] for you in [this] life to say, 'No contact.' And indeed, you have an appointment [in the Hereafter] you will not fail to keep. And look at your 'god' to which you remained devoted. We will surely burn it and blow it into the sea with a blast.","translation_id":"Berkata Musa: \"Pergilah kamu, maka sesungguhnya bagimu di dalam kehidupan di dunia ini (hanya dapat) mengatakan: \"Janganlah menyentuh (aku)\". Dan sesungguhnya bagimu hukuman (di akhirat) yang kamu sekali-kali tidak dapat menghindarinya, dan lihatlah tuhanmu itu yang kamu tetap menyembahnya. Sesungguhnya kami akan membakarnya, kemudian kami sungguh-sungguh akan menghamburkannya ke dalam laut (berupa abu yang berserakan)."},{"number":98,"text":"إِنَّمَآ إِلَٰهُكُمُ ٱللَّهُ ٱلَّذِى لَآ إِلَٰهَ إِلَّا هُوَ وَسِعَ كُلَّ شَىْءٍ عِلْمًا","translation_en":"Your god is only Allah, except for whom there is no deity. He has encompassed all things in knowledge.\"","translation_id":"Sesungguhnya Tuhanmu hanyalah Allah, yang tidak ada Tuhan selain Dia. Pengetahuan-Nya meliputi segala sesuatu\"."},{"number":99,"text":"كَذَٰلِكَ نَقُصُّ عَلَيْكَ مِنْ أَنۢبَآءِ مَا قَدْ سَبَقَ وَقَدْ ءَاتَيْنَٰكَ مِن لَّدُنَّا ذِكْرًا","translation_en":"Thus, [O Muhammad], We relate to you from the news of what has preceded. And We have certainly given you from Us the Qur'an.","translation_id":"Demikianlah kami kisahkan kepadamu (Muhammad) sebagian kisah umat yang telah lalu, dan sesungguhnya telah Kami berikan kepadamu dari sisi Kami suatu peringatan (Al Quran)."},{"number":100,"text":"مَّنْ أَعْرَضَ عَنْهُ فَإِنَّهُۥ يَحْمِلُ يَوْمَ ٱلْقِيَٰمَةِ وِزْرًا","translation_en":"Whoever turns away from it - then indeed, he will bear on the Day of Resurrection a burden,","translation_id":"Barangsiapa berpaling dari pada Al qur'an maka sesungguhnya ia akan memikul dosa yang besar di hari kiamat,"},{"number":101,"text":"خَٰلِدِينَ فِيهِ وَسَآءَ لَهُمْ يَوْمَ ٱلْقِيَٰمَةِ حِمْلًا","translation_en":"[Abiding] eternally therein, and evil it is for them on the Day of Resurrection as a load -","translation_id":"mereka kekal di dalam keadaan itu. Dan amat buruklah dosa itu sebagai beban bagi mereka di hari kiamat,"},{"number":102,"text":"يَوْمَ يُنفَخُ فِى ٱلصُّورِ وَنَحْشُرُ ٱلْمُجْرِمِينَ يَوْمَئِذٍ زُرْقًا","translation_en":"The Day the Horn will be blown. And We will gather the criminals, that Day, blue-eyed.","translation_id":"(yaitu) di hari (yang di waktu itu) ditiup sangkakala dan Kami akan mengumpulkan pada hari itu orang-orang yang berdosa dengan muka yang biru muram;"},{"number":103,"text":"يَتَخَٰفَتُونَ بَيْنَهُمْ إِن لَّبِثْتُمْ إِلَّا عَشْرًا","translation_en":"They will murmur among themselves, \"You remained not but ten [days in the world].\"","translation_id":"mereka berbisik-bisik di antara mereka: \"Kamu tidak berdiam (di dunia) melainkan hanyalah sepuluh (hari)\""},{"number":104,"text":"نَّحْنُ أَعْلَمُ بِمَا يَقُولُونَ إِذْ يَقُولُ أَمْثَلُهُمْ طَرِيقَةً إِن لَّبِثْتُمْ إِلَّا يَوْمًا","translation_en":"We are most knowing of what they say when the best of them in manner will say, \"You remained not but one day.\"","translation_id":"Kami lebih mengetahui apa yang mereka katakan, ketika berkata orang yang paling lurus jalannya di antara mereka: \"Kamu tidak berdiam (di dunia), melainkan hanyalah sehari saja\"."},{"number":105,"text":"وَيَسْـَٔلُونَكَ عَنِ ٱلْجِبَالِ فَقُلْ يَنسِفُهَا رَبِّى نَسْفًا","translation_en":"And they ask you about the mountains, so say, \"My Lord will blow them away with a blast.","translation_id":"Dan mereka bertanya kepadamu tentang gunung-gunung, maka katakanlah: \"Tuhanku akan menghancurkannya (di hari kiamat) sehancur-hancurnya,"},{"number":106,"text":"فَيَذَرُهَا قَاعًا صَفْصَفًا","translation_en":"And He will leave the earth a level plain;","translation_id":"maka Dia akan menjadikan (bekas) gunung-gunung itu datar sama sekali,"},{"number":107,"text":"لَّا تَرَىٰ فِيهَا عِوَجًا وَلَآ أَمْتًا","translation_en":"You will not see therein a depression or an elevation.\"","translation_id":"tidak ada sedikitpun kamu lihat padanya tempat yang rendah dan yang tinggi-tinggi."},{"number":108,"text":"يَوْمَئِذٍ يَتَّبِعُونَ ٱلدَّاعِىَ لَا عِوَجَ لَهُۥ وَخَشَعَتِ ٱلْأَصْوَاتُ لِلرَّحْمَٰنِ فَلَا تَسْمَعُ إِلَّا هَمْسًا","translation_en":"That Day, everyone will follow [the call of] the Caller [with] no deviation therefrom, and [all] voices will be stilled before the Most Merciful, so you will not hear except a whisper [of footsteps].","translation_id":"Pada hari itu manusia mengikuti (menuju kepada suara) penyeru dengan tidak berbelok-belok; dan merendahlah semua suara kepada Tuhan Yang Maha Pemurah, maka kamu tidak mendengar kecuali bisikan saja."},{"number":109,"text":"يَوْمَئِذٍ لَّا تَنفَعُ ٱلشَّفَٰعَةُ إِلَّا مَنْ أَذِنَ لَهُ ٱلرَّحْمَٰنُ وَرَضِىَ لَهُۥ قَوْلًا","translation_en":"That Day, no intercession will benefit except [that of] one to whom the Most Merciful has given permission and has accepted his word.","translation_id":"Pada hari itu tidak berguna syafa'at, kecuali (syafa'at) orang yang Allah Maha Pemurah telah memberi izin kepadanya, dan Dia telah meridhai perkataannya."},{"number":110,"text":"يَعْلَمُ مَا بَيْنَ أَيْدِيهِمْ وَمَا خَلْفَهُمْ وَلَا يُحِيطُونَ بِهِۦ عِلْمًا","translation_en":"Allah knows what is [presently] before them and what will be after them, but they do not encompass it in knowledge.","translation_id":"Dia mengetahui apa yang ada di hadapan mereka dan apa yang ada di belakang mereka, sedang ilmu mereka tidak dapat meliputi ilmu-Nya."},{"number":111,"text":"وَعَنَتِ ٱلْوُجُوهُ لِلْحَىِّ ٱلْقَيُّومِ وَقَدْ خَابَ مَنْ حَمَلَ ظُلْمًا","translation_en":"And [all] faces will be humbled before the Ever-Living, the Sustainer of existence. And he will have failed who carries injustice.","translation_id":"Dan tunduklah semua muka (dengan berendah diri) kepada Tuhan Yang Hidup Kekal lagi senantiasa mengurus (makhluk-Nya). Dan sesungguhnya telah merugilah orang yang melakukan kezaliman."},{"number":112,"text":"وَمَن يَعْمَلْ مِنَ ٱلصَّٰلِحَٰتِ وَهُوَ مُؤْمِنٌ فَلَا يَخَافُ ظُلْمًا وَلَا هَضْمًا","translation_en":"But he who does of righteous deeds while he is a believer - he will neither fear injustice nor deprivation.","translation_id":"Dan barangsiapa mengerjakan amal-amal yang saleh dan ia dalam keadaan beriman, maka ia tidak khawatir akan perlakuan yang tidak adil (terhadapnya) dan tidak (pula) akan pengurangan haknya."},{"number":113,"text":"وَكَذَٰلِكَ أَنزَلْنَٰهُ قُرْءَانًا عَرَبِيًّا وَصَرَّفْنَا فِيهِ مِنَ ٱلْوَعِيدِ لَعَلَّهُمْ يَتَّقُونَ أَوْ يُحْدِثُ لَهُمْ ذِكْرًا","translation_en":"And thus We have sent it down as an Arabic Qur'an and have diversified therein the warnings that perhaps they will avoid [sin] or it would cause them remembrance.","translation_id":"Dan demikianlah Kami menurunkan Al Quran dalam bahasa Arab, dan Kami telah menerangkan dengan berulang kali, di dalamnya sebahagian dari ancaman, agar mereka bertakwa atau (agar) Al Quran itu menimbulkan pengajaran bagi mereka."},{"number":114,"text":"فَتَعَٰلَى ٱللَّهُ ٱلْمَلِكُ ٱلْحَقُّ وَلَا تَعْجَلْ بِٱلْقُرْءَانِ مِن قَبْلِ أَن يُقْضَىٰٓ إِلَيْكَ وَحْيُهُۥ وَقُل رَّبِّ زِدْنِى عِلْمًا","translation_en":"So high [above all] is Allah, the Sovereign, the Truth. And, [O Muhammad], do not hasten with [recitation of] the Qur'an before its revelation is completed to you, and say, \"My Lord, increase me in knowledge.\"","translation_id":"Maka Maha Tinggi Allah Raja Yang sebenar-benarnya, dan janganlah kamu tergesa-gesa membaca Al qur'an sebelum disempurnakan mewahyukannya kepadamu, dan katakanlah: \"Ya Tuhanku, tambahkanlah kepadaku ilmu pengetahuan\"."},{"number":115,"text":"وَلَقَدْ عَهِدْنَآ إِلَىٰٓ ءَادَمَ مِن قَبْلُ فَنَسِىَ وَلَمْ نَجِدْ لَهُۥ عَزْمًا","translation_en":"And We had already taken a promise from Adam before, but he forgot; and We found not in him determination.","translation_id":"Dan sesungguhnya telah Kami perintahkan kepada Adam dahulu, maka ia lupa (akan perintah itu), dan tidak Kami dapati padanya kemauan yang kuat."},{"number":116,"text":"وَإِذْ قُلْنَا لِلْمَلَٰٓئِكَةِ ٱسْجُدُوا۟ لِءَادَمَ فَسَجَدُوٓا۟ إِلَّآ إِبْلِيسَ أَبَىٰ","translation_en":"And [mention] when We said to the angels, \"Prostrate to Adam,\" and they prostrated, except Iblees; he refused.","translation_id":"Dan (ingatlah) ketika Kami berkata kepada malaikat: \"Sujudlah kamu kepada Adam\", maka mereka sujud kecuali iblis. Ia membangkang."},{"number":117,"text":"فَقُلْنَا يَٰٓـَٔادَمُ إِنَّ هَٰذَا عَدُوٌّ لَّكَ وَلِزَوْجِكَ فَلَا يُخْرِجَنَّكُمَا مِنَ ٱلْجَنَّةِ فَتَشْقَىٰٓ","translation_en":"So We said, \"O Adam, indeed this is an enemy to you and to your wife. Then let him not remove you from Paradise so you would suffer.","translation_id":"Maka Kami berkata: \"Hai Adam, sesungguhnya ini (iblis) adalah musuh bagimu dan bagi isterimu, maka sekali-kali janganlah sampai ia mengeluarkan kamu berdua dari surga, yang menyebabkan kamu menjadi celaka."},{"number":118,"text":"إِنَّ لَكَ أَلَّا تَجُوعَ فِيهَا وَلَا تَعْرَىٰ","translation_en":"Indeed, it is [promised] for you not to be hungry therein or be unclothed.","translation_id":"Sesungguhnya kamu tidak akan kelaparan di dalamnya dan tidak akan telanjang,"},{"number":119,"text":"وَأَنَّكَ لَا تَظْمَؤُا۟ فِيهَا وَلَا تَضْحَىٰ","translation_en":"And indeed, you will not be thirsty therein or be hot from the sun.\"","translation_id":"dan sesungguhnya kamu tidak akan merasa dahaga dan tidak (pula) akan ditimpa panas matahari di dalamnya\"."},{"number":120,"text":"فَوَسْوَسَ إِلَيْهِ ٱلشَّيْطَٰنُ قَالَ يَٰٓـَٔادَمُ هَلْ أَدُلُّكَ عَلَىٰ شَجَرَةِ ٱلْخُلْدِ وَمُلْكٍ لَّا يَبْلَىٰ","translation_en":"Then Satan whispered to him; he said, \"O Adam, shall I direct you to the tree of eternity and possession that will not deteriorate?\"","translation_id":"Kemudian syaitan membisikkan pikiran jahat kepadanya, dengan berkata: \"Hai Adam, maukah saya tunjukkan kepada kamu pohon khuldi dan kerajaan yang tidak akan binasa?\""},{"number":121,"text":"فَأَكَلَا مِنْهَا فَبَدَتْ لَهُمَا سَوْءَٰتُهُمَا وَطَفِقَا يَخْصِفَانِ عَلَيْهِمَا مِن وَرَقِ ٱلْجَنَّةِ وَعَصَىٰٓ ءَادَمُ رَبَّهُۥ فَغَوَىٰ","translation_en":"And Adam and his wife ate of it, and their private parts became apparent to them, and they began to fasten over themselves from the leaves of Paradise. And Adam disobeyed his Lord and erred.","translation_id":"Maka keduanya memakan dari buah pohon itu, lalu nampaklah bagi keduanya aurat-auratnya dan mulailah keduanya menutupinya dengan daun-daun (yang ada di) surga, dan durhakalah Adam kepada Tuhan dan sesatlah ia."},{"number":122,"text":"ثُمَّ ٱجْتَبَٰهُ رَبُّهُۥ فَتَابَ عَلَيْهِ وَهَدَىٰ","translation_en":"Then his Lord chose him and turned to him in forgiveness and guided [him].","translation_id":"Kemudian Tuhannya memilihnya maka Dia menerima taubatnya dan memberinya petunjuk."},{"number":123,"text":"قَالَ ٱهْبِطَا مِنْهَا جَمِيعًۢا بَعْضُكُمْ لِبَعْضٍ عَدُوٌّ فَإِمَّا يَأْتِيَنَّكُم مِّنِّى هُدًى فَمَنِ ٱتَّبَعَ هُدَاىَ فَلَا يَضِلُّ وَلَا يَشْقَىٰ","translation_en":"[Allah] said, \"Descend from Paradise - all, [your descendants] being enemies to one another. And if there should come to you guidance from Me - then whoever follows My guidance will neither go astray [in the world] nor suffer [in the Hereafter].","translation_id":"Allah berfirman: \"Turunlah kamu berdua dari surga bersama-sama, sebagian kamu menjadi musuh bagi sebagian yang lain. Maka jika datang kepadamu petunjuk daripada-Ku, lalu barangsiapa yang mengikut petunjuk-Ku, ia tidak akan sesat dan tidak akan celaka."},{"number":124,"text":"وَمَنْ أَعْرَضَ عَن ذِكْرِى فَإِنَّ لَهُۥ مَعِيشَةً ضَنكًا وَنَحْشُرُهُۥ يَوْمَ ٱلْقِيَٰمَةِ أَعْمَىٰ","translation_en":"And whoever turns away from My remembrance - indeed, he will have a depressed life, and We will gather him on the Day of Resurrection blind.\"","translation_id":"Dan barangsiapa berpaling dari peringatan-Ku, maka sesungguhnya baginya penghidupan yang sempit, dan Kami akan menghimpunkannya pada hari kiamat dalam keadaan buta\"."},{"number":125,"text":"قَالَ رَبِّ لِمَ حَشَرْتَنِىٓ أَعْمَىٰ وَقَدْ كُنتُ بَصِيرًا","translation_en":"He will say, \"My Lord, why have you raised me blind while I was [once] seeing?\"","translation_id":"Berkatalah ia: \"Ya Tuhanku, mengapa Engkau menghimpunkan aku dalam keadaan buta, padahal aku dahulunya adalah seorang yang melihat?\""},{"number":126,"text":"قَالَ كَذَٰلِكَ أَتَتْكَ ءَايَٰتُنَا فَنَسِيتَهَا وَكَذَٰلِكَ ٱلْيَوْمَ تُنسَىٰ","translation_en":"[Allah] will say, \"Thus did Our signs come to you, and you forgot them; and thus will you this Day be forgotten.\"","translation_id":"Allah berfirman: \"Demikianlah, telah datang kepadamu ayat-ayat Kami, maka kamu melupakannya, dan begitu (pula) pada hari ini kamupun dilupakan\"."},{"number":127,"text":"وَكَذَٰلِكَ نَجْزِى مَنْ أَسْرَفَ وَلَمْ يُؤْمِنۢ بِـَٔايَٰتِ رَبِّهِۦ وَلَعَذَابُ ٱلْءَاخِرَةِ أَشَدُّ وَأَبْقَىٰٓ","translation_en":"And thus do We recompense he who transgressed and did not believe in the signs of his Lord. And the punishment of the Hereafter is more severe and more enduring.","translation_id":"Dan demikianlah Kami membalas orang yang melampaui batas dan tidak percaya kepada ayat-ayat Tuhannya. Dan sesungguhnya azab di akhirat itu lebih berat dan lebih kekal."},{"number":128,"text":"أَفَلَمْ يَهْدِ لَهُمْ كَمْ أَهْلَكْنَا قَبْلَهُم مِّنَ ٱلْقُرُونِ يَمْشُونَ فِى مَسَٰكِنِهِمْ إِنَّ فِى ذَٰلِكَ لَءَايَٰتٍ لِّأُو۟لِى ٱلنُّهَىٰ","translation_en":"Then, has it not become clear to them how many generations We destroyed before them as they walk among their dwellings? Indeed in that are signs for those of intelligence.","translation_id":"Maka tidakkah menjadi petunjuk bagi mereka (kaum musyrikin) berapa banyaknya Kami membinasakan umat-umat sebelum mereka, padahal mereka berjalan (di bekas-bekas) tempat tinggal umat-umat itu? Sesungguhnya pada yang demikian itu terdapat tanda-tanda bagi orang yang berakal."},{"number":129,"text":"وَلَوْلَا كَلِمَةٌ سَبَقَتْ مِن رَّبِّكَ لَكَانَ لِزَامًا وَأَجَلٌ مُّسَمًّى","translation_en":"And if not for a word that preceded from your Lord, punishment would have been an obligation [due immediately], and [if not for] a specified term [decreed].","translation_id":"Dan sekiranya tidak ada suatu ketetapan dari Allah yang telah terdahulu atau tidak ada ajal yang telah ditentukan, pasti (azab itu) menimpa mereka."},{"number":130,"text":"فَٱصْبِرْ عَلَىٰ مَا يَقُولُونَ وَسَبِّحْ بِحَمْدِ رَبِّكَ قَبْلَ طُلُوعِ ٱلشَّمْسِ وَقَبْلَ غُرُوبِهَا وَمِنْ ءَانَآئِ ٱلَّيْلِ فَسَبِّحْ وَأَطْرَافَ ٱلنَّهَارِ لَعَلَّكَ تَرْضَىٰ","translation_en":"So be patient over what they say and exalt [Allah] with praise of your Lord before the rising of the sun and before its setting; and during periods of the night [exalt Him] and at the ends of the day, that you may be satisfied.","translation_id":"Maka sabarlah kamu atas apa yang mereka katakan, dan bertasbihlah dengan memuji Tuhanmu, sebelum terbit matahari dan sebelum terbenamnya dan bertasbih pulalah pada waktu-waktu di malam hari dan pada waktu-waktu di siang hari, supaya kamu merasa senang,"},{"number":131,"text":"وَلَا تَمُدَّنَّ عَيْنَيْكَ إِلَىٰ مَا مَتَّعْنَا بِهِۦٓ أَزْوَٰجًا مِّنْهُمْ زَهْرَةَ ٱلْحَيَوٰةِ ٱلدُّنْيَا لِنَفْتِنَهُمْ فِيهِ وَرِزْقُ رَبِّكَ خَيْرٌ وَأَبْقَىٰ","translation_en":"And do not extend your eyes toward that by which We have given enjoyment to [some] categories of them, [its being but] the splendor of worldly life by which We test them. And the provision of your Lord is better and more enduring.","translation_id":"Dan janganlah kamu tujukan kedua matamu kepada apa yang telah Kami berikan kepada golongan-golongan dari mereka, sebagai bunga kehidupan dunia untuk Kami cobai mereka dengannya. Dan karunia Tuhan kamu adalah lebih baik dan lebih kekal."},{"number":132,"text":"وَأْمُرْ أَهْلَكَ بِٱلصَّلَوٰةِ وَٱصْطَبِرْ عَلَيْهَا لَا نَسْـَٔلُكَ رِزْقًا نَّحْنُ نَرْزُقُكَ وَٱلْعَٰقِبَةُ لِلتَّقْوَىٰ","translation_en":"And enjoin prayer upon your family [and people] and be steadfast therein. We ask you not for provision; We provide for you, and the [best] outcome is for [those of] righteousness.","translation_id":"Dan perintahkanlah kepada keluargamu mendirikan shalat dan bersabarlah kamu dalam mengerjakannya. Kami tidak meminta rezeki kepadamu, Kamilah yang memberi rezeki kepadamu. Dan akibat (yang baik) itu adalah bagi orang yang bertakwa."},{"number":133,"text":"وَقَالُوا۟ لَوْلَا يَأْتِينَا بِـَٔايَةٍ مِّن رَّبِّهِۦٓ أَوَلَمْ تَأْتِهِم بَيِّنَةُ مَا فِى ٱلصُّحُفِ ٱلْأُولَىٰ","translation_en":"And they say, \"Why does he not bring us a sign from his Lord?\" Has there not come to them evidence of what was in the former scriptures?","translation_id":"Dan mereka berkata: \"Mengapa ia tidak membawa bukti kepada kami dari Tuhannya?\" Dan apakah belum datang kepada mereka bukti yang nyata dari apa yang tersebut di dalam kitab-kitab yang dahulu?"},{"number":134,"text":"وَلَوْ أَنَّآ أَهْلَكْنَٰهُم بِعَذَابٍ مِّن قَبْلِهِۦ لَقَالُوا۟ رَبَّنَا لَوْلَآ أَرْسَلْتَ إِلَيْنَا رَسُولًا فَنَتَّبِعَ ءَايَٰتِكَ مِن قَبْلِ أَن نَّذِلَّ وَنَخْزَىٰ","translation_en":"And if We had destroyed them with a punishment before him, they would have said, \"Our Lord, why did You not send to us a messenger so we could have followed Your verses before we were humiliated and disgraced?\"","translation_id":"Dan sekiranya Kami binasakan mereka dengan suatu azab sebelum Al Quran itu (diturunkan), tentulah mereka berkata: \"Ya Tuhan kami, mengapa tidak Engkau utus seorang rasul kepada kami, lalu kami mengikuti ayat-ayat Engkau sebelum kami menjadi hina dan rendah?\""},{"number":135,"text":"قُلْ كُلٌّ مُّتَرَبِّصٌ فَتَرَبَّصُوا۟ فَسَتَعْلَمُونَ مَنْ أَصْحَٰبُ ٱلصِّرَٰطِ ٱلسَّوِىِّ وَمَنِ ٱهْتَدَىٰ","translation_en":"Say, \"Each [of us] is waiting; so wait. For you will know who are the companions of the sound path and who is guided.\"","translation_id":"Katakanlah: \"Masing-masing (kita) menanti, maka nantikanlah oleh kamu sekalian! Maka kamu kelak akan mengetahui, siapa yang menempuh jalan yang lurus dan siapa yang telah mendapat petunjuk\"."}]}