{"number":21,"name":"سورة الأنبياء","transliteration_en":"Al-Anbiyaa","translation_en":"The Prophets","total_verses":112,"revelation_type":"Meccan","verses":[{"number":1,"text":"بِسْمِ ٱللَّهِ ٱلرَّحْمَٰنِ ٱلرَّحِيمِ ٱقْتَرَبَ لِلنَّاسِ حِسَابُهُمْ وَهُمْ فِى غَفْلَةٍ مُّعْرِضُونَ","translation_en":"[The time of] their account has approached for the people, while they are in heedlessness turning away.","translation_id":"Telah dekat kepada manusia hari menghisab segala amalan mereka, sedang mereka berada dalam kelalaian lagi berpaling (daripadanya)."},{"number":2,"text":"مَا يَأْتِيهِم مِّن ذِكْرٍ مِّن رَّبِّهِم مُّحْدَثٍ إِلَّا ٱسْتَمَعُوهُ وَهُمْ يَلْعَبُونَ","translation_en":"No mention comes to them anew from their Lord except that they listen to it while they are at play","translation_id":"Tidak datang kepada mereka suatu ayat Al Quran pun yang baru (di-turunkan) dari Tuhan mereka, melainkan mereka mendengarnya, sedang mereka bermain-main,"},{"number":3,"text":"لَاهِيَةً قُلُوبُهُمْ وَأَسَرُّوا۟ ٱلنَّجْوَى ٱلَّذِينَ ظَلَمُوا۟ هَلْ هَٰذَآ إِلَّا بَشَرٌ مِّثْلُكُمْ أَفَتَأْتُونَ ٱلسِّحْرَ وَأَنتُمْ تُبْصِرُونَ","translation_en":"With their hearts distracted. And those who do wrong conceal their private conversation, [saying], \"Is this [Prophet] except a human being like you? So would you approach magic while you are aware [of it]?\"","translation_id":"(lagi) hati mereka dalam keadaan lalai. Dan mereka yang zalim itu merahasiakan pembicaraan mereka: \"Orang ini tidak lain hanyalah seorang manusia (jua) seperti kamu, maka apakah kamu menerima sihir itu, padahal kamu menyaksikannya?\""},{"number":4,"text":"قَالَ رَبِّى يَعْلَمُ ٱلْقَوْلَ فِى ٱلسَّمَآءِ وَٱلْأَرْضِ وَهُوَ ٱلسَّمِيعُ ٱلْعَلِيمُ","translation_en":"The Prophet said, \"My Lord knows whatever is said throughout the heaven and earth, and He is the Hearing, the Knowing.\"","translation_id":"Berkatalah Muhammad (kepada mereka): \"Tuhanku mengetahui semua perkataan di langit dan di bumi dan Dialah Yang Maha Mendengar lagi Maha Mengetahui\"."},{"number":5,"text":"بَلْ قَالُوٓا۟ أَضْغَٰثُ أَحْلَٰمٍۭ بَلِ ٱفْتَرَىٰهُ بَلْ هُوَ شَاعِرٌ فَلْيَأْتِنَا بِـَٔايَةٍ كَمَآ أُرْسِلَ ٱلْأَوَّلُونَ","translation_en":"But they say, \"[The revelation is but] a mixture of false dreams; rather, he has invented it; rather, he is a poet. So let him bring us a sign just as the previous [messengers] were sent [with miracles].\"","translation_id":"Bahkan mereka berkata (pula): \"(Al Quran itu adalah) mimpi-mimpi yang kalut, malah diada-adakannya, bahkan dia sendiri seorang penyair, maka hendaknya ia mendatangkan kepada kita suatu mukjizat, sebagai-mana rasul-rasul yang telah lalu di-utus\"."},{"number":6,"text":"مَآ ءَامَنَتْ قَبْلَهُم مِّن قَرْيَةٍ أَهْلَكْنَٰهَآ أَفَهُمْ يُؤْمِنُونَ","translation_en":"Not a [single] city which We destroyed believed before them, so will they believe?","translation_id":"Tidak ada (penduduk) suatu negeripun yang beriman yang Kami telah membinasakannya sebeIum mereka; maka apakah mereka akan beriman?"},{"number":7,"text":"وَمَآ أَرْسَلْنَا قَبْلَكَ إِلَّا رِجَالًا نُّوحِىٓ إِلَيْهِمْ فَسْـَٔلُوٓا۟ أَهْلَ ٱلذِّكْرِ إِن كُنتُمْ لَا تَعْلَمُونَ","translation_en":"And We sent not before you, [O Muhammad], except men to whom We revealed [the message], so ask the people of the message if you do not know.","translation_id":"Kami tiada mengutus rasul rasul sebelum kamu (Muhammad), melainkan beberapa orang-laki-laki yang Kami beri wahyu kepada mereka, maka tanyakanlah olehmu kepada orang-orang yang berilmu, jika kamu tiada mengetahui."},{"number":8,"text":"وَمَا جَعَلْنَٰهُمْ جَسَدًا لَّا يَأْكُلُونَ ٱلطَّعَامَ وَمَا كَانُوا۟ خَٰلِدِينَ","translation_en":"And We did not make the prophets forms not eating food, nor were they immortal [on earth].","translation_id":"Dan tidaklah Kami jadikan mereka tubuh-tubuh yang tiada memakan makanan, dan tidak (pula) mereka itu orang-orang yang kekal."},{"number":9,"text":"ثُمَّ صَدَقْنَٰهُمُ ٱلْوَعْدَ فَأَنجَيْنَٰهُمْ وَمَن نَّشَآءُ وَأَهْلَكْنَا ٱلْمُسْرِفِينَ","translation_en":"Then We fulfilled for them the promise, and We saved them and whom We willed and destroyed the transgressors.","translation_id":"Kemudian Kami tepati janji (yang telah Kami janjikan) kepada mereka. Maka Kami selamatkan mereka dan orang-orang yang Kami kehendaki dan Kami binasakan orang-orang yang melampaui batas."},{"number":10,"text":"لَقَدْ أَنزَلْنَآ إِلَيْكُمْ كِتَٰبًا فِيهِ ذِكْرُكُمْ أَفَلَا تَعْقِلُونَ","translation_en":"We have certainly sent down to you a Book in which is your mention. Then will you not reason?","translation_id":"Sesungguhnya telah Kami turunkan kepada kamu sebuah kitab yang di dalamnya terdapat sebab-sebab kemuliaan bagimu. Maka apakah kamu tiada memahaminya?"},{"number":11,"text":"وَكَمْ قَصَمْنَا مِن قَرْيَةٍ كَانَتْ ظَالِمَةً وَأَنشَأْنَا بَعْدَهَا قَوْمًا ءَاخَرِينَ","translation_en":"And how many a city which was unjust have We shattered and produced after it another people.","translation_id":"Dan berapa banyaknya (penduduk) negeri yang zalim yang teIah Kami binasakan, dan Kami adakan sesudah mereka itu kaum yang lain (sebagai penggantinya)."},{"number":12,"text":"فَلَمَّآ أَحَسُّوا۟ بَأْسَنَآ إِذَا هُم مِّنْهَا يَرْكُضُونَ","translation_en":"And when its inhabitants perceived Our punishment, at once they fled from it.","translation_id":"Maka tatkala mereka merasakan azab Kami, tiba-tiba mereka melarikan diri dari negerinya."},{"number":13,"text":"لَا تَرْكُضُوا۟ وَٱرْجِعُوٓا۟ إِلَىٰ مَآ أُتْرِفْتُمْ فِيهِ وَمَسَٰكِنِكُمْ لَعَلَّكُمْ تُسْـَٔلُونَ","translation_en":"[Some angels said], \"Do not flee but return to where you were given luxury and to your homes - perhaps you will be questioned.\"","translation_id":"Janganlah kamu lari tergesa-gesa; kembalilah kamu kepada nikmat yang telah kamu rasakan dan kepada tempat-tempat kediamanmu (yang baik), supaya kamu ditanya."},{"number":14,"text":"قَالُوا۟ يَٰوَيْلَنَآ إِنَّا كُنَّا ظَٰلِمِينَ","translation_en":"They said, \"O woe to us! Indeed, we were wrongdoers.\"","translation_id":"Mereka berkata: \"Aduhai, celaka kami, sesungguhnya kami adalah orang-orang yang zaIim\"."},{"number":15,"text":"فَمَا زَالَت تِّلْكَ دَعْوَىٰهُمْ حَتَّىٰ جَعَلْنَٰهُمْ حَصِيدًا خَٰمِدِينَ","translation_en":"And that declaration of theirs did not cease until We made them [as] a harvest [mowed down], extinguished [like a fire].","translation_id":"Maka tetaplah demikian keluhan mereka, sehingga Kami jadikan mereka sebagai tanaman yang telah dituai, yang tidak dapat hidup lagi."},{"number":16,"text":"وَمَا خَلَقْنَا ٱلسَّمَآءَ وَٱلْأَرْضَ وَمَا بَيْنَهُمَا لَٰعِبِينَ","translation_en":"And We did not create the heaven and earth and that between them in play.","translation_id":"Dan tidaklah Kami ciptakan Iangit dan bumi dan segala yang ada di antara keduanya dengan bermain-main."},{"number":17,"text":"لَوْ أَرَدْنَآ أَن نَّتَّخِذَ لَهْوًا لَّٱتَّخَذْنَٰهُ مِن لَّدُنَّآ إِن كُنَّا فَٰعِلِينَ","translation_en":"Had We intended to take a diversion, We could have taken it from [what is] with Us - if [indeed] We were to do so.","translation_id":"Sekiranya Kami hendak membuat sesuatu permainan, (isteri dan anak), tentulah Kami membuatnya dari sisi Kami. Jika Kami menghendaki berbuat demikian, (tentulah Kami telah melakukannya)."},{"number":18,"text":"بَلْ نَقْذِفُ بِٱلْحَقِّ عَلَى ٱلْبَٰطِلِ فَيَدْمَغُهُۥ فَإِذَا هُوَ زَاهِقٌ وَلَكُمُ ٱلْوَيْلُ مِمَّا تَصِفُونَ","translation_en":"Rather, We dash the truth upon falsehood, and it destroys it, and thereupon it departs. And for you is destruction from that which you describe.","translation_id":"Sebenarya Kami melontarkan yang hak kepada yang batil lalu yang hak itu menghancurkannya, maka dengan serta merta yang batil itu lenyap. Dan kecelakaanlah bagimu disebabkan kamu mensifati (Allah dengan sifat-sifat yang tidak layak bagi-Nya)."},{"number":19,"text":"وَلَهُۥ مَن فِى ٱلسَّمَٰوَٰتِ وَٱلْأَرْضِ وَمَنْ عِندَهُۥ لَا يَسْتَكْبِرُونَ عَنْ عِبَادَتِهِۦ وَلَا يَسْتَحْسِرُونَ","translation_en":"To Him belongs whoever is in the heavens and the earth. And those near Him are not prevented by arrogance from His worship, nor do they tire.","translation_id":"Dan kepunyaan-Nya-lah segala yang di langit dan di bumi. Dan malaikat-malaikat yang di sisi-Nya, mereka tiada mempunyai rasa angkuh untuk menyembah-Nya dan tiada (pula) merasa letih."},{"number":20,"text":"يُسَبِّحُونَ ٱلَّيْلَ وَٱلنَّهَارَ لَا يَفْتُرُونَ","translation_en":"They exalt [Him] night and day [and] do not slacken.","translation_id":"Mereka selalu bertasbih malam dan siang tiada henti-hentinya."},{"number":21,"text":"أَمِ ٱتَّخَذُوٓا۟ ءَالِهَةً مِّنَ ٱلْأَرْضِ هُمْ يُنشِرُونَ","translation_en":"Or have men taken for themselves gods from the earth who resurrect [the dead]?","translation_id":"Apakah mereka mengambil tuhan-tuhan dari bumi, yang dapat menghidupkan (orang-orang mati)?"},{"number":22,"text":"لَوْ كَانَ فِيهِمَآ ءَالِهَةٌ إِلَّا ٱللَّهُ لَفَسَدَتَا فَسُبْحَٰنَ ٱللَّهِ رَبِّ ٱلْعَرْشِ عَمَّا يَصِفُونَ","translation_en":"Had there been within the heavens and earth gods besides Allah, they both would have been ruined. So exalted is Allah, Lord of the Throne, above what they describe.","translation_id":"Sekiranya ada di langit dan di bumi tuhan-tuhan selain Allah, tentulah keduanya itu telah rusak binasa. Maka Maha Suci Allah yang mempunyai 'Arsy daripada apa yang mereka sifatkan."},{"number":23,"text":"لَا يُسْـَٔلُ عَمَّا يَفْعَلُ وَهُمْ يُسْـَٔلُونَ","translation_en":"He is not questioned about what He does, but they will be questioned.","translation_id":"Dia tidak ditanya tentang apa yang diperbuat-Nya dan merekalah yang akan ditanyai."},{"number":24,"text":"أَمِ ٱتَّخَذُوا۟ مِن دُونِهِۦٓ ءَالِهَةً قُلْ هَاتُوا۟ بُرْهَٰنَكُمْ هَٰذَا ذِكْرُ مَن مَّعِىَ وَذِكْرُ مَن قَبْلِى بَلْ أَكْثَرُهُمْ لَا يَعْلَمُونَ ٱلْحَقَّ فَهُم مُّعْرِضُونَ","translation_en":"Or have they taken gods besides Him? Say, [O Muhammad], \"Produce your proof. This [Qur'an] is the message for those with me and the message of those before me.\" But most of them do not know the truth, so they are turning away.","translation_id":"Apakah mereka mengambil tuhan-tuhan selain-Nya? Katakanlah: \"Unjukkanlah hujjahmu! (Al Quran) ini adalah peringatan bagi orang-orang yang bersamaku, dan peringatan bagi orang-orang yang sebelumku\". Sebenarnya kebanyakan mereka tiada mengetahui yang hak, karena itu mereka berpaling."},{"number":25,"text":"وَمَآ أَرْسَلْنَا مِن قَبْلِكَ مِن رَّسُولٍ إِلَّا نُوحِىٓ إِلَيْهِ أَنَّهُۥ لَآ إِلَٰهَ إِلَّآ أَنَا۠ فَٱعْبُدُونِ","translation_en":"And We sent not before you any messenger except that We revealed to him that, \"There is no deity except Me, so worship Me.\"","translation_id":"Dan Kami tidak mengutus seorang rasulpun sebelum kamu melainkan Kami wahyukan kepadanya: \"Bahwasanya tidak ada Tuhan (yang hak) melainkan Aku, maka sembahlah olehmu sekalian akan Aku\"."},{"number":26,"text":"وَقَالُوا۟ ٱتَّخَذَ ٱلرَّحْمَٰنُ وَلَدًا سُبْحَٰنَهُۥ بَلْ عِبَادٌ مُّكْرَمُونَ","translation_en":"And they say, \"The Most Merciful has taken a son.\" Exalted is He! Rather, they are [but] honored servants.","translation_id":"Dan mereka berkata: \"Tuhan Yang Maha Pemurah telah mengambil (mempunyai) anak\", Maha Suci Allah. Sebenarnya (malaikat-malaikat itu), adalah hamba-hamba yang dimuliakan,"},{"number":27,"text":"لَا يَسْبِقُونَهُۥ بِٱلْقَوْلِ وَهُم بِأَمْرِهِۦ يَعْمَلُونَ","translation_en":"They cannot precede Him in word, and they act by His command.","translation_id":"mereka itu tidak mendahului-Nya dengan perkataan dan mereka mengerjakan perintah-perintah-Nya."},{"number":28,"text":"يَعْلَمُ مَا بَيْنَ أَيْدِيهِمْ وَمَا خَلْفَهُمْ وَلَا يَشْفَعُونَ إِلَّا لِمَنِ ٱرْتَضَىٰ وَهُم مِّنْ خَشْيَتِهِۦ مُشْفِقُونَ","translation_en":"He knows what is [presently] before them and what will be after them, and they cannot intercede except on behalf of one whom He approves. And they, from fear of Him, are apprehensive.","translation_id":"Allah mengetahui segala sesuatu yang dihadapan mereka (malaikat) dan yang di belakang mereka, dan mereka tiada memberi syafa'at melainkan kepada orang yang diridhai Allah, dan mereka itu selalu berhati-hati karena takut kepada-Nya."},{"number":29,"text":"وَمَن يَقُلْ مِنْهُمْ إِنِّىٓ إِلَٰهٌ مِّن دُونِهِۦ فَذَٰلِكَ نَجْزِيهِ جَهَنَّمَ كَذَٰلِكَ نَجْزِى ٱلظَّٰلِمِينَ","translation_en":"And whoever of them should say, \"Indeed, I am a god besides Him\"- that one We would recompense with Hell. Thus do We recompense the wrongdoers.","translation_id":"Dan barangsiapa di antara mereka, mengatakan: \"Sesungguhnya Aku adalah tuhan selain daripada Allah\", maka orang itu Kami beri balasan dengan Jahannam, demikian Kami memberikan pembalasan kepada orang-orang zalim."},{"number":30,"text":"أَوَلَمْ يَرَ ٱلَّذِينَ كَفَرُوٓا۟ أَنَّ ٱلسَّمَٰوَٰتِ وَٱلْأَرْضَ كَانَتَا رَتْقًا فَفَتَقْنَٰهُمَا وَجَعَلْنَا مِنَ ٱلْمَآءِ كُلَّ شَىْءٍ حَىٍّ أَفَلَا يُؤْمِنُونَ","translation_en":"Have those who disbelieved not considered that the heavens and the earth were a joined entity, and We separated them and made from water every living thing? Then will they not believe?","translation_id":"Dan apakah orang-orang yang kafir tidak mengetahui bahwasanya langit dan bumi itu keduanya dahulu adalah suatu yang padu, kemudian Kami pisahkan antara keduanya. Dan dari air Kami jadikan segala sesuatu yang hidup. Maka mengapakah mereka tiada juga beriman?"},{"number":31,"text":"وَجَعَلْنَا فِى ٱلْأَرْضِ رَوَٰسِىَ أَن تَمِيدَ بِهِمْ وَجَعَلْنَا فِيهَا فِجَاجًا سُبُلًا لَّعَلَّهُمْ يَهْتَدُونَ","translation_en":"And We placed within the earth firmly set mountains, lest it should shift with them, and We made therein [mountain] passes [as] roads that they might be guided.","translation_id":"Dan telah Kami jadikan di bumi ini gunung-gunung yang kokoh supaya bumi itu (tidak) goncang bersama mereka dan telah Kami jadikan (pula) di bumi itu jalan-jalan yang luas, agar mereka mendapat petunjuk."},{"number":32,"text":"وَجَعَلْنَا ٱلسَّمَآءَ سَقْفًا مَّحْفُوظًا وَهُمْ عَنْ ءَايَٰتِهَا مُعْرِضُونَ","translation_en":"And We made the sky a protected ceiling, but they, from its signs, are turning away.","translation_id":"Dan Kami menjadikan langit itu sebagai atap yang terpelihara, sedang mereka berpaling dari segala tanda-tanda (kekuasaan Allah) yang terdapat padanya."},{"number":33,"text":"وَهُوَ ٱلَّذِى خَلَقَ ٱلَّيْلَ وَٱلنَّهَارَ وَٱلشَّمْسَ وَٱلْقَمَرَ كُلٌّ فِى فَلَكٍ يَسْبَحُونَ","translation_en":"And it is He who created the night and the day and the sun and the moon; all [heavenly bodies] in an orbit are swimming.","translation_id":"Dan Dialah yang telah menciptakan malam dan siang, matahari dan bulan. Masing-masing dari keduanya itu beredar di dalam garis edarnya."},{"number":34,"text":"وَمَا جَعَلْنَا لِبَشَرٍ مِّن قَبْلِكَ ٱلْخُلْدَ أَفَإِي۟ن مِّتَّ فَهُمُ ٱلْخَٰلِدُونَ","translation_en":"And We did not grant to any man before you eternity [on earth]; so if you die - would they be eternal?","translation_id":"Kami tidak menjadikan hidup abadi bagi seorang manusiapun sebelum kamu (Muhammad); maka jikalau kamu mati, apakah mereka akan kekal?"},{"number":35,"text":"كُلُّ نَفْسٍ ذَآئِقَةُ ٱلْمَوْتِ وَنَبْلُوكُم بِٱلشَّرِّ وَٱلْخَيْرِ فِتْنَةً وَإِلَيْنَا تُرْجَعُونَ","translation_en":"Every soul will taste death. And We test you with evil and with good as trial; and to Us you will be returned.","translation_id":"Tiap-tiap yang berjiwa akan merasakan mati. Kami akan menguji kamu dengan keburukan dan kebaikan sebagai cobaan (yang sebenar-benarnya). Dan hanya kepada Kamilah kamu dikembalikan."},{"number":36,"text":"وَإِذَا رَءَاكَ ٱلَّذِينَ كَفَرُوٓا۟ إِن يَتَّخِذُونَكَ إِلَّا هُزُوًا أَهَٰذَا ٱلَّذِى يَذْكُرُ ءَالِهَتَكُمْ وَهُم بِذِكْرِ ٱلرَّحْمَٰنِ هُمْ كَٰفِرُونَ","translation_en":"And when those who disbelieve see you, [O Muhammad], they take you not except in ridicule, [saying], \"Is this the one who insults your gods?\" And they are, at the mention of the Most Merciful, disbelievers.","translation_id":"Dan apahila orang-orang kafir itu melihat kamu, mereka hanya membuat kamu menjadi olok-olok. (Mereka mengatakan): \"Apakah ini orang yang mencela tuhan-tuhan-mu?\", padahal mereka adaIah orang-orang yang ingkar mengingat Allah Yang Maha Pemurah."},{"number":37,"text":"خُلِقَ ٱلْإِنسَٰنُ مِنْ عَجَلٍ سَأُو۟رِيكُمْ ءَايَٰتِى فَلَا تَسْتَعْجِلُونِ","translation_en":"Man was created of haste. I will show you My signs, so do not impatiently urge Me.","translation_id":"Manusia telah dijadikan (bertabiat) tergesa-gesa. Kelak akan Aku perIihatkan kepadamu tanda-tanda azab-Ku. Maka janganlah kamu minta kepada-Ku mendatangkannya dengan segera."},{"number":38,"text":"وَيَقُولُونَ مَتَىٰ هَٰذَا ٱلْوَعْدُ إِن كُنتُمْ صَٰدِقِينَ","translation_en":"And they say, \"When is this promise, if you should be truthful?\"","translation_id":"Mereka berkata: \"Kapankah janji itu akan datang, jika kamu sekaIian adalah orang-orang yang benar?\""},{"number":39,"text":"لَوْ يَعْلَمُ ٱلَّذِينَ كَفَرُوا۟ حِينَ لَا يَكُفُّونَ عَن وُجُوهِهِمُ ٱلنَّارَ وَلَا عَن ظُهُورِهِمْ وَلَا هُمْ يُنصَرُونَ","translation_en":"If those who disbelieved but knew the time when they will not avert the Fire from their faces or from their backs and they will not be aided...","translation_id":"Andaikata orang-orang kafir itu mengetahui, waktu (di mana) mereka itu tidak mampu mengelakkan api neraka dari muka mereka dan (tidak pula) dari punggung mereka, sedang mereka (tidak pula) mendapat pertolongan, (tentulah mereka tiada meminta disegerakan)."},{"number":40,"text":"بَلْ تَأْتِيهِم بَغْتَةً فَتَبْهَتُهُمْ فَلَا يَسْتَطِيعُونَ رَدَّهَا وَلَا هُمْ يُنظَرُونَ","translation_en":"Rather, it will come to them unexpectedly and bewilder them, and they will not be able to repel it, nor will they be reprieved.","translation_id":"Sebenarnya (azab) itu akan datang kepada mereka dengan sekonyong-konyong lalu membuat mereka menjadi panik, maka mereka tidak sanggup menolaknya dan tidak (pula) mereka diberi tangguh."},{"number":41,"text":"وَلَقَدِ ٱسْتُهْزِئَ بِرُسُلٍ مِّن قَبْلِكَ فَحَاقَ بِٱلَّذِينَ سَخِرُوا۟ مِنْهُم مَّا كَانُوا۟ بِهِۦ يَسْتَهْزِءُونَ","translation_en":"And already were messengers ridiculed before you, but those who mocked them were enveloped by what they used to ridicule.","translation_id":"Dan sungguh telah diperolok-olokkan beberapa orang rasul sebelum kamu maka turunlah kepada orang yang mencemoohkan rasul-rasul itu azab yang selalu mereka perolok-olokkan."},{"number":42,"text":"قُلْ مَن يَكْلَؤُكُم بِٱلَّيْلِ وَٱلنَّهَارِ مِنَ ٱلرَّحْمَٰنِ بَلْ هُمْ عَن ذِكْرِ رَبِّهِم مُّعْرِضُونَ","translation_en":"Say, \"Who can protect you at night or by day from the Most Merciful?\" But they are, from the remembrance of their Lord, turning away.","translation_id":"Katakanlah: \"Siapakah yang dapat memelihara kamu di waktu malam dan siang hari dari (azab Allah) Yang Maha Pemurah?\" Sebenarnya mereka adalah orang-orang yang berpaling dari mengingati Tuhan mereka."},{"number":43,"text":"أَمْ لَهُمْ ءَالِهَةٌ تَمْنَعُهُم مِّن دُونِنَا لَا يَسْتَطِيعُونَ نَصْرَ أَنفُسِهِمْ وَلَا هُم مِّنَّا يُصْحَبُونَ","translation_en":"Or do they have gods to defend them other than Us? They are unable [even] to help themselves, nor can they be protected from Us.","translation_id":"Atau adakah mereka mempunyai tuhan-tuhan yang dapat memelihara mereka dari (azab) Kami. Tuhan-tuhan itu tidak sanggup menolong diri mereka sendiri dan tidak (pula) mereka dilindungi dari (azab) Kami itu?"},{"number":44,"text":"بَلْ مَتَّعْنَا هَٰٓؤُلَآءِ وَءَابَآءَهُمْ حَتَّىٰ طَالَ عَلَيْهِمُ ٱلْعُمُرُ أَفَلَا يَرَوْنَ أَنَّا نَأْتِى ٱلْأَرْضَ نَنقُصُهَا مِنْ أَطْرَافِهَآ أَفَهُمُ ٱلْغَٰلِبُونَ","translation_en":"But, [on the contrary], We have provided good things for these [disbelievers] and their fathers until life was prolonged for them. Then do they not see that We set upon the land, reducing it from its borders? So it is they who will overcome?","translation_id":"Sebenarnya Kami telah memberi mereka dan bapak-bapak mereka kenikmatan (hidup di dunia) hingga panjanglah umur mereka. Maka apakah mereka tidak melihat bahwasanya Kami mendatangi negeri (orang kafir), lalu Kami kurangi luasnya dari segala penjurunya. Maka apakah mereka yang menang?"},{"number":45,"text":"قُلْ إِنَّمَآ أُنذِرُكُم بِٱلْوَحْىِ وَلَا يَسْمَعُ ٱلصُّمُّ ٱلدُّعَآءَ إِذَا مَا يُنذَرُونَ","translation_en":"Say, \"I only warn you by revelation.\" But the deaf do not hear the call when they are warned.","translation_id":"Katakanlah (hai Muhammad): \"Sesungguhnya aku hanya memberi peringatan kepada kamu sekalian dengan wahyu dan tiadalah orang-orang yang tuli mendengar seruan, apabila mereka diberi peringatan\""},{"number":46,"text":"وَلَئِن مَّسَّتْهُمْ نَفْحَةٌ مِّنْ عَذَابِ رَبِّكَ لَيَقُولُنَّ يَٰوَيْلَنَآ إِنَّا كُنَّا ظَٰلِمِينَ","translation_en":"And if [as much as] a whiff of the punishment of your Lord should touch them, they would surely say, \"O woe to us! Indeed, we have been wrongdoers.\"","translation_id":"Dan sesungguhnya, jika mereka ditimpa sedikit saja dari azab Tuhan-mu, pastilah mereka berkata: \"Aduhai, celakalah kami, bahwasanya kami adalah orang yang menganiaya diri sendiri\"."},{"number":47,"text":"وَنَضَعُ ٱلْمَوَٰزِينَ ٱلْقِسْطَ لِيَوْمِ ٱلْقِيَٰمَةِ فَلَا تُظْلَمُ نَفْسٌ شَيْـًٔا وَإِن كَانَ مِثْقَالَ حَبَّةٍ مِّنْ خَرْدَلٍ أَتَيْنَا بِهَا وَكَفَىٰ بِنَا حَٰسِبِينَ","translation_en":"And We place the scales of justice for the Day of Resurrection, so no soul will be treated unjustly at all. And if there is [even] the weight of a mustard seed, We will bring it forth. And sufficient are We as accountant.","translation_id":"Kami akan memasang timbangan yang tepat pada hari kiamat, maka tiadalah dirugikan seseorang barang sedikitpun. Dan jika (amalan itu) hanya seberat biji sawipun pasti Kami mendatangkan (pahala)nya. Dan cukuplah Kami sebagai pembuat perhitungan."},{"number":48,"text":"وَلَقَدْ ءَاتَيْنَا مُوسَىٰ وَهَٰرُونَ ٱلْفُرْقَانَ وَضِيَآءً وَذِكْرًا لِّلْمُتَّقِينَ","translation_en":"And We had already given Moses and Aaron the criterion and a light and a reminder for the righteous","translation_id":"Dan sesungguhnya telah Kami berikan kepada Musa dan Harun Kitab Taurat dan penerangan serta pengajaran bagi orang-orang yang bertakwa."},{"number":49,"text":"ٱلَّذِينَ يَخْشَوْنَ رَبَّهُم بِٱلْغَيْبِ وَهُم مِّنَ ٱلسَّاعَةِ مُشْفِقُونَ","translation_en":"Who fear their Lord unseen, while they are of the Hour apprehensive.","translation_id":"(yaitu) orang-orang yang takut akan (azab) Tuhan mereka, sedang mereka tidak melihat-Nya, dan mereka merasa takut akan (tibanya) hari kiamat."},{"number":50,"text":"وَهَٰذَا ذِكْرٌ مُّبَارَكٌ أَنزَلْنَٰهُ أَفَأَنتُمْ لَهُۥ مُنكِرُونَ","translation_en":"And this [Qur'an] is a blessed message which We have sent down. Then are you with it unacquainted?","translation_id":"Dan Al Quran ini adalah suatu kitab (peringatan) yang mempunyai berkah yang telah Kami turunkan. Maka mengapakah kamu mengingkarinya?"},{"number":51,"text":"وَلَقَدْ ءَاتَيْنَآ إِبْرَٰهِيمَ رُشْدَهُۥ مِن قَبْلُ وَكُنَّا بِهِۦ عَٰلِمِينَ","translation_en":"And We had certainly given Abraham his sound judgement before, and We were of him well-Knowing","translation_id":"Dan sesungguhnya telah Kami anugerahkan kepada Ibrahim hidayah kebenaran sebelum (Musa dan Harun), dan adalah Kami mengetahui (keadaan)nya."},{"number":52,"text":"إِذْ قَالَ لِأَبِيهِ وَقَوْمِهِۦ مَا هَٰذِهِ ٱلتَّمَاثِيلُ ٱلَّتِىٓ أَنتُمْ لَهَا عَٰكِفُونَ","translation_en":"When he said to his father and his people, \"What are these statues to which you are devoted?\"","translation_id":"(Ingatlah), ketika Ibrahim berkata kepada bapaknya dan kaumnya: \"Patung-patung apakah ini yang kamu tekun beribadat kepadanya?\""},{"number":53,"text":"قَالُوا۟ وَجَدْنَآ ءَابَآءَنَا لَهَا عَٰبِدِينَ","translation_en":"They said, \"We found our fathers worshippers of them.\"","translation_id":"Mereka menjawab: \"Kami mendapati bapak-bapak kami menyembahnya\"."},{"number":54,"text":"قَالَ لَقَدْ كُنتُمْ أَنتُمْ وَءَابَآؤُكُمْ فِى ضَلَٰلٍ مُّبِينٍ","translation_en":"He said, \"You were certainly, you and your fathers, in manifest error.\"","translation_id":"Ibrahim berkata: \"Sesungguhnya kamu dan bapak-bapakmu berada dalam kesesatan yang nyata\"."},{"number":55,"text":"قَالُوٓا۟ أَجِئْتَنَا بِٱلْحَقِّ أَمْ أَنتَ مِنَ ٱللَّٰعِبِينَ","translation_en":"They said, \"Have you come to us with truth, or are you of those who jest?\"","translation_id":"Mereka menjawab: \"Apakah kamu datang kepada kami dengan sungguh-sungguh ataukah kamu termasuk orang-orang yang bermain-main?\""},{"number":56,"text":"قَالَ بَل رَّبُّكُمْ رَبُّ ٱلسَّمَٰوَٰتِ وَٱلْأَرْضِ ٱلَّذِى فَطَرَهُنَّ وَأَنَا۠ عَلَىٰ ذَٰلِكُم مِّنَ ٱلشَّٰهِدِينَ","translation_en":"He said, \"[No], rather, your Lord is the Lord of the heavens and the earth who created them, and I, to that, am of those who testify.","translation_id":"Ibrahim berkata: \"Sebenarnya Tuhan kamu ialah Tuhan langit dan bumi yang telah menciptakannya: dan aku termasuk orang-orang yang dapat memberikan bukti atas yang demikian itu\"."},{"number":57,"text":"وَتَٱللَّهِ لَأَكِيدَنَّ أَصْنَٰمَكُم بَعْدَ أَن تُوَلُّوا۟ مُدْبِرِينَ","translation_en":"And [I swear] by Allah, I will surely plan against your idols after you have turned and gone away.\"","translation_id":"Demi Allah, sesungguhnya aku akan melakukan tipu daya terhadap berhala-berhalamu sesudah kamu pergi meninggalkannya."},{"number":58,"text":"فَجَعَلَهُمْ جُذَٰذًا إِلَّا كَبِيرًا لَّهُمْ لَعَلَّهُمْ إِلَيْهِ يَرْجِعُونَ","translation_en":"So he made them into fragments, except a large one among them, that they might return to it [and question].","translation_id":"Maka Ibrahim membuat berhala-berhala itu hancur berpotong-potong, kecuali yang terbesar (induk) dari patung-patung yang lain; agar mereka kembali (untuk bertanya) kepadanya."},{"number":59,"text":"قَالُوا۟ مَن فَعَلَ هَٰذَا بِـَٔالِهَتِنَآ إِنَّهُۥ لَمِنَ ٱلظَّٰلِمِينَ","translation_en":"They said, \"Who has done this to our gods? Indeed, he is of the wrongdoers.\"","translation_id":"Mereka berkata: \"Siapakah yang melakukan perbuatan ini terhadap tuhan-tuhan kami, sesungguhnya dia termasuk orang-orang yang zalim\"."},{"number":60,"text":"قَالُوا۟ سَمِعْنَا فَتًى يَذْكُرُهُمْ يُقَالُ لَهُۥٓ إِبْرَٰهِيمُ","translation_en":"They said, \"We heard a young man mention them who is called Abraham.\"","translation_id":"Mereka berkata: \"Kami dengar ada seorang pemuda yang mencela berhala-berhala ini yang bernama Ibrahim\"."},{"number":61,"text":"قَالُوا۟ فَأْتُوا۟ بِهِۦ عَلَىٰٓ أَعْيُنِ ٱلنَّاسِ لَعَلَّهُمْ يَشْهَدُونَ","translation_en":"They said, \"Then bring him before the eyes of the people that they may testify.\"","translation_id":"Mereka berkata: \"(Kalau demikian) bawalah dia dengan cara yang dapat dilihat orang banyak, agar mereka menyaksikan\"."},{"number":62,"text":"قَالُوٓا۟ ءَأَنتَ فَعَلْتَ هَٰذَا بِـَٔالِهَتِنَا يَٰٓإِبْرَٰهِيمُ","translation_en":"They said, \"Have you done this to our gods, O Abraham?\"","translation_id":"Mereka bertanya: \"Apakah kamu, yang melakukan perbuatan ini terhadap tuhan-tuhan kami, hai Ibrahim?\""},{"number":63,"text":"قَالَ بَلْ فَعَلَهُۥ كَبِيرُهُمْ هَٰذَا فَسْـَٔلُوهُمْ إِن كَانُوا۟ يَنطِقُونَ","translation_en":"He said, \"Rather, this - the largest of them - did it, so ask them, if they should [be able to] speak.\"","translation_id":"Ibrahim menjawab: \"Sebenarnya patung yang besar itulah yang melakukannya, maka tanyakanlah kepada berhala itu, jika mereka dapat berbicara\"."},{"number":64,"text":"فَرَجَعُوٓا۟ إِلَىٰٓ أَنفُسِهِمْ فَقَالُوٓا۟ إِنَّكُمْ أَنتُمُ ٱلظَّٰلِمُونَ","translation_en":"So they returned to [blaming] themselves and said [to each other], \"Indeed, you are the wrongdoers.\"","translation_id":"Maka mereka telah kembali kepada kesadaran dan lalu berkata: \"Sesungguhnya kamu sekalian adalah orang-orang yang menganiaya (diri sendiri)\","},{"number":65,"text":"ثُمَّ نُكِسُوا۟ عَلَىٰ رُءُوسِهِمْ لَقَدْ عَلِمْتَ مَا هَٰٓؤُلَآءِ يَنطِقُونَ","translation_en":"Then they reversed themselves, [saying], \"You have already known that these do not speak!\"","translation_id":"kemudian kepala mereka jadi tertunduk (lalu berkata): \"Sesungguhnya kamu (hai Ibrahim) telah mengetahui bahwa berhala-berhala itu tidak dapat berbicara\"."},{"number":66,"text":"قَالَ أَفَتَعْبُدُونَ مِن دُونِ ٱللَّهِ مَا لَا يَنفَعُكُمْ شَيْـًٔا وَلَا يَضُرُّكُمْ","translation_en":"He said, \"Then do you worship instead of Allah that which does not benefit you at all or harm you?","translation_id":"Ibrahim berkata: Maka mengapakah kamu menyembah selain Allah sesuatu yang tidak dapat memberi manfaat sedikitpun dan tidak (pula) memberi mudharat kepada kamu?\""},{"number":67,"text":"أُفٍّ لَّكُمْ وَلِمَا تَعْبُدُونَ مِن دُونِ ٱللَّهِ أَفَلَا تَعْقِلُونَ","translation_en":"Uff to you and to what you worship instead of Allah. Then will you not use reason?\"","translation_id":"Ah (celakalah) kamu dan apa yang kamu sembah selain Allah. Maka apakah kamu tidak memahami?"},{"number":68,"text":"قَالُوا۟ حَرِّقُوهُ وَٱنصُرُوٓا۟ ءَالِهَتَكُمْ إِن كُنتُمْ فَٰعِلِينَ","translation_en":"They said, \"Burn him and support your gods - if you are to act.\"","translation_id":"Mereka berkata: \"Bakarlah dia dan bantulah tuhan-tuhan kamu, jika kamu benar-benar hendak bertindak\"."},{"number":69,"text":"قُلْنَا يَٰنَارُ كُونِى بَرْدًا وَسَلَٰمًا عَلَىٰٓ إِبْرَٰهِيمَ","translation_en":"Allah said, \"O fire, be coolness and safety upon Abraham.\"","translation_id":"Kami berfirman: \"Hai api menjadi dinginlah, dan menjadi keselamatanlah bagi Ibrahim\","},{"number":70,"text":"وَأَرَادُوا۟ بِهِۦ كَيْدًا فَجَعَلْنَٰهُمُ ٱلْأَخْسَرِينَ","translation_en":"And they intended for him harm, but We made them the greatest losers.","translation_id":"mereka hendak berbuat makar terhadap Ibrahim, maka Kami menjadikan mereka itu orang-orang yang paling merugi."},{"number":71,"text":"وَنَجَّيْنَٰهُ وَلُوطًا إِلَى ٱلْأَرْضِ ٱلَّتِى بَٰرَكْنَا فِيهَا لِلْعَٰلَمِينَ","translation_en":"And We delivered him and Lot to the land which We had blessed for the worlds.","translation_id":"Dan Kami seIamatkan Ibrahim dan Luth ke sebuah negeri yang Kami telah memberkahinya untuk sekalian manusia."},{"number":72,"text":"وَوَهَبْنَا لَهُۥٓ إِسْحَٰقَ وَيَعْقُوبَ نَافِلَةً وَكُلًّا جَعَلْنَا صَٰلِحِينَ","translation_en":"And We gave him Isaac and Jacob in addition, and all [of them] We made righteous.","translation_id":"Dan Kami telah memberikan kepada-nya (Ibrahim) lshak dan Ya'qub, sebagai suatu anugerah (daripada Kami). Dan masing-masingnya Kami jadikan orang-orang yang saleh"},{"number":73,"text":"وَجَعَلْنَٰهُمْ أَئِمَّةً يَهْدُونَ بِأَمْرِنَا وَأَوْحَيْنَآ إِلَيْهِمْ فِعْلَ ٱلْخَيْرَٰتِ وَإِقَامَ ٱلصَّلَوٰةِ وَإِيتَآءَ ٱلزَّكَوٰةِ وَكَانُوا۟ لَنَا عَٰبِدِينَ","translation_en":"And We made them leaders guiding by Our command. And We inspired to them the doing of good deeds, establishment of prayer, and giving of zakah; and they were worshippers of Us.","translation_id":"Kami telah menjadikan mereka itu sebagai pemimpin-pemimpin yang memberi petunjuk dengan perintah Kami dan telah Kami wahyukan kepada, mereka mengerjakan kebajikan, mendirikan sembahyang, menunaikan zakat, dan hanya kepada Kamilah mereka selalu menyembah,"},{"number":74,"text":"وَلُوطًا ءَاتَيْنَٰهُ حُكْمًا وَعِلْمًا وَنَجَّيْنَٰهُ مِنَ ٱلْقَرْيَةِ ٱلَّتِى كَانَت تَّعْمَلُ ٱلْخَبَٰٓئِثَ إِنَّهُمْ كَانُوا۟ قَوْمَ سَوْءٍ فَٰسِقِينَ","translation_en":"And to Lot We gave judgement and knowledge, and We saved him from the city that was committing wicked deeds. Indeed, they were a people of evil, defiantly disobedient.","translation_id":"dan kepada Luth, Kami telah berikan hikmah dan ilmu, dan telah Kami selamatkan dia dari (azab yang telah menimpa penduduk) kota yang mengerjakan perbuatan keji. Sesungguhnya mereka adalah kaum yang jahat lagi fasik,"},{"number":75,"text":"وَأَدْخَلْنَٰهُ فِى رَحْمَتِنَآ إِنَّهُۥ مِنَ ٱلصَّٰلِحِينَ","translation_en":"And We admitted him into Our mercy. Indeed, he was of the righteous.","translation_id":"dan Kami masukkan dia ke dalam rahmat Kami; karena sesungguhnya dia termasuk orang-orang yang saleh."},{"number":76,"text":"وَنُوحًا إِذْ نَادَىٰ مِن قَبْلُ فَٱسْتَجَبْنَا لَهُۥ فَنَجَّيْنَٰهُ وَأَهْلَهُۥ مِنَ ٱلْكَرْبِ ٱلْعَظِيمِ","translation_en":"And [mention] Noah, when he called [to Allah] before [that time], so We responded to him and saved him and his family from the great flood.","translation_id":"Dan (ingatlah kisah) Nuh, sebelum itu ketika dia berdoa, dan Kami memperkenankan doanya, lalu Kami selamatkan dia beserta keluarganya dari bencana yang besar."},{"number":77,"text":"وَنَصَرْنَٰهُ مِنَ ٱلْقَوْمِ ٱلَّذِينَ كَذَّبُوا۟ بِـَٔايَٰتِنَآ إِنَّهُمْ كَانُوا۟ قَوْمَ سَوْءٍ فَأَغْرَقْنَٰهُمْ أَجْمَعِينَ","translation_en":"And We saved him from the people who denied Our signs. Indeed, they were a people of evil, so We drowned them, all together.","translation_id":"Dan Kami telah menolongnya dari kaum yang telah mendustakan ayat-ayat Kami. Sesungguhnya mereka adalah kaum yang jahat, maka Kami tenggelamkan mereka semuanya."},{"number":78,"text":"وَدَاوُۥدَ وَسُلَيْمَٰنَ إِذْ يَحْكُمَانِ فِى ٱلْحَرْثِ إِذْ نَفَشَتْ فِيهِ غَنَمُ ٱلْقَوْمِ وَكُنَّا لِحُكْمِهِمْ شَٰهِدِينَ","translation_en":"And [mention] David and Solomon, when they judged concerning the field - when the sheep of a people overran it [at night], and We were witness to their judgement.","translation_id":"Dan (ingatlah kisah) Daud dan Sulaiman, di waktu keduanya memberikan keputusan mengenai tanaman, karena tanaman itu dirusak oleh kambing-kambing kepunyaan kaumnya. Dan adalah Kami menyaksikan keputusan yang diberikan oleh mereka itu,"},{"number":79,"text":"فَفَهَّمْنَٰهَا سُلَيْمَٰنَ وَكُلًّا ءَاتَيْنَا حُكْمًا وَعِلْمًا وَسَخَّرْنَا مَعَ دَاوُۥدَ ٱلْجِبَالَ يُسَبِّحْنَ وَٱلطَّيْرَ وَكُنَّا فَٰعِلِينَ","translation_en":"And We gave understanding of the case to Solomon, and to each [of them] We gave judgement and knowledge. And We subjected the mountains to exalt [Us], along with David and [also] the birds. And We were doing [that].","translation_id":"maka Kami telah memberikan pengertian kepada Sulaiman tentang hukum (yang lebih tepat); dan kepada masing-masing mereka telah Kami berikan hikmah dan ilmu dan telah Kami tundukkan gunung-gunung dan burung-burung, semua bertasbih bersama Daud. Dan kamilah yang melakukannya."},{"number":80,"text":"وَعَلَّمْنَٰهُ صَنْعَةَ لَبُوسٍ لَّكُمْ لِتُحْصِنَكُم مِّنۢ بَأْسِكُمْ فَهَلْ أَنتُمْ شَٰكِرُونَ","translation_en":"And We taught him the fashioning of coats of armor to protect you from your [enemy in] battle. So will you then be grateful?","translation_id":"Dan telah Kami ajarkan kepada Daud membuat baju besi untuk kamu, guna memelihara kamu dalam peperanganmu; Maka hendaklah kamu bersyukur (kepada Allah)."},{"number":81,"text":"وَلِسُلَيْمَٰنَ ٱلرِّيحَ عَاصِفَةً تَجْرِى بِأَمْرِهِۦٓ إِلَى ٱلْأَرْضِ ٱلَّتِى بَٰرَكْنَا فِيهَا وَكُنَّا بِكُلِّ شَىْءٍ عَٰلِمِينَ","translation_en":"And to Solomon [We subjected] the wind, blowing forcefully, proceeding by his command toward the land which We had blessed. And We are ever, of all things, Knowing.","translation_id":"Dan (telah Kami tundukkan) untuk Sulaiman angin yang sangat kencang tiupannya yang berhembus dengan perintahnya ke negeri yang kami telah memberkatinya. Dan adalah Kami Maha Mengetahui segala sesuatu."},{"number":82,"text":"وَمِنَ ٱلشَّيَٰطِينِ مَن يَغُوصُونَ لَهُۥ وَيَعْمَلُونَ عَمَلًا دُونَ ذَٰلِكَ وَكُنَّا لَهُمْ حَٰفِظِينَ","translation_en":"And of the devils were those who dived for him and did work other than that. And We were of them a guardian.","translation_id":"Dan Kami telah tundukkan (pula kepada Sulaiman) segolongan syaitan-syaitan yang menyelam (ke dalam laut) untuknya dan mengerjakan pekerjaan selain daripada itu, dan adalah Kami memelihara mereka itu,"},{"number":83,"text":"وَأَيُّوبَ إِذْ نَادَىٰ رَبَّهُۥٓ أَنِّى مَسَّنِىَ ٱلضُّرُّ وَأَنتَ أَرْحَمُ ٱلرَّٰحِمِينَ","translation_en":"And [mention] Job, when he called to his Lord, \"Indeed, adversity has touched me, and you are the Most Merciful of the merciful.\"","translation_id":"dan (ingatlah kisah) Ayub, ketika ia menyeru Tuhannya: \"(Ya Tuhanku), sesungguhnya aku telah ditimpa penyakit dan Engkau adalah Tuhan Yang Maha Penyayang di antara semua penyayang\"."},{"number":84,"text":"فَٱسْتَجَبْنَا لَهُۥ فَكَشَفْنَا مَا بِهِۦ مِن ضُرٍّ وَءَاتَيْنَٰهُ أَهْلَهُۥ وَمِثْلَهُم مَّعَهُمْ رَحْمَةً مِّنْ عِندِنَا وَذِكْرَىٰ لِلْعَٰبِدِينَ","translation_en":"So We responded to him and removed what afflicted him of adversity. And We gave him [back] his family and the like thereof with them as mercy from Us and a reminder for the worshippers [of Allah].","translation_id":"Maka Kamipun memperkenankan seruannya itu, lalu Kami lenyapkan penyakit yang ada padanya dan Kami kembalikan keluarganya kepadanya, dan Kami lipat gandakan bilangan mereka, sebagai suatu rahmat dari sisi Kami dan untuk menjadi peringatan bagi semua yang menyembah Allah."},{"number":85,"text":"وَإِسْمَٰعِيلَ وَإِدْرِيسَ وَذَا ٱلْكِفْلِ كُلٌّ مِّنَ ٱلصَّٰبِرِينَ","translation_en":"And [mention] Ishmael and Idrees and Dhul-Kifl; all were of the patient.","translation_id":"Dan (ingatlah kisah) Ismail, Idris dan Dzulkifli. Semua mereka termasuk orang-orang yang sabar."},{"number":86,"text":"وَأَدْخَلْنَٰهُمْ فِى رَحْمَتِنَآ إِنَّهُم مِّنَ ٱلصَّٰلِحِينَ","translation_en":"And We admitted them into Our mercy. Indeed, they were of the righteous.","translation_id":"Kami telah memasukkan mereka kedalam rahmat Kami. Sesungguhnya mereka termasuk orang-orang yang saleh."},{"number":87,"text":"وَذَا ٱلنُّونِ إِذ ذَّهَبَ مُغَٰضِبًا فَظَنَّ أَن لَّن نَّقْدِرَ عَلَيْهِ فَنَادَىٰ فِى ٱلظُّلُمَٰتِ أَن لَّآ إِلَٰهَ إِلَّآ أَنتَ سُبْحَٰنَكَ إِنِّى كُنتُ مِنَ ٱلظَّٰلِمِينَ","translation_en":"And [mention] the man of the fish, when he went off in anger and thought that We would not decree [anything] upon him. And he called out within the darknesses, \"There is no deity except You; exalted are You. Indeed, I have been of the wrongdoers.\"","translation_id":"Dan (ingatlah kisah) Dzun Nun (Yunus), ketika ia pergi dalam keadaan marah, lalu ia menyangka bahwa Kami tidak akan mempersempitnya (menyulitkannya), maka ia menyeru dalam keadaan yang sangat gelap: \"Bahwa tidak ada Tuhan selain Engkau. Maha Suci Engkau, sesungguhnya aku adalah termasuk orang-orang yang zalim\"."},{"number":88,"text":"فَٱسْتَجَبْنَا لَهُۥ وَنَجَّيْنَٰهُ مِنَ ٱلْغَمِّ وَكَذَٰلِكَ نُۨجِى ٱلْمُؤْمِنِينَ","translation_en":"So We responded to him and saved him from the distress. And thus do We save the believers.","translation_id":"Maka Kami telah memperkenankan doanya dan menyelamatkannya dari pada kedukaan. Dan demikianlah Kami selamatkan orang-orang yang beriman."},{"number":89,"text":"وَزَكَرِيَّآ إِذْ نَادَىٰ رَبَّهُۥ رَبِّ لَا تَذَرْنِى فَرْدًا وَأَنتَ خَيْرُ ٱلْوَٰرِثِينَ","translation_en":"And [mention] Zechariah, when he called to his Lord, \"My Lord, do not leave me alone [with no heir], while you are the best of inheritors.\"","translation_id":"Dan (ingatlah kisah) Zakaria, tatkala ia menyeru Tuhannya: \"Ya Tuhanku janganlah Engkau membiarkan aku hidup seorang diri dan Engkaulah Waris Yang Paling Baik."},{"number":90,"text":"فَٱسْتَجَبْنَا لَهُۥ وَوَهَبْنَا لَهُۥ يَحْيَىٰ وَأَصْلَحْنَا لَهُۥ زَوْجَهُۥٓ إِنَّهُمْ كَانُوا۟ يُسَٰرِعُونَ فِى ٱلْخَيْرَٰتِ وَيَدْعُونَنَا رَغَبًا وَرَهَبًا وَكَانُوا۟ لَنَا خَٰشِعِينَ","translation_en":"So We responded to him, and We gave to him John, and amended for him his wife. Indeed, they used to hasten to good deeds and supplicate Us in hope and fear, and they were to Us humbly submissive.","translation_id":"Maka Kami memperkenankan doanya, dan Kami anugerahkan kepada nya Yahya dan Kami jadikan isterinya dapat mengandung. Sesungguhnya mereka adalah orang-orang yang selalu bersegera dalam (mengerjakan) perbuatan-perbuatan yang baik dan mereka berdoa kepada Kami dengan harap dan cemas. Dan mereka adalah orang-orang yang khusyu' kepada Kami."},{"number":91,"text":"وَٱلَّتِىٓ أَحْصَنَتْ فَرْجَهَا فَنَفَخْنَا فِيهَا مِن رُّوحِنَا وَجَعَلْنَٰهَا وَٱبْنَهَآ ءَايَةً لِّلْعَٰلَمِينَ","translation_en":"And [mention] the one who guarded her chastity, so We blew into her [garment] through Our angel [Gabriel], and We made her and her son a sign for the worlds.","translation_id":"Dan (ingatlah kisah) Maryam yang telah memelihara kehormatannya, lalu Kami tiupkan ke dalam (tubuh)nya ruh dari Kami dan Kami jadikan dia dan anaknya tanda (kekuasaan Allah) yang besar bagi semesta alam."},{"number":92,"text":"إِنَّ هَٰذِهِۦٓ أُمَّتُكُمْ أُمَّةً وَٰحِدَةً وَأَنَا۠ رَبُّكُمْ فَٱعْبُدُونِ","translation_en":"Indeed this, your religion, is one religion, and I am your Lord, so worship Me.","translation_id":"Sesungguhnya (agama Tauhid) ini adalah agama kamu semua; agama yang satu dan Aku adalah Tuhanmu, maka sembahlah Aku."},{"number":93,"text":"وَتَقَطَّعُوٓا۟ أَمْرَهُم بَيْنَهُمْ كُلٌّ إِلَيْنَا رَٰجِعُونَ","translation_en":"And [yet] they divided their affair among themselves, [but] all to Us will return.","translation_id":"Dan mereka telah memotong-motong urusan (agama) mereka di antara mereka. Kepada Kamilah masing-masing golongan itu akan kembali."},{"number":94,"text":"فَمَن يَعْمَلْ مِنَ ٱلصَّٰلِحَٰتِ وَهُوَ مُؤْمِنٌ فَلَا كُفْرَانَ لِسَعْيِهِۦ وَإِنَّا لَهُۥ كَٰتِبُونَ","translation_en":"So whoever does righteous deeds while he is a believer - no denial will there be for his effort, and indeed We, of it, are recorders.","translation_id":"Maka barang siapa yang mengerjakan amal saleh, sedang ia beriman, maka tidak ada pengingkaran terhadap amalannya itu dan sesungguhnya Kami menuliskan amalannya itu untuknya."},{"number":95,"text":"وَحَرَٰمٌ عَلَىٰ قَرْيَةٍ أَهْلَكْنَٰهَآ أَنَّهُمْ لَا يَرْجِعُونَ","translation_en":"And there is prohibition upon [the people of] a city which We have destroyed that they will [ever] return","translation_id":"Sungguh tidak mungkin atas (penduduk) suatu negeri yang telah Kami binasakan, bahwa mereka tidak akan kembali (kepada Kami)."},{"number":96,"text":"حَتَّىٰٓ إِذَا فُتِحَتْ يَأْجُوجُ وَمَأْجُوجُ وَهُم مِّن كُلِّ حَدَبٍ يَنسِلُونَ","translation_en":"Until when [the dam of] Gog and Magog has been opened and they, from every elevation, descend","translation_id":"Hingga apabila dibukakan (tembok) Ya'juj dan Ma'juj, dan mereka turun dengan cepat dari seluruh tempat yang tinggi."},{"number":97,"text":"وَٱقْتَرَبَ ٱلْوَعْدُ ٱلْحَقُّ فَإِذَا هِىَ شَٰخِصَةٌ أَبْصَٰرُ ٱلَّذِينَ كَفَرُوا۟ يَٰوَيْلَنَا قَدْ كُنَّا فِى غَفْلَةٍ مِّنْ هَٰذَا بَلْ كُنَّا ظَٰلِمِينَ","translation_en":"And [when] the true promise has approached; then suddenly the eyes of those who disbelieved will be staring [in horror, while they say], \"O woe to us; we had been unmindful of this; rather, we were wrongdoers.\"","translation_id":"Dan telah dekatlah kedatangan janji yang benar (hari berbangkit), maka tiba-tiba terbelalaklah mata orang-orang yang kafir. (Mereka berkata): \"Aduhai, celakalah kami, sesungguhnya kami adalah dalam kelalaian tentang ini, bahkan kami adalah orang-orang yang zalim\"."},{"number":98,"text":"إِنَّكُمْ وَمَا تَعْبُدُونَ مِن دُونِ ٱللَّهِ حَصَبُ جَهَنَّمَ أَنتُمْ لَهَا وَٰرِدُونَ","translation_en":"Indeed, you [disbelievers] and what you worship other than Allah are the firewood of Hell. You will be coming to [enter] it.","translation_id":"Sesungguhnya kamu dan apa yang kamu sembah selain Allah, adalah umpan Jahannam, kamu pasti masuk ke dalamnya."},{"number":99,"text":"لَوْ كَانَ هَٰٓؤُلَآءِ ءَالِهَةً مَّا وَرَدُوهَا وَكُلٌّ فِيهَا خَٰلِدُونَ","translation_en":"Had these [false deities] been [actual] gods, they would not have come to it, but all are eternal therein.","translation_id":"Andaikata berhala-berhala itu Tuhan, tentulah mereka tidak masuk neraka. Dan semuanya akan kekal di dalamnya."},{"number":100,"text":"لَهُمْ فِيهَا زَفِيرٌ وَهُمْ فِيهَا لَا يَسْمَعُونَ","translation_en":"For them therein is heavy sighing, and they therein will not hear.","translation_id":"Mereka merintih di dalam api dan mereka di dalamnya tidak bisa mendengar."},{"number":101,"text":"إِنَّ ٱلَّذِينَ سَبَقَتْ لَهُم مِّنَّا ٱلْحُسْنَىٰٓ أُو۟لَٰٓئِكَ عَنْهَا مُبْعَدُونَ","translation_en":"Indeed, those for whom the best [reward] has preceded from Us - they are from it far removed.","translation_id":"Bahwasanya orang-orang yang telah ada untuk mereka ketetapan yang baik dari Kami, mereka itu dijauhkan dari neraka,"},{"number":102,"text":"لَا يَسْمَعُونَ حَسِيسَهَا وَهُمْ فِى مَا ٱشْتَهَتْ أَنفُسُهُمْ خَٰلِدُونَ","translation_en":"They will not hear its sound, while they are, in that which their souls desire, abiding eternally.","translation_id":"mereka tidak mendengar sedikitpun suara api neraka, dan mereka kekal dalam menikmati apa yang diingini oleh mereka."},{"number":103,"text":"لَا يَحْزُنُهُمُ ٱلْفَزَعُ ٱلْأَكْبَرُ وَتَتَلَقَّىٰهُمُ ٱلْمَلَٰٓئِكَةُ هَٰذَا يَوْمُكُمُ ٱلَّذِى كُنتُمْ تُوعَدُونَ","translation_en":"They will not be grieved by the greatest terror, and the angels will meet them, [saying], \"This is your Day which you have been promised\" -","translation_id":"Mereka tidak disusahkan oleh kedahsyatan yang besar (pada hari kiamat), dan mereka disambut oleh para malaikat. (Malaikat berkata): \"Inilah harimu yang telah dijanjikan kepadamu\"."},{"number":104,"text":"يَوْمَ نَطْوِى ٱلسَّمَآءَ كَطَىِّ ٱلسِّجِلِّ لِلْكُتُبِ كَمَا بَدَأْنَآ أَوَّلَ خَلْقٍ نُّعِيدُهُۥ وَعْدًا عَلَيْنَآ إِنَّا كُنَّا فَٰعِلِينَ","translation_en":"The Day when We will fold the heaven like the folding of a [written] sheet for the records. As We began the first creation, We will repeat it. [That is] a promise binding upon Us. Indeed, We will do it.","translation_id":"(Yaitu) pada hari Kami gulung langit sebagai menggulung lembaran-lembaran kertas. Sebagaimana Kami telah memulai panciptaan pertama begitulah Kami akan mengulanginya. Itulah suatu janji yang pasti Kami tepati; sesungguhnya Kamilah yang akan melaksanakannya."},{"number":105,"text":"وَلَقَدْ كَتَبْنَا فِى ٱلزَّبُورِ مِنۢ بَعْدِ ٱلذِّكْرِ أَنَّ ٱلْأَرْضَ يَرِثُهَا عِبَادِىَ ٱلصَّٰلِحُونَ","translation_en":"And We have already written in the book [of Psalms] after the [previous] mention that the land [of Paradise] is inherited by My righteous servants.","translation_id":"Dan sungguh telah Kami tulis didalam Zabur sesudah (Kami tulis dalam) Lauh Mahfuzh, bahwasanya bumi ini dipusakai hamba-hamba-Ku yang saleh."},{"number":106,"text":"إِنَّ فِى هَٰذَا لَبَلَٰغًا لِّقَوْمٍ عَٰبِدِينَ","translation_en":"Indeed, in this [Qur'an] is notification for a worshipping people.","translation_id":"Sesungguhnya (apa yang disebutkan) dalam (surat) ini, benar-benar menjadi peringatan bagi kaum yang menyembah (Allah)."},{"number":107,"text":"وَمَآ أَرْسَلْنَٰكَ إِلَّا رَحْمَةً لِّلْعَٰلَمِينَ","translation_en":"And We have not sent you, [O Muhammad], except as a mercy to the worlds.","translation_id":"Dan tiadalah Kami mengutus kamu, melainkan untuk (menjadi) rahmat bagi semesta alam."},{"number":108,"text":"قُلْ إِنَّمَا يُوحَىٰٓ إِلَىَّ أَنَّمَآ إِلَٰهُكُمْ إِلَٰهٌ وَٰحِدٌ فَهَلْ أَنتُم مُّسْلِمُونَ","translation_en":"Say, \"It is only revealed to me that your god is but one God; so will you be Muslims [in submission to Him]?\"","translation_id":"Katakanlah: \"Sesungguhnya yang diwahyukan kepadaku adalah: \"Bahwasanya Tuhanmu adalah Tuhan Yang Esa. maka hendaklah kamu berserah diri (kepada-Nya)\"."},{"number":109,"text":"فَإِن تَوَلَّوْا۟ فَقُلْ ءَاذَنتُكُمْ عَلَىٰ سَوَآءٍ وَإِنْ أَدْرِىٓ أَقَرِيبٌ أَم بَعِيدٌ مَّا تُوعَدُونَ","translation_en":"But if they turn away, then say, \"I have announced to [all of] you equally. And I know not whether near or far is that which you are promised.","translation_id":"Jika mereka berpaling, maka katakanlah: \"Aku telah menyampaikan kepada kamu sekalian (ajaran) yang sama (antara kita) dan aku tidak mengetahui apakah yang diancamkan kepadamu itu sudah dekat atau masih jauh?\"."},{"number":110,"text":"إِنَّهُۥ يَعْلَمُ ٱلْجَهْرَ مِنَ ٱلْقَوْلِ وَيَعْلَمُ مَا تَكْتُمُونَ","translation_en":"Indeed, He knows what is declared of speech, and He knows what you conceal.","translation_id":"Sesungguhnya Dia mengetahui perkataan (yang kamu ucapkan) dengan terang-terangan dan Dia mengetahui apa yang kamu rahasiakan."},{"number":111,"text":"وَإِنْ أَدْرِى لَعَلَّهُۥ فِتْنَةٌ لَّكُمْ وَمَتَٰعٌ إِلَىٰ حِينٍ","translation_en":"And I know not; perhaps it is a trial for you and enjoyment for a time.\"","translation_id":"Dan aku tiada mengetahui, boleh jadi hal itu cobaan bagi kamu dan kesenangan sampai kepada suatu waktu."},{"number":112,"text":"قَٰلَ رَبِّ ٱحْكُم بِٱلْحَقِّ وَرَبُّنَا ٱلرَّحْمَٰنُ ٱلْمُسْتَعَانُ عَلَىٰ مَا تَصِفُونَ","translation_en":"[The Prophet] has said, \"My Lord, judge [between us] in truth. And our Lord is the Most Merciful, the one whose help is sought against that which you describe.\"","translation_id":"(Muhammad) berkata: \"Ya Tuhanku, berilah keputusan dengan adil. Dan Tuhan kami ialah Tuhan Yang Maha Pemurah lagi Yang dimohonkan pertolongan-Nya terhadap apa yang kamu katakan\"."}]}