{"number":22,"name":"سورة الحج","transliteration_en":"Al-Hajj","translation_en":"The Pilgrimage","total_verses":78,"revelation_type":"Medinan","verses":[{"number":1,"text":"بِسْمِ ٱللَّهِ ٱلرَّحْمَٰنِ ٱلرَّحِيمِ يَٰٓأَيُّهَا ٱلنَّاسُ ٱتَّقُوا۟ رَبَّكُمْ إِنَّ زَلْزَلَةَ ٱلسَّاعَةِ شَىْءٌ عَظِيمٌ","translation_en":"O mankind, fear your Lord. Indeed, the convulsion of the [final] Hour is a terrible thing.","translation_id":"Hai manusia, bertakwalah kepada Tuhanmu; sesungguhnya kegoncangan hari kiamat itu adalah suatu kejadian yang sangat besar (dahsyat)."},{"number":2,"text":"يَوْمَ تَرَوْنَهَا تَذْهَلُ كُلُّ مُرْضِعَةٍ عَمَّآ أَرْضَعَتْ وَتَضَعُ كُلُّ ذَاتِ حَمْلٍ حَمْلَهَا وَتَرَى ٱلنَّاسَ سُكَٰرَىٰ وَمَا هُم بِسُكَٰرَىٰ وَلَٰكِنَّ عَذَابَ ٱللَّهِ شَدِيدٌ","translation_en":"On the Day you see it every nursing mother will be distracted from that [child] she was nursing, and every pregnant woman will abort her pregnancy, and you will see the people [appearing] intoxicated while they are not intoxicated; but the punishment of Allah is severe.","translation_id":"(Ingatlah) pada hari (ketika) kamu melihat kegoncangan itu, lalailah semua wanita yang menyusui anaknya dari anak yang disusuinya dan gugurlah kandungan segala wanita yang hamil, dan kamu lihat manusia dalam keadaan mabuk, padahal sebenarnya mereka tidak mabuk, akan tetapi azab Allah itu sangat kerasnya."},{"number":3,"text":"وَمِنَ ٱلنَّاسِ مَن يُجَٰدِلُ فِى ٱللَّهِ بِغَيْرِ عِلْمٍ وَيَتَّبِعُ كُلَّ شَيْطَٰنٍ مَّرِيدٍ","translation_en":"And of the people is he who disputes about Allah without knowledge and follows every rebellious devil.","translation_id":"Di antara manusia ada orang yang membantah tentang Allah tanpa ilmu pengetahuan dan mengikuti setiap syaitan yang jahat,"},{"number":4,"text":"كُتِبَ عَلَيْهِ أَنَّهُۥ مَن تَوَلَّاهُ فَأَنَّهُۥ يُضِلُّهُۥ وَيَهْدِيهِ إِلَىٰ عَذَابِ ٱلسَّعِيرِ","translation_en":"It has been decreed for every devil that whoever turns to him - he will misguide him and will lead him to the punishment of the Blaze.","translation_id":"yang telah ditetapkan terhadap syaitan itu, bahwa barangsiapa yang berkawan dengan dia, tentu dia akan menyesatkannya, dan membawanya ke azab neraka."},{"number":5,"text":"يَٰٓأَيُّهَا ٱلنَّاسُ إِن كُنتُمْ فِى رَيْبٍ مِّنَ ٱلْبَعْثِ فَإِنَّا خَلَقْنَٰكُم مِّن تُرَابٍ ثُمَّ مِن نُّطْفَةٍ ثُمَّ مِنْ عَلَقَةٍ ثُمَّ مِن مُّضْغَةٍ مُّخَلَّقَةٍ وَغَيْرِ مُخَلَّقَةٍ لِّنُبَيِّنَ لَكُمْ وَنُقِرُّ فِى ٱلْأَرْحَامِ مَا نَشَآءُ إِلَىٰٓ أَجَلٍ مُّسَمًّى ثُمَّ نُخْرِجُكُمْ طِفْلًا ثُمَّ لِتَبْلُغُوٓا۟ أَشُدَّكُمْ وَمِنكُم مَّن يُتَوَفَّىٰ وَمِنكُم مَّن يُرَدُّ إِلَىٰٓ أَرْذَلِ ٱلْعُمُرِ لِكَيْلَا يَعْلَمَ مِنۢ بَعْدِ عِلْمٍ شَيْـًٔا وَتَرَى ٱلْأَرْضَ هَامِدَةً فَإِذَآ أَنزَلْنَا عَلَيْهَا ٱلْمَآءَ ٱهْتَزَّتْ وَرَبَتْ وَأَنۢبَتَتْ مِن كُلِّ زَوْجٍۭ بَهِيجٍ","translation_en":"O People, if you should be in doubt about the Resurrection, then [consider that] indeed, We created you from dust, then from a sperm-drop, then from a clinging clot, and then from a lump of flesh, formed and unformed - that We may show you. And We settle in the wombs whom We will for a specified term, then We bring you out as a child, and then [We develop you] that you may reach your [time of] maturity. And among you is he who is taken in [early] death, and among you is he who is returned to the most decrepit [old] age so that he knows, after [once having] knowledge, nothing. And you see the earth barren, but when We send down upon it rain, it quivers and swells and grows [something] of every beautiful kind.","translation_id":"Hai manusia, jika kamu dalam keraguan tentang kebangkitan (dari kubur), maka (ketahuilah) sesungguhnya Kami telah menjadikan kamu dari tanah, kemudian dari setetes mani, kemudian dari segumpal darah, kemudian dari segumpal daging yang sempurna kejadiannya dan yang tidak sempurna, agar Kami jelaskan kepada kamu dan Kami tetapkan dalam rahim, apa yang Kami kehendaki sampai waktu yang sudah ditentukan, kemudian Kami keluarkan kamu sebagai bayi, kemudian (dengan berangsur-angsur) kamu sampailah kepada kedewasaan, dan di antara kamu ada yang diwafatkan dan (adapula) di antara kamu yang dipanjangkan umurnya sampai pikun, supaya dia tidak mengetahui lagi sesuatupun yang dahulunya telah diketahuinya. Dan kamu lihat bumi ini kering, kemudian apabila telah Kami turunkan air di atasnya, hiduplah bumi itu dan suburlah dan menumbuhkan berbagai macam tumbuh-tumbuhan yang indah."},{"number":6,"text":"ذَٰلِكَ بِأَنَّ ٱللَّهَ هُوَ ٱلْحَقُّ وَأَنَّهُۥ يُحْىِ ٱلْمَوْتَىٰ وَأَنَّهُۥ عَلَىٰ كُلِّ شَىْءٍ قَدِيرٌ","translation_en":"That is because Allah is the Truth and because He gives life to the dead and because He is over all things competent","translation_id":"Yang demikian itu, karena sesungguhnya Allah, Dialah yang haq dan sesungguhnya Dialah yang menghidupkan segala yang mati dan sesungguhnya Allah Maha Kuasa atas segala sesuatu,"},{"number":7,"text":"وَأَنَّ ٱلسَّاعَةَ ءَاتِيَةٌ لَّا رَيْبَ فِيهَا وَأَنَّ ٱللَّهَ يَبْعَثُ مَن فِى ٱلْقُبُورِ","translation_en":"And [that they may know] that the Hour is coming - no doubt about it - and that Allah will resurrect those in the graves.","translation_id":"dan sesungguhnya hari kiamat itu pastilah datang, tak ada keraguan padanya; dan bahwasanya Allah membangkitkan semua orang di dalam kubur."},{"number":8,"text":"وَمِنَ ٱلنَّاسِ مَن يُجَٰدِلُ فِى ٱللَّهِ بِغَيْرِ عِلْمٍ وَلَا هُدًى وَلَا كِتَٰبٍ مُّنِيرٍ","translation_en":"And of the people is he who disputes about Allah without knowledge or guidance or an enlightening book [from Him],","translation_id":"Dan di antara manusia ada orang-orang yang membantah tentang Allah tanpa ilmu pengetahuan, tanpa petunjuk dan tanpa kitab (wahyu) yang bercahaya,"},{"number":9,"text":"ثَانِىَ عِطْفِهِۦ لِيُضِلَّ عَن سَبِيلِ ٱللَّهِ لَهُۥ فِى ٱلدُّنْيَا خِزْىٌ وَنُذِيقُهُۥ يَوْمَ ٱلْقِيَٰمَةِ عَذَابَ ٱلْحَرِيقِ","translation_en":"Twisting his neck [in arrogance] to mislead [people] from the way of Allah. For him in the world is disgrace, and We will make him taste on the Day of Resurrection the punishment of the Burning Fire [while it is said],","translation_id":"dengan memalingkan lambungnya untuk menyesatkan manusia dari jalan Allah. Ia mendapat kehinaan di dunia dan dihari kiamat Kami merasakan kepadanya azab neraka yang membakar."},{"number":10,"text":"ذَٰلِكَ بِمَا قَدَّمَتْ يَدَاكَ وَأَنَّ ٱللَّهَ لَيْسَ بِظَلَّٰمٍ لِّلْعَبِيدِ","translation_en":"\"That is for what your hands have put forth and because Allah is not ever unjust to [His] servants.\"","translation_id":"(Akan dikatakan kepadanya): \"Yang demikian itu, adalah disebabkan perbuatan yang dikerjakan oleh kedua tangan kamu dahulu dan sesungguhnya Allah sekali-kali bukanlah penganiaya hamba-hamba-Nya\"."},{"number":11,"text":"وَمِنَ ٱلنَّاسِ مَن يَعْبُدُ ٱللَّهَ عَلَىٰ حَرْفٍ فَإِنْ أَصَابَهُۥ خَيْرٌ ٱطْمَأَنَّ بِهِۦ وَإِنْ أَصَابَتْهُ فِتْنَةٌ ٱنقَلَبَ عَلَىٰ وَجْهِهِۦ خَسِرَ ٱلدُّنْيَا وَٱلْءَاخِرَةَ ذَٰلِكَ هُوَ ٱلْخُسْرَانُ ٱلْمُبِينُ","translation_en":"And of the people is he who worships Allah on an edge. If he is touched by good, he is reassured by it; but if he is struck by trial, he turns on his face [to the other direction]. He has lost [this] world and the Hereafter. That is what is the manifest loss.","translation_id":"Dan di antara manusia ada orang yang menyembah Allah dengan berada di tepi; maka jika ia memperoleh kebajikan, tetaplah ia dalam keadaan itu, dan jika ia ditimpa oleh suatu bencana, berbaliklah ia ke belakang. Rugilah ia di dunia dan di akhirat. Yang demikian itu adalah kerugian yang nyata."},{"number":12,"text":"يَدْعُوا۟ مِن دُونِ ٱللَّهِ مَا لَا يَضُرُّهُۥ وَمَا لَا يَنفَعُهُۥ ذَٰلِكَ هُوَ ٱلضَّلَٰلُ ٱلْبَعِيدُ","translation_en":"He invokes instead of Allah that which neither harms him nor benefits him. That is what is the extreme error.","translation_id":"Ia menyeru selain Allah, sesuatu yang tidak dapat memberi mudharat dan tidak (pula) memberi manfaat kepadanya. Yang demikian itu adalah kesesatan yang jauh."},{"number":13,"text":"يَدْعُوا۟ لَمَن ضَرُّهُۥٓ أَقْرَبُ مِن نَّفْعِهِۦ لَبِئْسَ ٱلْمَوْلَىٰ وَلَبِئْسَ ٱلْعَشِيرُ","translation_en":"He invokes one whose harm is closer than his benefit - how wretched the protector and how wretched the associate.","translation_id":"Ia menyeru sesuatu yang sebenarnya mudharatnya lebih dekat dari manfaatnya. Sesungguhnya yang diserunya itu adalah sejahat-jahat kawan."},{"number":14,"text":"إِنَّ ٱللَّهَ يُدْخِلُ ٱلَّذِينَ ءَامَنُوا۟ وَعَمِلُوا۟ ٱلصَّٰلِحَٰتِ جَنَّٰتٍ تَجْرِى مِن تَحْتِهَا ٱلْأَنْهَٰرُ إِنَّ ٱللَّهَ يَفْعَلُ مَا يُرِيدُ","translation_en":"Indeed, Allah will admit those who believe and do righteous deeds to gardens beneath which rivers flow. Indeed, Allah does what He intends.","translation_id":"Sesungguhnya Allah memasukkan orang-orang yang beriman dan mengerjakan amal yang saleh ke dalam surga-surga yang di bawahnya mengalir sungai-sungai. Sesungguhnya Allah berbuat apa yang Dia kehendaki."},{"number":15,"text":"مَن كَانَ يَظُنُّ أَن لَّن يَنصُرَهُ ٱللَّهُ فِى ٱلدُّنْيَا وَٱلْءَاخِرَةِ فَلْيَمْدُدْ بِسَبَبٍ إِلَى ٱلسَّمَآءِ ثُمَّ لْيَقْطَعْ فَلْيَنظُرْ هَلْ يُذْهِبَنَّ كَيْدُهُۥ مَا يَغِيظُ","translation_en":"Whoever should think that Allah will not support [Prophet Muhammad] in this world and the Hereafter - let him extend a rope to the ceiling, then cut off [his breath], and let him see: will his effort remove that which enrages [him]?","translation_id":"Barangsiapa yang menyangka bahwa Allah sekali-kali tiada menolongnya (Muhammad) di dunia dan akhirat, maka hendaklah ia merentangkan tali ke langit, kemudian hendaklah ia melaluinya, kemudian hendaklah ia pikirkan apakah tipu dayanya itu dapat melenyapkan apa yang menyakitkan hatinya."},{"number":16,"text":"وَكَذَٰلِكَ أَنزَلْنَٰهُ ءَايَٰتٍۭ بَيِّنَٰتٍ وَأَنَّ ٱللَّهَ يَهْدِى مَن يُرِيدُ","translation_en":"And thus have We sent the Qur'an down as verses of clear evidence and because Allah guides whom He intends.","translation_id":"Dan demikianlah Kami telah menurunkan Al Quran yang merupakan ayat-ayat yang nyata, dan bahwasanya Allah memberikan petunjuk kepada siapa yang Dia kehendaki."},{"number":17,"text":"إِنَّ ٱلَّذِينَ ءَامَنُوا۟ وَٱلَّذِينَ هَادُوا۟ وَٱلصَّٰبِـِٔينَ وَٱلنَّصَٰرَىٰ وَٱلْمَجُوسَ وَٱلَّذِينَ أَشْرَكُوٓا۟ إِنَّ ٱللَّهَ يَفْصِلُ بَيْنَهُمْ يَوْمَ ٱلْقِيَٰمَةِ إِنَّ ٱللَّهَ عَلَىٰ كُلِّ شَىْءٍ شَهِيدٌ","translation_en":"Indeed, those who have believed and those who were Jews and the Sabeans and the Christians and the Magians and those who associated with Allah - Allah will judge between them on the Day of Resurrection. Indeed Allah is, over all things, Witness.","translation_id":"Sesungguhnya orang-orang yang beriman, orang-orang Yahudi, orang-orang Shaabi-iin orang-orang Nasrani, orang-orang Majusi dan orang-orang musyrik, Allah akan memberi keputusan di antara mereka pada hari kiamat. Sesungguhnya Allah menyaksikan segala sesuatu."},{"number":18,"text":"أَلَمْ تَرَ أَنَّ ٱللَّهَ يَسْجُدُ لَهُۥ مَن فِى ٱلسَّمَٰوَٰتِ وَمَن فِى ٱلْأَرْضِ وَٱلشَّمْسُ وَٱلْقَمَرُ وَٱلنُّجُومُ وَٱلْجِبَالُ وَٱلشَّجَرُ وَٱلدَّوَآبُّ وَكَثِيرٌ مِّنَ ٱلنَّاسِ وَكَثِيرٌ حَقَّ عَلَيْهِ ٱلْعَذَابُ وَمَن يُهِنِ ٱللَّهُ فَمَا لَهُۥ مِن مُّكْرِمٍ إِنَّ ٱللَّهَ يَفْعَلُ مَا يَشَآءُ","translation_en":"Do you not see that to Allah prostrates whoever is in the heavens and whoever is on the earth and the sun, the moon, the stars, the mountains, the trees, the moving creatures and many of the people? But upon many the punishment has been justified. And he whom Allah humiliates - for him there is no bestower of honor. Indeed, Allah does what He wills.","translation_id":"Apakah kamu tiada mengetahui, bahwa kepada Allah bersujud apa yang ada di langit, di bumi, matahari, bulan, bintang, gunung, pohon-pohonan, binatang-binatang yang melata dan sebagian besar daripada manusia? Dan banyak di antara manusia yang telah ditetapkan azab atasnya. Dan barangsiapa yang dihinakan Allah maka tidak seorangpun yang memuliakannya. Sesungguhnya Allah berbuat apa yang Dia kehendaki."},{"number":19,"text":"هَٰذَانِ خَصْمَانِ ٱخْتَصَمُوا۟ فِى رَبِّهِمْ فَٱلَّذِينَ كَفَرُوا۟ قُطِّعَتْ لَهُمْ ثِيَابٌ مِّن نَّارٍ يُصَبُّ مِن فَوْقِ رُءُوسِهِمُ ٱلْحَمِيمُ","translation_en":"These are two adversaries who have disputed over their Lord. But those who disbelieved will have cut out for them garments of fire. Poured upon their heads will be scalding water","translation_id":"Inilah dua golongan (golongan mukmin dan golongan kafir) yang bertengkar, mereka saling bertengkar mengenai Tuhan mereka. Maka orang kafir akan dibuatkan untuk mereka pakaian-pakaian dari api neraka. Disiramkan air yang sedang mendidih ke atas kepala mereka."},{"number":20,"text":"يُصْهَرُ بِهِۦ مَا فِى بُطُونِهِمْ وَٱلْجُلُودُ","translation_en":"By which is melted that within their bellies and [their] skins.","translation_id":"Dengan air itu dihancur luluhkan segala apa yang ada dalam perut mereka dan juga kulit (mereka)."},{"number":21,"text":"وَلَهُم مَّقَٰمِعُ مِنْ حَدِيدٍ","translation_en":"And for [striking] them are maces of iron.","translation_id":"Dan untuk mereka cambuk-cambuk dari besi."},{"number":22,"text":"كُلَّمَآ أَرَادُوٓا۟ أَن يَخْرُجُوا۟ مِنْهَا مِنْ غَمٍّ أُعِيدُوا۟ فِيهَا وَذُوقُوا۟ عَذَابَ ٱلْحَرِيقِ","translation_en":"Every time they want to get out of Hellfire from anguish, they will be returned to it, and [it will be said], \"Taste the punishment of the Burning Fire!\"","translation_id":"Setiap kali mereka hendak ke luar dari neraka lantaran kesengsaraan mereka, niscaya mereka dikembalikan ke dalamnya. (Kepada mereka dikatakan), \"Rasailah azab yang membakar ini\"."},{"number":23,"text":"إِنَّ ٱللَّهَ يُدْخِلُ ٱلَّذِينَ ءَامَنُوا۟ وَعَمِلُوا۟ ٱلصَّٰلِحَٰتِ جَنَّٰتٍ تَجْرِى مِن تَحْتِهَا ٱلْأَنْهَٰرُ يُحَلَّوْنَ فِيهَا مِنْ أَسَاوِرَ مِن ذَهَبٍ وَلُؤْلُؤًا وَلِبَاسُهُمْ فِيهَا حَرِيرٌ","translation_en":"Indeed, Allah will admit those who believe and do righteous deeds to gardens beneath which rivers flow. They will be adorned therein with bracelets of gold and pearl, and their garments therein will be silk.","translation_id":"Sesungguhnya Allah memasukkan orang-orang beriman dan mengerjakan amal yang saleh ke dalam surga-surga yang di bawahnya mengalir sungai-sungai. Di surga itu mereka diberi perhiasan dengan gelang-gelang dari emas dan mutiara, dan pakaian mereka adalah sutera."},{"number":24,"text":"وَهُدُوٓا۟ إِلَى ٱلطَّيِّبِ مِنَ ٱلْقَوْلِ وَهُدُوٓا۟ إِلَىٰ صِرَٰطِ ٱلْحَمِيدِ","translation_en":"And they had been guided [in worldly life] to good speech, and they were guided to the path of the Praiseworthy.","translation_id":"Dan mereka diberi petunjuk kepada ucapan-ucapan yang baik dan ditunjuki (pula) kepada jalan (Allah) yang terpuji."},{"number":25,"text":"إِنَّ ٱلَّذِينَ كَفَرُوا۟ وَيَصُدُّونَ عَن سَبِيلِ ٱللَّهِ وَٱلْمَسْجِدِ ٱلْحَرَامِ ٱلَّذِى جَعَلْنَٰهُ لِلنَّاسِ سَوَآءً ٱلْعَٰكِفُ فِيهِ وَٱلْبَادِ وَمَن يُرِدْ فِيهِ بِإِلْحَادٍۭ بِظُلْمٍ نُّذِقْهُ مِنْ عَذَابٍ أَلِيمٍ","translation_en":"Indeed, those who have disbelieved and avert [people] from the way of Allah and [from] al-Masjid al-Haram, which We made for the people - equal are the resident therein and one from outside; and [also] whoever intends [a deed] therein of deviation [in religion] or wrongdoing - We will make him taste of a painful punishment.","translation_id":"Sesungguhnya orang-orang yang kafir dan menghalangi manusia dari jalan Allah dan Masjidilharam yang telah Kami jadikan untuk semua manusia, baik yang bermukim di situ maupun di padang pasir dan siapa yang bermaksud di dalamnya melakukan kejahatan secara zalim, niscaya akan Kami rasakan kepadanya sebahagian siksa yang pedih."},{"number":26,"text":"وَإِذْ بَوَّأْنَا لِإِبْرَٰهِيمَ مَكَانَ ٱلْبَيْتِ أَن لَّا تُشْرِكْ بِى شَيْـًٔا وَطَهِّرْ بَيْتِىَ لِلطَّآئِفِينَ وَٱلْقَآئِمِينَ وَٱلرُّكَّعِ ٱلسُّجُودِ","translation_en":"And [mention, O Muhammad], when We designated for Abraham the site of the House, [saying], \"Do not associate anything with Me and purify My House for those who perform Tawaf and those who stand [in prayer] and those who bow and prostrate.","translation_id":"Dan (ingatlah), ketika Kami memberikan tempat kepada Ibrahim di tempat Baitullah (dengan mengatakan): \"Janganlah kamu memperserikatkan sesuatupun dengan Aku dan sucikanlah rumah-Ku ini bagi orang-orang yang thawaf, dan orang-orang yang beribadat dan orang-orang yang ruku' dan sujud."},{"number":27,"text":"وَأَذِّن فِى ٱلنَّاسِ بِٱلْحَجِّ يَأْتُوكَ رِجَالًا وَعَلَىٰ كُلِّ ضَامِرٍ يَأْتِينَ مِن كُلِّ فَجٍّ عَمِيقٍ","translation_en":"And proclaim to the people the Hajj [pilgrimage]; they will come to you on foot and on every lean camel; they will come from every distant pass -","translation_id":"Dan berserulah kepada manusia untuk mengerjakan haji, niscaya mereka akan datang kepadamu dengan berjalan kaki, dan mengendarai unta yang kurus yang datang dari segenap penjuru yang jauh,"},{"number":28,"text":"لِّيَشْهَدُوا۟ مَنَٰفِعَ لَهُمْ وَيَذْكُرُوا۟ ٱسْمَ ٱللَّهِ فِىٓ أَيَّامٍ مَّعْلُومَٰتٍ عَلَىٰ مَا رَزَقَهُم مِّنۢ بَهِيمَةِ ٱلْأَنْعَٰمِ فَكُلُوا۟ مِنْهَا وَأَطْعِمُوا۟ ٱلْبَآئِسَ ٱلْفَقِيرَ","translation_en":"That they may witness benefits for themselves and mention the name of Allah on known days over what He has provided for them of [sacrificial] animals. So eat of them and feed the miserable and poor.","translation_id":"supaya mereka menyaksikan berbagai manfaat bagi mereka dan supaya mereka menyebut nama Allah pada hari yang telah ditentukan atas rezeki yang Allah telah berikan kepada mereka berupa binatang ternak. Maka makanlah sebahagian daripadanya dan (sebahagian lagi) berikanlah untuk dimakan orang-orang yang sengsara dan fakir."},{"number":29,"text":"ثُمَّ لْيَقْضُوا۟ تَفَثَهُمْ وَلْيُوفُوا۟ نُذُورَهُمْ وَلْيَطَّوَّفُوا۟ بِٱلْبَيْتِ ٱلْعَتِيقِ","translation_en":"Then let them end their untidiness and fulfill their vows and perform Tawaf around the ancient House.\"","translation_id":"Kemudian, hendaklah mereka menghilangkan kotoran yang ada pada badan mereka dan hendaklah mereka menyempurnakan nazar-nazar mereka dan hendaklah mereka melakukan melakukan thawaf sekeliling rumah yang tua itu (Baitullah)."},{"number":30,"text":"ذَٰلِكَ وَمَن يُعَظِّمْ حُرُمَٰتِ ٱللَّهِ فَهُوَ خَيْرٌ لَّهُۥ عِندَ رَبِّهِۦ وَأُحِلَّتْ لَكُمُ ٱلْأَنْعَٰمُ إِلَّا مَا يُتْلَىٰ عَلَيْكُمْ فَٱجْتَنِبُوا۟ ٱلرِّجْسَ مِنَ ٱلْأَوْثَٰنِ وَٱجْتَنِبُوا۟ قَوْلَ ٱلزُّورِ","translation_en":"That [has been commanded], and whoever honors the sacred ordinances of Allah - it is best for him in the sight of his Lord. And permitted to you are the grazing livestock, except what is recited to you. So avoid the uncleanliness of idols and avoid false statement,","translation_id":"Demikianlah (perintah Allah). Dan barangsiapa mengagungkan apa-apa yang terhormat di sisi Allah maka itu adalah lebih baik baginya di sisi Tuhannya. Dan telah dihalalkan bagi kamu semua binatang ternak, terkecuali yang diterangkan kepadamu keharamannya, maka jauhilah olehmu berhala-berhala yang najis itu dan jauhilah perkataan-perkataan dusta."},{"number":31,"text":"حُنَفَآءَ لِلَّهِ غَيْرَ مُشْرِكِينَ بِهِۦ وَمَن يُشْرِكْ بِٱللَّهِ فَكَأَنَّمَا خَرَّ مِنَ ٱلسَّمَآءِ فَتَخْطَفُهُ ٱلطَّيْرُ أَوْ تَهْوِى بِهِ ٱلرِّيحُ فِى مَكَانٍ سَحِيقٍ","translation_en":"Inclining [only] to Allah, not associating [anything] with Him. And he who associates with Allah - it is as though he had fallen from the sky and was snatched by the birds or the wind carried him down into a remote place.","translation_id":"dengan ikhlas kepada Allah, tidak mempersekutukan sesuatu dengan Dia. Barangsiapa mempersekutukan sesuatu dengan Allah, maka adalah ia seolah-olah jatuh dari langit lalu disambar oleh burung, atau diterbangkan angin ke tempat yang jauh."},{"number":32,"text":"ذَٰلِكَ وَمَن يُعَظِّمْ شَعَٰٓئِرَ ٱللَّهِ فَإِنَّهَا مِن تَقْوَى ٱلْقُلُوبِ","translation_en":"That [is so]. And whoever honors the symbols of Allah - indeed, it is from the piety of hearts.","translation_id":"Demikianlah (perintah Allah). Dan barangsiapa mengagungkan syi'ar-syi'ar Allah, maka sesungguhnya itu timbul dari ketakwaan hati."},{"number":33,"text":"لَكُمْ فِيهَا مَنَٰفِعُ إِلَىٰٓ أَجَلٍ مُّسَمًّى ثُمَّ مَحِلُّهَآ إِلَى ٱلْبَيْتِ ٱلْعَتِيقِ","translation_en":"For you the animals marked for sacrifice are benefits for a specified term; then their place of sacrifice is at the ancient House.","translation_id":"Bagi kamu pada binatang-binatang hadyu itu ada beberapa manfaat, sampai kepada waktu yang ditentukan, kemudian tempat wajib (serta akhir masa) menyembelihnya ialah setelah sampai ke Baitul Atiq (Baitullah)."},{"number":34,"text":"وَلِكُلِّ أُمَّةٍ جَعَلْنَا مَنسَكًا لِّيَذْكُرُوا۟ ٱسْمَ ٱللَّهِ عَلَىٰ مَا رَزَقَهُم مِّنۢ بَهِيمَةِ ٱلْأَنْعَٰمِ فَإِلَٰهُكُمْ إِلَٰهٌ وَٰحِدٌ فَلَهُۥٓ أَسْلِمُوا۟ وَبَشِّرِ ٱلْمُخْبِتِينَ","translation_en":"And for all religion We have appointed a rite [of sacrifice] that they may mention the name of Allah over what He has provided for them of [sacrificial] animals. For your god is one God, so to Him submit. And, [O Muhammad], give good tidings to the humble [before their Lord]","translation_id":"Dan bagi tiap-tiap umat telah Kami syariatkan penyembelihan (kurban), supaya mereka menyebut nama Allah terhadap binatang ternak yang telah direzekikan Allah kepada mereka, maka Tuhanmu ialah Tuhan Yang Maha Esa, karena itu berserah dirilah kamu kepada-Nya. Dan berilah kabar gembira kepada orang-orang yang tunduk patuh (kepada Allah),"},{"number":35,"text":"ٱلَّذِينَ إِذَا ذُكِرَ ٱللَّهُ وَجِلَتْ قُلُوبُهُمْ وَٱلصَّٰبِرِينَ عَلَىٰ مَآ أَصَابَهُمْ وَٱلْمُقِيمِى ٱلصَّلَوٰةِ وَمِمَّا رَزَقْنَٰهُمْ يُنفِقُونَ","translation_en":"Who, when Allah is mentioned, their hearts are fearful, and [to] the patient over what has afflicted them, and the establishers of prayer and those who spend from what We have provided them.","translation_id":"(yaitu) orang-orang yang apabila disebut nama Allah gemetarlah hati mereka, orang-orang yang sabar terhadap apa yang menimpa mereka, orang-orang yang mendirikan sembahyang dan orang-orang yang menafkahkan sebagian dari apa yang telah Kami rezekikan kepada mereka."},{"number":36,"text":"وَٱلْبُدْنَ جَعَلْنَٰهَا لَكُم مِّن شَعَٰٓئِرِ ٱللَّهِ لَكُمْ فِيهَا خَيْرٌ فَٱذْكُرُوا۟ ٱسْمَ ٱللَّهِ عَلَيْهَا صَوَآفَّ فَإِذَا وَجَبَتْ جُنُوبُهَا فَكُلُوا۟ مِنْهَا وَأَطْعِمُوا۟ ٱلْقَانِعَ وَٱلْمُعْتَرَّ كَذَٰلِكَ سَخَّرْنَٰهَا لَكُمْ لَعَلَّكُمْ تَشْكُرُونَ","translation_en":"And the camels and cattle We have appointed for you as among the symbols of Allah; for you therein is good. So mention the name of Allah upon them when lined up [for sacrifice]; and when they are [lifeless] on their sides, then eat from them and feed the needy and the beggar. Thus have We subjected them to you that you may be grateful.","translation_id":"Dan telah Kami jadikan untuk kamu unta-unta itu sebahagian dari syi'ar Allah, kamu memperoleh kebaikan yang banyak padanya, maka sebutlah olehmu nama Allah ketika kamu menyembelihnya dalam keadaan berdiri (dan telah terikat). Kemudian apabila telah roboh (mati), maka makanlah sebahagiannya dan beri makanlah orang yang rela dengan apa yang ada padanya (yang tidak meminta-minta) dan orang yang meminta. Demikianlah Kami telah menundukkan untua-unta itu kepada kamu, mudah-mudahan kamu bersyukur."},{"number":37,"text":"لَن يَنَالَ ٱللَّهَ لُحُومُهَا وَلَا دِمَآؤُهَا وَلَٰكِن يَنَالُهُ ٱلتَّقْوَىٰ مِنكُمْ كَذَٰلِكَ سَخَّرَهَا لَكُمْ لِتُكَبِّرُوا۟ ٱللَّهَ عَلَىٰ مَا هَدَىٰكُمْ وَبَشِّرِ ٱلْمُحْسِنِينَ","translation_en":"Their meat will not reach Allah, nor will their blood, but what reaches Him is piety from you. Thus have We subjected them to you that you may glorify Allah for that [to] which He has guided you; and give good tidings to the doers of good.","translation_id":"Daging-daging unta dan darahnya itu sekali-kali tidak dapat mencapai (keridhaan) Allah, tetapi ketakwaan dari kamulah yang dapat mencapainya. Demikianlah Allah telah menundukkannya untuk kamu supaya kamu mengagungkan Allah terhadap hidayah-Nya kepada kamu. Dan berilah kabar gembira kepada orang-orang yang berbuat baik."},{"number":38,"text":"إِنَّ ٱللَّهَ يُدَٰفِعُ عَنِ ٱلَّذِينَ ءَامَنُوٓا۟ إِنَّ ٱللَّهَ لَا يُحِبُّ كُلَّ خَوَّانٍ كَفُورٍ","translation_en":"Indeed, Allah defends those who have believed. Indeed, Allah does not like everyone treacherous and ungrateful.","translation_id":"Sesungguhnya Allah membela orang-orang yang telah beriman. Sesungguhnya Allah tidak menyukai tiap-tiap orang yang berkhianat lagi mengingkari nikmat."},{"number":39,"text":"أُذِنَ لِلَّذِينَ يُقَٰتَلُونَ بِأَنَّهُمْ ظُلِمُوا۟ وَإِنَّ ٱللَّهَ عَلَىٰ نَصْرِهِمْ لَقَدِيرٌ","translation_en":"Permission [to fight] has been given to those who are being fought, because they were wronged. And indeed, Allah is competent to give them victory.","translation_id":"Telah diizinkan (berperang) bagi orang-orang yang diperangi, karena sesungguhnya mereka telah dianiaya. Dan sesungguhnya Allah, benar-benar Maha Kuasa menolong mereka itu,"},{"number":40,"text":"ٱلَّذِينَ أُخْرِجُوا۟ مِن دِيَٰرِهِم بِغَيْرِ حَقٍّ إِلَّآ أَن يَقُولُوا۟ رَبُّنَا ٱللَّهُ وَلَوْلَا دَفْعُ ٱللَّهِ ٱلنَّاسَ بَعْضَهُم بِبَعْضٍ لَّهُدِّمَتْ صَوَٰمِعُ وَبِيَعٌ وَصَلَوَٰتٌ وَمَسَٰجِدُ يُذْكَرُ فِيهَا ٱسْمُ ٱللَّهِ كَثِيرًا وَلَيَنصُرَنَّ ٱللَّهُ مَن يَنصُرُهُۥٓ إِنَّ ٱللَّهَ لَقَوِىٌّ عَزِيزٌ","translation_en":"[They are] those who have been evicted from their homes without right - only because they say, \"Our Lord is Allah.\" And were it not that Allah checks the people, some by means of others, there would have been demolished monasteries, churches, synagogues, and mosques in which the name of Allah is much mentioned. And Allah will surely support those who support Him. Indeed, Allah is Powerful and Exalted in Might.","translation_id":"(yaitu) orang-orang yang telah diusir dari kampung halaman mereka tanpa alasan yang benar, kecuali karena mereka berkata: \"Tuhan kami hanyalah Allah\". Dan sekiranya Allah tiada menolak (keganasan) sebagian manusia dengan sebagian yang lain, tentulah telah dirobohkan biara-biara Nasrani, gereja-gereja, rumah-rumah ibadat orang Yahudi dan masjid-masjid, yang di dalamnya banyak disebut nama Allah. Sesungguhnya Allah pasti menolong orang yang menolong (agama)-Nya. Sesungguhnya Allah benar-benar Maha Kuat lagi Maha Perkasa,"},{"number":41,"text":"ٱلَّذِينَ إِن مَّكَّنَّٰهُمْ فِى ٱلْأَرْضِ أَقَامُوا۟ ٱلصَّلَوٰةَ وَءَاتَوُا۟ ٱلزَّكَوٰةَ وَأَمَرُوا۟ بِٱلْمَعْرُوفِ وَنَهَوْا۟ عَنِ ٱلْمُنكَرِ وَلِلَّهِ عَٰقِبَةُ ٱلْأُمُورِ","translation_en":"[And they are] those who, if We give them authority in the land, establish prayer and give zakah and enjoin what is right and forbid what is wrong. And to Allah belongs the outcome of [all] matters.","translation_id":"(yaitu) orang-orang yang jika Kami teguhkan kedudukan mereka di muka bumi niscaya mereka mendirikan sembahyang, menunaikan zakat, menyuruh berbuat ma'ruf dan mencegah dari perbuatan yang mungkar; dan kepada Allah-lah kembali segala urusan."},{"number":42,"text":"وَإِن يُكَذِّبُوكَ فَقَدْ كَذَّبَتْ قَبْلَهُمْ قَوْمُ نُوحٍ وَعَادٌ وَثَمُودُ","translation_en":"And if they deny you, [O Muhammad] - so, before them, did the people of Noah and 'Aad and Thamud deny [their prophets],","translation_id":"Dan jika mereka (orang-orang musyrik) mendustakan kamu, maka sesungguhnya telah mendustakan juga sebelum mereka kaum Nuh, 'Aad dan Tsamud,"},{"number":43,"text":"وَقَوْمُ إِبْرَٰهِيمَ وَقَوْمُ لُوطٍ","translation_en":"And the people of Abraham and the people of Lot","translation_id":"dan kaum Ibrahim dan kaum Luth,"},{"number":44,"text":"وَأَصْحَٰبُ مَدْيَنَ وَكُذِّبَ مُوسَىٰ فَأَمْلَيْتُ لِلْكَٰفِرِينَ ثُمَّ أَخَذْتُهُمْ فَكَيْفَ كَانَ نَكِيرِ","translation_en":"And the inhabitants of Madyan. And Moses was denied, so I prolonged enjoyment for the disbelievers; then I seized them, and how [terrible] was My reproach.","translation_id":"dan penduduk Madyan, dan telah didustakan Musa, lalu Aku tangguhkan (azab-Ku) untuk orang-orang kafir, kemudian Aku azab mereka, maka (lihatlah) bagaimana besarnya kebencian-Ku (kepada mereka itu)."},{"number":45,"text":"فَكَأَيِّن مِّن قَرْيَةٍ أَهْلَكْنَٰهَا وَهِىَ ظَالِمَةٌ فَهِىَ خَاوِيَةٌ عَلَىٰ عُرُوشِهَا وَبِئْرٍ مُّعَطَّلَةٍ وَقَصْرٍ مَّشِيدٍ","translation_en":"And how many a city did We destroy while it was committing wrong - so it is [now] fallen into ruin - and [how many] an abandoned well and [how many] a lofty palace.","translation_id":"Berapalah banyaknya kota yang Kami telah membinasakannya, yang penduduknya dalam keadaan zalim, maka (tembok-tembok) kota itu roboh menutupi atap-atapnya dan (berapa banyak pula) sumur yang telah ditinggalkan dan istana yang tinggi,"},{"number":46,"text":"أَفَلَمْ يَسِيرُوا۟ فِى ٱلْأَرْضِ فَتَكُونَ لَهُمْ قُلُوبٌ يَعْقِلُونَ بِهَآ أَوْ ءَاذَانٌ يَسْمَعُونَ بِهَا فَإِنَّهَا لَا تَعْمَى ٱلْأَبْصَٰرُ وَلَٰكِن تَعْمَى ٱلْقُلُوبُ ٱلَّتِى فِى ٱلصُّدُورِ","translation_en":"So have they not traveled through the earth and have hearts by which to reason and ears by which to hear? For indeed, it is not eyes that are blinded, but blinded are the hearts which are within the breasts.","translation_id":"maka apakah mereka tidak berjalan di muka bumi, lalu mereka mempunyai hati yang dengan itu mereka dapat memahami atau mempunyai telinga yang dengan itu mereka dapat mendengar? Karena sesungguhnya bukanlah mata itu yang buta, tetapi yang buta, ialah hati yang di dalam dada."},{"number":47,"text":"وَيَسْتَعْجِلُونَكَ بِٱلْعَذَابِ وَلَن يُخْلِفَ ٱللَّهُ وَعْدَهُۥ وَإِنَّ يَوْمًا عِندَ رَبِّكَ كَأَلْفِ سَنَةٍ مِّمَّا تَعُدُّونَ","translation_en":"And they urge you to hasten the punishment. But Allah will never fail in His promise. And indeed, a day with your Lord is like a thousand years of those which you count.","translation_id":"Dan mereka meminta kepadamu agar azab itu disegerakan, padahal Allah sekali-kali tidak akan menyalahi janji-Nya. Sesungguhnya sehari disisi Tuhanmu adalah seperti seribu tahun menurut perhitunganmu."},{"number":48,"text":"وَكَأَيِّن مِّن قَرْيَةٍ أَمْلَيْتُ لَهَا وَهِىَ ظَالِمَةٌ ثُمَّ أَخَذْتُهَا وَإِلَىَّ ٱلْمَصِيرُ","translation_en":"And for how many a city did I prolong enjoyment while it was committing wrong. Then I seized it, and to Me is the [final] destination.","translation_id":"Dan berapalah banyaknya kota yang Aku tangguhkan (azab-Ku) kepadanya, yang penduduknya berbuat zalim, kemudian Aku azab mereka, dan hanya kepada-Kulah kembalinya (segala sesuatu)."},{"number":49,"text":"قُلْ يَٰٓأَيُّهَا ٱلنَّاسُ إِنَّمَآ أَنَا۠ لَكُمْ نَذِيرٌ مُّبِينٌ","translation_en":"Say, \"O people, I am only to you a clear warner.\"","translation_id":"Katakanlah: \"Hai manusia, sesungguhnya aku adalah seorang pemberi peringatan yang nyata kepada kamu\"."},{"number":50,"text":"فَٱلَّذِينَ ءَامَنُوا۟ وَعَمِلُوا۟ ٱلصَّٰلِحَٰتِ لَهُم مَّغْفِرَةٌ وَرِزْقٌ كَرِيمٌ","translation_en":"And those who have believed and done righteous deeds - for them is forgiveness and noble provision.","translation_id":"Maka orang-orang yang beriman dan beramal saleh, bagi mereka ampunan dan rezeki yang mulia."},{"number":51,"text":"وَٱلَّذِينَ سَعَوْا۟ فِىٓ ءَايَٰتِنَا مُعَٰجِزِينَ أُو۟لَٰٓئِكَ أَصْحَٰبُ ٱلْجَحِيمِ","translation_en":"But the ones who strove against Our verses, [seeking] to cause failure - those are the companions of Hellfire.","translation_id":"Dan orang-orang yang berusaha dengan maksud menentang ayat-ayat Kami dengan melemahkan (kemauan untuk beriman); mereka itu adalah penghuni-penghuni neraka."},{"number":52,"text":"وَمَآ أَرْسَلْنَا مِن قَبْلِكَ مِن رَّسُولٍ وَلَا نَبِىٍّ إِلَّآ إِذَا تَمَنَّىٰٓ أَلْقَى ٱلشَّيْطَٰنُ فِىٓ أُمْنِيَّتِهِۦ فَيَنسَخُ ٱللَّهُ مَا يُلْقِى ٱلشَّيْطَٰنُ ثُمَّ يُحْكِمُ ٱللَّهُ ءَايَٰتِهِۦ وَٱللَّهُ عَلِيمٌ حَكِيمٌ","translation_en":"And We did not send before you any messenger or prophet except that when he spoke [or recited], Satan threw into it [some misunderstanding]. But Allah abolishes that which Satan throws in; then Allah makes precise His verses. And Allah is Knowing and Wise.","translation_id":"Dan Kami tidak mengutus sebelum kamu seorang rasulpun dan tidak (pula) seorang nabi, melainkan apabila ia mempunyai sesuatu keinginan, syaitanpun memasukkan godaan-godaan terhadap keinginan itu, Allah menghilangkan apa yang dimasukkan oleh syaitan itu, dan Allah menguatkan ayat-ayat-Nya. Dan Allah Maha Mengetahui lagi Maha Bijaksana,"},{"number":53,"text":"لِّيَجْعَلَ مَا يُلْقِى ٱلشَّيْطَٰنُ فِتْنَةً لِّلَّذِينَ فِى قُلُوبِهِم مَّرَضٌ وَٱلْقَاسِيَةِ قُلُوبُهُمْ وَإِنَّ ٱلظَّٰلِمِينَ لَفِى شِقَاقٍۭ بَعِيدٍ","translation_en":"[That is] so He may make what Satan throws in a trial for those within whose hearts is disease and those hard of heart. And indeed, the wrongdoers are in extreme dissension.","translation_id":"agar Dia menjadikan apa yang dimasukkan oleh syaitan itu, sebagai cobaan bagi orang-orang yang di dalam hatinya ada penyakit dan yang kasar hatinya. Dan sesungguhnya orang-orang yang zalim itu, benar-benar dalam permusuhan yang sangat,"},{"number":54,"text":"وَلِيَعْلَمَ ٱلَّذِينَ أُوتُوا۟ ٱلْعِلْمَ أَنَّهُ ٱلْحَقُّ مِن رَّبِّكَ فَيُؤْمِنُوا۟ بِهِۦ فَتُخْبِتَ لَهُۥ قُلُوبُهُمْ وَإِنَّ ٱللَّهَ لَهَادِ ٱلَّذِينَ ءَامَنُوٓا۟ إِلَىٰ صِرَٰطٍ مُّسْتَقِيمٍ","translation_en":"And so those who were given knowledge may know that it is the truth from your Lord and [therefore] believe in it, and their hearts humbly submit to it. And indeed is Allah the Guide of those who have believed to a straight path.","translation_id":"dan agar orang-orang yang telah diberi ilmu, meyakini bahwasanya Al Quran itulah yang hak dari Tuhan-mu lalu mereka beriman dan tunduk hati mereka kepadanya dan sesungguhnya Allah adalah Pemberi Petunjuk bagi orang-orang yang beriman kepada jalan yang lurus."},{"number":55,"text":"وَلَا يَزَالُ ٱلَّذِينَ كَفَرُوا۟ فِى مِرْيَةٍ مِّنْهُ حَتَّىٰ تَأْتِيَهُمُ ٱلسَّاعَةُ بَغْتَةً أَوْ يَأْتِيَهُمْ عَذَابُ يَوْمٍ عَقِيمٍ","translation_en":"But those who disbelieve will not cease to be in doubt of it until the Hour comes upon them unexpectedly or there comes to them the punishment of a barren Day.","translation_id":"Dan senantiasalah orang-orang kafir itu berada dalam keragu-raguan terhadap Al Quran, hingga datang kepada mereka saat (kematiannya) dengan tiba-tiba atau datang kepada mereka azab hari kiamat."},{"number":56,"text":"ٱلْمُلْكُ يَوْمَئِذٍ لِّلَّهِ يَحْكُمُ بَيْنَهُمْ فَٱلَّذِينَ ءَامَنُوا۟ وَعَمِلُوا۟ ٱلصَّٰلِحَٰتِ فِى جَنَّٰتِ ٱلنَّعِيمِ","translation_en":"[All] sovereignty that Day is for Allah; He will judge between them. So they who believed and did righteous deeds will be in the Gardens of Pleasure.","translation_id":"Kekuasaan di hari itu ada pada Allah, Dia memberi keputusan di antara mereka. Maka orang-orang yang beriman dan beramal saleh adalah di dalam surga yang penuh kenikmatan."},{"number":57,"text":"وَٱلَّذِينَ كَفَرُوا۟ وَكَذَّبُوا۟ بِـَٔايَٰتِنَا فَأُو۟لَٰٓئِكَ لَهُمْ عَذَابٌ مُّهِينٌ","translation_en":"And they who disbelieved and denied Our signs - for those there will be a humiliating punishment.","translation_id":"Dan orang-orang yang kafir dan mendustakan ayat-ayat Kami, maka bagi mereka azab yang menghinakan."},{"number":58,"text":"وَٱلَّذِينَ هَاجَرُوا۟ فِى سَبِيلِ ٱللَّهِ ثُمَّ قُتِلُوٓا۟ أَوْ مَاتُوا۟ لَيَرْزُقَنَّهُمُ ٱللَّهُ رِزْقًا حَسَنًا وَإِنَّ ٱللَّهَ لَهُوَ خَيْرُ ٱلرَّٰزِقِينَ","translation_en":"And those who emigrated for the cause of Allah and then were killed or died - Allah will surely provide for them a good provision. And indeed, it is Allah who is the best of providers.","translation_id":"Dan orang-orang yang berhijrah di jalan Allah, kemudian mereka di bunuh atau mati, benar-benar Allah akan memberikan kepada mereka rezeki yang baik (surga). Dan sesungguhnya Allah adalah sebaik-baik pemberi rezeki."},{"number":59,"text":"لَيُدْخِلَنَّهُم مُّدْخَلًا يَرْضَوْنَهُۥ وَإِنَّ ٱللَّهَ لَعَلِيمٌ حَلِيمٌ","translation_en":"He will surely cause them to enter an entrance with which they will be pleased, and indeed, Allah is Knowing and Forbearing.","translation_id":"Sesungguhnya Allah akan memasukkan mereka ke dalam suatu tempat (surga) yang mereka menyukainya. Dan sesungguhnya Allah Maha mengetahui lagi Maha Penyantun."},{"number":60,"text":"ذَٰلِكَ وَمَنْ عَاقَبَ بِمِثْلِ مَا عُوقِبَ بِهِۦ ثُمَّ بُغِىَ عَلَيْهِ لَيَنصُرَنَّهُ ٱللَّهُ إِنَّ ٱللَّهَ لَعَفُوٌّ غَفُورٌ","translation_en":"That [is so]. And whoever responds [to injustice] with the equivalent of that with which he was harmed and then is tyrannized - Allah will surely aid him. Indeed, Allah is Pardoning and Forgiving.","translation_id":"Demikianlah, dan barangsiapa membalas seimbang dengan penganiayaan yang pernah ia derita kemudian ia dianiaya (lagi), pasti Allah akan menolongnya. Sesungguhnya Allah benar-benar Maha Pemaaf lagi Maha Pengampun."},{"number":61,"text":"ذَٰلِكَ بِأَنَّ ٱللَّهَ يُولِجُ ٱلَّيْلَ فِى ٱلنَّهَارِ وَيُولِجُ ٱلنَّهَارَ فِى ٱلَّيْلِ وَأَنَّ ٱللَّهَ سَمِيعٌۢ بَصِيرٌ","translation_en":"That is because Allah causes the night to enter the day and causes the day to enter the night and because Allah is Hearing and Seeing.","translation_id":"Yang demikian itu, adalah karena sesungguhnya Allah (kuasa) memasukkan malam ke dalam siang dan memasukkan siang ke dalam malam dan bahwasanya Allah Maha Mendengar lagi Maha Melihat."},{"number":62,"text":"ذَٰلِكَ بِأَنَّ ٱللَّهَ هُوَ ٱلْحَقُّ وَأَنَّ مَا يَدْعُونَ مِن دُونِهِۦ هُوَ ٱلْبَٰطِلُ وَأَنَّ ٱللَّهَ هُوَ ٱلْعَلِىُّ ٱلْكَبِيرُ","translation_en":"That is because Allah is the Truth, and that which they call upon other than Him is falsehood, and because Allah is the Most High, the Grand.","translation_id":"(Kuasa Allah) yang demikian itu, adalah karena sesungguhnya Allah, Dialah (Tuhan) Yang Haq dan sesungguhnya apa saja yang mereka seru selain dari Allah, itulah yang batil, dan sesungguhnya Allah, Dialah Yang Maha Tinggi lagi Maha Besar."},{"number":63,"text":"أَلَمْ تَرَ أَنَّ ٱللَّهَ أَنزَلَ مِنَ ٱلسَّمَآءِ مَآءً فَتُصْبِحُ ٱلْأَرْضُ مُخْضَرَّةً إِنَّ ٱللَّهَ لَطِيفٌ خَبِيرٌ","translation_en":"Do you not see that Allah has sent down rain from the sky and the earth becomes green? Indeed, Allah is Subtle and Acquainted.","translation_id":"Apakah kamu tiada melihat, bahwasanya Allah menurunkan air dari langit, lalu jadilah bumi itu hijau? Sesungguhnya Allah Maha Halus lagi Maha Mengetahui."},{"number":64,"text":"لَّهُۥ مَا فِى ٱلسَّمَٰوَٰتِ وَمَا فِى ٱلْأَرْضِ وَإِنَّ ٱللَّهَ لَهُوَ ٱلْغَنِىُّ ٱلْحَمِيدُ","translation_en":"To Him belongs what is in the heavens and what is on the earth. And indeed, Allah is the Free of need, the Praiseworthy.","translation_id":"Kepunyaan Allah-lah segala yang ada di langit dan segala yang ada di bumi. Dan sesungguhnya Allah benar-benar Maha Kaya lagi Maha Terpuji."},{"number":65,"text":"أَلَمْ تَرَ أَنَّ ٱللَّهَ سَخَّرَ لَكُم مَّا فِى ٱلْأَرْضِ وَٱلْفُلْكَ تَجْرِى فِى ٱلْبَحْرِ بِأَمْرِهِۦ وَيُمْسِكُ ٱلسَّمَآءَ أَن تَقَعَ عَلَى ٱلْأَرْضِ إِلَّا بِإِذْنِهِۦٓ إِنَّ ٱللَّهَ بِٱلنَّاسِ لَرَءُوفٌ رَّحِيمٌ","translation_en":"Do you not see that Allah has subjected to you whatever is on the earth and the ships which run through the sea by His command? And He restrains the sky from falling upon the earth, unless by His permission. Indeed Allah, to the people, is Kind and Merciful.","translation_id":"Apakah kamu tiada melihat bahwasanya Allah menundukkan bagimu apa yang ada di bumi dan bahtera yang berlayar di lautan dengan perintah-Nya. Dan Dia menahan (benda-benda) langit jatuh ke bumi, melainkan dengan izin-Nya? Sesungguhnya Allah benar-benar Maha Pengasih lagi Maha Penyayang kepada Manusia."},{"number":66,"text":"وَهُوَ ٱلَّذِىٓ أَحْيَاكُمْ ثُمَّ يُمِيتُكُمْ ثُمَّ يُحْيِيكُمْ إِنَّ ٱلْإِنسَٰنَ لَكَفُورٌ","translation_en":"And He is the one who gave you life; then He causes you to die and then will [again] give you life. Indeed, mankind is ungrateful.","translation_id":"Dan Dialah Allah yang telah menghidupkan kamu, kemudian mematikan kamu, kemudian menghidupkan kamu (lagi), sesungguhnya manusia itu, benar-benar sangat mengingkari nikmat."},{"number":67,"text":"لِّكُلِّ أُمَّةٍ جَعَلْنَا مَنسَكًا هُمْ نَاسِكُوهُ فَلَا يُنَٰزِعُنَّكَ فِى ٱلْأَمْرِ وَٱدْعُ إِلَىٰ رَبِّكَ إِنَّكَ لَعَلَىٰ هُدًى مُّسْتَقِيمٍ","translation_en":"For every religion We have appointed rites which they perform. So, [O Muhammad], let the disbelievers not contend with you over the matter but invite them to your Lord. Indeed, you are upon straight guidance.","translation_id":"Bagi tiap-tiap umat telah Kami tetapkan syari'at tertentu yang mereka lakukan, maka janganlah sekali-kali mereka membantah kamu dalam urusan (syari'at) ini dan serulah kepada (agama) Tuhanmu. Sesungguhnya kamu benar-benar berada pada jalan yang lurus."},{"number":68,"text":"وَإِن جَٰدَلُوكَ فَقُلِ ٱللَّهُ أَعْلَمُ بِمَا تَعْمَلُونَ","translation_en":"And if they dispute with you, then say, \"Allah is most knowing of what you do.","translation_id":"Dan jika mereka membantah kamu, maka katakanlah: \"Allah lebih mengetahui tentang apa yang kamu kerjakan\"."},{"number":69,"text":"ٱللَّهُ يَحْكُمُ بَيْنَكُمْ يَوْمَ ٱلْقِيَٰمَةِ فِيمَا كُنتُمْ فِيهِ تَخْتَلِفُونَ","translation_en":"Allah will judge between you on the Day of Resurrection concerning that over which you used to differ.\"","translation_id":"Allah akan mengadili di antara kamu pada hari kiamat tentang apa yang kamu dahulu selalu berselisih padanya."},{"number":70,"text":"أَلَمْ تَعْلَمْ أَنَّ ٱللَّهَ يَعْلَمُ مَا فِى ٱلسَّمَآءِ وَٱلْأَرْضِ إِنَّ ذَٰلِكَ فِى كِتَٰبٍ إِنَّ ذَٰلِكَ عَلَى ٱللَّهِ يَسِيرٌ","translation_en":"Do you not know that Allah knows what is in the heaven and earth? Indeed, that is in a Record. Indeed that, for Allah, is easy.","translation_id":"Apakah kamu tidak mengetahui bahwa sesungguhnya Allah mengetahui apa saja yang ada di langit dan di bumi?; bahwasanya yang demikian itu terdapat dalam sebuah kitab (Lauh Mahfuzh). Sesungguhnya yang demikian itu amat mudah bagi Allah."},{"number":71,"text":"وَيَعْبُدُونَ مِن دُونِ ٱللَّهِ مَا لَمْ يُنَزِّلْ بِهِۦ سُلْطَٰنًا وَمَا لَيْسَ لَهُم بِهِۦ عِلْمٌ وَمَا لِلظَّٰلِمِينَ مِن نَّصِيرٍ","translation_en":"And they worship besides Allah that for which He has not sent down authority and that of which they have no knowledge. And there will not be for the wrongdoers any helper.","translation_id":"Dan mereka menyembah selain Allah, apa yang Allah tidak menurunkan keterangan tentang itu, dan apa yang mereka sendiri tiada mempunyai pengetahuan terhadapnya. Dan bagi orang-orang yang zalim sekali-kali tidak ada seorang penolongpun."},{"number":72,"text":"وَإِذَا تُتْلَىٰ عَلَيْهِمْ ءَايَٰتُنَا بَيِّنَٰتٍ تَعْرِفُ فِى وُجُوهِ ٱلَّذِينَ كَفَرُوا۟ ٱلْمُنكَرَ يَكَادُونَ يَسْطُونَ بِٱلَّذِينَ يَتْلُونَ عَلَيْهِمْ ءَايَٰتِنَا قُلْ أَفَأُنَبِّئُكُم بِشَرٍّ مِّن ذَٰلِكُمُ ٱلنَّارُ وَعَدَهَا ٱللَّهُ ٱلَّذِينَ كَفَرُوا۟ وَبِئْسَ ٱلْمَصِيرُ","translation_en":"And when Our verses are recited to them as clear evidences, you recognize in the faces of those who disbelieve disapproval. They are almost on the verge of assaulting those who recite to them Our verses. Say, \"Then shall I inform you of [what is] worse than that? [It is] the Fire which Allah has promised those who disbelieve, and wretched is the destination.\"","translation_id":"Dan apabila dibacakan di hadapan mereka ayat-ayat Kami yang terang, niscaya kamu melihat tanda-tanda keingkaran pada muka orang-orang yang kafir itu. Hampir-hampir mereka menyerang orang-orang yang membacakan ayat-ayat Kami di hadapan mereka. Katakanlah: \"Apakah akan aku kabarkan kepadamu yang lebih buruk daripada itu, yaitu neraka?\" Allah telah mengancamkannya kepada orang-orang yang kafir. Dan neraka itu adalah seburuk-buruknya tempat kembali."},{"number":73,"text":"يَٰٓأَيُّهَا ٱلنَّاسُ ضُرِبَ مَثَلٌ فَٱسْتَمِعُوا۟ لَهُۥٓ إِنَّ ٱلَّذِينَ تَدْعُونَ مِن دُونِ ٱللَّهِ لَن يَخْلُقُوا۟ ذُبَابًا وَلَوِ ٱجْتَمَعُوا۟ لَهُۥ وَإِن يَسْلُبْهُمُ ٱلذُّبَابُ شَيْـًٔا لَّا يَسْتَنقِذُوهُ مِنْهُ ضَعُفَ ٱلطَّالِبُ وَٱلْمَطْلُوبُ","translation_en":"O people, an example is presented, so listen to it. Indeed, those you invoke besides Allah will never create [as much as] a fly, even if they gathered together for that purpose. And if the fly should steal away from them a [tiny] thing, they could not recover it from him. Weak are the pursuer and pursued.","translation_id":"Hai manusia, telah dibuat perumpamaan, maka dengarkanlah olehmu perumpamaan itu. Sesungguhnya segala yang kamu seru selain Allah sekali-kali tidak dapat menciptakan seekor lalatpun, walaupun mereka bersatu menciptakannya. Dan jika lalat itu merampas sesuatu dari mereka, tiadalah mereka dapat merebutnya kembali dari lalat itu. Amat lemahlah yang menyembah dan amat lemah (pulalah) yang disembah."},{"number":74,"text":"مَا قَدَرُوا۟ ٱللَّهَ حَقَّ قَدْرِهِۦٓ إِنَّ ٱللَّهَ لَقَوِىٌّ عَزِيزٌ","translation_en":"They have not appraised Allah with true appraisal. Indeed, Allah is Powerful and Exalted in Might.","translation_id":"Mereka tidak mengenal Allah dengan sebenar-benarnya. Sesungguhnya Allah benar-benar Maha Kuat lagi Maha Perkasa."},{"number":75,"text":"ٱللَّهُ يَصْطَفِى مِنَ ٱلْمَلَٰٓئِكَةِ رُسُلًا وَمِنَ ٱلنَّاسِ إِنَّ ٱللَّهَ سَمِيعٌۢ بَصِيرٌ","translation_en":"Allah chooses from the angels messengers and from the people. Indeed, Allah is Hearing and Seeing.","translation_id":"Allah memilih utusan-utusan-(Nya) dari malaikat dan dari manusia; sesungguhnya Allah Maha Mendengar lagi Maha Melihat."},{"number":76,"text":"يَعْلَمُ مَا بَيْنَ أَيْدِيهِمْ وَمَا خَلْفَهُمْ وَإِلَى ٱللَّهِ تُرْجَعُ ٱلْأُمُورُ","translation_en":"He knows what is [presently] before them and what will be after them. And to Allah will be returned [all] matters.","translation_id":"Allah mengetahui apa yang di hadapan mereka dan apa yang di belakang mereka. Dan hanya kepada Allah dikembalikan semua urusan."},{"number":77,"text":"يَٰٓأَيُّهَا ٱلَّذِينَ ءَامَنُوا۟ ٱرْكَعُوا۟ وَٱسْجُدُوا۟ وَٱعْبُدُوا۟ رَبَّكُمْ وَٱفْعَلُوا۟ ٱلْخَيْرَ لَعَلَّكُمْ تُفْلِحُونَ","translation_en":"O you who have believed, bow and prostrate and worship your Lord and do good - that you may succeed.","translation_id":"Hai orang-orang yang beriman, ruku'lah kamu, sujudlah kamu, sembahlah Tuhanmu dan perbuatlah kebajikan, supaya kamu mendapat kemenangan."},{"number":78,"text":"وَجَٰهِدُوا۟ فِى ٱللَّهِ حَقَّ جِهَادِهِۦ هُوَ ٱجْتَبَىٰكُمْ وَمَا جَعَلَ عَلَيْكُمْ فِى ٱلدِّينِ مِنْ حَرَجٍ مِّلَّةَ أَبِيكُمْ إِبْرَٰهِيمَ هُوَ سَمَّىٰكُمُ ٱلْمُسْلِمِينَ مِن قَبْلُ وَفِى هَٰذَا لِيَكُونَ ٱلرَّسُولُ شَهِيدًا عَلَيْكُمْ وَتَكُونُوا۟ شُهَدَآءَ عَلَى ٱلنَّاسِ فَأَقِيمُوا۟ ٱلصَّلَوٰةَ وَءَاتُوا۟ ٱلزَّكَوٰةَ وَٱعْتَصِمُوا۟ بِٱللَّهِ هُوَ مَوْلَىٰكُمْ فَنِعْمَ ٱلْمَوْلَىٰ وَنِعْمَ ٱلنَّصِيرُ","translation_en":"And strive for Allah with the striving due to Him. He has chosen you and has not placed upon you in the religion any difficulty. [It is] the religion of your father, Abraham. Allah named you \"Muslims\" before [in former scriptures] and in this [revelation] that the Messenger may be a witness over you and you may be witnesses over the people. So establish prayer and give zakah and hold fast to Allah. He is your protector; and excellent is the protector, and excellent is the helper.","translation_id":"Dan berjihadlah kamu pada jalan Allah dengan jihad yang sebenar-benarnya. Dia telah memilih kamu dan Dia sekali-kali tidak menjadikan untuk kamu dalam agama suatu kesempitan. (Ikutilah) agama orang tuamu Ibrahim. Dia (Allah) telah menamai kamu sekalian orang-orang muslim dari dahulu, dan (begitu pula) dalam (Al Quran) ini, supaya Rasul itu menjadi saksi atas dirimu dan supaya kamu semua menjadi saksi atas segenap manusia, maka dirikanlah sembahyang, tunaikanlah zakat dan berpeganglah kamu pada tali Allah. Dia adalah Pelindungmu, maka Dialah sebaik-baik Pelindung dan sebaik-baik Penolong."}]}