{"number":24,"name":"سورة النور","transliteration_en":"An-Noor","translation_en":"The Light","total_verses":64,"revelation_type":"Medinan","verses":[{"number":1,"text":"بِسْمِ ٱللَّهِ ٱلرَّحْمَٰنِ ٱلرَّحِيمِ سُورَةٌ أَنزَلْنَٰهَا وَفَرَضْنَٰهَا وَأَنزَلْنَا فِيهَآ ءَايَٰتٍۭ بَيِّنَٰتٍ لَّعَلَّكُمْ تَذَكَّرُونَ","translation_en":"[This is] a surah which We have sent down and made [that within it] obligatory and revealed therein verses of clear evidence that you might remember.","translation_id":"(Ini adalah) satu surat yang Kami turunkan dan Kami wajibkan (menjalankan hukum-hukum yang ada di dalam)nya, dan Kami turunkan di dalamnya ayat ayat yang jelas, agar kamu selalu mengingatinya."},{"number":2,"text":"ٱلزَّانِيَةُ وَٱلزَّانِى فَٱجْلِدُوا۟ كُلَّ وَٰحِدٍ مِّنْهُمَا مِا۟ئَةَ جَلْدَةٍ وَلَا تَأْخُذْكُم بِهِمَا رَأْفَةٌ فِى دِينِ ٱللَّهِ إِن كُنتُمْ تُؤْمِنُونَ بِٱللَّهِ وَٱلْيَوْمِ ٱلْءَاخِرِ وَلْيَشْهَدْ عَذَابَهُمَا طَآئِفَةٌ مِّنَ ٱلْمُؤْمِنِينَ","translation_en":"The [unmarried] woman or [unmarried] man found guilty of sexual intercourse - lash each one of them with a hundred lashes, and do not be taken by pity for them in the religion of Allah, if you should believe in Allah and the Last Day. And let a group of the believers witness their punishment.","translation_id":"Perempuan yang berzina dan laki-laki yang berzina, maka deralah tiap-tiap seorang dari keduanya seratus dali dera, dan janganlah belas kasihan kepada keduanya mencegah kamu untuk (menjalankan) agama Allah, jika kamu beriman kepada Allah, dan hari akhirat, dan hendaklah (pelaksanaan) hukuman mereka disaksikan oleh sekumpulan orang-orang yang beriman."},{"number":3,"text":"ٱلزَّانِى لَا يَنكِحُ إِلَّا زَانِيَةً أَوْ مُشْرِكَةً وَٱلزَّانِيَةُ لَا يَنكِحُهَآ إِلَّا زَانٍ أَوْ مُشْرِكٌ وَحُرِّمَ ذَٰلِكَ عَلَى ٱلْمُؤْمِنِينَ","translation_en":"The fornicator does not marry except a [female] fornicator or polytheist, and none marries her except a fornicator or a polytheist, and that has been made unlawful to the believers.","translation_id":"Laki-laki yang berzina tidak mengawini melainkan perempuan yang berzina, atau perempuan yang musyrik; dan perempuan yang berzina tidak dikawini melainkan oleh laki-laki yang berzina atau laki-laki musyrik, dan yang demikian itu diharamkan atas oran-orang yang mukmin."},{"number":4,"text":"وَٱلَّذِينَ يَرْمُونَ ٱلْمُحْصَنَٰتِ ثُمَّ لَمْ يَأْتُوا۟ بِأَرْبَعَةِ شُهَدَآءَ فَٱجْلِدُوهُمْ ثَمَٰنِينَ جَلْدَةً وَلَا تَقْبَلُوا۟ لَهُمْ شَهَٰدَةً أَبَدًا وَأُو۟لَٰٓئِكَ هُمُ ٱلْفَٰسِقُونَ","translation_en":"And those who accuse chaste women and then do not produce four witnesses - lash them with eighty lashes and do not accept from them testimony ever after. And those are the defiantly disobedient,","translation_id":"Dan orang-orang yang menuduh wanita-wanita yang baik-baik (berbuat zina) dan mereka tidak mendatangkan empat orang saksi, maka deralah mereka (yang menuduh itu) delapan puluh kali dera, dan janganlah kamu terima kesaksian mereka buat selama-lamanya. Dan mereka itulah orang-orang yang fasik."},{"number":5,"text":"إِلَّا ٱلَّذِينَ تَابُوا۟ مِنۢ بَعْدِ ذَٰلِكَ وَأَصْلَحُوا۟ فَإِنَّ ٱللَّهَ غَفُورٌ رَّحِيمٌ","translation_en":"Except for those who repent thereafter and reform, for indeed, Allah is Forgiving and Merciful.","translation_id":"kecuali orang-orang yang bertaubat sesudah itu dan memperbaiki (dirinya), maka sesungguhnya Allah Maha Pengampun lagi Maha Penyayang."},{"number":6,"text":"وَٱلَّذِينَ يَرْمُونَ أَزْوَٰجَهُمْ وَلَمْ يَكُن لَّهُمْ شُهَدَآءُ إِلَّآ أَنفُسُهُمْ فَشَهَٰدَةُ أَحَدِهِمْ أَرْبَعُ شَهَٰدَٰتٍۭ بِٱللَّهِ إِنَّهُۥ لَمِنَ ٱلصَّٰدِقِينَ","translation_en":"And those who accuse their wives [of adultery] and have no witnesses except themselves - then the witness of one of them [shall be] four testimonies [swearing] by Allah that indeed, he is of the truthful.","translation_id":"Dan orang-orang yang menuduh isterinya (berzina), padahal mereka tidak ada mempunyai saksi-saksi selain diri mereka sendiri, maka persaksian orang itu ialah empat kali bersumpah dengan nama Allah, sesungguhnya dia adalah termasuk orang-orang yang benar."},{"number":7,"text":"وَٱلْخَٰمِسَةُ أَنَّ لَعْنَتَ ٱللَّهِ عَلَيْهِ إِن كَانَ مِنَ ٱلْكَٰذِبِينَ","translation_en":"And the fifth [oath will be] that the curse of Allah be upon him if he should be among the liars.","translation_id":"Dan (sumpah) yang kelima: bahwa laknat Allah atasnya, jika dia termasuk orang-orang yang berdusta."},{"number":8,"text":"وَيَدْرَؤُا۟ عَنْهَا ٱلْعَذَابَ أَن تَشْهَدَ أَرْبَعَ شَهَٰدَٰتٍۭ بِٱللَّهِ إِنَّهُۥ لَمِنَ ٱلْكَٰذِبِينَ","translation_en":"But it will prevent punishment from her if she gives four testimonies [swearing] by Allah that indeed, he is of the liars.","translation_id":"Istrinya itu dihindarkan dari hukuman oleh sumpahnya empat kali atas nama Allah sesungguhnya suaminya itu benar-benar termasuk orang-orang yang dusta."},{"number":9,"text":"وَٱلْخَٰمِسَةَ أَنَّ غَضَبَ ٱللَّهِ عَلَيْهَآ إِن كَانَ مِنَ ٱلصَّٰدِقِينَ","translation_en":"And the fifth [oath will be] that the wrath of Allah be upon her if he was of the truthful.","translation_id":"dan (sumpah) yang kelima: bahwa laknat Allah atasnya jika suaminya itu termasuk orang-orang yang benar."},{"number":10,"text":"وَلَوْلَا فَضْلُ ٱللَّهِ عَلَيْكُمْ وَرَحْمَتُهُۥ وَأَنَّ ٱللَّهَ تَوَّابٌ حَكِيمٌ","translation_en":"And if not for the favor of Allah upon you and His mercy... and because Allah is Accepting of repentance and Wise.","translation_id":"Dan andaikata tidak ada kurnia Allah dan rahmat-Nya atas dirimu dan (andaikata) Allah bukan Penerima Taubat lagi Maha Bijaksana, (niscaya kamu akan mengalami kesulitan-kesulitan)."},{"number":11,"text":"إِنَّ ٱلَّذِينَ جَآءُو بِٱلْإِفْكِ عُصْبَةٌ مِّنكُمْ لَا تَحْسَبُوهُ شَرًّا لَّكُم بَلْ هُوَ خَيْرٌ لَّكُمْ لِكُلِّ ٱمْرِئٍ مِّنْهُم مَّا ٱكْتَسَبَ مِنَ ٱلْإِثْمِ وَٱلَّذِى تَوَلَّىٰ كِبْرَهُۥ مِنْهُمْ لَهُۥ عَذَابٌ عَظِيمٌ","translation_en":"Indeed, those who came with falsehood are a group among you. Do not think it bad for you; rather it is good for you. For every person among them is what [punishment] he has earned from the sin, and he who took upon himself the greater portion thereof - for him is a great punishment.","translation_id":"Sesungguhnya orang-orang yang membawa berita bohong itu adalah dari golongan kamu juga. Janganlah kamu kira bahwa berita bohong itu buruk bagi kamu bahkan ia adalah baik bagi kamu. Tiap-tiap seseorang dari mereka mendapat balasan dari dosa yang dikerjakannya. Dan siapa di antara mereka yang mengambil bahagian yang terbesar dalam penyiaran berita bohong itu baginya azab yang besar."},{"number":12,"text":"لَّوْلَآ إِذْ سَمِعْتُمُوهُ ظَنَّ ٱلْمُؤْمِنُونَ وَٱلْمُؤْمِنَٰتُ بِأَنفُسِهِمْ خَيْرًا وَقَالُوا۟ هَٰذَآ إِفْكٌ مُّبِينٌ","translation_en":"Why, when you heard it, did not the believing men and believing women think good of one another and say, \"This is an obvious falsehood\"?","translation_id":"Mengapa di waktu kamu mendengar berita bohon itu orang-orang mukminin dan mukminat tidak bersangka baik terhadap diri mereka sendiri, dan (mengapa tidak) berkata: \"Ini adalah suatu berita bohong yang nyata\"."},{"number":13,"text":"لَّوْلَا جَآءُو عَلَيْهِ بِأَرْبَعَةِ شُهَدَآءَ فَإِذْ لَمْ يَأْتُوا۟ بِٱلشُّهَدَآءِ فَأُو۟لَٰٓئِكَ عِندَ ٱللَّهِ هُمُ ٱلْكَٰذِبُونَ","translation_en":"Why did they [who slandered] not produce for it four witnesses? And when they do not produce the witnesses, then it is they, in the sight of Allah, who are the liars.","translation_id":"Mengapa mereka (yang menuduh itu) tidak mendatangkan empat orang saksi atas berita bohong itu? Olah karena mereka tidak mendatangkan saksi-saksi maka mereka itulah pada sisi Allah orang-orang yang dusta."},{"number":14,"text":"وَلَوْلَا فَضْلُ ٱللَّهِ عَلَيْكُمْ وَرَحْمَتُهُۥ فِى ٱلدُّنْيَا وَٱلْءَاخِرَةِ لَمَسَّكُمْ فِى مَآ أَفَضْتُمْ فِيهِ عَذَابٌ عَظِيمٌ","translation_en":"And if it had not been for the favor of Allah upon you and His mercy in this world and the Hereafter, you would have been touched for that [lie] in which you were involved by a great punishment","translation_id":"Sekiranya tidak ada kurnia Allah dan rahmat-Nya kepada kamu semua di dunia dan di akhirat, niscaya kamu ditimpa azab yang besar, karena pembicaraan kamu tentang berita bohong itu."},{"number":15,"text":"إِذْ تَلَقَّوْنَهُۥ بِأَلْسِنَتِكُمْ وَتَقُولُونَ بِأَفْوَاهِكُم مَّا لَيْسَ لَكُم بِهِۦ عِلْمٌ وَتَحْسَبُونَهُۥ هَيِّنًا وَهُوَ عِندَ ٱللَّهِ عَظِيمٌ","translation_en":"When you received it with your tongues and said with your mouths that of which you had no knowledge and thought it was insignificant while it was, in the sight of Allah, tremendous.","translation_id":"(Ingatlah) di waktu kamu menerima berita bohong itu dari mulut ke mulut dan kamu katakan dengan mulutmu apa yang tidak kamu ketahui sedikit juga, dan kamu menganggapnya suatu yang ringan saja. Padahal dia pada sisi Allah adalah besar."},{"number":16,"text":"وَلَوْلَآ إِذْ سَمِعْتُمُوهُ قُلْتُم مَّا يَكُونُ لَنَآ أَن نَّتَكَلَّمَ بِهَٰذَا سُبْحَٰنَكَ هَٰذَا بُهْتَٰنٌ عَظِيمٌ","translation_en":"And why, when you heard it, did you not say, \"It is not for us to speak of this. Exalted are You, [O Allah]; this is a great slander\"?","translation_id":"Dan mengapa kamu tidak berkata, diwaktu mendengar berita bohong itu: \"Sekali-kali tidaklah pantas bagi kita memperkatakan ini, Maha Suci Engkau (Ya Tuhan kami), ini adalah dusta yang besar\"."},{"number":17,"text":"يَعِظُكُمُ ٱللَّهُ أَن تَعُودُوا۟ لِمِثْلِهِۦٓ أَبَدًا إِن كُنتُم مُّؤْمِنِينَ","translation_en":"Allah warns you against returning to the likes of this [conduct], ever, if you should be believers.","translation_id":"Allah memperingatkan kamu agar (jangan) kembali memperbuat yang seperti itu selama-lamanya, jika kamu orang-orang yang beriman."},{"number":18,"text":"وَيُبَيِّنُ ٱللَّهُ لَكُمُ ٱلْءَايَٰتِ وَٱللَّهُ عَلِيمٌ حَكِيمٌ","translation_en":"And Allah makes clear to you the verses, and Allah is Knowing and Wise.","translation_id":"dan Allah menerangkan ayat-ayat-Nya kepada kamu. Dan Allah Maha Mengetahui lagi Maha Bijaksana."},{"number":19,"text":"إِنَّ ٱلَّذِينَ يُحِبُّونَ أَن تَشِيعَ ٱلْفَٰحِشَةُ فِى ٱلَّذِينَ ءَامَنُوا۟ لَهُمْ عَذَابٌ أَلِيمٌ فِى ٱلدُّنْيَا وَٱلْءَاخِرَةِ وَٱللَّهُ يَعْلَمُ وَأَنتُمْ لَا تَعْلَمُونَ","translation_en":"Indeed, those who like that immorality should be spread [or publicized] among those who have believed will have a painful punishment in this world and the Hereafter. And Allah knows and you do not know.","translation_id":"Sesungguhnya orang-orang yang ingin agar (berita) perbuatan yang amat keji itu tersiar di kalangan orang-orang yang beriman, bagi mereka azab yang pedih di dunia dan di akhirat. Dan Allah mengetahui, sedang, kamu tidak mengetahui."},{"number":20,"text":"وَلَوْلَا فَضْلُ ٱللَّهِ عَلَيْكُمْ وَرَحْمَتُهُۥ وَأَنَّ ٱللَّهَ رَءُوفٌ رَّحِيمٌ","translation_en":"And if it had not been for the favor of Allah upon you and His mercy... and because Allah is Kind and Merciful.","translation_id":"Dan sekiranya tidaklah karena kurnia Allah dan rahmat-Nya kepada kamu semua, dan Allah Maha Penyantun dan Maha Penyayang, (niscaya kamu akan ditimpa azab yang besar)."},{"number":21,"text":"يَٰٓأَيُّهَا ٱلَّذِينَ ءَامَنُوا۟ لَا تَتَّبِعُوا۟ خُطُوَٰتِ ٱلشَّيْطَٰنِ وَمَن يَتَّبِعْ خُطُوَٰتِ ٱلشَّيْطَٰنِ فَإِنَّهُۥ يَأْمُرُ بِٱلْفَحْشَآءِ وَٱلْمُنكَرِ وَلَوْلَا فَضْلُ ٱللَّهِ عَلَيْكُمْ وَرَحْمَتُهُۥ مَا زَكَىٰ مِنكُم مِّنْ أَحَدٍ أَبَدًا وَلَٰكِنَّ ٱللَّهَ يُزَكِّى مَن يَشَآءُ وَٱللَّهُ سَمِيعٌ عَلِيمٌ","translation_en":"O you who have believed, do not follow the footsteps of Satan. And whoever follows the footsteps of Satan - indeed, he enjoins immorality and wrongdoing. And if not for the favor of Allah upon you and His mercy, not one of you would have been pure, ever, but Allah purifies whom He wills, and Allah is Hearing and Knowing.","translation_id":"Hai orang-orang yang beriman, janganlah kamu mengikuti langkah-langkah syaitan. Barangsiapa yang mengikuti langkah-langkah syaitan, maka sesungguhnya syaitan itu menyuruh mengerjakan perbuatan yang keji dan yang mungkar. Sekiranya tidaklah karena kurnia Allah dan rahmat-Nya kepada kamu sekalian, niscaya tidak seorangpun dari kamu bersih (dari perbuatan-perbuatan keji dan mungkar itu) selama-lamanya, tetapi Allah membersihkan siapa yang dikehendaki-Nya. Dan Allah Maha Mendengar lagi Maha Mengetahui."},{"number":22,"text":"وَلَا يَأْتَلِ أُو۟لُوا۟ ٱلْفَضْلِ مِنكُمْ وَٱلسَّعَةِ أَن يُؤْتُوٓا۟ أُو۟لِى ٱلْقُرْبَىٰ وَٱلْمَسَٰكِينَ وَٱلْمُهَٰجِرِينَ فِى سَبِيلِ ٱللَّهِ وَلْيَعْفُوا۟ وَلْيَصْفَحُوٓا۟ أَلَا تُحِبُّونَ أَن يَغْفِرَ ٱللَّهُ لَكُمْ وَٱللَّهُ غَفُورٌ رَّحِيمٌ","translation_en":"And let not those of virtue among you and wealth swear not to give [aid] to their relatives and the needy and the emigrants for the cause of Allah, and let them pardon and overlook. Would you not like that Allah should forgive you? And Allah is Forgiving and Merciful.","translation_id":"Dan janganlah orang-orang yang mempunyai kelebihan dan kelapangan di antara kamu bersumpah bahwa mereka (tidak) akan memberi (bantuan) kepada kaum kerabat(nya), orang-orang yang miskin dan orang-orang yang berhijrah pada jalan Allah, dan hendaklah mereka memaafkan dan berlapang dada. Apakah kamu tidak ingin bahwa Allah mengampunimu? Dan Allah adalah Maha Pengampun lagi Maha Penyayang,"},{"number":23,"text":"إِنَّ ٱلَّذِينَ يَرْمُونَ ٱلْمُحْصَنَٰتِ ٱلْغَٰفِلَٰتِ ٱلْمُؤْمِنَٰتِ لُعِنُوا۟ فِى ٱلدُّنْيَا وَٱلْءَاخِرَةِ وَلَهُمْ عَذَابٌ عَظِيمٌ","translation_en":"Indeed, those who [falsely] accuse chaste, unaware and believing women are cursed in this world and the Hereafter; and they will have a great punishment","translation_id":"Sesungguhnya orang-orang yang menuduh wanita yang baik-baik, yang lengah lagi beriman (berbuat zina), mereka kena laknat di dunia dan akhirat, dan bagi mereka azab yang besar,"},{"number":24,"text":"يَوْمَ تَشْهَدُ عَلَيْهِمْ أَلْسِنَتُهُمْ وَأَيْدِيهِمْ وَأَرْجُلُهُم بِمَا كَانُوا۟ يَعْمَلُونَ","translation_en":"On a Day when their tongues, their hands and their feet will bear witness against them as to what they used to do.","translation_id":"pada hari (ketika), lidah, tangan dan kaki mereka menjadi saksi atas mereka terhadap apa yang dahulu mereka kerjakan."},{"number":25,"text":"يَوْمَئِذٍ يُوَفِّيهِمُ ٱللَّهُ دِينَهُمُ ٱلْحَقَّ وَيَعْلَمُونَ أَنَّ ٱللَّهَ هُوَ ٱلْحَقُّ ٱلْمُبِينُ","translation_en":"That Day, Allah will pay them in full their deserved recompense, and they will know that it is Allah who is the perfect in justice.","translation_id":"Di hari itu, Allah akan memberi mereka balasan yag setimpal menurut semestinya, dan tahulah mereka bahwa Allah-lah yang Benar, lagi Yang menjelaskan (segala sesutatu menurut hakikat yang sebenarnya)."},{"number":26,"text":"ٱلْخَبِيثَٰتُ لِلْخَبِيثِينَ وَٱلْخَبِيثُونَ لِلْخَبِيثَٰتِ وَٱلطَّيِّبَٰتُ لِلطَّيِّبِينَ وَٱلطَّيِّبُونَ لِلطَّيِّبَٰتِ أُو۟لَٰٓئِكَ مُبَرَّءُونَ مِمَّا يَقُولُونَ لَهُم مَّغْفِرَةٌ وَرِزْقٌ كَرِيمٌ","translation_en":"Evil words are for evil men, and evil men are [subjected] to evil words. And good words are for good men, and good men are [an object] of good words. Those [good people] are declared innocent of what the slanderers say. For them is forgiveness and noble provision.","translation_id":"Wanita-wanita yang keji adalah untuk laki-laki yang keji, dan laki-laki yang keji adalah buat wanita-wanita yang keji (pula), dan wanita-wanita yang baik adalah untuk laki-laki yang baik dan laki-laki yang baik adalah untuk wanita-wanita yang baik (pula). Mereka (yang dituduh) itu bersih dari apa yang dituduhkan oleh mereka (yang menuduh itu). Bagi mereka ampunan dan rezeki yang mulia (surga)."},{"number":27,"text":"يَٰٓأَيُّهَا ٱلَّذِينَ ءَامَنُوا۟ لَا تَدْخُلُوا۟ بُيُوتًا غَيْرَ بُيُوتِكُمْ حَتَّىٰ تَسْتَأْنِسُوا۟ وَتُسَلِّمُوا۟ عَلَىٰٓ أَهْلِهَا ذَٰلِكُمْ خَيْرٌ لَّكُمْ لَعَلَّكُمْ تَذَكَّرُونَ","translation_en":"O you who have believed, do not enter houses other than your own houses until you ascertain welcome and greet their inhabitants. That is best for you; perhaps you will be reminded.","translation_id":"Hai orang-orang yang beriman, janganlah kamu memasuki rumah yang bukan rumahmu sebelum meminta izin dan memberi salam kepada penghuninya. Yang demikian itu lebih baik bagimu, agar kamu (selalu) ingat."},{"number":28,"text":"فَإِن لَّمْ تَجِدُوا۟ فِيهَآ أَحَدًا فَلَا تَدْخُلُوهَا حَتَّىٰ يُؤْذَنَ لَكُمْ وَإِن قِيلَ لَكُمُ ٱرْجِعُوا۟ فَٱرْجِعُوا۟ هُوَ أَزْكَىٰ لَكُمْ وَٱللَّهُ بِمَا تَعْمَلُونَ عَلِيمٌ","translation_en":"And if you do not find anyone therein, do not enter them until permission has been given you. And if it is said to you, \"Go back,\" then go back; it is purer for you. And Allah is Knowing of what you do.","translation_id":"Jika kamu tidak menemui seorangpun didalamnya, maka janganlah kamu masuk sebelum kamu mendapat izin. Dan jika dikatakan kepadamu: \"Kembali (saja)lah, maka hendaklah kamu kembali. Itu bersih bagimu dan Allah Maha Mengetahui apa yang kamu kerjakan."},{"number":29,"text":"لَّيْسَ عَلَيْكُمْ جُنَاحٌ أَن تَدْخُلُوا۟ بُيُوتًا غَيْرَ مَسْكُونَةٍ فِيهَا مَتَٰعٌ لَّكُمْ وَٱللَّهُ يَعْلَمُ مَا تُبْدُونَ وَمَا تَكْتُمُونَ","translation_en":"There is no blame upon you for entering houses not inhabited in which there is convenience for you. And Allah knows what you reveal and what you conceal.","translation_id":"Tidak ada dosa atasmu memasuki rumah yang tidak disediakan untuk didiami, yang di dalamnya ada keperluanmu, dan Allah mengetahui apa yang kamu nyatakan dan apa yang kamu sembunyikan."},{"number":30,"text":"قُل لِّلْمُؤْمِنِينَ يَغُضُّوا۟ مِنْ أَبْصَٰرِهِمْ وَيَحْفَظُوا۟ فُرُوجَهُمْ ذَٰلِكَ أَزْكَىٰ لَهُمْ إِنَّ ٱللَّهَ خَبِيرٌۢ بِمَا يَصْنَعُونَ","translation_en":"Tell the believing men to reduce [some] of their vision and guard their private parts. That is purer for them. Indeed, Allah is Acquainted with what they do.","translation_id":"Katakanlah kepada orang laki-laki yang beriman: \"Hendaklah mereka menahan pandanganya, dan memelihara kemaluannya; yang demikian itu adalah lebih suci bagi mereka, sesungguhnya Allah Maha Mengetahui apa yang mereka perbuat\"."},{"number":31,"text":"وَقُل لِّلْمُؤْمِنَٰتِ يَغْضُضْنَ مِنْ أَبْصَٰرِهِنَّ وَيَحْفَظْنَ فُرُوجَهُنَّ وَلَا يُبْدِينَ زِينَتَهُنَّ إِلَّا مَا ظَهَرَ مِنْهَا وَلْيَضْرِبْنَ بِخُمُرِهِنَّ عَلَىٰ جُيُوبِهِنَّ وَلَا يُبْدِينَ زِينَتَهُنَّ إِلَّا لِبُعُولَتِهِنَّ أَوْ ءَابَآئِهِنَّ أَوْ ءَابَآءِ بُعُولَتِهِنَّ أَوْ أَبْنَآئِهِنَّ أَوْ أَبْنَآءِ بُعُولَتِهِنَّ أَوْ إِخْوَٰنِهِنَّ أَوْ بَنِىٓ إِخْوَٰنِهِنَّ أَوْ بَنِىٓ أَخَوَٰتِهِنَّ أَوْ نِسَآئِهِنَّ أَوْ مَا مَلَكَتْ أَيْمَٰنُهُنَّ أَوِ ٱلتَّٰبِعِينَ غَيْرِ أُو۟لِى ٱلْإِرْبَةِ مِنَ ٱلرِّجَالِ أَوِ ٱلطِّفْلِ ٱلَّذِينَ لَمْ يَظْهَرُوا۟ عَلَىٰ عَوْرَٰتِ ٱلنِّسَآءِ وَلَا يَضْرِبْنَ بِأَرْجُلِهِنَّ لِيُعْلَمَ مَا يُخْفِينَ مِن زِينَتِهِنَّ وَتُوبُوٓا۟ إِلَى ٱللَّهِ جَمِيعًا أَيُّهَ ٱلْمُؤْمِنُونَ لَعَلَّكُمْ تُفْلِحُونَ","translation_en":"And tell the believing women to reduce [some] of their vision and guard their private parts and not expose their adornment except that which [necessarily] appears thereof and to wrap [a portion of] their headcovers over their chests and not expose their adornment except to their husbands, their fathers, their husbands' fathers, their sons, their husbands' sons, their brothers, their brothers' sons, their sisters' sons, their women, that which their right hands possess, or those male attendants having no physical desire, or children who are not yet aware of the private aspects of women. And let them not stamp their feet to make known what they conceal of their adornment. And turn to Allah in repentance, all of you, O believers, that you might succeed.","translation_id":"Katakanlah kepada wanita yang beriman: \"Hendaklah mereka menahan pandangannya, dan kemaluannya, dan janganlah mereka menampakkan perhiasannya, kecuali yang (biasa) nampak dari padanya. Dan hendaklah mereka menutupkan kain kudung kedadanya, dan janganlah menampakkan perhiasannya kecuali kepada suami mereka, atau ayah mereka, atau ayah suami mereka, atau putera-putera mereka, atau putera-putera suami mereka, atau saudara-saudara laki-laki mereka, atau putera-putera saudara lelaki mereka, atau putera-putera saudara perempuan mereka, atau wanita-wanita islam, atau budak-budak yang mereka miliki, atau pelayan-pelayan laki-laki yang tidak mempunyai keinginan (terhadap wanita) atau anak-anak yang belum mengerti tentang aurat wanita. Dan janganlah mereka memukulkan kakinyua agar diketahui perhiasan yang mereka sembunyikan. Dan bertaubatlah kamu sekalian kepada Allah, hai orang-orang yang beriman supaya kamu beruntung."},{"number":32,"text":"وَأَنكِحُوا۟ ٱلْأَيَٰمَىٰ مِنكُمْ وَٱلصَّٰلِحِينَ مِنْ عِبَادِكُمْ وَإِمَآئِكُمْ إِن يَكُونُوا۟ فُقَرَآءَ يُغْنِهِمُ ٱللَّهُ مِن فَضْلِهِۦ وَٱللَّهُ وَٰسِعٌ عَلِيمٌ","translation_en":"And marry the unmarried among you and the righteous among your male slaves and female slaves. If they should be poor, Allah will enrich them from His bounty, and Allah is all-Encompassing and Knowing.","translation_id":"Dan kawinkanlah orang-orang yang sedirian diantara kamu, dan orang-orang yang layak (berkawin) dari hamba-hamba sahayamu yang lelaki dan hamba-hamba sahayamu yang perempuan. Jika mereka miskin Allah akan memampukan mereka dengan kurnia-Nya. Dan Allah Maha luas (pemberian-Nya) lagi Maha Mengetahui."},{"number":33,"text":"وَلْيَسْتَعْفِفِ ٱلَّذِينَ لَا يَجِدُونَ نِكَاحًا حَتَّىٰ يُغْنِيَهُمُ ٱللَّهُ مِن فَضْلِهِۦ وَٱلَّذِينَ يَبْتَغُونَ ٱلْكِتَٰبَ مِمَّا مَلَكَتْ أَيْمَٰنُكُمْ فَكَاتِبُوهُمْ إِنْ عَلِمْتُمْ فِيهِمْ خَيْرًا وَءَاتُوهُم مِّن مَّالِ ٱللَّهِ ٱلَّذِىٓ ءَاتَىٰكُمْ وَلَا تُكْرِهُوا۟ فَتَيَٰتِكُمْ عَلَى ٱلْبِغَآءِ إِنْ أَرَدْنَ تَحَصُّنًا لِّتَبْتَغُوا۟ عَرَضَ ٱلْحَيَوٰةِ ٱلدُّنْيَا وَمَن يُكْرِههُّنَّ فَإِنَّ ٱللَّهَ مِنۢ بَعْدِ إِكْرَٰهِهِنَّ غَفُورٌ رَّحِيمٌ","translation_en":"But let them who find not [the means for] marriage abstain [from sexual relations] until Allah enriches them from His bounty. And those who seek a contract [for eventual emancipation] from among whom your right hands possess - then make a contract with them if you know there is within them goodness and give them from the wealth of Allah which He has given you. And do not compel your slave girls to prostitution, if they desire chastity, to seek [thereby] the temporary interests of worldly life. And if someone should compel them, then indeed, Allah is [to them], after their compulsion, Forgiving and Merciful.","translation_id":"Dan orang-orang yang tidak mampu kawin hendaklah menjaga kesucian (diri)nya, sehingga Allah memampukan mereka dengan karunia-Nya. Dan budak-budak yang kamu miliki yang memginginkan perjanjian, hendaklah kamu buat perjanjian dengan mereka, jika kamu mengetahui ada kebaikan pada mereka, dan berikanlah kepada mereka sebahagian dari harta Allah yang dikaruniakan-Nya kepadamu. Dan janganlah kamu paksa budak-budak wanitamu untuk melakukan pelacuran, sedang mereka sendiri mengingini kesucian, karena kamu hendak mencari keuntungan duniawi. Dan barangsiapa yang memaksa mereka, maka sesungguhnya Allah adalah Maha Pengampun lagi Maha Penyayang (kepada mereka) sesudah mereka dipaksa itu."},{"number":34,"text":"وَلَقَدْ أَنزَلْنَآ إِلَيْكُمْ ءَايَٰتٍ مُّبَيِّنَٰتٍ وَمَثَلًا مِّنَ ٱلَّذِينَ خَلَوْا۟ مِن قَبْلِكُمْ وَمَوْعِظَةً لِّلْمُتَّقِينَ","translation_en":"And We have certainly sent down to you distinct verses and examples from those who passed on before you and an admonition for those who fear Allah.","translation_id":"Dan sesungguhnya Kami telah menurunkan kepada kamu ayat-ayat yang memberi penerangan, dan contoh-contoh dari orang-orang yang terdahulu sebelum kamu dan pelajaran bagi orang-orang yang bertakwa."},{"number":35,"text":"ٱللَّهُ نُورُ ٱلسَّمَٰوَٰتِ وَٱلْأَرْضِ مَثَلُ نُورِهِۦ كَمِشْكَوٰةٍ فِيهَا مِصْبَاحٌ ٱلْمِصْبَاحُ فِى زُجَاجَةٍ ٱلزُّجَاجَةُ كَأَنَّهَا كَوْكَبٌ دُرِّىٌّ يُوقَدُ مِن شَجَرَةٍ مُّبَٰرَكَةٍ زَيْتُونَةٍ لَّا شَرْقِيَّةٍ وَلَا غَرْبِيَّةٍ يَكَادُ زَيْتُهَا يُضِىٓءُ وَلَوْ لَمْ تَمْسَسْهُ نَارٌ نُّورٌ عَلَىٰ نُورٍ يَهْدِى ٱللَّهُ لِنُورِهِۦ مَن يَشَآءُ وَيَضْرِبُ ٱللَّهُ ٱلْأَمْثَٰلَ لِلنَّاسِ وَٱللَّهُ بِكُلِّ شَىْءٍ عَلِيمٌ","translation_en":"Allah is the Light of the heavens and the earth. The example of His light is like a niche within which is a lamp, the lamp is within glass, the glass as if it were a pearly [white] star lit from [the oil of] a blessed olive tree, neither of the east nor of the west, whose oil would almost glow even if untouched by fire. Light upon light. Allah guides to His light whom He wills. And Allah presents examples for the people, and Allah is Knowing of all things.","translation_id":"Allah (Pemberi) cahaya (kepada) langit dan bumi. Perumpamaan cahaya Allah, adalah seperti sebuah lubang yang tak tembus, yang di dalamnya ada pelita besar. Pelita itu di dalam kaca (dan) kaca itu seakan-akan bintang (yang bercahaya) seperti mutiara, yang dinyalakan dengan minyak dari pohon yang berkahnya, (yaitu) pohon zaitun yang tumbuh tidak di sebelah timur (sesuatu) dan tidak pula di sebelah barat(nya), yang minyaknya (saja) hampir-hampir menerangi, walaupun tidak disentuh api. Cahaya di atas cahaya (berlapis-lapis), Allah membimbing kepada cahaya-Nya siapa yang dia kehendaki, dan Allah memperbuat perumpamaan-perumpamaan bagi manusia, dan Allah Maha Mengetahui segala sesuatu."},{"number":36,"text":"فِى بُيُوتٍ أَذِنَ ٱللَّهُ أَن تُرْفَعَ وَيُذْكَرَ فِيهَا ٱسْمُهُۥ يُسَبِّحُ لَهُۥ فِيهَا بِٱلْغُدُوِّ وَٱلْءَاصَالِ","translation_en":"[Such niches are] in mosques which Allah has ordered to be raised and that His name be mentioned therein; exalting Him within them in the morning and the evenings","translation_id":"Bertasbih kepada Allah di masjid-masjid yang telah diperintahkan untuk dimuliakan dan disebut nama-Nya di dalamnya, pada waktu pagi dan waktu petang,"},{"number":37,"text":"رِجَالٌ لَّا تُلْهِيهِمْ تِجَٰرَةٌ وَلَا بَيْعٌ عَن ذِكْرِ ٱللَّهِ وَإِقَامِ ٱلصَّلَوٰةِ وَإِيتَآءِ ٱلزَّكَوٰةِ يَخَافُونَ يَوْمًا تَتَقَلَّبُ فِيهِ ٱلْقُلُوبُ وَٱلْأَبْصَٰرُ","translation_en":"[Are] men whom neither commerce nor sale distracts from the remembrance of Allah and performance of prayer and giving of zakah. They fear a Day in which the hearts and eyes will [fearfully] turn about -","translation_id":"laki-laki yang tidak dilalaikan oleh perniagaan dan tidak (pula) oleh jual beli dari mengingati Allah, dan (dari) mendirikan sembahyang, dan (dari) membayarkan zakat. Mereka takut kepada suatu hari yang (di hari itu) hati dan penglihatan menjadi goncang."},{"number":38,"text":"لِيَجْزِيَهُمُ ٱللَّهُ أَحْسَنَ مَا عَمِلُوا۟ وَيَزِيدَهُم مِّن فَضْلِهِۦ وَٱللَّهُ يَرْزُقُ مَن يَشَآءُ بِغَيْرِ حِسَابٍ","translation_en":"That Allah may reward them [according to] the best of what they did and increase them from His bounty. And Allah gives provision to whom He wills without account.","translation_id":"(Meraka mengerjakan yang demikian itu) supaya Allah memberikan balasan kepada mereka (dengan balasan) yang lebih baik dari apa yang telah mereka kerjakan, dan supaya Allah menambah karunia-Nya kepada mereka. Dan Allah memberi rezeki kepada siapa yang dikehendaki-Nya tanpa batas."},{"number":39,"text":"وَٱلَّذِينَ كَفَرُوٓا۟ أَعْمَٰلُهُمْ كَسَرَابٍۭ بِقِيعَةٍ يَحْسَبُهُ ٱلظَّمْـَٔانُ مَآءً حَتَّىٰٓ إِذَا جَآءَهُۥ لَمْ يَجِدْهُ شَيْـًٔا وَوَجَدَ ٱللَّهَ عِندَهُۥ فَوَفَّىٰهُ حِسَابَهُۥ وَٱللَّهُ سَرِيعُ ٱلْحِسَابِ","translation_en":"But those who disbelieved - their deeds are like a mirage in a lowland which a thirsty one thinks is water until, when he comes to it, he finds it is nothing but finds Allah before Him, and He will pay him in full his due; and Allah is swift in account.","translation_id":"Dan orang-orang kafir amal-amal mereka adalah laksana fatamorgana di tanah yang datar, yang disangka air oleh orang-orang yang dahaga, tetapi bila didatanginya air itu dia tidak mendapatinya sesuatu apapun. Dan didapatinya (ketetapan) Allah disisinya, lalu Allah memberikan kepadanya perhitungan amal-amal dengan cukup dan Allah adalah sangat cepat perhitungan-Nya."},{"number":40,"text":"أَوْ كَظُلُمَٰتٍ فِى بَحْرٍ لُّجِّىٍّ يَغْشَىٰهُ مَوْجٌ مِّن فَوْقِهِۦ مَوْجٌ مِّن فَوْقِهِۦ سَحَابٌ ظُلُمَٰتٌۢ بَعْضُهَا فَوْقَ بَعْضٍ إِذَآ أَخْرَجَ يَدَهُۥ لَمْ يَكَدْ يَرَىٰهَا وَمَن لَّمْ يَجْعَلِ ٱللَّهُ لَهُۥ نُورًا فَمَا لَهُۥ مِن نُّورٍ","translation_en":"Or [they are] like darknesses within an unfathomable sea which is covered by waves, upon which are waves, over which are clouds - darknesses, some of them upon others. When one puts out his hand [therein], he can hardly see it. And he to whom Allah has not granted light - for him there is no light.","translation_id":"Atau seperti gelap gulita di lautan yang dalam, yang diliputi oleh ombak, yang di atasnya ombak (pula), di atasnya (lagi) awan; gelap gulita yang tindih-bertindih, apabila dia mengeluarkan tangannya, tiadalah dia dapat melihatnya, (dan) barangsiapa yang tiada diberi cahaya (petunjuk) oleh Allah tiadalah dia mempunyai cahaya sedikitpun."},{"number":41,"text":"أَلَمْ تَرَ أَنَّ ٱللَّهَ يُسَبِّحُ لَهُۥ مَن فِى ٱلسَّمَٰوَٰتِ وَٱلْأَرْضِ وَٱلطَّيْرُ صَٰٓفَّٰتٍ كُلٌّ قَدْ عَلِمَ صَلَاتَهُۥ وَتَسْبِيحَهُۥ وَٱللَّهُ عَلِيمٌۢ بِمَا يَفْعَلُونَ","translation_en":"Do you not see that Allah is exalted by whomever is within the heavens and the earth and [by] the birds with wings spread [in flight]? Each [of them] has known his [means of] prayer and exalting [Him], and Allah is Knowing of what they do.","translation_id":"Tidaklah kamu tahu bahwasanya Allah: kepada-Nya bertasbih apa yang di langit dan di bumi dan (juga) burung dengan mengembangkan sayapnya. Masing-masing telah mengetahui (cara) sembahyang dan tasbihnya, dan Allah Maha Mengetahui apa yang mereka kerjakan."},{"number":42,"text":"وَلِلَّهِ مُلْكُ ٱلسَّمَٰوَٰتِ وَٱلْأَرْضِ وَإِلَى ٱللَّهِ ٱلْمَصِيرُ","translation_en":"And to Allah belongs the dominion of the heavens and the earth, and to Allah is the destination.","translation_id":"Dan kepunyaan Allah-lah kerajaan langit dan bumi dan kepada Allah-lah kembali (semua makhluk)."},{"number":43,"text":"أَلَمْ تَرَ أَنَّ ٱللَّهَ يُزْجِى سَحَابًا ثُمَّ يُؤَلِّفُ بَيْنَهُۥ ثُمَّ يَجْعَلُهُۥ رُكَامًا فَتَرَى ٱلْوَدْقَ يَخْرُجُ مِنْ خِلَٰلِهِۦ وَيُنَزِّلُ مِنَ ٱلسَّمَآءِ مِن جِبَالٍ فِيهَا مِنۢ بَرَدٍ فَيُصِيبُ بِهِۦ مَن يَشَآءُ وَيَصْرِفُهُۥ عَن مَّن يَشَآءُ يَكَادُ سَنَا بَرْقِهِۦ يَذْهَبُ بِٱلْأَبْصَٰرِ","translation_en":"Do you not see that Allah drives clouds? Then He brings them together, then He makes them into a mass, and you see the rain emerge from within it. And He sends down from the sky, mountains [of clouds] within which is hail, and He strikes with it whom He wills and averts it from whom He wills. The flash of its lightening almost takes away the eyesight.","translation_id":"Tidaklah kamu melihat bahwa Allah mengarak awan, kemudian mengumpulkan antara (bagian-bagian)nya, kemudian menjadikannya bertindih-tindih, maka kelihatanlah olehmu hujan keluar dari celah-celahnya dan Allah (juga) menurunkan (butiran-butiran) es dari langit, (yaitu) dari (gumpalan-gumpalan awan seperti) gunung-gunung, maka ditimpakan-Nya (butiran-butiran) es itu kepada siapa yang dikehendaki-Nya dan dipalingkan-Nya dari siapa yang dikehendaki-Nya. Kilauan kilat awan itu hampir-hampir menghilangkan penglihatan."},{"number":44,"text":"يُقَلِّبُ ٱللَّهُ ٱلَّيْلَ وَٱلنَّهَارَ إِنَّ فِى ذَٰلِكَ لَعِبْرَةً لِّأُو۟لِى ٱلْأَبْصَٰرِ","translation_en":"Allah alternates the night and the day. Indeed in that is a lesson for those who have vision.","translation_id":"Allah mempergantikan malam dan siang. Sesungguhnya pada yang demikian itu terdapat pelajaran yang besar bagi orang-orang yang mempunyai penglihatan."},{"number":45,"text":"وَٱللَّهُ خَلَقَ كُلَّ دَآبَّةٍ مِّن مَّآءٍ فَمِنْهُم مَّن يَمْشِى عَلَىٰ بَطْنِهِۦ وَمِنْهُم مَّن يَمْشِى عَلَىٰ رِجْلَيْنِ وَمِنْهُم مَّن يَمْشِى عَلَىٰٓ أَرْبَعٍ يَخْلُقُ ٱللَّهُ مَا يَشَآءُ إِنَّ ٱللَّهَ عَلَىٰ كُلِّ شَىْءٍ قَدِيرٌ","translation_en":"Allah has created every [living] creature from water. And of them are those that move on their bellies, and of them are those that walk on two legs, and of them are those that walk on four. Allah creates what He wills. Indeed, Allah is over all things competent.","translation_id":"Dan Allah telah menciptakan semua jenis hewan dari air, maka sebagian dari hewan itu ada yang berjalan di atas perutnya dan sebagian berjalan dengan dua kaki sedang sebagian (yang lain) berjalan dengan empat kaki. Allah menciptakan apa yang dikehendaki-Nya, sesungguhnya Allah Maha Kuasa atas segala sesuatu."},{"number":46,"text":"لَّقَدْ أَنزَلْنَآ ءَايَٰتٍ مُّبَيِّنَٰتٍ وَٱللَّهُ يَهْدِى مَن يَشَآءُ إِلَىٰ صِرَٰطٍ مُّسْتَقِيمٍ","translation_en":"We have certainly sent down distinct verses. And Allah guides whom He wills to a straight path.","translation_id":"Sesungguhnya Kami telah menurunkan ayat-ayat yang menjelaskan. Dan Allah memimpin siapa yang dikehendaki-Nya kepada jalan yang lurus."},{"number":47,"text":"وَيَقُولُونَ ءَامَنَّا بِٱللَّهِ وَبِٱلرَّسُولِ وَأَطَعْنَا ثُمَّ يَتَوَلَّىٰ فَرِيقٌ مِّنْهُم مِّنۢ بَعْدِ ذَٰلِكَ وَمَآ أُو۟لَٰٓئِكَ بِٱلْمُؤْمِنِينَ","translation_en":"But the hypocrites say, \"We have believed in Allah and in the Messenger, and we obey\"; then a party of them turns away after that. And those are not believers.","translation_id":"Dan mereka berkata: \"Kami telah beriman kepada Allah dan rasul, dan kami mentaati (keduanya)\". Kemudian sebagian dari mereka berpaling sesudah itu, sekali-kali mereka itu bukanlah orang-orang yang beriman."},{"number":48,"text":"وَإِذَا دُعُوٓا۟ إِلَى ٱللَّهِ وَرَسُولِهِۦ لِيَحْكُمَ بَيْنَهُمْ إِذَا فَرِيقٌ مِّنْهُم مُّعْرِضُونَ","translation_en":"And when they are called to [the words of] Allah and His Messenger to judge between them, at once a party of them turns aside [in refusal].","translation_id":"Dan apabila mereka dipanggil kepada Allah dan rasul-Nya, agar rasul menghukum (mengadili) di antara mereka, tiba-tiba sebagian dari mereka menolak untuk datang."},{"number":49,"text":"وَإِن يَكُن لَّهُمُ ٱلْحَقُّ يَأْتُوٓا۟ إِلَيْهِ مُذْعِنِينَ","translation_en":"But if the right is theirs, they come to him in prompt obedience.","translation_id":"Tetapi jika keputusan itu untuk (kemaslahatan) mereka, mereka datang kepada rasul dengan patuh."},{"number":50,"text":"أَفِى قُلُوبِهِم مَّرَضٌ أَمِ ٱرْتَابُوٓا۟ أَمْ يَخَافُونَ أَن يَحِيفَ ٱللَّهُ عَلَيْهِمْ وَرَسُولُهُۥ بَلْ أُو۟لَٰٓئِكَ هُمُ ٱلظَّٰلِمُونَ","translation_en":"Is there disease in their hearts? Or have they doubted? Or do they fear that Allah will be unjust to them, or His Messenger? Rather, it is they who are the wrongdoers.","translation_id":"Apakah (ketidak datangan mereka itu karena) dalam hati mereka ada penyakit, atau (karena) mereka ragu-ragu ataukah (karena) takut kalau-kalau Allah dan rasul-Nya berlaku zalim kepada mereka? Sebenarnya, mereka itulah orang-orang yang zalim."},{"number":51,"text":"إِنَّمَا كَانَ قَوْلَ ٱلْمُؤْمِنِينَ إِذَا دُعُوٓا۟ إِلَى ٱللَّهِ وَرَسُولِهِۦ لِيَحْكُمَ بَيْنَهُمْ أَن يَقُولُوا۟ سَمِعْنَا وَأَطَعْنَا وَأُو۟لَٰٓئِكَ هُمُ ٱلْمُفْلِحُونَ","translation_en":"The only statement of the [true] believers when they are called to Allah and His Messenger to judge between them is that they say, \"We hear and we obey.\" And those are the successful.","translation_id":"Sesungguhnya jawaban oran-orang mukmin, bila mereka dipanggil kepada Allah dan rasul-Nya agar rasul menghukum (mengadili) di antara mereka ialah ucapan. \"Kami mendengar, dan kami patuh\". Dan mereka itulah orang-orang yang beruntung."},{"number":52,"text":"وَمَن يُطِعِ ٱللَّهَ وَرَسُولَهُۥ وَيَخْشَ ٱللَّهَ وَيَتَّقْهِ فَأُو۟لَٰٓئِكَ هُمُ ٱلْفَآئِزُونَ","translation_en":"And whoever obeys Allah and His Messenger and fears Allah and is conscious of Him - it is those who are the attainers.","translation_id":"Dan barang siapa yang taat kepada Allah dan rasul-Nya dan takut kepada Allah dan bertakwa kepada-Nya, maka mereka adalah orang-orang yang mendapat kemenangan."},{"number":53,"text":"وَأَقْسَمُوا۟ بِٱللَّهِ جَهْدَ أَيْمَٰنِهِمْ لَئِنْ أَمَرْتَهُمْ لَيَخْرُجُنَّ قُل لَّا تُقْسِمُوا۟ طَاعَةٌ مَّعْرُوفَةٌ إِنَّ ٱللَّهَ خَبِيرٌۢ بِمَا تَعْمَلُونَ","translation_en":"And they swear by Allah their strongest oaths that if you ordered them, they would go forth [in Allah 's cause]. Say, \"Do not swear. [Such] obedience is known. Indeed, Allah is Acquainted with that which you do.\"","translation_id":"Dan mereka bersumpah dengan nama Allah sekuat-kuat sumpah, jika kamu suruh mereka berperang, pastilah mereka akan pergi. Katakanlah: \"Janganlah kamu bersumpah, (karena ketaatan yang diminta ialah) ketaatan yang sudah dikenal. Sesungguhnya Allah Maha Mengetahui apa yang kamu kerjakan."},{"number":54,"text":"قُلْ أَطِيعُوا۟ ٱللَّهَ وَأَطِيعُوا۟ ٱلرَّسُولَ فَإِن تَوَلَّوْا۟ فَإِنَّمَا عَلَيْهِ مَا حُمِّلَ وَعَلَيْكُم مَّا حُمِّلْتُمْ وَإِن تُطِيعُوهُ تَهْتَدُوا۟ وَمَا عَلَى ٱلرَّسُولِ إِلَّا ٱلْبَلَٰغُ ٱلْمُبِينُ","translation_en":"Say, \"Obey Allah and obey the Messenger; but if you turn away - then upon him is only that [duty] with which he has been charged, and upon you is that with which you have been charged. And if you obey him, you will be [rightly] guided. And there is not upon the Messenger except the [responsibility for] clear notification.\"","translation_id":"Katakanlah: \"Taat kepada Allah dan taatlah kepada rasul; dan jika kamu berpaling maka sesungguhnya kewajiban rasul itu adalah apa yang dibebankan kepadanya, dan kewajiban kamu sekalian adalah semata-mata apa yang dibebankan kepadamu. Dan jika kamu taat kepadanya, niscaya kamu mendapat petunjuk. Dan tidak lain kewajiban rasul itu melainkan menyampaikan (amanat Allah) dengan terang\"."},{"number":55,"text":"وَعَدَ ٱللَّهُ ٱلَّذِينَ ءَامَنُوا۟ مِنكُمْ وَعَمِلُوا۟ ٱلصَّٰلِحَٰتِ لَيَسْتَخْلِفَنَّهُمْ فِى ٱلْأَرْضِ كَمَا ٱسْتَخْلَفَ ٱلَّذِينَ مِن قَبْلِهِمْ وَلَيُمَكِّنَنَّ لَهُمْ دِينَهُمُ ٱلَّذِى ٱرْتَضَىٰ لَهُمْ وَلَيُبَدِّلَنَّهُم مِّنۢ بَعْدِ خَوْفِهِمْ أَمْنًا يَعْبُدُونَنِى لَا يُشْرِكُونَ بِى شَيْـًٔا وَمَن كَفَرَ بَعْدَ ذَٰلِكَ فَأُو۟لَٰٓئِكَ هُمُ ٱلْفَٰسِقُونَ","translation_en":"Allah has promised those who have believed among you and done righteous deeds that He will surely grant them succession [to authority] upon the earth just as He granted it to those before them and that He will surely establish for them [therein] their religion which He has preferred for them and that He will surely substitute for them, after their fear, security, [for] they worship Me, not associating anything with Me. But whoever disbelieves after that - then those are the defiantly disobedient.","translation_id":"Dan Allah telah berjanji kepada orang-orang yang beriman di antara kamu dan mengerjakan amal-amal yang saleh bahwa Dia sungguh-sungguh akan menjadikan mereka berkuasa dimuka bumi, sebagaimana Dia telah menjadikan orang-orang sebelum mereka berkuasa, dan sungguh Dia akan meneguhkan bagi mereka agama yang telah diridhai-Nya untuk mereka, dan Dia benar-benar akan menukar (keadaan) mereka, sesudah mereka dalam ketakutan menjadi aman sentausa. Mereka tetap menyembahku-Ku dengan tiada mempersekutukan sesuatu apapun dengan Aku. Dan barangsiapa yang (tetap) kafir sesudah (janji) itu, maka mereka itulah orang-orang yang fasik."},{"number":56,"text":"وَأَقِيمُوا۟ ٱلصَّلَوٰةَ وَءَاتُوا۟ ٱلزَّكَوٰةَ وَأَطِيعُوا۟ ٱلرَّسُولَ لَعَلَّكُمْ تُرْحَمُونَ","translation_en":"And establish prayer and give zakah and obey the Messenger - that you may receive mercy.","translation_id":"Dan dirikanlah sembahyang, tunaikanlah zakat, dan taatlah kepada rasul, supaya kamu diberi rahmat."},{"number":57,"text":"لَا تَحْسَبَنَّ ٱلَّذِينَ كَفَرُوا۟ مُعْجِزِينَ فِى ٱلْأَرْضِ وَمَأْوَىٰهُمُ ٱلنَّارُ وَلَبِئْسَ ٱلْمَصِيرُ","translation_en":"Never think that the disbelievers are causing failure [to Allah] upon the earth. Their refuge will be the Fire - and how wretched the destination.","translation_id":"Janganlah kamu kira bahwa orang-orang yang kafir itu dapat melemahkan (Allah dari mengazab mereka) di bumi ini, sedang tempat tinggal mereka (di akhirat) adalah neraka. Dan sungguh amat jeleklah tempat kembali itu."},{"number":58,"text":"يَٰٓأَيُّهَا ٱلَّذِينَ ءَامَنُوا۟ لِيَسْتَـْٔذِنكُمُ ٱلَّذِينَ مَلَكَتْ أَيْمَٰنُكُمْ وَٱلَّذِينَ لَمْ يَبْلُغُوا۟ ٱلْحُلُمَ مِنكُمْ ثَلَٰثَ مَرَّٰتٍ مِّن قَبْلِ صَلَوٰةِ ٱلْفَجْرِ وَحِينَ تَضَعُونَ ثِيَابَكُم مِّنَ ٱلظَّهِيرَةِ وَمِنۢ بَعْدِ صَلَوٰةِ ٱلْعِشَآءِ ثَلَٰثُ عَوْرَٰتٍ لَّكُمْ لَيْسَ عَلَيْكُمْ وَلَا عَلَيْهِمْ جُنَاحٌۢ بَعْدَهُنَّ طَوَّٰفُونَ عَلَيْكُم بَعْضُكُمْ عَلَىٰ بَعْضٍ كَذَٰلِكَ يُبَيِّنُ ٱللَّهُ لَكُمُ ٱلْءَايَٰتِ وَٱللَّهُ عَلِيمٌ حَكِيمٌ","translation_en":"O you who have believed, let those whom your right hands possess and those who have not [yet] reached puberty among you ask permission of you [before entering] at three times: before the dawn prayer and when you put aside your clothing [for rest] at noon and after the night prayer. [These are] three times of privacy for you. There is no blame upon you nor upon them beyond these [periods], for they continually circulate among you - some of you, among others. Thus does Allah make clear to you the verses; and Allah is Knowing and Wise.","translation_id":"Hai orang-orang yang beriman, hendaklah budak-budak (lelaki dan wanita) yang kamu miliki, dan orang-orang yang belum balig di antara kamu, meminta izin kepada kamu tiga kali (dalam satu hari) yaitu: sebelum sembahyang subuh, ketika kamu menanggalkan pakaian (luar)mu di tengah hari dan sesudah sembahyang Isya'. (Itulah) tiga aurat bagi kamu. Tidak ada dosa atasmu dan tidak (pula) atas mereka selain dari (tiga waktu) itu. Mereka melayani kamu, sebahagian kamu (ada keperluan) kepada sebahagian (yang lain). Demikianlah Allah menjelaskan ayat-ayat bagi kamu. Dan Allah Maha Mengetahui lagi Maha Bijaksana."},{"number":59,"text":"وَإِذَا بَلَغَ ٱلْأَطْفَٰلُ مِنكُمُ ٱلْحُلُمَ فَلْيَسْتَـْٔذِنُوا۟ كَمَا ٱسْتَـْٔذَنَ ٱلَّذِينَ مِن قَبْلِهِمْ كَذَٰلِكَ يُبَيِّنُ ٱللَّهُ لَكُمْ ءَايَٰتِهِۦ وَٱللَّهُ عَلِيمٌ حَكِيمٌ","translation_en":"And when the children among you reach puberty, let them ask permission [at all times] as those before them have done. Thus does Allah make clear to you His verses; and Allah is Knowing and Wise.","translation_id":"Dan apabila anak-anakmu telah sampai umur balig, maka hendaklah mereka meminta izin, seperti orang-orang yang sebelum mereka meminta izin. Demikianlah Allah menjelaskan ayat-ayat-Nya. Dan Allah Maha Mengetahui lagi Maha Bijaksana."},{"number":60,"text":"وَٱلْقَوَٰعِدُ مِنَ ٱلنِّسَآءِ ٱلَّٰتِى لَا يَرْجُونَ نِكَاحًا فَلَيْسَ عَلَيْهِنَّ جُنَاحٌ أَن يَضَعْنَ ثِيَابَهُنَّ غَيْرَ مُتَبَرِّجَٰتٍۭ بِزِينَةٍ وَأَن يَسْتَعْفِفْنَ خَيْرٌ لَّهُنَّ وَٱللَّهُ سَمِيعٌ عَلِيمٌ","translation_en":"And women of post-menstrual age who have no desire for marriage - there is no blame upon them for putting aside their outer garments [but] not displaying adornment. But to modestly refrain [from that] is better for them. And Allah is Hearing and Knowing.","translation_id":"Dan perempuan-perempuan tua yang telah terhenti (dari haid dan mengandung) yang tiada ingin kawin (lagi), tiadalah atas mereka dosa menanggalkan pakaian mereka dengan tidak (bermaksud) menampakkan perhiasan, dan berlaku sopan adalah lebih baik bagi mereka. Dan Allah Maha Mendengar lagi Maha Bijaksana."},{"number":61,"text":"لَّيْسَ عَلَى ٱلْأَعْمَىٰ حَرَجٌ وَلَا عَلَى ٱلْأَعْرَجِ حَرَجٌ وَلَا عَلَى ٱلْمَرِيضِ حَرَجٌ وَلَا عَلَىٰٓ أَنفُسِكُمْ أَن تَأْكُلُوا۟ مِنۢ بُيُوتِكُمْ أَوْ بُيُوتِ ءَابَآئِكُمْ أَوْ بُيُوتِ أُمَّهَٰتِكُمْ أَوْ بُيُوتِ إِخْوَٰنِكُمْ أَوْ بُيُوتِ أَخَوَٰتِكُمْ أَوْ بُيُوتِ أَعْمَٰمِكُمْ أَوْ بُيُوتِ عَمَّٰتِكُمْ أَوْ بُيُوتِ أَخْوَٰلِكُمْ أَوْ بُيُوتِ خَٰلَٰتِكُمْ أَوْ مَا مَلَكْتُم مَّفَاتِحَهُۥٓ أَوْ صَدِيقِكُمْ لَيْسَ عَلَيْكُمْ جُنَاحٌ أَن تَأْكُلُوا۟ جَمِيعًا أَوْ أَشْتَاتًا فَإِذَا دَخَلْتُم بُيُوتًا فَسَلِّمُوا۟ عَلَىٰٓ أَنفُسِكُمْ تَحِيَّةً مِّنْ عِندِ ٱللَّهِ مُبَٰرَكَةً طَيِّبَةً كَذَٰلِكَ يُبَيِّنُ ٱللَّهُ لَكُمُ ٱلْءَايَٰتِ لَعَلَّكُمْ تَعْقِلُونَ","translation_en":"There is not upon the blind [any] constraint nor upon the lame constraint nor upon the ill constraint nor upon yourselves when you eat from your [own] houses or the houses of your fathers or the houses of your mothers or the houses of your brothers or the houses of your sisters or the houses of your father's brothers or the houses of your father's sisters or the houses of your mother's brothers or the houses of your mother's sisters or [from houses] whose keys you possess or [from the house] of your friend. There is no blame upon you whether you eat together or separately. But when you enter houses, give greetings of peace upon each other - a greeting from Allah, blessed and good. Thus does Allah make clear to you the verses [of ordinance] that you may understand.","translation_id":"Tidak ada halangan bagi orang buta, tidak (pula) bagi orang pincang, tidak (pula) bagi orang sakit, dan tidak (pula) bagi dirimu sendiri, makan (bersama-sama mereka) dirumah kamu sendiri atau dirumah bapak-bapakmu, dirumah ibu-ibumu, dirumah saudara-saudaramu yang laki-laki, di rumah saudaramu yang perempuan, dirumah saudara bapakmu yang laki-laki, dirumah saudara bapakmu yang perempuan, dirumah saudara ibumu yang laki-laki, dirumah saudara ibumu yang perempuan, dirumah yang kamu miliki kuncinya atau dirumah kawan-kawanmu. Tidak ada halangan bagi kamu makan bersama-sama mereka atau sendirian. Maka apabila kamu memasuki (suatu rumah dari) rumah-rumah (ini) hendaklah kamu memberi salam kepada (penghuninya yang berarti memberi salam) kepada dirimu sendiri, salam yang ditetapkan dari sisi Allah, yang diberi berkat lagi baik. Demikianlah Allah menjelaskan ayat-ayatnya(Nya) bagimu, agar kamu memahaminya."},{"number":62,"text":"إِنَّمَا ٱلْمُؤْمِنُونَ ٱلَّذِينَ ءَامَنُوا۟ بِٱللَّهِ وَرَسُولِهِۦ وَإِذَا كَانُوا۟ مَعَهُۥ عَلَىٰٓ أَمْرٍ جَامِعٍ لَّمْ يَذْهَبُوا۟ حَتَّىٰ يَسْتَـْٔذِنُوهُ إِنَّ ٱلَّذِينَ يَسْتَـْٔذِنُونَكَ أُو۟لَٰٓئِكَ ٱلَّذِينَ يُؤْمِنُونَ بِٱللَّهِ وَرَسُولِهِۦ فَإِذَا ٱسْتَـْٔذَنُوكَ لِبَعْضِ شَأْنِهِمْ فَأْذَن لِّمَن شِئْتَ مِنْهُمْ وَٱسْتَغْفِرْ لَهُمُ ٱللَّهَ إِنَّ ٱللَّهَ غَفُورٌ رَّحِيمٌ","translation_en":"The believers are only those who believe in Allah and His Messenger and, when they are [meeting] with him for a matter of common interest, do not depart until they have asked his permission. Indeed, those who ask your permission, [O Muhammad] - those are the ones who believe in Allah and His Messenger. So when they ask your permission for something of their affairs, then give permission to whom you will among them and ask forgiveness for them of Allah. Indeed, Allah is Forgiving and Merciful.","translation_id":"Sesungguhnya yang sebenar-benar orang mukmin ialah orang-orang yang beriman kepada Allah dan Rasul-Nya, dan apabila mereka berada bersama-sama Rasulullah dalam sesuatu urusan yang memerlukan pertemuan, mereka tidak meninggalkan (Rasulullah) sebelum meminta izin kepadanya. Sesungguhnya orang-orang yang meminta izin kepadamu (Muhammad) mereka itulah orang-orang yang beriman kepada Allah dan rasul-Nya, maka apabila mereka meminta izin kepadamu karena sesuatu keperluan, berilah izin kepada siapa yang kamu kehendaki di antara mereka, dan mohonkanlah ampunan untuk mereka kepada Allah. Sesungguhnya Allah Maha Pengampun lagi Maha Penyayang."},{"number":63,"text":"لَّا تَجْعَلُوا۟ دُعَآءَ ٱلرَّسُولِ بَيْنَكُمْ كَدُعَآءِ بَعْضِكُم بَعْضًا قَدْ يَعْلَمُ ٱللَّهُ ٱلَّذِينَ يَتَسَلَّلُونَ مِنكُمْ لِوَاذًا فَلْيَحْذَرِ ٱلَّذِينَ يُخَالِفُونَ عَنْ أَمْرِهِۦٓ أَن تُصِيبَهُمْ فِتْنَةٌ أَوْ يُصِيبَهُمْ عَذَابٌ أَلِيمٌ","translation_en":"Do not make [your] calling of the Messenger among yourselves as the call of one of you to another. Already Allah knows those of you who slip away, concealed by others. So let those beware who dissent from the Prophet's order, lest fitnah strike them or a painful punishment.","translation_id":"Janganlah kamu jadikan panggilan Rasul diantara kamu seperti panggilan sebahagian kamu kepada sebahagian (yang lain). Sesungguhnya Allah telah mengetahui orang-orang yang berangsur-angsur pergi di antara kamu dengan berlindung (kepada kawannya), maka hendaklah orang-orang yang menyalahi perintah Rasul takut akan ditimpa cobaan atau ditimpa azab yang pedih."},{"number":64,"text":"أَلَآ إِنَّ لِلَّهِ مَا فِى ٱلسَّمَٰوَٰتِ وَٱلْأَرْضِ قَدْ يَعْلَمُ مَآ أَنتُمْ عَلَيْهِ وَيَوْمَ يُرْجَعُونَ إِلَيْهِ فَيُنَبِّئُهُم بِمَا عَمِلُوا۟ وَٱللَّهُ بِكُلِّ شَىْءٍ عَلِيمٌۢ","translation_en":"Unquestionably, to Allah belongs whatever is in the heavens and earth. Already He knows that upon which you [stand] and [knows] the Day when they will be returned to Him and He will inform them of what they have done. And Allah is Knowing of all things.","translation_id":"Ketahuilah sesungguhnya kepunyaan Allahlah apa yang di langit dan di bumi. Sesungguhnya Dia mengetahui keadaan yang kamu berada di dalamnya (sekarang). Dan (mengetahui pula) hati (manusia) dikembalikan kepada-Nya, lalu diterangkan-Nya kepada mereka apa yang telah mereka kerjakan. Dan Allah Maha mengehui segala sesuatu."}]}