{"number":27,"name":"سورة النمل","transliteration_en":"An-Naml","translation_en":"The Ant","total_verses":93,"revelation_type":"Meccan","verses":[{"number":1,"text":"بِسْمِ ٱللَّهِ ٱلرَّحْمَٰنِ ٱلرَّحِيمِ طسٓ تِلْكَ ءَايَٰتُ ٱلْقُرْءَانِ وَكِتَابٍ مُّبِينٍ","translation_en":"Ta, Seen. These are the verses of the Qur'an and a clear Book","translation_id":"Thaa Siin (Surat) ini adalah ayat-ayat Al Quran, dan (ayat-ayat) Kitab yang menjelaskan,"},{"number":2,"text":"هُدًى وَبُشْرَىٰ لِلْمُؤْمِنِينَ","translation_en":"As guidance and good tidings for the believers","translation_id":"untuk menjadi petunjuk dan berita gembira untuk orang-orang yang beriman,"},{"number":3,"text":"ٱلَّذِينَ يُقِيمُونَ ٱلصَّلَوٰةَ وَيُؤْتُونَ ٱلزَّكَوٰةَ وَهُم بِٱلْءَاخِرَةِ هُمْ يُوقِنُونَ","translation_en":"Who establish prayer and give zakah, and of the Hereafter they are certain [in faith].","translation_id":"(yaitu) orang-orang yang mendirikan sembahyang dan menunaikan zakat dan mereka yakin akan adanya negeri akhirat."},{"number":4,"text":"إِنَّ ٱلَّذِينَ لَا يُؤْمِنُونَ بِٱلْءَاخِرَةِ زَيَّنَّا لَهُمْ أَعْمَٰلَهُمْ فَهُمْ يَعْمَهُونَ","translation_en":"Indeed, for those who do not believe in the Hereafter, We have made pleasing to them their deeds, so they wander blindly.","translation_id":"Sesungguhnya orang-orang yang tidak beriman kepada negeri akhirat, Kami jadikan mereka memandang indah perbuatan-perbuatan mereka, maka mereka bergelimang (dalam kesesatan)."},{"number":5,"text":"أُو۟لَٰٓئِكَ ٱلَّذِينَ لَهُمْ سُوٓءُ ٱلْعَذَابِ وَهُمْ فِى ٱلْءَاخِرَةِ هُمُ ٱلْأَخْسَرُونَ","translation_en":"Those are the ones for whom there will be the worst of punishment, and in the Hereafter they are the greatest losers.","translation_id":"Mereka itulah orang-orang yang mendapat (di dunia) azab yang buruk dan mereka di akhirat adalah orang-orang yang paling merugi."},{"number":6,"text":"وَإِنَّكَ لَتُلَقَّى ٱلْقُرْءَانَ مِن لَّدُنْ حَكِيمٍ عَلِيمٍ","translation_en":"And indeed, [O Muhammad], you receive the Qur'an from one Wise and Knowing.","translation_id":"Dan sesungguhnya kamu benar-benar diberi Al Quran dari sisi (Allah) Yang Maha Bijaksana lagi Maha Mengetahui."},{"number":7,"text":"إِذْ قَالَ مُوسَىٰ لِأَهْلِهِۦٓ إِنِّىٓ ءَانَسْتُ نَارًا سَـَٔاتِيكُم مِّنْهَا بِخَبَرٍ أَوْ ءَاتِيكُم بِشِهَابٍ قَبَسٍ لَّعَلَّكُمْ تَصْطَلُونَ","translation_en":"[Mention] when Moses said to his family, \"Indeed, I have perceived a fire. I will bring you from there information or will bring you a burning torch that you may warm yourselves.\"","translation_id":"(Ingatlah) ketika Musa berkata kepada keluarganya: \"Sesungguhnya aku melihat api. Aku kelak akan membawa kepadamu khabar daripadanya, atau aku membawa kepadamu suluh api supaya kamu dapat berdiang\"."},{"number":8,"text":"فَلَمَّا جَآءَهَا نُودِىَ أَنۢ بُورِكَ مَن فِى ٱلنَّارِ وَمَنْ حَوْلَهَا وَسُبْحَٰنَ ٱللَّهِ رَبِّ ٱلْعَٰلَمِينَ","translation_en":"But when he came to it, he was called, \"Blessed is whoever is at the fire and whoever is around it. And exalted is Allah, Lord of the worlds.","translation_id":"Maka tatkala dia tiba di (tempat) api itu, diserulah dia: \"Bahwa telah diberkati orang-orang yang berada di dekat api itu, dan orang-orang yang berada di sekitarnya. Dan Maha Suci Allah, Tuhan semesta alam\"."},{"number":9,"text":"يَٰمُوسَىٰٓ إِنَّهُۥٓ أَنَا ٱللَّهُ ٱلْعَزِيزُ ٱلْحَكِيمُ","translation_en":"O Moses, indeed it is I - Allah, the Exalted in Might, the Wise.\"","translation_id":"(Allah berfirman): \"Hai Musa, sesungguhnya, Akulah Allah, Yang Maha Perkasa lagi Maha Bijaksana."},{"number":10,"text":"وَأَلْقِ عَصَاكَ فَلَمَّا رَءَاهَا تَهْتَزُّ كَأَنَّهَا جَآنٌّ وَلَّىٰ مُدْبِرًا وَلَمْ يُعَقِّبْ يَٰمُوسَىٰ لَا تَخَفْ إِنِّى لَا يَخَافُ لَدَىَّ ٱلْمُرْسَلُونَ","translation_en":"And [he was told], \"Throw down your staff.\" But when he saw it writhing as if it were a snake, he turned in flight and did not return. [Allah said], \"O Moses, fear not. Indeed, in My presence the messengers do not fear.","translation_id":"dan lemparkanlah tongkatmu\". Maka tatkala (tongkat itu menjadi ular dan) Musa melihatnya bergerak-gerak seperti dia seekor ular yang gesit, larilah ia berbalik ke belakang tanpa menoleh. \"Hai Musa, janganlah kamu takut. Sesungguhnya orang yang dijadikan rasul, tidak takut di hadapan-Ku."},{"number":11,"text":"إِلَّا مَن ظَلَمَ ثُمَّ بَدَّلَ حُسْنًۢا بَعْدَ سُوٓءٍ فَإِنِّى غَفُورٌ رَّحِيمٌ","translation_en":"Otherwise, he who wrongs, then substitutes good after evil - indeed, I am Forgiving and Merciful.","translation_id":"tetapi orang yang berlaku zalim, kemudian ditukarnya kezalimannya dengan kebaikan (Allah akan mengampuninya); maka seaungguhnya Aku Maha Pangampun lagi Maha Penyayang."},{"number":12,"text":"وَأَدْخِلْ يَدَكَ فِى جَيْبِكَ تَخْرُجْ بَيْضَآءَ مِنْ غَيْرِ سُوٓءٍ فِى تِسْعِ ءَايَٰتٍ إِلَىٰ فِرْعَوْنَ وَقَوْمِهِۦٓ إِنَّهُمْ كَانُوا۟ قَوْمًا فَٰسِقِينَ","translation_en":"And put your hand into the opening of your garment [at the breast]; it will come out white without disease. [These are] among the nine signs [you will take] to Pharaoh and his people. Indeed, they have been a people defiantly disobedient.\"","translation_id":"Dan masukkanlah tanganmu ke leher bajumu, niscaya ia akan ke luar putih (bersinar) bukan karena penyakit. (Kedua mukjizat ini) termasuk sembilan buah mukjizat (yang akan dikemukakan) kepada Fir'aun dan kaumnya. Sesungguhnya mereka adalah kaum yang fasik\"."},{"number":13,"text":"فَلَمَّا جَآءَتْهُمْ ءَايَٰتُنَا مُبْصِرَةً قَالُوا۟ هَٰذَا سِحْرٌ مُّبِينٌ","translation_en":"But when there came to them Our visible signs, they said, \"This is obvious magic.\"","translation_id":"Maka tatkala mukjizat-mukjizat Kami yang jelas itu sampai kepada mereka, berkatalah mereka: \"Ini adalah sihir yang nyata\"."},{"number":14,"text":"وَجَحَدُوا۟ بِهَا وَٱسْتَيْقَنَتْهَآ أَنفُسُهُمْ ظُلْمًا وَعُلُوًّا فَٱنظُرْ كَيْفَ كَانَ عَٰقِبَةُ ٱلْمُفْسِدِينَ","translation_en":"And they rejected them, while their [inner] selves were convinced thereof, out of injustice and haughtiness. So see how was the end of the corrupters.","translation_id":"Dan mereka mengingkarinya karena kezaliman dan kesombongan (mereka) padahal hati mereka meyakini (kebenaran)nya. Maka perhatikanlah betapa kesudahan orang-orang yang berbuat kebinasaan."},{"number":15,"text":"وَلَقَدْ ءَاتَيْنَا دَاوُۥدَ وَسُلَيْمَٰنَ عِلْمًا وَقَالَا ٱلْحَمْدُ لِلَّهِ ٱلَّذِى فَضَّلَنَا عَلَىٰ كَثِيرٍ مِّنْ عِبَادِهِ ٱلْمُؤْمِنِينَ","translation_en":"And We had certainly given to David and Solomon knowledge, and they said, \"Praise [is due] to Allah, who has favored us over many of His believing servants.\"","translation_id":"Dan sesungguhnya Kami telah memberi ilmu kepada Daud dan Sulaiman; dan keduanya mengucapkan: \"Segala puji bagi Allah yang melebihkan kami dari kebanyakan hamba-hambanya yang beriman\"."},{"number":16,"text":"وَوَرِثَ سُلَيْمَٰنُ دَاوُۥدَ وَقَالَ يَٰٓأَيُّهَا ٱلنَّاسُ عُلِّمْنَا مَنطِقَ ٱلطَّيْرِ وَأُوتِينَا مِن كُلِّ شَىْءٍ إِنَّ هَٰذَا لَهُوَ ٱلْفَضْلُ ٱلْمُبِينُ","translation_en":"And Solomon inherited David. He said, \"O people, we have been taught the language of birds, and we have been given from all things. Indeed, this is evident bounty.\"","translation_id":"Dan Sulaiman telah mewarisi Daud, dan dia berkata: \"Hai Manusia, kami telah diberi pengertian tentang suara burung dan kami diberi segala sesuatu. Sesungguhnya (semua) ini benar-benar suatu kurnia yang nyata\"."},{"number":17,"text":"وَحُشِرَ لِسُلَيْمَٰنَ جُنُودُهُۥ مِنَ ٱلْجِنِّ وَٱلْإِنسِ وَٱلطَّيْرِ فَهُمْ يُوزَعُونَ","translation_en":"And gathered for Solomon were his soldiers of the jinn and men and birds, and they were [marching] in rows.","translation_id":"Dan dihimpunkan untuk Sulaiman tentaranya dari jin, manusia dan burung lalu mereka itu diatur dengan tertib (dalam barisan)."},{"number":18,"text":"حَتَّىٰٓ إِذَآ أَتَوْا۟ عَلَىٰ وَادِ ٱلنَّمْلِ قَالَتْ نَمْلَةٌ يَٰٓأَيُّهَا ٱلنَّمْلُ ٱدْخُلُوا۟ مَسَٰكِنَكُمْ لَا يَحْطِمَنَّكُمْ سُلَيْمَٰنُ وَجُنُودُهُۥ وَهُمْ لَا يَشْعُرُونَ","translation_en":"Until, when they came upon the valley of the ants, an ant said, \"O ants, enter your dwellings that you not be crushed by Solomon and his soldiers while they perceive not.\"","translation_id":"Hingga apabila mereka sampai di lembah semut berkatalah seekor semut: Hai semut-semut, masuklah ke dalam sarang-sarangmu, agar kamu tidak diinjak oleh Sulaiman dan tentaranya, sedangkan mereka tidak menyadari\";"},{"number":19,"text":"فَتَبَسَّمَ ضَاحِكًا مِّن قَوْلِهَا وَقَالَ رَبِّ أَوْزِعْنِىٓ أَنْ أَشْكُرَ نِعْمَتَكَ ٱلَّتِىٓ أَنْعَمْتَ عَلَىَّ وَعَلَىٰ وَٰلِدَىَّ وَأَنْ أَعْمَلَ صَٰلِحًا تَرْضَىٰهُ وَأَدْخِلْنِى بِرَحْمَتِكَ فِى عِبَادِكَ ٱلصَّٰلِحِينَ","translation_en":"So [Solomon] smiled, amused at her speech, and said, \"My Lord, enable me to be grateful for Your favor which You have bestowed upon me and upon my parents and to do righteousness of which You approve. And admit me by Your mercy into [the ranks of] Your righteous servants.\"","translation_id":"maka dia tersenyum dengan tertawa karena (mendengar) perkataan semut itu. Dan dia berdoa: \"Ya Tuhanku berilah aku ilham untuk tetap mensyukuri nikmat Mu yang telah Engkau anugerahkan kepadaku dan kepada dua orang ibu bapakku dan untuk mengerjakan amal saleh yang Engkau ridhai; dan masukkanlah aku dengan rahmat-Mu ke dalam golongan hamba-hamba-Mu yang saleh\"."},{"number":20,"text":"وَتَفَقَّدَ ٱلطَّيْرَ فَقَالَ مَا لِىَ لَآ أَرَى ٱلْهُدْهُدَ أَمْ كَانَ مِنَ ٱلْغَآئِبِينَ","translation_en":"And he took attendance of the birds and said, \"Why do I not see the hoopoe - or is he among the absent?","translation_id":"Dan dia memeriksa burung-burung lalu berkata: \"Mengapa aku tidak melihat hud-hud, apakah dia termasuk yang tidak hadir."},{"number":21,"text":"لَأُعَذِّبَنَّهُۥ عَذَابًا شَدِيدًا أَوْ لَأَا۟ذْبَحَنَّهُۥٓ أَوْ لَيَأْتِيَنِّى بِسُلْطَٰنٍ مُّبِينٍ","translation_en":"I will surely punish him with a severe punishment or slaughter him unless he brings me clear authorization.\"","translation_id":"Sungguh aku benar-benar akan mengazabnya dengan azab yang keras atau benar-benar menyembelihnya kecuali jika benar-benar dia datang kepadaku dengan alasan yang terang\"."},{"number":22,"text":"فَمَكَثَ غَيْرَ بَعِيدٍ فَقَالَ أَحَطتُ بِمَا لَمْ تُحِطْ بِهِۦ وَجِئْتُكَ مِن سَبَإٍۭ بِنَبَإٍ يَقِينٍ","translation_en":"But the hoopoe stayed not long and said, \"I have encompassed [in knowledge] that which you have not encompassed, and I have come to you from Sheba with certain news.","translation_id":"Maka tidak lama kemudian (datanglah hud-hud), lalu ia berkata: \"Aku telah mengetahui sesuatu yang kamu belum mengetahuinya; dan kubawa kepadamu dari negeri Saba suatu berita penting yang diyakini."},{"number":23,"text":"إِنِّى وَجَدتُّ ٱمْرَأَةً تَمْلِكُهُمْ وَأُوتِيَتْ مِن كُلِّ شَىْءٍ وَلَهَا عَرْشٌ عَظِيمٌ","translation_en":"Indeed, I found [there] a woman ruling them, and she has been given of all things, and she has a great throne.","translation_id":"Sesungguhnya aku menjumpai seorang wanita yang memerintah mereka, dan dia dianugerahi segala sesuatu serta mempunyai singgasana yang besar."},{"number":24,"text":"وَجَدتُّهَا وَقَوْمَهَا يَسْجُدُونَ لِلشَّمْسِ مِن دُونِ ٱللَّهِ وَزَيَّنَ لَهُمُ ٱلشَّيْطَٰنُ أَعْمَٰلَهُمْ فَصَدَّهُمْ عَنِ ٱلسَّبِيلِ فَهُمْ لَا يَهْتَدُونَ","translation_en":"I found her and her people prostrating to the sun instead of Allah, and Satan has made their deeds pleasing to them and averted them from [His] way, so they are not guided,","translation_id":"Aku mendapati dia dan kaumnya menyembah matahari, selain Allah; dan syaitan telah menjadikan mereka memandang indah perbuatan-perbuatan mereka lalu menghalangi mereka dari jalan (Allah), sehingga mereka tidak dapat petunjuk,"},{"number":25,"text":"أَلَّا يَسْجُدُوا۟ لِلَّهِ ٱلَّذِى يُخْرِجُ ٱلْخَبْءَ فِى ٱلسَّمَٰوَٰتِ وَٱلْأَرْضِ وَيَعْلَمُ مَا تُخْفُونَ وَمَا تُعْلِنُونَ","translation_en":"[And] so they do not prostrate to Allah, who brings forth what is hidden within the heavens and the earth and knows what you conceal and what you declare -","translation_id":"agar mereka tidak menyembah Allah Yang mengeluarkan apa yang terpendam di langit dan di bumi dan Yang mengetahui apa yang kamu sembunyikan dan apa yang kamu nyatakan."},{"number":26,"text":"ٱللَّهُ لَآ إِلَٰهَ إِلَّا هُوَ رَبُّ ٱلْعَرْشِ ٱلْعَظِيمِ","translation_en":"Allah - there is no deity except Him, Lord of the Great Throne.\"","translation_id":"Allah, tiada Tuhan Yang disembah kecuali Dia, Tuhan Yang mempunyai 'Arsy yang besar\"."},{"number":27,"text":"قَالَ سَنَنظُرُ أَصَدَقْتَ أَمْ كُنتَ مِنَ ٱلْكَٰذِبِينَ","translation_en":"[Solomon] said, \"We will see whether you were truthful or were of the liars.","translation_id":"Berkata Sulaiman: \"Akan kami lihat, apa kamu benar, ataukah kamu termasuk orang-orang yang berdusta."},{"number":28,"text":"ٱذْهَب بِّكِتَٰبِى هَٰذَا فَأَلْقِهْ إِلَيْهِمْ ثُمَّ تَوَلَّ عَنْهُمْ فَٱنظُرْ مَاذَا يَرْجِعُونَ","translation_en":"Take this letter of mine and deliver it to them. Then leave them and see what [answer] they will return.\"","translation_id":"Pergilah dengan (membawa) suratku ini, lalu jatuhkan kepada mereka, kemudian berpalinglah dari mereka, lalu perhatikanlah apa yang mereka bicarakan\""},{"number":29,"text":"قَالَتْ يَٰٓأَيُّهَا ٱلْمَلَؤُا۟ إِنِّىٓ أُلْقِىَ إِلَىَّ كِتَٰبٌ كَرِيمٌ","translation_en":"She said, \"O eminent ones, indeed, to me has been delivered a noble letter.","translation_id":"Berkata ia (Balqis): \"Hai pembesar-pembesar, sesungguhnya telah dijatuhkan kepadaku sebuah surat yang mulia."},{"number":30,"text":"إِنَّهُۥ مِن سُلَيْمَٰنَ وَإِنَّهُۥ بِسْمِ ٱللَّهِ ٱلرَّحْمَٰنِ ٱلرَّحِيمِ","translation_en":"Indeed, it is from Solomon, and indeed, it reads: 'In the name of Allah, the Entirely Merciful, the Especially Merciful,","translation_id":"Sesungguhnya surat itu, dari SuIaiman dan sesungguhnya (isi)nya: \"Dengan menyebut nama Allah Yang Maha Pemurah lagi Maha Penyayang."},{"number":31,"text":"أَلَّا تَعْلُوا۟ عَلَىَّ وَأْتُونِى مُسْلِمِينَ","translation_en":"Be not haughty with me but come to me in submission [as Muslims].' \"","translation_id":"Bahwa janganlah kamu sekalian berlaku sombong terhadapku dan datanglah kepadaku sebagai orang-orang yang berserah diri\"."},{"number":32,"text":"قَالَتْ يَٰٓأَيُّهَا ٱلْمَلَؤُا۟ أَفْتُونِى فِىٓ أَمْرِى مَا كُنتُ قَاطِعَةً أَمْرًا حَتَّىٰ تَشْهَدُونِ","translation_en":"She said, \"O eminent ones, advise me in my affair. I would not decide a matter until you witness [for] me.\"","translation_id":"Berkata dia (Balqis): \"Hai para pembesar berilah aku pertimbangan dalam urusanku (ini) aku tidak pernah memutuskan sesuatu persoalan sebelum kamu berada dalam majelis(ku)\"."},{"number":33,"text":"قَالُوا۟ نَحْنُ أُو۟لُوا۟ قُوَّةٍ وَأُو۟لُوا۟ بَأْسٍ شَدِيدٍ وَٱلْأَمْرُ إِلَيْكِ فَٱنظُرِى مَاذَا تَأْمُرِينَ","translation_en":"They said, \"We are men of strength and of great military might, but the command is yours, so see what you will command.\"","translation_id":"Mereka menjawab: \"Kita adalah orang-orang yang memiliki kekuatan dan (juga) memiliki keberanian yang sangat (dalam peperangan), dan keputusan berada ditanganmu: maka pertimbangkanlah apa yang akan kamu perintahkan\"."},{"number":34,"text":"قَالَتْ إِنَّ ٱلْمُلُوكَ إِذَا دَخَلُوا۟ قَرْيَةً أَفْسَدُوهَا وَجَعَلُوٓا۟ أَعِزَّةَ أَهْلِهَآ أَذِلَّةً وَكَذَٰلِكَ يَفْعَلُونَ","translation_en":"She said, \"Indeed kings - when they enter a city, they ruin it and render the honored of its people humbled. And thus do they do.","translation_id":"Dia berkata: \"Sesungguhnya raja-raja apabila memasuki suatu negeri, niscaya mereka membinasakannya, dan menjadikan penduduknya yang mulia jadi hina; dan demikian pulalah yang akan mereka perbuat."},{"number":35,"text":"وَإِنِّى مُرْسِلَةٌ إِلَيْهِم بِهَدِيَّةٍ فَنَاظِرَةٌۢ بِمَ يَرْجِعُ ٱلْمُرْسَلُونَ","translation_en":"But indeed, I will send to them a gift and see with what [reply] the messengers will return.\"","translation_id":"Dan sesungguhnya aku akan mengirim utusan kepada mereka dengan (membawa) hadiah, dan (aku akan) menunggu apa yang akan dibawa kembali oleh utusan-utusan itu\"."},{"number":36,"text":"فَلَمَّا جَآءَ سُلَيْمَٰنَ قَالَ أَتُمِدُّونَنِ بِمَالٍ فَمَآ ءَاتَىٰنِۦَ ٱللَّهُ خَيْرٌ مِّمَّآ ءَاتَىٰكُم بَلْ أَنتُم بِهَدِيَّتِكُمْ تَفْرَحُونَ","translation_en":"So when they came to Solomon, he said, \"Do you provide me with wealth? But what Allah has given me is better than what He has given you. Rather, it is you who rejoice in your gift.","translation_id":"Maka tatkala utusan itu sampai kepada Sulaiman, Sulaiman berkata: \"Apakah (patut) kamu menolong aku dengan harta? maka apa yang diberikan Allah kepadaku lebih baik daripada apa yang diberikan-Nya kepadamu; tetapi kamu merasa bangga dengan hadiahmu."},{"number":37,"text":"ٱرْجِعْ إِلَيْهِمْ فَلَنَأْتِيَنَّهُم بِجُنُودٍ لَّا قِبَلَ لَهُم بِهَا وَلَنُخْرِجَنَّهُم مِّنْهَآ أَذِلَّةً وَهُمْ صَٰغِرُونَ","translation_en":"Return to them, for we will surely come to them with soldiers that they will be powerless to encounter, and we will surely expel them therefrom in humiliation, and they will be debased.\"","translation_id":"Kembalilah kepada mereka sungguh kami akan mendatangi mereka dengan balatentara yang mereka tidak kuasa melawannya, dan pasti kami akan mengusir mereka dari negeri itu (Saba) dengan terhina dan mereka menjadi (tawanan-tawanan) yang hina dina\"."},{"number":38,"text":"قَالَ يَٰٓأَيُّهَا ٱلْمَلَؤُا۟ أَيُّكُمْ يَأْتِينِى بِعَرْشِهَا قَبْلَ أَن يَأْتُونِى مُسْلِمِينَ","translation_en":"[Solomon] said, \"O assembly [of jinn], which of you will bring me her throne before they come to me in submission?\"","translation_id":"Berkata Sulaiman: \"Hai pembesar-pembesar, siapakah di antara kamu sekalian yang sanggup membawa singgasananya kepadaku sebelum mereka datang kepadaku sebagai orang-orang yang berserah diri\"."},{"number":39,"text":"قَالَ عِفْرِيتٌ مِّنَ ٱلْجِنِّ أَنَا۠ ءَاتِيكَ بِهِۦ قَبْلَ أَن تَقُومَ مِن مَّقَامِكَ وَإِنِّى عَلَيْهِ لَقَوِىٌّ أَمِينٌ","translation_en":"A powerful one from among the jinn said, \"I will bring it to you before you rise from your place, and indeed, I am for this [task] strong and trustworthy.\"","translation_id":"Berkata 'Ifrit (yang cerdik) dari golongan jin: \"Aku akan datang kepadamu dengan membawa singgsana itu kepadamu sebelum kamu berdiri dari tempat dudukmu; sesungguhnya aku benar-benar kuat untuk membawanya lagi dapat dipercaya\"."},{"number":40,"text":"قَالَ ٱلَّذِى عِندَهُۥ عِلْمٌ مِّنَ ٱلْكِتَٰبِ أَنَا۠ ءَاتِيكَ بِهِۦ قَبْلَ أَن يَرْتَدَّ إِلَيْكَ طَرْفُكَ فَلَمَّا رَءَاهُ مُسْتَقِرًّا عِندَهُۥ قَالَ هَٰذَا مِن فَضْلِ رَبِّى لِيَبْلُوَنِىٓ ءَأَشْكُرُ أَمْ أَكْفُرُ وَمَن شَكَرَ فَإِنَّمَا يَشْكُرُ لِنَفْسِهِۦ وَمَن كَفَرَ فَإِنَّ رَبِّى غَنِىٌّ كَرِيمٌ","translation_en":"Said one who had knowledge from the Scripture, \"I will bring it to you before your glance returns to you.\" And when [Solomon] saw it placed before him, he said, \"This is from the favor of my Lord to test me whether I will be grateful or ungrateful. And whoever is grateful - his gratitude is only for [the benefit of] himself. And whoever is ungrateful - then indeed, my Lord is Free of need and Generous.\"","translation_id":"Berkatalah seorang yang mempunyai ilmu dari Al Kitab: \"Aku akan membawa singgasana itu kepadamu sebelum matamu berkedip\". Maka tatkala Sulaiman melihat singgasana itu terletak di hadapannya, iapun berkata: \"Ini termasuk kurnia Tuhanku untuk mencoba aku apakah aku bersyukur atau mengingkari (akan nikmat-Nya). Dan barangsiapa yang bersyukur maka sesungguhnya dia bersyukur untuk (kebaikan) dirinya sendiri dan barangsiapa yang ingkar, maka sesungguhnya Tuhanku Maha Kaya lagi Maha Mulia\"."},{"number":41,"text":"قَالَ نَكِّرُوا۟ لَهَا عَرْشَهَا نَنظُرْ أَتَهْتَدِىٓ أَمْ تَكُونُ مِنَ ٱلَّذِينَ لَا يَهْتَدُونَ","translation_en":"He said, \"Disguise for her her throne; we will see whether she will be guided [to truth] or will be of those who is not guided.\"","translation_id":"Dia berkata: \"Rubahlah baginya singgasananya; maka kita akan melihat apakah dia mengenal ataukah dia termasuk orang-orang yang tidak mengenal(nya)\"."},{"number":42,"text":"فَلَمَّا جَآءَتْ قِيلَ أَهَٰكَذَا عَرْشُكِ قَالَتْ كَأَنَّهُۥ هُوَ وَأُوتِينَا ٱلْعِلْمَ مِن قَبْلِهَا وَكُنَّا مُسْلِمِينَ","translation_en":"So when she arrived, it was said [to her], \"Is your throne like this?\" She said, \"[It is] as though it was it.\" [Solomon said], \"And we were given knowledge before her, and we have been Muslims [in submission to Allah].","translation_id":"Dan ketika Balqis datang, ditanyakanlah kepadanya: \"Serupa inikah singgasanamu?\" Dia menjawab: \"Seakan-akan singgasana ini singgasanaku, kami telah diberi pengetahuan sebelumnya dan kami adalah orang-orang yang berserah diri\"."},{"number":43,"text":"وَصَدَّهَا مَا كَانَت تَّعْبُدُ مِن دُونِ ٱللَّهِ إِنَّهَا كَانَتْ مِن قَوْمٍ كَٰفِرِينَ","translation_en":"And that which she was worshipping other than Allah had averted her [from submission to Him]. Indeed, she was from a disbelieving people.\"","translation_id":"Dan apa yang disembahnya selama ini selain Allah, mencegahnya (untuk melahirkan keislamannya), karena sesungguhnya dia dahulunya termasuk orang-orang yang kafir."},{"number":44,"text":"قِيلَ لَهَا ٱدْخُلِى ٱلصَّرْحَ فَلَمَّا رَأَتْهُ حَسِبَتْهُ لُجَّةً وَكَشَفَتْ عَن سَاقَيْهَا قَالَ إِنَّهُۥ صَرْحٌ مُّمَرَّدٌ مِّن قَوَارِيرَ قَالَتْ رَبِّ إِنِّى ظَلَمْتُ نَفْسِى وَأَسْلَمْتُ مَعَ سُلَيْمَٰنَ لِلَّهِ رَبِّ ٱلْعَٰلَمِينَ","translation_en":"She was told, \"Enter the palace.\" But when she saw it, she thought it was a body of water and uncovered her shins [to wade through]. He said, \"Indeed, it is a palace [whose floor is] made smooth with glass.\" She said, \"My Lord, indeed I have wronged myself, and I submit with Solomon to Allah, Lord of the worlds.\"","translation_id":"Dikatakan kepadanya: \"Masuklah ke dalam istana\". Maka tatkala dia melihat lantai istana itu, dikiranya kolam air yang besar, dan disingkapkannya kedua betisnya. Berkatalah Sulaiman: \"Sesungguhnya ia adalah istana licin terbuat dari kaca\". Berkatalah Balqis: \"Ya Tuhanku, sesungguhnya aku telah berbuat zalim terhadap diriku dan aku berserah diri bersama Sulaiman kepada Allah, Tuhan semesta alam\"."},{"number":45,"text":"وَلَقَدْ أَرْسَلْنَآ إِلَىٰ ثَمُودَ أَخَاهُمْ صَٰلِحًا أَنِ ٱعْبُدُوا۟ ٱللَّهَ فَإِذَا هُمْ فَرِيقَانِ يَخْتَصِمُونَ","translation_en":"And We had certainly sent to Thamud their brother Salih, [saying], \"Worship Allah,\" and at once they were two parties conflicting.","translation_id":"Dan sesungguhnya Kami telah mengutus kepada (kaum) Tsamud saudara mereka Shaleh (yang berseru): \"Sembahlah Allah\". Tetapi tiba-tiba mereka (jadi) dua golongan yang bermusuhan."},{"number":46,"text":"قَالَ يَٰقَوْمِ لِمَ تَسْتَعْجِلُونَ بِٱلسَّيِّئَةِ قَبْلَ ٱلْحَسَنَةِ لَوْلَا تَسْتَغْفِرُونَ ٱللَّهَ لَعَلَّكُمْ تُرْحَمُونَ","translation_en":"He said, \"O my people, why are you impatient for evil instead of good? Why do you not seek forgiveness of Allah that you may receive mercy?\"","translation_id":"Dia berkata: \"Hai kaumku mengapa kamu minta disegerakan keburukan sebelum (kamu minta) kebaikan? Hendaklah kamu meminta ampun kepada Allah, agar kamu mendapat rahmat\"."},{"number":47,"text":"قَالُوا۟ ٱطَّيَّرْنَا بِكَ وَبِمَن مَّعَكَ قَالَ طَٰٓئِرُكُمْ عِندَ ٱللَّهِ بَلْ أَنتُمْ قَوْمٌ تُفْتَنُونَ","translation_en":"They said, \"We consider you a bad omen, you and those with you.\" He said, \"Your omen is with Allah. Rather, you are a people being tested.\"","translation_id":"Mereka menjawab: \"Kami mendapat nasib yang malang, disebabkan kamu dan orang-orang yang besertamu\". Shaleh berkata: \"Nasibmu ada pada sisi Allah, (bukan kami yang menjadi sebab), tetapi kamu kaum yang diuji\"."},{"number":48,"text":"وَكَانَ فِى ٱلْمَدِينَةِ تِسْعَةُ رَهْطٍ يُفْسِدُونَ فِى ٱلْأَرْضِ وَلَا يُصْلِحُونَ","translation_en":"And there were in the city nine family heads causing corruption in the land and not amending [its affairs].","translation_id":"Dan adalah di kota itu sembilan orang laki-laki yang membuat kerusakan di muka bumi, dan mereka tidak berbuat kebaikan."},{"number":49,"text":"قَالُوا۟ تَقَاسَمُوا۟ بِٱللَّهِ لَنُبَيِّتَنَّهُۥ وَأَهْلَهُۥ ثُمَّ لَنَقُولَنَّ لِوَلِيِّهِۦ مَا شَهِدْنَا مَهْلِكَ أَهْلِهِۦ وَإِنَّا لَصَٰدِقُونَ","translation_en":"They said, \"Take a mutual oath by Allah that we will kill him by night, he and his family. Then we will say to his executor, 'We did not witness the destruction of his family, and indeed, we are truthful.' \"","translation_id":"Mereka berkata: \"Bersumpahlah kamu dengan nama Allah, bahwa kita sungguh-sungguh akan menyerangnya dengan tiba-tiba beserta keluarganya di malam hari, kemudian kita katakan kepada warisnya (bahwa) kita tidak menyaksikan kematian keluarganya itu, dan sesungguhnya kita adalah orang-orang yang benar\"."},{"number":50,"text":"وَمَكَرُوا۟ مَكْرًا وَمَكَرْنَا مَكْرًا وَهُمْ لَا يَشْعُرُونَ","translation_en":"And they planned a plan, and We planned a plan, while they perceived not.","translation_id":"Dan merekapun merencanakan makar dengan sungguh-sungguh dan Kami merencanakan makar (pula), sedang mereka tidak menyadari."},{"number":51,"text":"فَٱنظُرْ كَيْفَ كَانَ عَٰقِبَةُ مَكْرِهِمْ أَنَّا دَمَّرْنَٰهُمْ وَقَوْمَهُمْ أَجْمَعِينَ","translation_en":"Then look how was the outcome of their plan - that We destroyed them and their people, all.","translation_id":"Maka perhatikanlah betapa sesungguhnya akibat makar mereka itu, bahwasanya Kami membinasakan mereka dan kaum mereka semuanya."},{"number":52,"text":"فَتِلْكَ بُيُوتُهُمْ خَاوِيَةًۢ بِمَا ظَلَمُوٓا۟ إِنَّ فِى ذَٰلِكَ لَءَايَةً لِّقَوْمٍ يَعْلَمُونَ","translation_en":"So those are their houses, desolate because of the wrong they had done. Indeed in that is a sign for people who know.","translation_id":"Maka itulah rumah-rumah mereka dalam keadaan runtuh disebabkan kezaliman mereka. Sesungguhnya pada yang demikian itu (terdapat) pelajaran bagi kaum yang mengetahui."},{"number":53,"text":"وَأَنجَيْنَا ٱلَّذِينَ ءَامَنُوا۟ وَكَانُوا۟ يَتَّقُونَ","translation_en":"And We saved those who believed and used to fear Allah.","translation_id":"Dan telah Kami selamatkan orang-orang yang beriman dan mereka itu selalu bertakwa."},{"number":54,"text":"وَلُوطًا إِذْ قَالَ لِقَوْمِهِۦٓ أَتَأْتُونَ ٱلْفَٰحِشَةَ وَأَنتُمْ تُبْصِرُونَ","translation_en":"And [mention] Lot, when he said to his people, \"Do you commit immorality while you are seeing?","translation_id":"Dan (ingatlah kisah) Luth, ketika dia berkata kepada kaumnya: \"Mengapa kamu mengerjakan perbuatan fahisyah itu sedang kamu memperlihatkan(nya)?\""},{"number":55,"text":"أَئِنَّكُمْ لَتَأْتُونَ ٱلرِّجَالَ شَهْوَةً مِّن دُونِ ٱلنِّسَآءِ بَلْ أَنتُمْ قَوْمٌ تَجْهَلُونَ","translation_en":"Do you indeed approach men with desire instead of women? Rather, you are a people behaving ignorantly.\"","translation_id":"\"Mengapa kamu mendatangi laki-laki untuk (memenuhi) nafsu(mu), bukan (mendatangi) wanita? Sebenarnya kamu adalah kaum yang tidak mengetahui (akibat perbuatanmu)\"."},{"number":56,"text":"فَمَا كَانَ جَوَابَ قَوْمِهِۦٓ إِلَّآ أَن قَالُوٓا۟ أَخْرِجُوٓا۟ ءَالَ لُوطٍ مِّن قَرْيَتِكُمْ إِنَّهُمْ أُنَاسٌ يَتَطَهَّرُونَ","translation_en":"But the answer of his people was not except that they said, \"Expel the family of Lot from your city. Indeed, they are people who keep themselves pure.\"","translation_id":"Maka tidak lain jawaban kaumnya melainkan mengatakan: \"Usirlah Luth beserta keluarganya dari negerimu; karena sesungguhnya mereka itu orang-orang yang (mendakwakan dirinya) bersih\"."},{"number":57,"text":"فَأَنجَيْنَٰهُ وَأَهْلَهُۥٓ إِلَّا ٱمْرَأَتَهُۥ قَدَّرْنَٰهَا مِنَ ٱلْغَٰبِرِينَ","translation_en":"So We saved him and his family, except for his wife; We destined her to be of those who remained behind.","translation_id":"Maka Kami selamatkan dia beserta keluarganya, kecuali isterinya. Kami telah mentakdirkan dia termasuk orang-orang yang tertinggal (dibinasakan)."},{"number":58,"text":"وَأَمْطَرْنَا عَلَيْهِم مَّطَرًا فَسَآءَ مَطَرُ ٱلْمُنذَرِينَ","translation_en":"And We rained upon them a rain [of stones], and evil was the rain of those who were warned.","translation_id":"Dan Kami turunkan hujan atas mereka (hujan batu), maka amat buruklah hujan yang ditimpakan atas orang-orang yang diberi peringatan itu."},{"number":59,"text":"قُلِ ٱلْحَمْدُ لِلَّهِ وَسَلَٰمٌ عَلَىٰ عِبَادِهِ ٱلَّذِينَ ٱصْطَفَىٰٓ ءَآللَّهُ خَيْرٌ أَمَّا يُشْرِكُونَ","translation_en":"Say, [O Muhammad], \"Praise be to Allah, and peace upon His servants whom He has chosen. Is Allah better or what they associate with Him?\"","translation_id":"Katakanlah: \"Segala puji bagi Allah dan kesejahteraan atas hamba-hamba-Nya yang dipilih-Nya. Apakah Allah yang lebih baik, ataukah apa yang mereka persekutukan dengan Dia?\""},{"number":60,"text":"أَمَّنْ خَلَقَ ٱلسَّمَٰوَٰتِ وَٱلْأَرْضَ وَأَنزَلَ لَكُم مِّنَ ٱلسَّمَآءِ مَآءً فَأَنۢبَتْنَا بِهِۦ حَدَآئِقَ ذَاتَ بَهْجَةٍ مَّا كَانَ لَكُمْ أَن تُنۢبِتُوا۟ شَجَرَهَآ أَءِلَٰهٌ مَّعَ ٱللَّهِ بَلْ هُمْ قَوْمٌ يَعْدِلُونَ","translation_en":"[More precisely], is He [not best] who created the heavens and the earth and sent down for you rain from the sky, causing to grow thereby gardens of joyful beauty which you could not [otherwise] have grown the trees thereof? Is there a deity with Allah? [No], but they are a people who ascribe equals [to Him].","translation_id":"Atau siapakah yang telah menciptakan langit dan bumi dan yang menurunkan air untukmu dari langit, lalu Kami tumbuhkan dengan air itu kebun-kebun yang berpemandangan indah, yang kamu sekali-kali tidak mampu menumbuhkan pohon-pohonnya? Apakah disamping Allah ada tuhan (yang lain)? Bahkan (sebenarnya) mereka adalah orang-orang yang menyimpang (dari kebenaran)."},{"number":61,"text":"أَمَّن جَعَلَ ٱلْأَرْضَ قَرَارًا وَجَعَلَ خِلَٰلَهَآ أَنْهَٰرًا وَجَعَلَ لَهَا رَوَٰسِىَ وَجَعَلَ بَيْنَ ٱلْبَحْرَيْنِ حَاجِزًا أَءِلَٰهٌ مَّعَ ٱللَّهِ بَلْ أَكْثَرُهُمْ لَا يَعْلَمُونَ","translation_en":"Is He [not best] who made the earth a stable ground and placed within it rivers and made for it firmly set mountains and placed between the two seas a barrier? Is there a deity with Allah? [No], but most of them do not know.","translation_id":"Atau siapakah yang telah menjadikan bumi sebagai tempat berdiam, dan yang menjadikan sungai-sungai di celah-celahnya, dan yang menjadikan gunung-gunung untuk (mengkokohkan)nya dan menjadikan suatu pemisah antara dua laut? Apakah disamping Allah ada tuhan (yang lain)? Bahkan (sebenarnya) kebanyakan dari mereka tidak mengetahui."},{"number":62,"text":"أَمَّن يُجِيبُ ٱلْمُضْطَرَّ إِذَا دَعَاهُ وَيَكْشِفُ ٱلسُّوٓءَ وَيَجْعَلُكُمْ خُلَفَآءَ ٱلْأَرْضِ أَءِلَٰهٌ مَّعَ ٱللَّهِ قَلِيلًا مَّا تَذَكَّرُونَ","translation_en":"Is He [not best] who responds to the desperate one when he calls upon Him and removes evil and makes you inheritors of the earth? Is there a deity with Allah? Little do you remember.","translation_id":"Atau siapakah yang memperkenankan (doa) orang yang dalam kesulitan apabila ia berdoa kepada-Nya, dan yang menghilangkan kesusahan dan yang menjadikan kamu (manusia) sebagai khalifah di bumi? Apakah disamping Allah ada tuhan (yang lain)? Amat sedikitlah kamu mengingati(Nya)."},{"number":63,"text":"أَمَّن يَهْدِيكُمْ فِى ظُلُمَٰتِ ٱلْبَرِّ وَٱلْبَحْرِ وَمَن يُرْسِلُ ٱلرِّيَٰحَ بُشْرًۢا بَيْنَ يَدَىْ رَحْمَتِهِۦٓ أَءِلَٰهٌ مَّعَ ٱللَّهِ تَعَٰلَى ٱللَّهُ عَمَّا يُشْرِكُونَ","translation_en":"Is He [not best] who guides you through the darknesses of the land and sea and who sends the winds as good tidings before His mercy? Is there a deity with Allah? High is Allah above whatever they associate with Him.","translation_id":"Atau siapakah yang memimpin kamu dalam kegelapan di dataran dan lautan dan siapa (pula)kah yang mendatangkan angin sebagai kabar gembira sebelum (kedatangan) rahmat-Nya? Apakah disamping Allah ada tuhan (yang lain)? Maha Tinggi Allah terhadap apa yang mereka persekutukan (dengan-Nya)."},{"number":64,"text":"أَمَّن يَبْدَؤُا۟ ٱلْخَلْقَ ثُمَّ يُعِيدُهُۥ وَمَن يَرْزُقُكُم مِّنَ ٱلسَّمَآءِ وَٱلْأَرْضِ أَءِلَٰهٌ مَّعَ ٱللَّهِ قُلْ هَاتُوا۟ بُرْهَٰنَكُمْ إِن كُنتُمْ صَٰدِقِينَ","translation_en":"Is He [not best] who begins creation and then repeats it and who provides for you from the heaven and earth? Is there a deity with Allah? Say, \"Produce your proof, if you should be truthful.\"","translation_id":"Atau siapakah yang menciptakan (manusia dari permulaannya), kemudian mengulanginya (lagi), dan siapa (pula) yang memberikan rezeki kepadamu dari langit dan bumi? Apakah disamping Allah ada tuhan (yang lain)?. Katakanlah: \"Unjukkanlah bukti kebenaranmu, jika kamu memang orang-orang yang benar\"."},{"number":65,"text":"قُل لَّا يَعْلَمُ مَن فِى ٱلسَّمَٰوَٰتِ وَٱلْأَرْضِ ٱلْغَيْبَ إِلَّا ٱللَّهُ وَمَا يَشْعُرُونَ أَيَّانَ يُبْعَثُونَ","translation_en":"Say, \"None in the heavens and earth knows the unseen except Allah, and they do not perceive when they will be resurrected.\"","translation_id":"Katakanlah: \"Tidak ada seorangpun di langit dan di bumi yang mengetahui perkara yang ghaib, kecuali Allah\", dan mereka tidak mengetahui bila mereka akan dibangkitkan."},{"number":66,"text":"بَلِ ٱدَّٰرَكَ عِلْمُهُمْ فِى ٱلْءَاخِرَةِ بَلْ هُمْ فِى شَكٍّ مِّنْهَا بَلْ هُم مِّنْهَا عَمُونَ","translation_en":"Rather, their knowledge is arrested concerning the Hereafter. Rather, they are in doubt about it. Rather, they are, concerning it, blind.","translation_id":"Sebenarnya pengetahuan mereka tentang akhirat tidak sampai (kesana) malahan mereka ragu-ragu tentang akhirat itu, lebih-lebih lagi mereka buta daripadanya."},{"number":67,"text":"وَقَالَ ٱلَّذِينَ كَفَرُوٓا۟ أَءِذَا كُنَّا تُرَٰبًا وَءَابَآؤُنَآ أَئِنَّا لَمُخْرَجُونَ","translation_en":"And those who disbelieve say, \"When we have become dust as well as our forefathers, will we indeed be brought out [of the graves]?","translation_id":"Berkatalah orang-orang yang kafir: \"Apakah setelah kita menjadi tanah dan (begitu pula) bapak-bapak kita; apakah sesungguhnya kita akan dikeluarkan (dari kubur)?"},{"number":68,"text":"لَقَدْ وُعِدْنَا هَٰذَا نَحْنُ وَءَابَآؤُنَا مِن قَبْلُ إِنْ هَٰذَآ إِلَّآ أَسَٰطِيرُ ٱلْأَوَّلِينَ","translation_en":"We have been promised this, we and our forefathers, before. This is not but legends of the former peoples.\"","translation_id":"Sesungguhnya kami telah diberi ancaman dengan ini dan (juga) bapak-bapak kami dahulu; ini tidak lain hanyalah dongengan-dongengan orang dahulu kala\"."},{"number":69,"text":"قُلْ سِيرُوا۟ فِى ٱلْأَرْضِ فَٱنظُرُوا۟ كَيْفَ كَانَ عَٰقِبَةُ ٱلْمُجْرِمِينَ","translation_en":"Say, [O Muhammad], \"Travel through the land and observe how was the end of the criminals.\"","translation_id":"Katakanlah: \"Berjalanlah kamu (di muka) bumi, lalu perhatikanlah bagaimana akibat orang-orang yang berdosa."},{"number":70,"text":"وَلَا تَحْزَنْ عَلَيْهِمْ وَلَا تَكُن فِى ضَيْقٍ مِّمَّا يَمْكُرُونَ","translation_en":"And grieve not over them or be in distress from what they conspire.","translation_id":"Dan janganlah kamu berduka cita terhadap mereka, dan janganlah (dadamu) merasa sempit terhadap apa yang mereka tipudayakan\"."},{"number":71,"text":"وَيَقُولُونَ مَتَىٰ هَٰذَا ٱلْوَعْدُ إِن كُنتُمْ صَٰدِقِينَ","translation_en":"And they say, \"When is [the fulfillment of] this promise, if you should be truthful?\"","translation_id":"Dan mereka (orang-orang kafir) berkata: \"Bilakah datangnya azab itu, jika memang kamu orang-orang yang benar\"."},{"number":72,"text":"قُلْ عَسَىٰٓ أَن يَكُونَ رَدِفَ لَكُم بَعْضُ ٱلَّذِى تَسْتَعْجِلُونَ","translation_en":"Say, \"Perhaps it is close behind you - some of that for which you are impatient.","translation_id":"Katakanlah: \"Mungkin telah hampir datang kepadamu sebagian dari (azab) yang kamu minta (supaya) disegerakan itu."},{"number":73,"text":"وَإِنَّ رَبَّكَ لَذُو فَضْلٍ عَلَى ٱلنَّاسِ وَلَٰكِنَّ أَكْثَرَهُمْ لَا يَشْكُرُونَ","translation_en":"And indeed, your Lord is full of bounty for the people, but most of them do not show gratitude.\"","translation_id":"Dan sesungguhnya Tuhanmu benar-benar mempunyai kurnia yang besar (yang diberikan-Nya) kepada manusia, tetapi kebanyakan mereka tidak mensyukuri(nya)."},{"number":74,"text":"وَإِنَّ رَبَّكَ لَيَعْلَمُ مَا تُكِنُّ صُدُورُهُمْ وَمَا يُعْلِنُونَ","translation_en":"And indeed, your Lord knows what their breasts conceal and what they declare.","translation_id":"Dan sesungguhnya Tuhanmu, benar-benar mengetahui apa yang disembunyikan hati mereka dan apa yang mereka nyatakan."},{"number":75,"text":"وَمَا مِنْ غَآئِبَةٍ فِى ٱلسَّمَآءِ وَٱلْأَرْضِ إِلَّا فِى كِتَٰبٍ مُّبِينٍ","translation_en":"And there is nothing concealed within the heaven and the earth except that it is in a clear Register.","translation_id":"Tiada sesuatupun yang ghaib di langit dan di bumi, melainkan (terdapat) dalam kitab yang nyata (Lauhul Mahfuzh)."},{"number":76,"text":"إِنَّ هَٰذَا ٱلْقُرْءَانَ يَقُصُّ عَلَىٰ بَنِىٓ إِسْرَٰٓءِيلَ أَكْثَرَ ٱلَّذِى هُمْ فِيهِ يَخْتَلِفُونَ","translation_en":"Indeed, this Qur'an relates to the Children of Israel most of that over which they disagree.","translation_id":"Sesungguhnya Al Quran ini menjelaskan kepada Bani lsrail sebahagian besar dari (perkara-perkara) yang mereka berselisih tentangnya."},{"number":77,"text":"وَإِنَّهُۥ لَهُدًى وَرَحْمَةٌ لِّلْمُؤْمِنِينَ","translation_en":"And indeed, it is guidance and mercy for the believers.","translation_id":"Dan sesungguhnya Al Quran itu benar-benar menjadi petunjuk dan rahmat bagi orang-orang yang beriman."},{"number":78,"text":"إِنَّ رَبَّكَ يَقْضِى بَيْنَهُم بِحُكْمِهِۦ وَهُوَ ٱلْعَزِيزُ ٱلْعَلِيمُ","translation_en":"Indeed, your Lord will judge between them by His [wise] judgement. And He is the Exalted in Might, the Knowing.","translation_id":"Sesungguhnya Tuhanmu akan menyelesaikan perkara antara mereka dengan keputusan-Nya, dan Dia Maha Perkasa lagi Maha Mengetahui."},{"number":79,"text":"فَتَوَكَّلْ عَلَى ٱللَّهِ إِنَّكَ عَلَى ٱلْحَقِّ ٱلْمُبِينِ","translation_en":"So rely upon Allah; indeed, you are upon the clear truth.","translation_id":"Sebab itu bertakwalah kepada Allah, sesungguhnya kamu berada di atas kebenaran yang nyata."},{"number":80,"text":"إِنَّكَ لَا تُسْمِعُ ٱلْمَوْتَىٰ وَلَا تُسْمِعُ ٱلصُّمَّ ٱلدُّعَآءَ إِذَا وَلَّوْا۟ مُدْبِرِينَ","translation_en":"Indeed, you will not make the dead hear, nor will you make the deaf hear the call when they have turned their backs retreating.","translation_id":"Sesungguhnya kamu tidak dapat menjadikan orang-orang yang mati mendengar dan (tidak pula) menjadikan orang-orang yang tuli mendengar panggilan, apabila mereka telah berpaling membelakang."},{"number":81,"text":"وَمَآ أَنتَ بِهَٰدِى ٱلْعُمْىِ عَن ضَلَٰلَتِهِمْ إِن تُسْمِعُ إِلَّا مَن يُؤْمِنُ بِـَٔايَٰتِنَا فَهُم مُّسْلِمُونَ","translation_en":"And you cannot guide the blind away from their error. You will only make hear those who believe in Our verses so they are Muslims [submitting to Allah].","translation_id":"Dan kamu sekali-kali tidak dapat memimpin (memalingkan) orang-orang buta dari kesesatan mereka. Kamu tidak dapat menjadikan (seorangpun) mendengar, kecuali orang-orang yang beriman kepada ayat-ayat Kami, lalu mereka berserah diri."},{"number":82,"text":"وَإِذَا وَقَعَ ٱلْقَوْلُ عَلَيْهِمْ أَخْرَجْنَا لَهُمْ دَآبَّةً مِّنَ ٱلْأَرْضِ تُكَلِّمُهُمْ أَنَّ ٱلنَّاسَ كَانُوا۟ بِـَٔايَٰتِنَا لَا يُوقِنُونَ","translation_en":"And when the word befalls them, We will bring forth for them a creature from the earth speaking to them, [saying] that the people were, of Our verses, not certain [in faith].","translation_id":"Dan apabila perkataan telah jatuh atas mereka, Kami keluarkan sejenis binatang melata dari bumi yang akan mengatakan kepada mereka, bahwa sesungguhnya manusia dahulu tidak yakin kepada ayat-ayat Kami."},{"number":83,"text":"وَيَوْمَ نَحْشُرُ مِن كُلِّ أُمَّةٍ فَوْجًا مِّمَّن يُكَذِّبُ بِـَٔايَٰتِنَا فَهُمْ يُوزَعُونَ","translation_en":"And [warn of] the Day when We will gather from every nation a company of those who deny Our signs, and they will be [driven] in rows","translation_id":"Dan (ingatlah) hari (ketika) Kami kumpulkan dari tiap-tiap umat segolongan orang-orang yang mendustakan ayat-ayat Kami, lalu mereka dibagi-bagi (dalam kelompok-kelompok)."},{"number":84,"text":"حَتَّىٰٓ إِذَا جَآءُو قَالَ أَكَذَّبْتُم بِـَٔايَٰتِى وَلَمْ تُحِيطُوا۟ بِهَا عِلْمًا أَمَّاذَا كُنتُمْ تَعْمَلُونَ","translation_en":"Until, when they arrive [at the place of Judgement], He will say, \"Did you deny My signs while you encompassed them not in knowledge, or what [was it that] you were doing?\"","translation_id":"Hingga apabila mereka datang, Allah berfirman: \"Apakah kamu telah mendustakan ayat-ayat-Ku, padahal ilmu kamu tidak meliputinya, atau apakah yang telah kamu kerjakan?\"."},{"number":85,"text":"وَوَقَعَ ٱلْقَوْلُ عَلَيْهِم بِمَا ظَلَمُوا۟ فَهُمْ لَا يَنطِقُونَ","translation_en":"And the decree will befall them for the wrong they did, and they will not [be able to] speak.","translation_id":"Dan jatuhlah perkataan (azab) atas mereka disebabkan kezaliman mereka, maka mereka tidak dapat berkata (apa-apa)."},{"number":86,"text":"أَلَمْ يَرَوْا۟ أَنَّا جَعَلْنَا ٱلَّيْلَ لِيَسْكُنُوا۟ فِيهِ وَٱلنَّهَارَ مُبْصِرًا إِنَّ فِى ذَٰلِكَ لَءَايَٰتٍ لِّقَوْمٍ يُؤْمِنُونَ","translation_en":"Do they not see that We made the night that they may rest therein and the day giving sight? Indeed in that are signs for a people who believe.","translation_id":"Apakah mereka tidak memperhatikan, bahwa sesungguhnya Kami telah menjadikan malam supaya mereka beristirahat padanya dan siang yang menerangi? Sesungguhnya pada yang demikian itu terdapat tanda-tanda (kekuasaan Allah) bagi orang-orang yang beriman."},{"number":87,"text":"وَيَوْمَ يُنفَخُ فِى ٱلصُّورِ فَفَزِعَ مَن فِى ٱلسَّمَٰوَٰتِ وَمَن فِى ٱلْأَرْضِ إِلَّا مَن شَآءَ ٱللَّهُ وَكُلٌّ أَتَوْهُ دَٰخِرِينَ","translation_en":"And [warn of] the Day the Horn will be blown, and whoever is in the heavens and whoever is on the earth will be terrified except whom Allah wills. And all will come to Him humbled.","translation_id":"Dan (ingatlah) hari (ketika) ditiup sangkakala, maka terkejutlah segala yang di langit dan segala yang di bumi, kecuali siapa yang dikehendaki Allah. Dan semua mereka datang menghadap-Nya dengan merendahkan diri."},{"number":88,"text":"وَتَرَى ٱلْجِبَالَ تَحْسَبُهَا جَامِدَةً وَهِىَ تَمُرُّ مَرَّ ٱلسَّحَابِ صُنْعَ ٱللَّهِ ٱلَّذِىٓ أَتْقَنَ كُلَّ شَىْءٍ إِنَّهُۥ خَبِيرٌۢ بِمَا تَفْعَلُونَ","translation_en":"And you see the mountains, thinking them rigid, while they will pass as the passing of clouds. [It is] the work of Allah, who perfected all things. Indeed, He is Acquainted with that which you do.","translation_id":"Dan kamu lihat gunung-gunung itu, kamu sangka dia tetap di tempatnya, padahal ia berjalan sebagai jalannya awan. (Begitulah) perbuatan Allah yang membuat dengan kokoh tiap-tiap sesuatu; sesungguhnya Allah Maha Mengetahui apa yang kamu kerjakan."},{"number":89,"text":"مَن جَآءَ بِٱلْحَسَنَةِ فَلَهُۥ خَيْرٌ مِّنْهَا وَهُم مِّن فَزَعٍ يَوْمَئِذٍ ءَامِنُونَ","translation_en":"Whoever comes [at Judgement] with a good deed will have better than it, and they, from the terror of that Day, will be safe.","translation_id":"Barangsiapa yang membawa kebaikan, maka ia memperoleh (balasan) yang lebih baik dari padanya, sedang mereka itu adalah orang-orang yang aman tenteram dari pada kejutan yang dahsyat pada hari itu."},{"number":90,"text":"وَمَن جَآءَ بِٱلسَّيِّئَةِ فَكُبَّتْ وُجُوهُهُمْ فِى ٱلنَّارِ هَلْ تُجْزَوْنَ إِلَّا مَا كُنتُمْ تَعْمَلُونَ","translation_en":"And whoever comes with an evil deed - their faces will be overturned into the Fire, [and it will be said], \"Are you recompensed except for what you used to do?\"","translation_id":"Dan barang siapa yang membawa kejahatan, maka disungkurkanlah muka mereka ke dalam neraka. Tiadalah kamu dibalasi, melainkan (setimpal) dengan apa yang dahulu kamu kerjakan."},{"number":91,"text":"إِنَّمَآ أُمِرْتُ أَنْ أَعْبُدَ رَبَّ هَٰذِهِ ٱلْبَلْدَةِ ٱلَّذِى حَرَّمَهَا وَلَهُۥ كُلُّ شَىْءٍ وَأُمِرْتُ أَنْ أَكُونَ مِنَ ٱلْمُسْلِمِينَ","translation_en":"[Say, O Muhammad], \"I have only been commanded to worship the Lord of this city, who made it sacred and to whom [belongs] all things. And I am commanded to be of the Muslims [those who submit to Allah]","translation_id":"Aku hanya diperintahkan untuk menyembah Tuhan negeri ini (Mekah) Yang telah menjadikannya suci dan kepunyaan-Nya-lah segala sesuatu, dan aku diperintahkan supaya aku termasuk orang-orang yang berserah diri."},{"number":92,"text":"وَأَنْ أَتْلُوَا۟ ٱلْقُرْءَانَ فَمَنِ ٱهْتَدَىٰ فَإِنَّمَا يَهْتَدِى لِنَفْسِهِۦ وَمَن ضَلَّ فَقُلْ إِنَّمَآ أَنَا۠ مِنَ ٱلْمُنذِرِينَ","translation_en":"And to recite the Qur'an.\" And whoever is guided is only guided for [the benefit of] himself; and whoever strays - say, \"I am only [one] of the warners.\"","translation_id":"Dan supaya aku membacakan Al Quran (kepada manusia). Maka barangsiapa yang mendapat petunjuk maka sesungguhnya ia hanyalah mendapat petunjuk untuk (kebaikan) dirinya, dan barangsiapa yang sesat maka katakanlah: \"Sesungguhnya aku (ini) tidak lain hanyalah salah seorang pemberi peringatan\"."},{"number":93,"text":"وَقُلِ ٱلْحَمْدُ لِلَّهِ سَيُرِيكُمْ ءَايَٰتِهِۦ فَتَعْرِفُونَهَا وَمَا رَبُّكَ بِغَٰفِلٍ عَمَّا تَعْمَلُونَ","translation_en":"And say, \"[All] praise is [due] to Allah. He will show you His signs, and you will recognize them. And your Lord is not unaware of what you do.\"","translation_id":"Dan katakanlah: \"Segala puji bagi Allah, Dia akan memperlihatkan kepadamu tanda-tanda kebesaran-Nya, maka kamu akan mengetahuinya. Dan Tuhanmu tiada lalai dari apa yang kamu kerjakan\"."}]}