{"number":28,"name":"سورة القصص","transliteration_en":"Al-Qasas","translation_en":"The Stories","total_verses":88,"revelation_type":"Meccan","verses":[{"number":1,"text":"بِسْمِ ٱللَّهِ ٱلرَّحْمَٰنِ ٱلرَّحِيمِ طسٓمٓ","translation_en":"Ta, Seen, Meem.","translation_id":"Thaa Siin Miim"},{"number":2,"text":"تِلْكَ ءَايَٰتُ ٱلْكِتَٰبِ ٱلْمُبِينِ","translation_en":"These are the verses of the clear Book.","translation_id":"Ini adalah ayat-ayat Kitab (Al Quran) yang nyata (dari Allah)."},{"number":3,"text":"نَتْلُوا۟ عَلَيْكَ مِن نَّبَإِ مُوسَىٰ وَفِرْعَوْنَ بِٱلْحَقِّ لِقَوْمٍ يُؤْمِنُونَ","translation_en":"We recite to you from the news of Moses and Pharaoh in truth for a people who believe.","translation_id":"Kami membacakan kepadamu sebagian dari kisah Musa dan Fir'aun dengan benar untuk orang-orang yang beriman."},{"number":4,"text":"إِنَّ فِرْعَوْنَ عَلَا فِى ٱلْأَرْضِ وَجَعَلَ أَهْلَهَا شِيَعًا يَسْتَضْعِفُ طَآئِفَةً مِّنْهُمْ يُذَبِّحُ أَبْنَآءَهُمْ وَيَسْتَحْىِۦ نِسَآءَهُمْ إِنَّهُۥ كَانَ مِنَ ٱلْمُفْسِدِينَ","translation_en":"Indeed, Pharaoh exalted himself in the land and made its people into factions, oppressing a sector among them, slaughtering their [newborn] sons and keeping their females alive. Indeed, he was of the corrupters.","translation_id":"Sesungguhnya Fir'aun telah berbuat sewenang-wenang di muka bumi dan menjadikan penduduknya berpecah belah, dengan menindas segolongan dari mereka, menyembelih anak laki-laki mereka dan membiarkan hidup anak-anak perempuan mereka. Sesungguhnya Fir'aun termasuk orang-orang yang berbuat kerusakan."},{"number":5,"text":"وَنُرِيدُ أَن نَّمُنَّ عَلَى ٱلَّذِينَ ٱسْتُضْعِفُوا۟ فِى ٱلْأَرْضِ وَنَجْعَلَهُمْ أَئِمَّةً وَنَجْعَلَهُمُ ٱلْوَٰرِثِينَ","translation_en":"And We wanted to confer favor upon those who were oppressed in the land and make them leaders and make them inheritors","translation_id":"Dan Kami hendak memberi karunia kepada orang-orang yang tertindas di bumi (Mesir) itu dan hendak menjadikan mereka pemimpin dan menjadikan mereka orang-orang yang mewarisi (bumi),"},{"number":6,"text":"وَنُمَكِّنَ لَهُمْ فِى ٱلْأَرْضِ وَنُرِىَ فِرْعَوْنَ وَهَٰمَٰنَ وَجُنُودَهُمَا مِنْهُم مَّا كَانُوا۟ يَحْذَرُونَ","translation_en":"And establish them in the land and show Pharaoh and [his minister] Haman and their soldiers through them that which they had feared.","translation_id":"dan akan Kami teguhkan kedudukan mereka di muka bumi dan akan Kami perlihatkan kepada Fir'aun dan Haman beserta tentaranya apa yang selalu mereka khawatirkan dari mereka itu."},{"number":7,"text":"وَأَوْحَيْنَآ إِلَىٰٓ أُمِّ مُوسَىٰٓ أَنْ أَرْضِعِيهِ فَإِذَا خِفْتِ عَلَيْهِ فَأَلْقِيهِ فِى ٱلْيَمِّ وَلَا تَخَافِى وَلَا تَحْزَنِىٓ إِنَّا رَآدُّوهُ إِلَيْكِ وَجَاعِلُوهُ مِنَ ٱلْمُرْسَلِينَ","translation_en":"And We inspired to the mother of Moses, \"Suckle him; but when you fear for him, cast him into the river and do not fear and do not grieve. Indeed, We will return him to you and will make him [one] of the messengers.\"","translation_id":"Dan kami ilhamkan kepada ibu Musa; \"Susuilah dia, dan apabila kamu khawatir terhadapnya maka jatuhkanlah dia ke sungai (Nil). Dan janganlah kamu khawatir dan janganlah (pula) bersedih hati, karena sesungguhnya Kami akan mengembalikannya kepadamu, dan menjadikannya (salah seorang) dari para rasul."},{"number":8,"text":"فَٱلْتَقَطَهُۥٓ ءَالُ فِرْعَوْنَ لِيَكُونَ لَهُمْ عَدُوًّا وَحَزَنًا إِنَّ فِرْعَوْنَ وَهَٰمَٰنَ وَجُنُودَهُمَا كَانُوا۟ خَٰطِـِٔينَ","translation_en":"And the family of Pharaoh picked him up [out of the river] so that he would become to them an enemy and a [cause of] grief. Indeed, Pharaoh and Haman and their soldiers were deliberate sinners.","translation_id":"Maka dipungutlah ia oleh keluarga Fir'aun yang akibatnya dia menjadi musuh dan kesedihan bagi mereka. Sesungguhnya Fir'aun dan Haman beserta tentaranya adalah orang-orang yang bersalah."},{"number":9,"text":"وَقَالَتِ ٱمْرَأَتُ فِرْعَوْنَ قُرَّتُ عَيْنٍ لِّى وَلَكَ لَا تَقْتُلُوهُ عَسَىٰٓ أَن يَنفَعَنَآ أَوْ نَتَّخِذَهُۥ وَلَدًا وَهُمْ لَا يَشْعُرُونَ","translation_en":"And the wife of Pharaoh said, \"[He will be] a comfort of the eye for me and for you. Do not kill him; perhaps he may benefit us, or we may adopt him as a son.\" And they perceived not.","translation_id":"Dan berkatalah isteri Fir'aun: \"(Ia) adalah penyejuk mata hati bagiku dan bagimu. Janganlah kamu membunuhnya, mudah-mudahan ia bermanfaat kepada kita atau kita ambil ia menjadi anak\", sedang mereka tiada menyadari."},{"number":10,"text":"وَأَصْبَحَ فُؤَادُ أُمِّ مُوسَىٰ فَٰرِغًا إِن كَادَتْ لَتُبْدِى بِهِۦ لَوْلَآ أَن رَّبَطْنَا عَلَىٰ قَلْبِهَا لِتَكُونَ مِنَ ٱلْمُؤْمِنِينَ","translation_en":"And the heart of Moses' mother became empty [of all else]. She was about to disclose [the matter concerning] him had We not bound fast her heart that she would be of the believers.","translation_id":"Dan menjadi kosonglah hati ibu Musa. Sesungguhnya hampir saja ia menyatakan rahasia tentang Musa, seandainya tidak Kami teguhkan hatinya, supaya ia termasuk orang-orang yang percaya (kepada janji Allah)."},{"number":11,"text":"وَقَالَتْ لِأُخْتِهِۦ قُصِّيهِ فَبَصُرَتْ بِهِۦ عَن جُنُبٍ وَهُمْ لَا يَشْعُرُونَ","translation_en":"And she said to his sister, \"Follow him\"; so she watched him from a distance while they perceived not.","translation_id":"Dan berkatalah ibu Musa kepada saudara Musa yang perempuan: \"Ikutilah dia\" Maka kelihatanlah olehnya Musa dari jauh, sedang mereka tidak mengetahuinya,"},{"number":12,"text":"وَحَرَّمْنَا عَلَيْهِ ٱلْمَرَاضِعَ مِن قَبْلُ فَقَالَتْ هَلْ أَدُلُّكُمْ عَلَىٰٓ أَهْلِ بَيْتٍ يَكْفُلُونَهُۥ لَكُمْ وَهُمْ لَهُۥ نَٰصِحُونَ","translation_en":"And We had prevented from him [all] wet nurses before, so she said, \"Shall I direct you to a household that will be responsible for him for you while they are to him [for his upbringing] sincere?\"","translation_id":"dan Kami cegah Musa dari menyusu kepada perempuan-perempuan yang mau menyusui(nya) sebelum itu; maka berkatalah saudara Musa: \"Maukah kamu aku tunjukkan kepadamu ahlul bait yang akan memeliharanya untukmu dan mereka dapat berlaku baik kepadanya?\"."},{"number":13,"text":"فَرَدَدْنَٰهُ إِلَىٰٓ أُمِّهِۦ كَىْ تَقَرَّ عَيْنُهَا وَلَا تَحْزَنَ وَلِتَعْلَمَ أَنَّ وَعْدَ ٱللَّهِ حَقٌّ وَلَٰكِنَّ أَكْثَرَهُمْ لَا يَعْلَمُونَ","translation_en":"So We restored him to his mother that she might be content and not grieve and that she would know that the promise of Allah is true. But most of the people do not know.","translation_id":"Maka kami kembalikan Musa kepada ibunya, supaya senang hatinya dan tidak berduka cita dan supaya ia mengetahui bahwa janji Allah itu adalah benar, tetapi kebanyakan manusia tidak mengetahuinya."},{"number":14,"text":"وَلَمَّا بَلَغَ أَشُدَّهُۥ وَٱسْتَوَىٰٓ ءَاتَيْنَٰهُ حُكْمًا وَعِلْمًا وَكَذَٰلِكَ نَجْزِى ٱلْمُحْسِنِينَ","translation_en":"And when he attained his full strength and was [mentally] mature, We bestowed upon him judgement and knowledge. And thus do We reward the doers of good.","translation_id":"Dan setelah Musa cukup umur dan sempurna akalnya, Kami berikan kepadanya hikmah (kenabian) dan pengetahuan. Dan demikianlah Kami memberi balasan kepada orang-orang yang berbuat baik."},{"number":15,"text":"وَدَخَلَ ٱلْمَدِينَةَ عَلَىٰ حِينِ غَفْلَةٍ مِّنْ أَهْلِهَا فَوَجَدَ فِيهَا رَجُلَيْنِ يَقْتَتِلَانِ هَٰذَا مِن شِيعَتِهِۦ وَهَٰذَا مِنْ عَدُوِّهِۦ فَٱسْتَغَٰثَهُ ٱلَّذِى مِن شِيعَتِهِۦ عَلَى ٱلَّذِى مِنْ عَدُوِّهِۦ فَوَكَزَهُۥ مُوسَىٰ فَقَضَىٰ عَلَيْهِ قَالَ هَٰذَا مِنْ عَمَلِ ٱلشَّيْطَٰنِ إِنَّهُۥ عَدُوٌّ مُّضِلٌّ مُّبِينٌ","translation_en":"And he entered the city at a time of inattention by its people and found therein two men fighting: one from his faction and one from among his enemy. And the one from his faction called for help to him against the one from his enemy, so Moses struck him and [unintentionally] killed him. [Moses] said, \"This is from the work of Satan. Indeed, he is a manifest, misleading enemy.\"","translation_id":"Dan Musa masuk ke kota (Memphis) ketika penduduknya sedang lengah, maka didapatinya di dalam kota itu dua orang laki-laki yang berkelahi; yang seorang dari golongannya (Bani Israil) dan seorang (lagi) dari musuhnya (kaum Fir'aun). Maka orang yang dari golongannya meminta pertolongan kepadanya, untuk mengalahkan orang yang dari musuhnya lalu Musa meninjunya, dan matilah musuhnya itu. Musa berkata: \"Ini adalah perbuatan syaitan sesungguhnya syaitan itu adalah musuh yang menyesatkan lagi nyata (permusuhannya)."},{"number":16,"text":"قَالَ رَبِّ إِنِّى ظَلَمْتُ نَفْسِى فَٱغْفِرْ لِى فَغَفَرَ لَهُۥٓ إِنَّهُۥ هُوَ ٱلْغَفُورُ ٱلرَّحِيمُ","translation_en":"He said, \"My Lord, indeed I have wronged myself, so forgive me,\" and He forgave him. Indeed, He is the Forgiving, the Merciful.","translation_id":"Musa mendoa: \"Ya Tuhanku, sesungguhnya aku telah menganiaya diriku sendiri karena itu ampunilah aku\". Maka Allah mengampuninya, sesungguhnya Allah Dialah Yang Maha Pengampun lagi Maha Penyayang."},{"number":17,"text":"قَالَ رَبِّ بِمَآ أَنْعَمْتَ عَلَىَّ فَلَنْ أَكُونَ ظَهِيرًا لِّلْمُجْرِمِينَ","translation_en":"He said, \"My Lord, for the favor You bestowed upon me, I will never be an assistant to the criminals.\"","translation_id":"Musa berkata: \"Ya Tuhanku, demi nikmat yang telah Engkau anugerahkan kepadaku, aku sekali-kali tiada akan menjadi penolong bagi orang-orang yang berdosa\"."},{"number":18,"text":"فَأَصْبَحَ فِى ٱلْمَدِينَةِ خَآئِفًا يَتَرَقَّبُ فَإِذَا ٱلَّذِى ٱسْتَنصَرَهُۥ بِٱلْأَمْسِ يَسْتَصْرِخُهُۥ قَالَ لَهُۥ مُوسَىٰٓ إِنَّكَ لَغَوِىٌّ مُّبِينٌ","translation_en":"And he became inside the city fearful and anticipating [exposure], when suddenly the one who sought his help the previous day cried out to him [once again]. Moses said to him, \"Indeed, you are an evident, [persistent] deviator.\"","translation_id":"Karena itu, jadilah Musa di kota itu merasa takut menunggu-nunggu dengan khawatir (akibat perbuatannya), maka tiba-tiba orang yang meminta pertolongan kemarin berteriak meminta pertolongan kepadanya. Musa berkata kepadanya: \"Sesungguhnya kamu benar-benar orang sesat yang nyata (kesesatannya)\"."},{"number":19,"text":"فَلَمَّآ أَنْ أَرَادَ أَن يَبْطِشَ بِٱلَّذِى هُوَ عَدُوٌّ لَّهُمَا قَالَ يَٰمُوسَىٰٓ أَتُرِيدُ أَن تَقْتُلَنِى كَمَا قَتَلْتَ نَفْسًۢا بِٱلْأَمْسِ إِن تُرِيدُ إِلَّآ أَن تَكُونَ جَبَّارًا فِى ٱلْأَرْضِ وَمَا تُرِيدُ أَن تَكُونَ مِنَ ٱلْمُصْلِحِينَ","translation_en":"And when he wanted to strike the one who was an enemy to both of them, he said, \"O Moses, do you intend to kill me as you killed someone yesterday? You only want to be a tyrant in the land and do not want to be of the amenders.\"","translation_id":"Maka tatkala Musa hendak memegang dengan keras orang yang menjadi musuh keduanya, musuhnya berkata: \"Hai Musa, apakah kamu bermaksud hendak membunuhku, sebagaimana kamu kemarin telah membunuh seorang manusia? Kamu tidak bermaksud melainkan hendak menjadi orang yang berbuat sewenang-wenang di negeri (ini), dan tiadalah kamu hendak menjadi salah seorang dari orang-orang yang mengadakan perdamaian\"."},{"number":20,"text":"وَجَآءَ رَجُلٌ مِّنْ أَقْصَا ٱلْمَدِينَةِ يَسْعَىٰ قَالَ يَٰمُوسَىٰٓ إِنَّ ٱلْمَلَأَ يَأْتَمِرُونَ بِكَ لِيَقْتُلُوكَ فَٱخْرُجْ إِنِّى لَكَ مِنَ ٱلنَّٰصِحِينَ","translation_en":"And a man came from the farthest end of the city, running. He said, \"O Moses, indeed the eminent ones are conferring over you [intending] to kill you, so leave [the city]; indeed, I am to you of the sincere advisors.\"","translation_id":"Dan datanglah seorang laki-laki dari ujung kota bergegas-gegas seraya berkata: \"Hai Musa, sesungguhnya pembesar negeri sedang berunding tentang kamu untuk membunuhmu, sebab itu keluarlah (dari kota ini) sesungguhnya aku termasuk orang-orang yang memberi nasehat kepadamu\"."},{"number":21,"text":"فَخَرَجَ مِنْهَا خَآئِفًا يَتَرَقَّبُ قَالَ رَبِّ نَجِّنِى مِنَ ٱلْقَوْمِ ٱلظَّٰلِمِينَ","translation_en":"So he left it, fearful and anticipating [apprehension]. He said, \"My Lord, save me from the wrongdoing people.\"","translation_id":"Maka keluarlah Musa dari kota itu dengan rasa takut menunggu-nunggu dengan khawatir, dia berdoa: \"Ya Tuhanku, selamatkanlah aku dari orang-orang yang zalim itu\"."},{"number":22,"text":"وَلَمَّا تَوَجَّهَ تِلْقَآءَ مَدْيَنَ قَالَ عَسَىٰ رَبِّىٓ أَن يَهْدِيَنِى سَوَآءَ ٱلسَّبِيلِ","translation_en":"And when he directed himself toward Madyan, he said, \"Perhaps my Lord will guide me to the sound way.\"","translation_id":"Dan tatkala ia menghadap kejurusan negeri Mad-yan ia berdoa (lagi): \"Mudah-mudahan Tuhanku memimpinku ke jalan yang benar\"."},{"number":23,"text":"وَلَمَّا وَرَدَ مَآءَ مَدْيَنَ وَجَدَ عَلَيْهِ أُمَّةً مِّنَ ٱلنَّاسِ يَسْقُونَ وَوَجَدَ مِن دُونِهِمُ ٱمْرَأَتَيْنِ تَذُودَانِ قَالَ مَا خَطْبُكُمَا قَالَتَا لَا نَسْقِى حَتَّىٰ يُصْدِرَ ٱلرِّعَآءُ وَأَبُونَا شَيْخٌ كَبِيرٌ","translation_en":"And when he came to the well of Madyan, he found there a crowd of people watering [their flocks], and he found aside from them two women driving back [their flocks]. He said, \"What is your circumstance?\" They said, \"We do not water until the shepherds dispatch [their flocks]; and our father is an old man.\"","translation_id":"Dan tatkala ia sampai di sumber air negeri Mad-yan ia menjumpai di sana sekumpulan orang yang sedang meminumkan (ternaknya), dan ia menjumpai di belakang orang banyak itu, dua orang wanita yang sedang menghambat (ternaknya). Musa berkata: \"Apakah maksudmu (dengan berbuat at begitu)?\" Kedua wanita itu menjawab: \"Kami tidak dapat meminumkan (ternak kami), sebelum pengembala-pengembala itu memulangkan (ternaknya), sedang bapak kami adalah orang tua yang telah lanjut umurnya\"."},{"number":24,"text":"فَسَقَىٰ لَهُمَا ثُمَّ تَوَلَّىٰٓ إِلَى ٱلظِّلِّ فَقَالَ رَبِّ إِنِّى لِمَآ أَنزَلْتَ إِلَىَّ مِنْ خَيْرٍ فَقِيرٌ","translation_en":"So he watered [their flocks] for them; then he went back to the shade and said, \"My Lord, indeed I am, for whatever good You would send down to me, in need.\"","translation_id":"Maka Musa memberi minum ternak itu untuk (menolong) keduanya, kemudian dia kembali ke tempat yang teduh lalu berdoa: \"Ya Tuhanku sesungguhnya aku sangat memerlukan sesuatu kebaikan yang Engkau turunkan kepadaku\"."},{"number":25,"text":"فَجَآءَتْهُ إِحْدَىٰهُمَا تَمْشِى عَلَى ٱسْتِحْيَآءٍ قَالَتْ إِنَّ أَبِى يَدْعُوكَ لِيَجْزِيَكَ أَجْرَ مَا سَقَيْتَ لَنَا فَلَمَّا جَآءَهُۥ وَقَصَّ عَلَيْهِ ٱلْقَصَصَ قَالَ لَا تَخَفْ نَجَوْتَ مِنَ ٱلْقَوْمِ ٱلظَّٰلِمِينَ","translation_en":"Then one of the two women came to him walking with shyness. She said, \"Indeed, my father invites you that he may reward you for having watered for us.\" So when he came to him and related to him the story, he said, \"Fear not. You have escaped from the wrongdoing people.\"","translation_id":"Kemudian datanglah kepada Musa salah seorang dari kedua wanita itu berjalan kemalu-maluan, ia berkata: \"Sesungguhnya bapakku memanggil kamu agar ia memberikan balasan terhadap (kebaikan)mu memberi minum (ternak) kami\". Maka tatkala Musa mendatangi bapaknya (Syu'aib) dan menceritakan kepadanya cerita (mengenai dirinya), Syu'aib berkata: \"Janganlah kamu takut. Kamu telah selamat dari orang-orang yang zalim itu\"."},{"number":26,"text":"قَالَتْ إِحْدَىٰهُمَا يَٰٓأَبَتِ ٱسْتَـْٔجِرْهُ إِنَّ خَيْرَ مَنِ ٱسْتَـْٔجَرْتَ ٱلْقَوِىُّ ٱلْأَمِينُ","translation_en":"One of the women said, \"O my father, hire him. Indeed, the best one you can hire is the strong and the trustworthy.\"","translation_id":"Salah seorang dari kedua wanita itu berkata: \"Ya bapakku ambillah ia sebagai orang yang bekerja (pada kita), karena sesungguhnya orang yang paling baik yang kamu ambil untuk bekerja (pada kita) ialah orang yang kuat lagi dapat dipercaya\"."},{"number":27,"text":"قَالَ إِنِّىٓ أُرِيدُ أَنْ أُنكِحَكَ إِحْدَى ٱبْنَتَىَّ هَٰتَيْنِ عَلَىٰٓ أَن تَأْجُرَنِى ثَمَٰنِىَ حِجَجٍ فَإِنْ أَتْمَمْتَ عَشْرًا فَمِنْ عِندِكَ وَمَآ أُرِيدُ أَنْ أَشُقَّ عَلَيْكَ سَتَجِدُنِىٓ إِن شَآءَ ٱللَّهُ مِنَ ٱلصَّٰلِحِينَ","translation_en":"He said, \"Indeed, I wish to wed you one of these, my two daughters, on [the condition] that you serve me for eight years; but if you complete ten, it will be [as a favor] from you. And I do not wish to put you in difficulty. You will find me, if Allah wills, from among the righteous.\"","translation_id":"Berkatalah dia (Syu'aib): \"Sesungguhnya aku bermaksud menikahkan kamu dengan salah seorang dari kedua anakku ini, atas dasar bahwa kamu bekerja denganku delapan tahun dan jika kamu cukupkan sepuluh tahun maka itu adalah (suatu kebaikan) dari kamu, maka aku tidak hendak memberati kamu. Dan kamu Insya Allah akan mendapatiku termasuk orang-orang yang baik\"."},{"number":28,"text":"قَالَ ذَٰلِكَ بَيْنِى وَبَيْنَكَ أَيَّمَا ٱلْأَجَلَيْنِ قَضَيْتُ فَلَا عُدْوَٰنَ عَلَىَّ وَٱللَّهُ عَلَىٰ مَا نَقُولُ وَكِيلٌ","translation_en":"[Moses] said, \"That is [established] between me and you. Whichever of the two terms I complete - there is no injustice to me, and Allah, over what we say, is Witness.\"","translation_id":"Dia (Musa) berkata: \"Itulah (perjanjian) antara aku dan kamu. Mana saja dari kedua waktu yang ditentukan itu aku sempurnakan, maka tidak ada tuntutan tambahan atas diriku (lagi). Dan Allah adalah saksi atas apa yang kita ucapkan\"."},{"number":29,"text":"فَلَمَّا قَضَىٰ مُوسَى ٱلْأَجَلَ وَسَارَ بِأَهْلِهِۦٓ ءَانَسَ مِن جَانِبِ ٱلطُّورِ نَارًا قَالَ لِأَهْلِهِ ٱمْكُثُوٓا۟ إِنِّىٓ ءَانَسْتُ نَارًا لَّعَلِّىٓ ءَاتِيكُم مِّنْهَا بِخَبَرٍ أَوْ جَذْوَةٍ مِّنَ ٱلنَّارِ لَعَلَّكُمْ تَصْطَلُونَ","translation_en":"And when Moses had completed the term and was traveling with his family, he perceived from the direction of the mount a fire. He said to his family, \"Stay here; indeed, I have perceived a fire. Perhaps I will bring you from there [some] information or burning wood from the fire that you may warm yourselves.\"","translation_id":"Maka tatkala Musa telah menyelesaikan waktu yang ditentukan dan dia berangkat dengan keluarganya, dilihatnyalah api di lereng gunung ia berkata kepada keluarganya: \"Tunggulah (di sini), sesungguhnya aku melihat api, mudah-mudahan aku dapat membawa suatu berita kepadamu dari (tempat) api itu atau (membawa) sesuluh api, agar kamu dapat menghangatkan badan\"."},{"number":30,"text":"فَلَمَّآ أَتَىٰهَا نُودِىَ مِن شَٰطِئِ ٱلْوَادِ ٱلْأَيْمَنِ فِى ٱلْبُقْعَةِ ٱلْمُبَٰرَكَةِ مِنَ ٱلشَّجَرَةِ أَن يَٰمُوسَىٰٓ إِنِّىٓ أَنَا ٱللَّهُ رَبُّ ٱلْعَٰلَمِينَ","translation_en":"But when he came to it, he was called from the right side of the valley in a blessed spot - from the tree, \"O Moses, indeed I am Allah, Lord of the worlds.\"","translation_id":"Maka tatkala Musa sampai ke (tempat) api itu, diserulah dia dari (arah) pinggir lembah yang sebelah kanan(nya) pada tempat yang diberkahi, dari sebatang pohon kayu, yaitu: \"Ya Musa, sesungguhnya aku adalah Allah, Tuhan semesta alam."},{"number":31,"text":"وَأَنْ أَلْقِ عَصَاكَ فَلَمَّا رَءَاهَا تَهْتَزُّ كَأَنَّهَا جَآنٌّ وَلَّىٰ مُدْبِرًا وَلَمْ يُعَقِّبْ يَٰمُوسَىٰٓ أَقْبِلْ وَلَا تَخَفْ إِنَّكَ مِنَ ٱلْءَامِنِينَ","translation_en":"And [he was told], \"Throw down your staff.\" But when he saw it writhing as if it was a snake, he turned in flight and did not return. [Allah said], \"O Moses, approach and fear not. Indeed, you are of the secure.","translation_id":"dan lemparkanlah tongkatmu. Maka tatkala (tongkat itu menjadi ular dan) Musa melihatnya bergerak-gerak seolah-olah dia seekor ular yang gesit, larilah ia berbalik ke belakang tanpa menoleh. (Kemudian Musa diseru): \"Hai Musa datanglah kepada-Ku dan janganlah kamu takut. Sesungguhnya kamu termasuk orang-orang yang aman."},{"number":32,"text":"ٱسْلُكْ يَدَكَ فِى جَيْبِكَ تَخْرُجْ بَيْضَآءَ مِنْ غَيْرِ سُوٓءٍ وَٱضْمُمْ إِلَيْكَ جَنَاحَكَ مِنَ ٱلرَّهْبِ فَذَٰنِكَ بُرْهَٰنَانِ مِن رَّبِّكَ إِلَىٰ فِرْعَوْنَ وَمَلَإِي۟هِۦٓ إِنَّهُمْ كَانُوا۟ قَوْمًا فَٰسِقِينَ","translation_en":"Insert your hand into the opening of your garment; it will come out white, without disease. And draw in your arm close to you [as prevention] from fear, for those are two proofs from your Lord to Pharaoh and his establishment. Indeed, they have been a people defiantly disobedient.\"","translation_id":"Masukkanlah tanganmu ke leher bajumu, niscaya ia keluar putih tidak bercacat bukan karena penyakit, dan dekapkanlah kedua tanganmu (ke dada)mu bila ketakutan, maka yang demikian itu adalah dua mukjizat dari Tuhanmu (yang akan kamu hadapkan kepada Fir'aun dan pembesar-pembesarnya). Sesungguhnya mereka adalah orang-orang yang fasik\"."},{"number":33,"text":"قَالَ رَبِّ إِنِّى قَتَلْتُ مِنْهُمْ نَفْسًا فَأَخَافُ أَن يَقْتُلُونِ","translation_en":"He said, \"My Lord, indeed, I killed from among them someone, and I fear they will kill me.","translation_id":"Musa berkata: \"Ya Tuhanku sesungguhnya aku, telah membunuh seorang manusia dari golongan mereka, maka aku takut mereka akan membunuhku."},{"number":34,"text":"وَأَخِى هَٰرُونُ هُوَ أَفْصَحُ مِنِّى لِسَانًا فَأَرْسِلْهُ مَعِىَ رِدْءًا يُصَدِّقُنِىٓ إِنِّىٓ أَخَافُ أَن يُكَذِّبُونِ","translation_en":"And my brother Aaron is more fluent than me in tongue, so send him with me as support, verifying me. Indeed, I fear that they will deny me.\"","translation_id":"Dan saudaraku Harun dia lebih fasih lidahnya daripadaku, maka utuslah dia bersamaku sebagai pembantuku untuk membenarkan (perkataan)ku; sesungguhnya aku khawatir mereka akan mendustakanku\"."},{"number":35,"text":"قَالَ سَنَشُدُّ عَضُدَكَ بِأَخِيكَ وَنَجْعَلُ لَكُمَا سُلْطَٰنًا فَلَا يَصِلُونَ إِلَيْكُمَا بِـَٔايَٰتِنَآ أَنتُمَا وَمَنِ ٱتَّبَعَكُمَا ٱلْغَٰلِبُونَ","translation_en":"[Allah] said, \"We will strengthen your arm through your brother and grant you both supremacy so they will not reach you. [It will be] through Our signs; you and those who follow you will be the predominant.\"","translation_id":"Allah berfirman: \"Kami akan membantumu dengan saudaramu, dan Kami berikan kepadamu berdua kekuasaan yang besar, maka mereka tidak dapat mencapaimu; (berangkatlah kamu berdua) dengan membawa mukjizat Kami, kamu berdua dan orang yang mengikuti kamulah yang akan menang."},{"number":36,"text":"فَلَمَّا جَآءَهُم مُّوسَىٰ بِـَٔايَٰتِنَا بَيِّنَٰتٍ قَالُوا۟ مَا هَٰذَآ إِلَّا سِحْرٌ مُّفْتَرًى وَمَا سَمِعْنَا بِهَٰذَا فِىٓ ءَابَآئِنَا ٱلْأَوَّلِينَ","translation_en":"But when Moses came to them with Our signs as clear evidences, they said, \"This is not except invented magic, and we have not heard of this [religion] among our forefathers.\"","translation_id":"Maka tatkala Musa datang kepada mereka dengan (membawa) mukjizat-mukjizat Kami yang nyata, mereka berkata: \"Ini tidak lain hanyalah sihir yang dibuat-buat dan kami belum pernah mendengar (seruan yang seperti) ini pada nenek moyang kami dahulu\"."},{"number":37,"text":"وَقَالَ مُوسَىٰ رَبِّىٓ أَعْلَمُ بِمَن جَآءَ بِٱلْهُدَىٰ مِنْ عِندِهِۦ وَمَن تَكُونُ لَهُۥ عَٰقِبَةُ ٱلدَّارِ إِنَّهُۥ لَا يُفْلِحُ ٱلظَّٰلِمُونَ","translation_en":"And Moses said, \"My Lord is more knowing [than we or you] of who has come with guidance from Him and to whom will be succession in the home. Indeed, wrongdoers do not succeed.\"","translation_id":"Musa menjawab: \"Tuhanku lebih mengetahui orang yang (patut) membawa petunjuk dari sisi-Nya dan siapa yang akan mendapat kesudahan (yang baik) di negeri akhirat. Sesungguhnya tidaklah akan mendapat kemenangan orang-orang yang zalim\"."},{"number":38,"text":"وَقَالَ فِرْعَوْنُ يَٰٓأَيُّهَا ٱلْمَلَأُ مَا عَلِمْتُ لَكُم مِّنْ إِلَٰهٍ غَيْرِى فَأَوْقِدْ لِى يَٰهَٰمَٰنُ عَلَى ٱلطِّينِ فَٱجْعَل لِّى صَرْحًا لَّعَلِّىٓ أَطَّلِعُ إِلَىٰٓ إِلَٰهِ مُوسَىٰ وَإِنِّى لَأَظُنُّهُۥ مِنَ ٱلْكَٰذِبِينَ","translation_en":"And Pharaoh said, \"O eminent ones, I have not known you to have a god other than me. Then ignite for me, O Haman, [a fire] upon the clay and make for me a tower that I may look at the God of Moses. And indeed, I do think he is among the liars.\"","translation_id":"Dan berkata Fir'aun: \"Hai pembesar kaumku, aku tidak mengetahui tuhan bagimu selain aku. Maka bakarlah hai Haman untukku tanah liat kemudian buatkanlah untukku bangunan yang tinggi supaya aku dapat naik melihat Tuhan Musa, dan sesungguhnya aku benar-benar yakin bahwa dia termasuk orang-orang pendusta\"."},{"number":39,"text":"وَٱسْتَكْبَرَ هُوَ وَجُنُودُهُۥ فِى ٱلْأَرْضِ بِغَيْرِ ٱلْحَقِّ وَظَنُّوٓا۟ أَنَّهُمْ إِلَيْنَا لَا يُرْجَعُونَ","translation_en":"And he was arrogant, he and his soldiers, in the land, without right, and they thought that they would not be returned to Us.","translation_id":"dan berlaku angkuhlah Fir'aun dan bala tentaranya di bumi (Mesir) tanpa alasan yang benar dan mereka menyangka bahwa mereka tidak akan dikembalikan kepada Kami."},{"number":40,"text":"فَأَخَذْنَٰهُ وَجُنُودَهُۥ فَنَبَذْنَٰهُمْ فِى ٱلْيَمِّ فَٱنظُرْ كَيْفَ كَانَ عَٰقِبَةُ ٱلظَّٰلِمِينَ","translation_en":"So We took him and his soldiers and threw them into the sea. So see how was the end of the wrongdoers.","translation_id":"Maka Kami hukumlah Fir'aun dan bala tentaranya, lalu Kami lemparkan mereka ke dalam laut. Maka lihatlah bagaimana akibat orang-orang yang zalim."},{"number":41,"text":"وَجَعَلْنَٰهُمْ أَئِمَّةً يَدْعُونَ إِلَى ٱلنَّارِ وَيَوْمَ ٱلْقِيَٰمَةِ لَا يُنصَرُونَ","translation_en":"And We made them leaders inviting to the Fire, and on the Day of Resurrection they will not be helped.","translation_id":"Dan Kami jadikan mereka pemimpin-pemimpin yang menyeru (manusia) ke neraka dan pada hari kiamat mereka tidak akan ditolong."},{"number":42,"text":"وَأَتْبَعْنَٰهُمْ فِى هَٰذِهِ ٱلدُّنْيَا لَعْنَةً وَيَوْمَ ٱلْقِيَٰمَةِ هُم مِّنَ ٱلْمَقْبُوحِينَ","translation_en":"And We caused to overtake them in this world a curse, and on the Day of Resurrection they will be of the despised.","translation_id":"Dan Kami ikutkanlah laknat kepada mereka di dunia ini; dan pada hari kiamat mereka termasuk orang-orang yang dijauhkan (dari rahmat Allah)."},{"number":43,"text":"وَلَقَدْ ءَاتَيْنَا مُوسَى ٱلْكِتَٰبَ مِنۢ بَعْدِ مَآ أَهْلَكْنَا ٱلْقُرُونَ ٱلْأُولَىٰ بَصَآئِرَ لِلنَّاسِ وَهُدًى وَرَحْمَةً لَّعَلَّهُمْ يَتَذَكَّرُونَ","translation_en":"And We gave Moses the Scripture, after We had destroyed the former generations, as enlightenment for the people and guidance and mercy that they might be reminded.","translation_id":"Dan sesungguhnya telah Kami berikan kepada Musa Al-Kitab (Taurat) sesudah Kami binasakan generasi-generasi yang terdahulu, untuk menjadi pelita bagi manusia dan petunjuk dan rahmat, agar mereka ingat."},{"number":44,"text":"وَمَا كُنتَ بِجَانِبِ ٱلْغَرْبِىِّ إِذْ قَضَيْنَآ إِلَىٰ مُوسَى ٱلْأَمْرَ وَمَا كُنتَ مِنَ ٱلشَّٰهِدِينَ","translation_en":"And you, [O Muhammad], were not on the western side [of the mount] when We revealed to Moses the command, and you were not among the witnesses [to that].","translation_id":"Dan tidaklah kamu (Muhammad) berada di sisi yang sebelah barat ketika Kami menyampaikan perintah kepada Musa, dan tiada pula kamu termasuk orang-orang yang menyaksikan."},{"number":45,"text":"وَلَٰكِنَّآ أَنشَأْنَا قُرُونًا فَتَطَاوَلَ عَلَيْهِمُ ٱلْعُمُرُ وَمَا كُنتَ ثَاوِيًا فِىٓ أَهْلِ مَدْيَنَ تَتْلُوا۟ عَلَيْهِمْ ءَايَٰتِنَا وَلَٰكِنَّا كُنَّا مُرْسِلِينَ","translation_en":"But We produced [many] generations [after Moses], and prolonged was their duration. And you were not a resident among the people of Madyan, reciting to them Our verses, but We were senders [of this message].","translation_id":"Tetapi Kami telah mengadakan beberapa generasi, dan berlalulah atas mereka masa yang panjang, dan tiadalah kamu tinggal bersama-sama penduduk Mad-yan dengan membacakan ayat-ayat Kami kepada mereka, tetapi Kami telah mengutus rasul-rasul."},{"number":46,"text":"وَمَا كُنتَ بِجَانِبِ ٱلطُّورِ إِذْ نَادَيْنَا وَلَٰكِن رَّحْمَةً مِّن رَّبِّكَ لِتُنذِرَ قَوْمًا مَّآ أَتَىٰهُم مِّن نَّذِيرٍ مِّن قَبْلِكَ لَعَلَّهُمْ يَتَذَكَّرُونَ","translation_en":"And you were not at the side of the mount when We called [Moses] but [were sent] as a mercy from your Lord to warn a people to whom no warner had come before you that they might be reminded.","translation_id":"Dan tiadalah kamu berada di dekat gunung Thur ketika Kami menyeru (Musa), tetapi (Kami beritahukan itu kepadamu) sebagai rahmat dari Tuhanmu, supaya kamu memberi peringatan kepada kaum (Quraisy) yang sekali-kali belum datang kepada mereka pemberi peringatan sebelum kamu agar mereka ingat."},{"number":47,"text":"وَلَوْلَآ أَن تُصِيبَهُم مُّصِيبَةٌۢ بِمَا قَدَّمَتْ أَيْدِيهِمْ فَيَقُولُوا۟ رَبَّنَا لَوْلَآ أَرْسَلْتَ إِلَيْنَا رَسُولًا فَنَتَّبِعَ ءَايَٰتِكَ وَنَكُونَ مِنَ ٱلْمُؤْمِنِينَ","translation_en":"And if not that a disaster should strike them for what their hands put forth [of sins] and they would say, \"Our Lord, why did You not send us a messenger so we could have followed Your verses and been among the believers?\"...","translation_id":"Dan agar mereka tidak mengatakan ketika azab menimpa mereka disebabkan apa yang mereka kerjakan: \"Ya Tuhan kami, mengapa Engkau tidak mengutus seorang rasul kepada kami, lalu kami mengikuti ayat-ayat Engkau dan jadilah kami termasuk orang-orang mukmin\"."},{"number":48,"text":"فَلَمَّا جَآءَهُمُ ٱلْحَقُّ مِنْ عِندِنَا قَالُوا۟ لَوْلَآ أُوتِىَ مِثْلَ مَآ أُوتِىَ مُوسَىٰٓ أَوَلَمْ يَكْفُرُوا۟ بِمَآ أُوتِىَ مُوسَىٰ مِن قَبْلُ قَالُوا۟ سِحْرَانِ تَظَٰهَرَا وَقَالُوٓا۟ إِنَّا بِكُلٍّ كَٰفِرُونَ","translation_en":"But when the truth came to them from Us, they said, \"Why was he not given like that which was given to Moses?\" Did they not disbelieve in that which was given to Moses before? They said, \"[They are but] two works of magic supporting each other, and indeed we are, in both, disbelievers.\"","translation_id":"Maka tatkala datang kepada mereka kebenaran dari sisi Kami, mereka berkata: \"Mengapakah tidak diberikan kepadanya (Muhammad) seperti yang telah diberikan kepada Musa dahulu?\". Dan bukankah mereka itu telah ingkar (juga) kepada apa yang telah diberikan kepada Musa dahulu?; mereka dahulu telah berkata: \"Musa dan Harun adalah dua ahli sihir yang bantu membantu\". Dan mereka (juga) berkata: \"Sesungguhnya kami tidak mempercayai masing-masing mereka itu\"."},{"number":49,"text":"قُلْ فَأْتُوا۟ بِكِتَٰبٍ مِّنْ عِندِ ٱللَّهِ هُوَ أَهْدَىٰ مِنْهُمَآ أَتَّبِعْهُ إِن كُنتُمْ صَٰدِقِينَ","translation_en":"Say, \"Then bring a scripture from Allah which is more guiding than either of them that I may follow it, if you should be truthful.\"","translation_id":"Katakanlah: \"Datangkanlah olehmu sebuah kitab dari sisi Allah yang kitab itu lebih (dapat) memberi petunjuk daripada keduanya (Taurat dan Al Quran) niscaya aku mengikutinya, jika kamu sungguh orang-orang yang benar\"."},{"number":50,"text":"فَإِن لَّمْ يَسْتَجِيبُوا۟ لَكَ فَٱعْلَمْ أَنَّمَا يَتَّبِعُونَ أَهْوَآءَهُمْ وَمَنْ أَضَلُّ مِمَّنِ ٱتَّبَعَ هَوَىٰهُ بِغَيْرِ هُدًى مِّنَ ٱللَّهِ إِنَّ ٱللَّهَ لَا يَهْدِى ٱلْقَوْمَ ٱلظَّٰلِمِينَ","translation_en":"But if they do not respond to you - then know that they only follow their [own] desires. And who is more astray than one who follows his desire without guidance from Allah? Indeed, Allah does not guide the wrongdoing people.","translation_id":"Maka jika mereka tidak menjawab (tantanganmu) ketahuilah bahwa sesungguhnya mereka hanyalah mengikuti hawa nafsu mereka (belaka). Dan siapakah yang lebih sesat daripada orang yang mengikuti hawa nafsunya dengan tidak mendapat petunjuk dari Allah sedikitpun. Sesungguhnya Allah tidak memberi petunjuk kepada orang-orang yang zalim."},{"number":51,"text":"وَلَقَدْ وَصَّلْنَا لَهُمُ ٱلْقَوْلَ لَعَلَّهُمْ يَتَذَكَّرُونَ","translation_en":"And We have [repeatedly] conveyed to them the Qur'an that they might be reminded.","translation_id":"Dan sesungguhnya telah Kami turunkan berturut-turut perkataan ini (Al Quran) kepada mereka agar mereka mendapat pelajaran."},{"number":52,"text":"ٱلَّذِينَ ءَاتَيْنَٰهُمُ ٱلْكِتَٰبَ مِن قَبْلِهِۦ هُم بِهِۦ يُؤْمِنُونَ","translation_en":"Those to whom We gave the Scripture before it - they are believers in it.","translation_id":"Orang-orang yang telah Kami datangkan kepada mereka Al Kitab sebelum Al Quran, mereka beriman (pula) dengan Al Quran itu."},{"number":53,"text":"وَإِذَا يُتْلَىٰ عَلَيْهِمْ قَالُوٓا۟ ءَامَنَّا بِهِۦٓ إِنَّهُ ٱلْحَقُّ مِن رَّبِّنَآ إِنَّا كُنَّا مِن قَبْلِهِۦ مُسْلِمِينَ","translation_en":"And when it is recited to them, they say, \"We have believed in it; indeed, it is the truth from our Lord. Indeed we were, [even] before it, Muslims [submitting to Allah].\"","translation_id":"Dan apabila dibacakan (Al Quran itu) kepada mereka, mereka berkata: \"Kami beriman kepadanya; sesungguhnya; Al Quran itu adalah suatu kebenaran dari Tuhan kami, sesungguhnya kami sebelumnya adalah orang-orang yang membenarkan(nya)."},{"number":54,"text":"أُو۟لَٰٓئِكَ يُؤْتَوْنَ أَجْرَهُم مَّرَّتَيْنِ بِمَا صَبَرُوا۟ وَيَدْرَءُونَ بِٱلْحَسَنَةِ ٱلسَّيِّئَةَ وَمِمَّا رَزَقْنَٰهُمْ يُنفِقُونَ","translation_en":"Those will be given their reward twice for what they patiently endured and [because] they avert evil through good, and from what We have provided them they spend.","translation_id":"Mereka itu diberi pahala dua kali disebabkan kesabaran mereka, dan mereka menolak kejahatan dengan kebaikan, dan sebagian dari apa yang telah Kami rezekikan kepada mereka, mereka nafkahkan."},{"number":55,"text":"وَإِذَا سَمِعُوا۟ ٱللَّغْوَ أَعْرَضُوا۟ عَنْهُ وَقَالُوا۟ لَنَآ أَعْمَٰلُنَا وَلَكُمْ أَعْمَٰلُكُمْ سَلَٰمٌ عَلَيْكُمْ لَا نَبْتَغِى ٱلْجَٰهِلِينَ","translation_en":"And when they hear ill speech, they turn away from it and say, \"For us are our deeds, and for you are your deeds. Peace will be upon you; we seek not the ignorant.\"","translation_id":"Dan apabila mereka mendengar perkataan yang tidak bermanfaat, mereka berpaling daripadanya dan mereka berkata: \"Bagi kami amal-amal kami dan bagimu amal-amalmu, kesejahteraan atas dirimu, kami tidak ingin bergaul dengan orang-orang jahil\"."},{"number":56,"text":"إِنَّكَ لَا تَهْدِى مَنْ أَحْبَبْتَ وَلَٰكِنَّ ٱللَّهَ يَهْدِى مَن يَشَآءُ وَهُوَ أَعْلَمُ بِٱلْمُهْتَدِينَ","translation_en":"Indeed, [O Muhammad], you do not guide whom you like, but Allah guides whom He wills. And He is most knowing of the [rightly] guided.","translation_id":"Sesungguhnya kamu tidak akan dapat memberi petunjuk kepada orang yang kamu kasihi, tetapi Allah memberi petunjuk kepada orang yang dikehendaki-Nya, dan Allah lebih mengetahui orang-orang yang mau menerima petunjuk."},{"number":57,"text":"وَقَالُوٓا۟ إِن نَّتَّبِعِ ٱلْهُدَىٰ مَعَكَ نُتَخَطَّفْ مِنْ أَرْضِنَآ أَوَلَمْ نُمَكِّن لَّهُمْ حَرَمًا ءَامِنًا يُجْبَىٰٓ إِلَيْهِ ثَمَرَٰتُ كُلِّ شَىْءٍ رِّزْقًا مِّن لَّدُنَّا وَلَٰكِنَّ أَكْثَرَهُمْ لَا يَعْلَمُونَ","translation_en":"And they say, \"If we were to follow the guidance with you, we would be swept from our land.\" Have we not established for them a safe sanctuary to which are brought the fruits of all things as provision from Us? But most of them do not know.","translation_id":"Dan mereka berkata: \"Jika kami mengikuti petunjuk bersama kamu, niscaya kami akan diusir dari negeri kami\". Dan apakah Kami tidak meneguhkan kedudukan mereka dalam daerah haram (tanah suci) yang aman, yang didatangkan ke tempat itu buah-buahan dari segala macam (tumbuh-tumbuhan) untuk menjadi rezeki (bagimu) dari sisi Kami?. Tetapi kebanyakan mereka tidak mengetahui."},{"number":58,"text":"وَكَمْ أَهْلَكْنَا مِن قَرْيَةٍۭ بَطِرَتْ مَعِيشَتَهَا فَتِلْكَ مَسَٰكِنُهُمْ لَمْ تُسْكَن مِّنۢ بَعْدِهِمْ إِلَّا قَلِيلًا وَكُنَّا نَحْنُ ٱلْوَٰرِثِينَ","translation_en":"And how many a city have We destroyed that was insolent in its [way of] living, and those are their dwellings which have not been inhabited after them except briefly. And it is We who were the inheritors.","translation_id":"Dan berapa banyaknya (penduduk) negeri yang telah Kami binasakan, yang sudah bersenang-senang dalam kehidupannya; maka itulah tempat kediaman mereka yang tiada di diami (lagi) sesudah mereka, kecuali sebahagian kecil. Dan Kami adalah Pewaris(nya)."},{"number":59,"text":"وَمَا كَانَ رَبُّكَ مُهْلِكَ ٱلْقُرَىٰ حَتَّىٰ يَبْعَثَ فِىٓ أُمِّهَا رَسُولًا يَتْلُوا۟ عَلَيْهِمْ ءَايَٰتِنَا وَمَا كُنَّا مُهْلِكِى ٱلْقُرَىٰٓ إِلَّا وَأَهْلُهَا ظَٰلِمُونَ","translation_en":"And never would your Lord have destroyed the cities until He had sent to their mother a messenger reciting to them Our verses. And We would not destroy the cities except while their people were wrongdoers.","translation_id":"Dan tidak adalah Tuhanmu membinasakan kota-kota, sebelum Dia mengutus di ibukota itu seorang rasul yang membacakan ayat-ayat Kami kepada mereka; dan tidak pernah (pula) Kami membinasakan kota-kota; kecuali penduduknya dalam keadaan melakukan kezaliman."},{"number":60,"text":"وَمَآ أُوتِيتُم مِّن شَىْءٍ فَمَتَٰعُ ٱلْحَيَوٰةِ ٱلدُّنْيَا وَزِينَتُهَا وَمَا عِندَ ٱللَّهِ خَيْرٌ وَأَبْقَىٰٓ أَفَلَا تَعْقِلُونَ","translation_en":"And whatever thing you [people] have been given - it is [only for] the enjoyment of worldly life and its adornment. And what is with Allah is better and more lasting; so will you not use reason?","translation_id":"Dan apa saja yang diberikan kepada kamu, maka itu adalah kenikmatan hidup duniawi dan perhiasannya; sedang apa yang di sisi Allah adalah lebih baik dan lebih kekal. Maka apakah kamu tidak memahaminya?"},{"number":61,"text":"أَفَمَن وَعَدْنَٰهُ وَعْدًا حَسَنًا فَهُوَ لَٰقِيهِ كَمَن مَّتَّعْنَٰهُ مَتَٰعَ ٱلْحَيَوٰةِ ٱلدُّنْيَا ثُمَّ هُوَ يَوْمَ ٱلْقِيَٰمَةِ مِنَ ٱلْمُحْضَرِينَ","translation_en":"Then is he whom We have promised a good promise which he will obtain like he for whom We provided enjoyment of worldly life [but] then he is, on the Day of Resurrection, among those presented [for punishment in Hell]?","translation_id":"Maka apakah orang yang Kami janjikan kepadanya suatu janji yang baik (surga) lalu ia memperolehnya, sama dengan orang yang Kami berikan kepadanya kenikmatan hidup duniawi; kemudian dia pada hari kiamat termasuk orang-orang yang diseret (ke dalam neraka)?"},{"number":62,"text":"وَيَوْمَ يُنَادِيهِمْ فَيَقُولُ أَيْنَ شُرَكَآءِىَ ٱلَّذِينَ كُنتُمْ تَزْعُمُونَ","translation_en":"And [warn of] the Day He will call them and say, \"Where are My 'partners' which you used to claim?\"","translation_id":"Dan (ingatlah) hari (di waktu) Allah menyeru mereka, seraya berkata: \"Di manakah sekutu-sekutu-Ku yang dahulu kamu katakan?\""},{"number":63,"text":"قَالَ ٱلَّذِينَ حَقَّ عَلَيْهِمُ ٱلْقَوْلُ رَبَّنَا هَٰٓؤُلَآءِ ٱلَّذِينَ أَغْوَيْنَآ أَغْوَيْنَٰهُمْ كَمَا غَوَيْنَا تَبَرَّأْنَآ إِلَيْكَ مَا كَانُوٓا۟ إِيَّانَا يَعْبُدُونَ","translation_en":"Those upon whom the word will have come into effect will say, \"Our Lord, these are the ones we led to error. We led them to error just as we were in error. We declare our disassociation [from them] to You. They did not used to worship us.\"","translation_id":"Berkatalah orang-orang yang telah tetap hukuman atas mereka; \"Ya Tuhan kami, mereka inilah orang-orang yang kami sesatkan itu; kami telah menyesatkan mereka sebagaimana kami (sendiri) sesat, kami menyatakan berlepas diri (dari mereka) kepada Engkau, mereka sekali-kali tidak menyembah kami\"."},{"number":64,"text":"وَقِيلَ ٱدْعُوا۟ شُرَكَآءَكُمْ فَدَعَوْهُمْ فَلَمْ يَسْتَجِيبُوا۟ لَهُمْ وَرَأَوُا۟ ٱلْعَذَابَ لَوْ أَنَّهُمْ كَانُوا۟ يَهْتَدُونَ","translation_en":"And it will be said, \"Invoke your 'partners' \" and they will invoke them; but they will not respond to them, and they will see the punishment. If only they had followed guidance!","translation_id":"Dikatakan (kepada mereka) \"Serulah olehmu sekutu-sekutu kamu\", lalu mereka menyerunya, maka sekutu-sekutu itu tidak memperkenankan (seruan) mereka, dan mereka melihat azab. (Mereka ketika itu berkeinginan) kiranya mereka dahulu menerima petunjuk."},{"number":65,"text":"وَيَوْمَ يُنَادِيهِمْ فَيَقُولُ مَاذَآ أَجَبْتُمُ ٱلْمُرْسَلِينَ","translation_en":"And [mention] the Day He will call them and say, \"What did you answer the messengers?\"","translation_id":"Dan (ingatlah) hari (di waktu) Allah menyeru mereka, seraya berkata: \"Apakah jawabanmu kepada para rasul?\""},{"number":66,"text":"فَعَمِيَتْ عَلَيْهِمُ ٱلْأَنۢبَآءُ يَوْمَئِذٍ فَهُمْ لَا يَتَسَآءَلُونَ","translation_en":"But the information will be unapparent to them that Day, so they will not [be able to] ask one another.","translation_id":"Maka gelaplah bagi mereka segala macam alasan pada hari itu, karena itu mereka tidak saling tanya menanya."},{"number":67,"text":"فَأَمَّا مَن تَابَ وَءَامَنَ وَعَمِلَ صَٰلِحًا فَعَسَىٰٓ أَن يَكُونَ مِنَ ٱلْمُفْلِحِينَ","translation_en":"But as for one who had repented, believed, and done righteousness, it is promised by Allah that he will be among the successful.","translation_id":"Adapun orang yang bertaubat dan beriman, serta mengerjakan amal yang saleh, semoga dia termasuk orang-orang yang beruntung."},{"number":68,"text":"وَرَبُّكَ يَخْلُقُ مَا يَشَآءُ وَيَخْتَارُ مَا كَانَ لَهُمُ ٱلْخِيَرَةُ سُبْحَٰنَ ٱللَّهِ وَتَعَٰلَىٰ عَمَّا يُشْرِكُونَ","translation_en":"And your Lord creates what He wills and chooses; not for them was the choice. Exalted is Allah and high above what they associate with Him.","translation_id":"Dan Tuhanmu menciptakan apa yang Dia kehendaki dan memilihnya. Sekali-kali tidak ada pilihan bagi mereka. Maha Suci Allah dan Maha Tinggi dari apa yang mereka persekutukan (dengan Dia)."},{"number":69,"text":"وَرَبُّكَ يَعْلَمُ مَا تُكِنُّ صُدُورُهُمْ وَمَا يُعْلِنُونَ","translation_en":"And your Lord knows what their breasts conceal and what they declare.","translation_id":"Dan Tuhanmu mengetahui apa yang disembunyikan (dalam) dada mereka dan apa yang mereka nyatakan."},{"number":70,"text":"وَهُوَ ٱللَّهُ لَآ إِلَٰهَ إِلَّا هُوَ لَهُ ٱلْحَمْدُ فِى ٱلْأُولَىٰ وَٱلْءَاخِرَةِ وَلَهُ ٱلْحُكْمُ وَإِلَيْهِ تُرْجَعُونَ","translation_en":"And He is Allah; there is no deity except Him. To Him is [due all] praise in the first [life] and the Hereafter. And His is the [final] decision, and to Him you will be returned.","translation_id":"Dan Dialah Allah, tidak ada Tuhan (yang berhak disembah) melainkan Dia, bagi-Nya-lah segala puji di dunia dan di akhirat, dan bagi-Nya-lah segala penentuan dan hanya kepada-Nya-lah kamu dikembalikan."},{"number":71,"text":"قُلْ أَرَءَيْتُمْ إِن جَعَلَ ٱللَّهُ عَلَيْكُمُ ٱلَّيْلَ سَرْمَدًا إِلَىٰ يَوْمِ ٱلْقِيَٰمَةِ مَنْ إِلَٰهٌ غَيْرُ ٱللَّهِ يَأْتِيكُم بِضِيَآءٍ أَفَلَا تَسْمَعُونَ","translation_en":"Say, \"Have you considered: if Allah should make for you the night continuous until the Day of Resurrection, what deity other than Allah could bring you light? Then will you not hear?\"","translation_id":"Katakanlah: \"Terangkanlah kepadaku, jika Allah menjadikan untukmu malam itu terus menerus sampai hari kiamat, siapakah Tuhan selain Allah yang akan mendatangkan sinar terang kepadamu? Maka apakah kamu tidak mendengar?\""},{"number":72,"text":"قُلْ أَرَءَيْتُمْ إِن جَعَلَ ٱللَّهُ عَلَيْكُمُ ٱلنَّهَارَ سَرْمَدًا إِلَىٰ يَوْمِ ٱلْقِيَٰمَةِ مَنْ إِلَٰهٌ غَيْرُ ٱللَّهِ يَأْتِيكُم بِلَيْلٍ تَسْكُنُونَ فِيهِ أَفَلَا تُبْصِرُونَ","translation_en":"Say, \"Have you considered: if Allah should make for you the day continuous until the Day of Resurrection, what deity other than Allah could bring you a night in which you may rest? Then will you not see?\"","translation_id":"Katakanlah: \"Terangkanlah kepadaku, jika Allah menjadikan untukmu siang itu terus menerus sampai hari kiamat, siapakah Tuhan selain Allah yang akan mendatangkan malam kepadamu yang kamu beristirahat padanya? Maka apakah kamu tidak memperhatikan?\""},{"number":73,"text":"وَمِن رَّحْمَتِهِۦ جَعَلَ لَكُمُ ٱلَّيْلَ وَٱلنَّهَارَ لِتَسْكُنُوا۟ فِيهِ وَلِتَبْتَغُوا۟ مِن فَضْلِهِۦ وَلَعَلَّكُمْ تَشْكُرُونَ","translation_en":"And out of His mercy He made for you the night and the day that you may rest therein and [by day] seek from His bounty and [that] perhaps you will be grateful.","translation_id":"Dan karena rahmat-Nya, Dia jadikan untukmu malam dan siang, supaya kamu beristirahat pada malam itu dan supaya kamu mencari sebahagian dari karunia-Nya (pada siang hari) dan agar kamu bersyukur kepada-Nya."},{"number":74,"text":"وَيَوْمَ يُنَادِيهِمْ فَيَقُولُ أَيْنَ شُرَكَآءِىَ ٱلَّذِينَ كُنتُمْ تَزْعُمُونَ","translation_en":"And [warn of] the Day He will call them and say, \"Where are my 'partners' which you used to claim?\"","translation_id":"Dan (ingatlah) hari (di waktu) Allah menyeru mereka, seraya berkata: \"Di manakah sekutu-sekutu-Ku yang dahulu kamu katakan?\""},{"number":75,"text":"وَنَزَعْنَا مِن كُلِّ أُمَّةٍ شَهِيدًا فَقُلْنَا هَاتُوا۟ بُرْهَٰنَكُمْ فَعَلِمُوٓا۟ أَنَّ ٱلْحَقَّ لِلَّهِ وَضَلَّ عَنْهُم مَّا كَانُوا۟ يَفْتَرُونَ","translation_en":"And We will extract from every nation a witness and say, \"Produce your proof,\" and they will know that the truth belongs to Allah, and lost from them is that which they used to invent.","translation_id":"Dan Kami datangkan dari tiap-tiap umat seorang saksi, lalu Kami berkata \"Tunjukkanlah bukti kebenaranmu\", maka tahulah mereka bahwasanya yang hak itu kepunyaan Allah dan lenyaplah dari mereka apa yang dahulunya mereka ada-adakan."},{"number":76,"text":"إِنَّ قَٰرُونَ كَانَ مِن قَوْمِ مُوسَىٰ فَبَغَىٰ عَلَيْهِمْ وَءَاتَيْنَٰهُ مِنَ ٱلْكُنُوزِ مَآ إِنَّ مَفَاتِحَهُۥ لَتَنُوٓأُ بِٱلْعُصْبَةِ أُو۟لِى ٱلْقُوَّةِ إِذْ قَالَ لَهُۥ قَوْمُهُۥ لَا تَفْرَحْ إِنَّ ٱللَّهَ لَا يُحِبُّ ٱلْفَرِحِينَ","translation_en":"Indeed, Qarun was from the people of Moses, but he tyrannized them. And We gave him of treasures whose keys would burden a band of strong men; thereupon his people said to him, \"Do not exult. Indeed, Allah does not like the exultant.","translation_id":"Sesungguhnya Karun adalah termasuk kaum Musa, maka ia berlaku aniaya terhadap mereka, dan Kami telah menganugerahkan kepadanya perbendaharaan harta yang kunci-kuncinya sungguh berat dipikul oleh sejumlah orang yang kuat-kuat. (Ingatlah) ketika kaumnya berkata kepadanya: \"Janganlah kamu terlalu bangga; sesungguhnya Allah tidak menyukai orang-orang yang terlalu membanggakan diri\"."},{"number":77,"text":"وَٱبْتَغِ فِيمَآ ءَاتَىٰكَ ٱللَّهُ ٱلدَّارَ ٱلْءَاخِرَةَ وَلَا تَنسَ نَصِيبَكَ مِنَ ٱلدُّنْيَا وَأَحْسِن كَمَآ أَحْسَنَ ٱللَّهُ إِلَيْكَ وَلَا تَبْغِ ٱلْفَسَادَ فِى ٱلْأَرْضِ إِنَّ ٱللَّهَ لَا يُحِبُّ ٱلْمُفْسِدِينَ","translation_en":"But seek, through that which Allah has given you, the home of the Hereafter; and [yet], do not forget your share of the world. And do good as Allah has done good to you. And desire not corruption in the land. Indeed, Allah does not like corrupters.\"","translation_id":"Dan carilah pada apa yang telah dianugerahkan Allah kepadamu (kebahagiaan) negeri akhirat, dan janganlah kamu melupakan bahagianmu dari (kenikmatan) duniawi dan berbuat baiklah (kepada orang lain) sebagaimana Allah telah berbuat baik, kepadamu, dan janganlah kamu berbuat kerusakan di (muka) bumi. Sesungguhnya Allah tidak menyukai orang-orang yang berbuat kerusakan."},{"number":78,"text":"قَالَ إِنَّمَآ أُوتِيتُهُۥ عَلَىٰ عِلْمٍ عِندِىٓ أَوَلَمْ يَعْلَمْ أَنَّ ٱللَّهَ قَدْ أَهْلَكَ مِن قَبْلِهِۦ مِنَ ٱلْقُرُونِ مَنْ هُوَ أَشَدُّ مِنْهُ قُوَّةً وَأَكْثَرُ جَمْعًا وَلَا يُسْـَٔلُ عَن ذُنُوبِهِمُ ٱلْمُجْرِمُونَ","translation_en":"He said, \"I was only given it because of knowledge I have.\" Did he not know that Allah had destroyed before him of generations those who were greater than him in power and greater in accumulation [of wealth]? But the criminals, about their sins, will not be asked.","translation_id":"Karun berkata: \"Sesungguhnya aku hanya diberi harta itu, karena ilmu yang ada padaku\". Dan apakah ia tidak mengetahui, bahwasanya Allah sungguh telah membinasakan umat-umat sebelumnya yang lebih kuat daripadanya, dan lebih banyak mengumpulkan harta? Dan tidaklah perlu ditanya kepada orang-orang yang berdosa itu, tentang dosa-dosa mereka."},{"number":79,"text":"فَخَرَجَ عَلَىٰ قَوْمِهِۦ فِى زِينَتِهِۦ قَالَ ٱلَّذِينَ يُرِيدُونَ ٱلْحَيَوٰةَ ٱلدُّنْيَا يَٰلَيْتَ لَنَا مِثْلَ مَآ أُوتِىَ قَٰرُونُ إِنَّهُۥ لَذُو حَظٍّ عَظِيمٍ","translation_en":"So he came out before his people in his adornment. Those who desired the worldly life said, \"Oh, would that we had like what was given to Qarun. Indeed, he is one of great fortune.\"","translation_id":"Maka keluarlah Karun kepada kaumnya dalam kemegahannya. Berkatalah orang-orang yang menghendaki kehidupan dunia: \"Moga-moga kiranya kita mempunyai seperti apa yang telah diberikan kepada Karun; sesungguhnya ia benar-benar mempunyai keberuntungan yang besar\"."},{"number":80,"text":"وَقَالَ ٱلَّذِينَ أُوتُوا۟ ٱلْعِلْمَ وَيْلَكُمْ ثَوَابُ ٱللَّهِ خَيْرٌ لِّمَنْ ءَامَنَ وَعَمِلَ صَٰلِحًا وَلَا يُلَقَّىٰهَآ إِلَّا ٱلصَّٰبِرُونَ","translation_en":"But those who had been given knowledge said, \"Woe to you! The reward of Allah is better for he who believes and does righteousness. And none are granted it except the patient.\"","translation_id":"Berkatalah orang-orang yang dianugerahi ilmu: \"Kecelakaan yang besarlah bagimu, pahala Allah adalah lebih baik bagi orang-orang yang beriman dan beramal saleh, dan tidak diperoleh pahala itu, kecuali oleh orang-orang yang sabar\"."},{"number":81,"text":"فَخَسَفْنَا بِهِۦ وَبِدَارِهِ ٱلْأَرْضَ فَمَا كَانَ لَهُۥ مِن فِئَةٍ يَنصُرُونَهُۥ مِن دُونِ ٱللَّهِ وَمَا كَانَ مِنَ ٱلْمُنتَصِرِينَ","translation_en":"And We caused the earth to swallow him and his home. And there was for him no company to aid him other than Allah, nor was he of those who [could] defend themselves.","translation_id":"Maka Kami benamkanlah Karun beserta rumahnya ke dalam bumi. Maka tidak ada baginya suatu golonganpun yang menolongnya terhadap azab Allah. Dan tiadalah ia termasuk orang-orang (yang dapat) membela (dirinya)."},{"number":82,"text":"وَأَصْبَحَ ٱلَّذِينَ تَمَنَّوْا۟ مَكَانَهُۥ بِٱلْأَمْسِ يَقُولُونَ وَيْكَأَنَّ ٱللَّهَ يَبْسُطُ ٱلرِّزْقَ لِمَن يَشَآءُ مِنْ عِبَادِهِۦ وَيَقْدِرُ لَوْلَآ أَن مَّنَّ ٱللَّهُ عَلَيْنَا لَخَسَفَ بِنَا وَيْكَأَنَّهُۥ لَا يُفْلِحُ ٱلْكَٰفِرُونَ","translation_en":"And those who had wished for his position the previous day began to say, \"Oh, how Allah extends provision to whom He wills of His servants and restricts it! If not that Allah had conferred favor on us, He would have caused it to swallow us. Oh, how the disbelievers do not succeed!\"","translation_id":"Dan jadilah orang-orang yang kemarin mencita-citakan kedudukan Karun itu, berkata: \"Aduhai, benarlah Allah melapangkan rezeki bagi siapa yang Dia kehendaki dari hamba-hambanya dan menyempitkannya; kalau Allah tidak melimpahkan karunia-Nya atas kita benar-benar Dia telah membenamkan kita (pula). Aduhai benarlah, tidak beruntung orang-orang yang mengingkari (nikmat Allah)\"."},{"number":83,"text":"تِلْكَ ٱلدَّارُ ٱلْءَاخِرَةُ نَجْعَلُهَا لِلَّذِينَ لَا يُرِيدُونَ عُلُوًّا فِى ٱلْأَرْضِ وَلَا فَسَادًا وَٱلْعَٰقِبَةُ لِلْمُتَّقِينَ","translation_en":"That home of the Hereafter We assign to those who do not desire exaltedness upon the earth or corruption. And the [best] outcome is for the righteous.","translation_id":"Negeri akhirat itu, Kami jadikan untuk orang-orang yang tidak ingin menyombongkan diri dan berbuat kerusakan di (muka) bumi. Dan kesudahan (yang baik) itu adalah bagi orang-orang yang bertakwa."},{"number":84,"text":"مَن جَآءَ بِٱلْحَسَنَةِ فَلَهُۥ خَيْرٌ مِّنْهَا وَمَن جَآءَ بِٱلسَّيِّئَةِ فَلَا يُجْزَى ٱلَّذِينَ عَمِلُوا۟ ٱلسَّيِّـَٔاتِ إِلَّا مَا كَانُوا۟ يَعْمَلُونَ","translation_en":"Whoever comes [on the Day of Judgement] with a good deed will have better than it; and whoever comes with an evil deed - then those who did evil deeds will not be recompensed except [as much as] what they used to do.","translation_id":"Barangsiapa yang datang dengan (membawa) kebaikan, maka baginya (pahala) yang lebih baik daripada kebaikannya itu; dan barangsiapa yang datang dengan (membawa) kejahatan, maka tidaklah diberi pembalasan kepada orang-orang yang telah mengerjakan kejahatan itu, melainkan (seimbang) dengan apa yang dahulu mereka kerjakan."},{"number":85,"text":"إِنَّ ٱلَّذِى فَرَضَ عَلَيْكَ ٱلْقُرْءَانَ لَرَآدُّكَ إِلَىٰ مَعَادٍ قُل رَّبِّىٓ أَعْلَمُ مَن جَآءَ بِٱلْهُدَىٰ وَمَنْ هُوَ فِى ضَلَٰلٍ مُّبِينٍ","translation_en":"Indeed, [O Muhammad], He who imposed upon you the Qur'an will take you back to a place of return. Say, \"My Lord is most knowing of who brings guidance and who is in clear error.\"","translation_id":"Sesungguhnya yang mewajibkan atasmu (melaksanakan hukum-hukum) Al Quran, benar-benar akan mengembalikan kamu ke tempat kembali. Katakanlah: \"Tuhanku mengetahui orang yang membawa petunjuk dan orang yang dalam kesesatan yang nyata\"."},{"number":86,"text":"وَمَا كُنتَ تَرْجُوٓا۟ أَن يُلْقَىٰٓ إِلَيْكَ ٱلْكِتَٰبُ إِلَّا رَحْمَةً مِّن رَّبِّكَ فَلَا تَكُونَنَّ ظَهِيرًا لِّلْكَٰفِرِينَ","translation_en":"And you were not expecting that the Book would be conveyed to you, but [it is] a mercy from your Lord. So do not be an assistant to the disbelievers.","translation_id":"Dan kamu tidak pernah mengharap agar Al Quran diturunkan kepadamu, tetapi ia (diturunkan) karena suatu rahmat yang besar dari Tuhanmu, sebab itu janganlah sekali-kali kamu menjadi penolong bagi orang-orang kafir."},{"number":87,"text":"وَلَا يَصُدُّنَّكَ عَنْ ءَايَٰتِ ٱللَّهِ بَعْدَ إِذْ أُنزِلَتْ إِلَيْكَ وَٱدْعُ إِلَىٰ رَبِّكَ وَلَا تَكُونَنَّ مِنَ ٱلْمُشْرِكِينَ","translation_en":"And never let them avert you from the verses of Allah after they have been revealed to you. And invite [people] to your Lord. And never be of those who associate others with Allah.","translation_id":"Dan janganlah sekali-kali mereka dapat menghalangimu dari (menyampaikan) ayat-ayat Allah, sesudah ayat-ayat itu diturunkan kepadamu, dan serulah mereka kepada (jalan) Tuhanmu, dan janganlah sekali-sekali kamu termasuk orang-orang yang mempersekutukan Tuhan."},{"number":88,"text":"وَلَا تَدْعُ مَعَ ٱللَّهِ إِلَٰهًا ءَاخَرَ لَآ إِلَٰهَ إِلَّا هُوَ كُلُّ شَىْءٍ هَالِكٌ إِلَّا وَجْهَهُۥ لَهُ ٱلْحُكْمُ وَإِلَيْهِ تُرْجَعُونَ","translation_en":"And do not invoke with Allah another deity. There is no deity except Him. Everything will be destroyed except His Face. His is the judgement, and to Him you will be returned.","translation_id":"Janganlah kamu sembah di samping (menyembah) Allah, tuhan apapun yang lain. Tidak ada Tuhan (yang berhak disembah) melainkan Dia. Tiap-tiap sesuatu pasti binasa, kecuali Allah. Bagi-Nya-lah segala penentuan, dan hanya kepada-Nya-lah kamu dikembalikan."}]}