{"number":29,"name":"سورة العنكبوت","transliteration_en":"Al-Ankaboot","translation_en":"The Spider","total_verses":69,"revelation_type":"Meccan","verses":[{"number":1,"text":"بِسْمِ ٱللَّهِ ٱلرَّحْمَٰنِ ٱلرَّحِيمِ الٓمٓ","translation_en":"Alif, Lam, Meem","translation_id":"Alif laam miim"},{"number":2,"text":"أَحَسِبَ ٱلنَّاسُ أَن يُتْرَكُوٓا۟ أَن يَقُولُوٓا۟ ءَامَنَّا وَهُمْ لَا يُفْتَنُونَ","translation_en":"Do the people think that they will be left to say, \"We believe\" and they will not be tried?","translation_id":"Apakah manusia itu mengira bahwa mereka dibiarkan (saja) mengatakan: \"Kami telah beriman\", sedang mereka tidak diuji lagi?"},{"number":3,"text":"وَلَقَدْ فَتَنَّا ٱلَّذِينَ مِن قَبْلِهِمْ فَلَيَعْلَمَنَّ ٱللَّهُ ٱلَّذِينَ صَدَقُوا۟ وَلَيَعْلَمَنَّ ٱلْكَٰذِبِينَ","translation_en":"But We have certainly tried those before them, and Allah will surely make evident those who are truthful, and He will surely make evident the liars.","translation_id":"Dan sesungguhnya kami telah menguji orang-orang yang sebelum mereka, maka sesungguhnya Allah mengetahui orang-orang yang benar dan sesungguhnya Dia mengetahui orang-orang yang dusta."},{"number":4,"text":"أَمْ حَسِبَ ٱلَّذِينَ يَعْمَلُونَ ٱلسَّيِّـَٔاتِ أَن يَسْبِقُونَا سَآءَ مَا يَحْكُمُونَ","translation_en":"Or do those who do evil deeds think they can outrun Us? Evil is what they judge.","translation_id":"Ataukah orang-orang yang mengerjakan kejahatan itu mengira bahwa mereka akan luput (dari azab) Kami? Amatlah buruk apa yang mereka tetapkan itu."},{"number":5,"text":"مَن كَانَ يَرْجُوا۟ لِقَآءَ ٱللَّهِ فَإِنَّ أَجَلَ ٱللَّهِ لَءَاتٍ وَهُوَ ٱلسَّمِيعُ ٱلْعَلِيمُ","translation_en":"Whoever should hope for the meeting with Allah - indeed, the term decreed by Allah is coming. And He is the Hearing, the Knowing.","translation_id":"Barangsiapa yang mengharap pertemuan dengan Allah, maka sesungguhnya waktu (yang dijanjikan) Allah itu, pasti datang. Dan Dialah Yang Maha mendengar lagi Maha Mengetahui."},{"number":6,"text":"وَمَن جَٰهَدَ فَإِنَّمَا يُجَٰهِدُ لِنَفْسِهِۦٓ إِنَّ ٱللَّهَ لَغَنِىٌّ عَنِ ٱلْعَٰلَمِينَ","translation_en":"And whoever strives only strives for [the benefit of] himself. Indeed, Allah is free from need of the worlds.","translation_id":"Dan barangsiapa yang berjihad, maka sesungguhnya jihadnya itu adalah untuk dirinya sendiri. Sesungguhnya Allah benar-benar Maha Kaya (tidak memerlukan sesuatu) dari semesta alam."},{"number":7,"text":"وَٱلَّذِينَ ءَامَنُوا۟ وَعَمِلُوا۟ ٱلصَّٰلِحَٰتِ لَنُكَفِّرَنَّ عَنْهُمْ سَيِّـَٔاتِهِمْ وَلَنَجْزِيَنَّهُمْ أَحْسَنَ ٱلَّذِى كَانُوا۟ يَعْمَلُونَ","translation_en":"And those who believe and do righteous deeds - We will surely remove from them their misdeeds and will surely reward them according to the best of what they used to do.","translation_id":"Dan orang-orang yang beriman dan beramal saleh, benar-benar akan Kami hapuskan dari mereka dosa-dosa mereka dan benar-benar akan Kami beri mereka balasan yang lebih baik dari apa yang mereka kerjakan."},{"number":8,"text":"وَوَصَّيْنَا ٱلْإِنسَٰنَ بِوَٰلِدَيْهِ حُسْنًا وَإِن جَٰهَدَاكَ لِتُشْرِكَ بِى مَا لَيْسَ لَكَ بِهِۦ عِلْمٌ فَلَا تُطِعْهُمَآ إِلَىَّ مَرْجِعُكُمْ فَأُنَبِّئُكُم بِمَا كُنتُمْ تَعْمَلُونَ","translation_en":"And We have enjoined upon man goodness to parents. But if they endeavor to make you associate with Me that of which you have no knowledge, do not obey them. To Me is your return, and I will inform you about what you used to do.","translation_id":"Dan Kami wajibkan manusia (berbuat) kebaikan kepada dua orang ibu-bapaknya. Dan jika keduanya memaksamu untuk mempersekutukan Aku dengan sesuatu yang tidak ada pengetahuanmu tentang itu, maka janganlah kamu mengikuti keduanya. Hanya kepada-Ku-lah kembalimu, lalu Aku kabarkan kepadamu apa yang telah kamu kerjakan."},{"number":9,"text":"وَٱلَّذِينَ ءَامَنُوا۟ وَعَمِلُوا۟ ٱلصَّٰلِحَٰتِ لَنُدْخِلَنَّهُمْ فِى ٱلصَّٰلِحِينَ","translation_en":"And those who believe and do righteous deeds - We will surely admit them among the righteous [into Paradise].","translation_id":"Dan orang-orang yang beriman dan mengerjakan amal saleh benar-benar akan Kami masukkan mereka ke dalam (golongan) orang-orang yang saleh."},{"number":10,"text":"وَمِنَ ٱلنَّاسِ مَن يَقُولُ ءَامَنَّا بِٱللَّهِ فَإِذَآ أُوذِىَ فِى ٱللَّهِ جَعَلَ فِتْنَةَ ٱلنَّاسِ كَعَذَابِ ٱللَّهِ وَلَئِن جَآءَ نَصْرٌ مِّن رَّبِّكَ لَيَقُولُنَّ إِنَّا كُنَّا مَعَكُمْ أَوَلَيْسَ ٱللَّهُ بِأَعْلَمَ بِمَا فِى صُدُورِ ٱلْعَٰلَمِينَ","translation_en":"And of the people are some who say, \"We believe in Allah,\" but when one [of them] is harmed for [the cause of] Allah, they consider the trial of the people as [if it were] the punishment of Allah. But if victory comes from your Lord, they say, \"Indeed, We were with you.\" Is not Allah most knowing of what is within the breasts of all creatures?","translation_id":"Dan di antara manusia ada orang yang berkata: \"Kami beriman kepada Allah\", maka apabila ia disakiti (karena ia beriman) kepada Allah, ia menganggap fitnah manusia itu sebagai azab Allah. Dan sungguh jika datang pertolongan dari Tuhanmu, mereka pasti akan berkata: \"Sesungguhnya kami adalah besertamu\". Bukankah Allah lebih mengetahui apa yang ada dalam dada semua manusia?"},{"number":11,"text":"وَلَيَعْلَمَنَّ ٱللَّهُ ٱلَّذِينَ ءَامَنُوا۟ وَلَيَعْلَمَنَّ ٱلْمُنَٰفِقِينَ","translation_en":"And Allah will surely make evident those who believe, and He will surely make evident the hypocrites.","translation_id":"Dan sesungguhnya Allah benar-benar mengetahui orang-orang yang beriman: dan sesungguhnya Dia mengetahui orang-orang yang munafik."},{"number":12,"text":"وَقَالَ ٱلَّذِينَ كَفَرُوا۟ لِلَّذِينَ ءَامَنُوا۟ ٱتَّبِعُوا۟ سَبِيلَنَا وَلْنَحْمِلْ خَطَٰيَٰكُمْ وَمَا هُم بِحَٰمِلِينَ مِنْ خَطَٰيَٰهُم مِّن شَىْءٍ إِنَّهُمْ لَكَٰذِبُونَ","translation_en":"And those who disbelieve say to those who believe, \"Follow our way, and we will carry your sins.\" But they will not carry anything of their sins. Indeed, they are liars.","translation_id":"Dan berkatalah orang-orang kafir kepada orang-orang yang beriman: \"Ikutilah jalan kami, dan nanti kami akan memikul dosa-dosamu\", dan mereka (sendiri) sedikitpun tidak (sanggup), memikul dosa-dosa mereka. Sesungguhnya mereka adalah benar-benar orang pendusta."},{"number":13,"text":"وَلَيَحْمِلُنَّ أَثْقَالَهُمْ وَأَثْقَالًا مَّعَ أَثْقَالِهِمْ وَلَيُسْـَٔلُنَّ يَوْمَ ٱلْقِيَٰمَةِ عَمَّا كَانُوا۟ يَفْتَرُونَ","translation_en":"But they will surely carry their [own] burdens and [other] burdens along with their burdens, and they will surely be questioned on the Day of Resurrection about what they used to invent.","translation_id":"Dan sesungguhnya mereka akan memikul beban (dosa) mereka, dan beban-beban (dosa yang lain) di samping beban-beban mereka sendiri, dan sesungguhnya mereka akan ditanya pada hari kiamat tentang apa yang selalu mereka ada-adakan."},{"number":14,"text":"وَلَقَدْ أَرْسَلْنَا نُوحًا إِلَىٰ قَوْمِهِۦ فَلَبِثَ فِيهِمْ أَلْفَ سَنَةٍ إِلَّا خَمْسِينَ عَامًا فَأَخَذَهُمُ ٱلطُّوفَانُ وَهُمْ ظَٰلِمُونَ","translation_en":"And We certainly sent Noah to his people, and he remained among them a thousand years minus fifty years, and the flood seized them while they were wrongdoers.","translation_id":"Dan sesungguhnya Kami telah mengutus Nuh kepada kaumnya, maka ia tinggal di antara mereka seribu tahun kurang lima puluh tahun. Maka mereka ditimpa banjir besar, dan mereka adalah orang-orang yang zalim."},{"number":15,"text":"فَأَنجَيْنَٰهُ وَأَصْحَٰبَ ٱلسَّفِينَةِ وَجَعَلْنَٰهَآ ءَايَةً لِّلْعَٰلَمِينَ","translation_en":"But We saved him and the companions of the ship, and We made it a sign for the worlds.","translation_id":"Maka Kami selamatkan Nuh dan penumpang-penumpang bahtera itu dan Kami jadikan peristiwa itu pelajaran bagi semua umat manusia."},{"number":16,"text":"وَإِبْرَٰهِيمَ إِذْ قَالَ لِقَوْمِهِ ٱعْبُدُوا۟ ٱللَّهَ وَٱتَّقُوهُ ذَٰلِكُمْ خَيْرٌ لَّكُمْ إِن كُنتُمْ تَعْلَمُونَ","translation_en":"And [We sent] Abraham, when he said to his people, \"Worship Allah and fear Him. That is best for you, if you should know.","translation_id":"Dan (ingatlah) Ibrahim, ketika ia berkata kepada kaumnya: \"Sembahlah olehmu Allah dan bertakwalah kepada-Nya. Yang demikian itu adalah lebih baik bagimu, jika kamu mengetahui."},{"number":17,"text":"إِنَّمَا تَعْبُدُونَ مِن دُونِ ٱللَّهِ أَوْثَٰنًا وَتَخْلُقُونَ إِفْكًا إِنَّ ٱلَّذِينَ تَعْبُدُونَ مِن دُونِ ٱللَّهِ لَا يَمْلِكُونَ لَكُمْ رِزْقًا فَٱبْتَغُوا۟ عِندَ ٱللَّهِ ٱلرِّزْقَ وَٱعْبُدُوهُ وَٱشْكُرُوا۟ لَهُۥٓ إِلَيْهِ تُرْجَعُونَ","translation_en":"You only worship, besides Allah, idols, and you produce a falsehood. Indeed, those you worship besides Allah do not possess for you [the power of] provision. So seek from Allah provision and worship Him and be grateful to Him. To Him you will be returned.\"","translation_id":"Sesungguhnya apa yang kamu sembah selain Allah itu adalah berhala, dan kamu membuat dusta. Sesungguhnya yang kamu sembah selain Allah itu tidak mampu memberikan rezeki kepadamu; maka mintalah rezeki itu di sisi Allah, dan sembahlah Dia dan bersyukurlah kepada-Nya. Hanya kepada-Nya-lah kamu akan dikembalikan."},{"number":18,"text":"وَإِن تُكَذِّبُوا۟ فَقَدْ كَذَّبَ أُمَمٌ مِّن قَبْلِكُمْ وَمَا عَلَى ٱلرَّسُولِ إِلَّا ٱلْبَلَٰغُ ٱلْمُبِينُ","translation_en":"And if you [people] deny [the message] - already nations before you have denied. And there is not upon the Messenger except [the duty of] clear notification.","translation_id":"Dan jika kamu (orang kafir) mendustakan, maka umat yang sebelum kamu juga telah mendustakan. Dan kewajiban rasul itu, tidak lain hanyalah menyampaikan (agama Allah) dengan seterang-terangnya\"."},{"number":19,"text":"أَوَلَمْ يَرَوْا۟ كَيْفَ يُبْدِئُ ٱللَّهُ ٱلْخَلْقَ ثُمَّ يُعِيدُهُۥٓ إِنَّ ذَٰلِكَ عَلَى ٱللَّهِ يَسِيرٌ","translation_en":"Have they not considered how Allah begins creation and then repeats it? Indeed that, for Allah, is easy.","translation_id":"Dan apakah mereka tidak memperhatikan bagaimana Allah menciptakan (manusia) dari permulaannya, kemudian mengulanginya (kembali). Sesungguhnya yang demikian itu adalah mudah bagi Allah."},{"number":20,"text":"قُلْ سِيرُوا۟ فِى ٱلْأَرْضِ فَٱنظُرُوا۟ كَيْفَ بَدَأَ ٱلْخَلْقَ ثُمَّ ٱللَّهُ يُنشِئُ ٱلنَّشْأَةَ ٱلْءَاخِرَةَ إِنَّ ٱللَّهَ عَلَىٰ كُلِّ شَىْءٍ قَدِيرٌ","translation_en":"Say, [O Muhammad], \"Travel through the land and observe how He began creation. Then Allah will produce the final creation. Indeed Allah, over all things, is competent.\"","translation_id":"Katakanlah: \"Berjalanlah di (muka) bumi, maka perhatikanlah bagaimana Allah menciptakan (manusia) dari permulaannya, kemudian Allah menjadikannya sekali lagi. Sesungguhnya Allah Maha Kuasa atas segala sesuatu."},{"number":21,"text":"يُعَذِّبُ مَن يَشَآءُ وَيَرْحَمُ مَن يَشَآءُ وَإِلَيْهِ تُقْلَبُونَ","translation_en":"He punishes whom He wills and has mercy upon whom He wills, and to Him you will be returned.","translation_id":"Allah mengazab siapa yang dikehendaki-Nya, dan memberi rahmat kepada siapa yang dikehendaki-Nya, dan hanya kepada-Nya-lah kamu akan dikembalikan."},{"number":22,"text":"وَمَآ أَنتُم بِمُعْجِزِينَ فِى ٱلْأَرْضِ وَلَا فِى ٱلسَّمَآءِ وَمَا لَكُم مِّن دُونِ ٱللَّهِ مِن وَلِىٍّ وَلَا نَصِيرٍ","translation_en":"And you will not cause failure [to Allah] upon the earth or in the heaven. And you have not other than Allah any protector or any helper.","translation_id":"Dan kamu sekali-kali tidak dapat melepaskan diri (dari azab Allah) di bumi dan tidak (pula) di langit dan sekali-kali tiadalah bagimu pelindung dan penolong selain Allah."},{"number":23,"text":"وَٱلَّذِينَ كَفَرُوا۟ بِـَٔايَٰتِ ٱللَّهِ وَلِقَآئِهِۦٓ أُو۟لَٰٓئِكَ يَئِسُوا۟ مِن رَّحْمَتِى وَأُو۟لَٰٓئِكَ لَهُمْ عَذَابٌ أَلِيمٌ","translation_en":"And the ones who disbelieve in the signs of Allah and the meeting with Him - those have despaired of My mercy, and they will have a painful punishment.","translation_id":"Dan orang-orang yang kafir terhadap ayat-ayat Allah dan pertemuan dengan Dia, mereka putus asa dari rahmat-Ku, dan mereka itu mendapat azab yang pedih."},{"number":24,"text":"فَمَا كَانَ جَوَابَ قَوْمِهِۦٓ إِلَّآ أَن قَالُوا۟ ٱقْتُلُوهُ أَوْ حَرِّقُوهُ فَأَنجَىٰهُ ٱللَّهُ مِنَ ٱلنَّارِ إِنَّ فِى ذَٰلِكَ لَءَايَٰتٍ لِّقَوْمٍ يُؤْمِنُونَ","translation_en":"And the answer of Abraham's people was not but that they said, \"Kill him or burn him,\" but Allah saved him from the fire. Indeed in that are signs for a people who believe.","translation_id":"Maka tidak adalah jawaban kaum Ibrahim, selain mengatakan: \"Bunuhlah atau bakarlah dia\", lalu Allah menyelamatkannya dari api. Sesungguhnya pada yang demikian itu benar-benar terdapat tanda-tanda kebesaran Allah bagi orang-orang yang beriman."},{"number":25,"text":"وَقَالَ إِنَّمَا ٱتَّخَذْتُم مِّن دُونِ ٱللَّهِ أَوْثَٰنًا مَّوَدَّةَ بَيْنِكُمْ فِى ٱلْحَيَوٰةِ ٱلدُّنْيَا ثُمَّ يَوْمَ ٱلْقِيَٰمَةِ يَكْفُرُ بَعْضُكُم بِبَعْضٍ وَيَلْعَنُ بَعْضُكُم بَعْضًا وَمَأْوَىٰكُمُ ٱلنَّارُ وَمَا لَكُم مِّن نَّٰصِرِينَ","translation_en":"And [Abraham] said, \"You have only taken, other than Allah, idols as [a bond of] affection among you in worldly life. Then on the Day of Resurrection you will deny one another and curse one another, and your refuge will be the Fire, and you will not have any helpers.\"","translation_id":"Dan berkata Ibrahim: \"Sesungguhnya berhala-berhala yang kamu sembah selain Allah adalah untuk menciptakan perasaan kasih sayang di antara kamu dalam kehidupan dunia ini kemudian di hari kiamat sebahagian kamu mengingkari sebahagian (yang lain) dan sebahagian kamu melaknati sebahagian (yang lain); dan tempat kembalimu ialah neraka, dan sekali-kali tak ada bagimu para penolongpun."},{"number":26,"text":"فَـَٔامَنَ لَهُۥ لُوطٌ وَقَالَ إِنِّى مُهَاجِرٌ إِلَىٰ رَبِّىٓ إِنَّهُۥ هُوَ ٱلْعَزِيزُ ٱلْحَكِيمُ","translation_en":"And Lot believed him. [Abraham] said, \"Indeed, I will emigrate to [the service of] my Lord. Indeed, He is the Exalted in Might, the Wise.\"","translation_id":"Maka Luth membenarkan (kenabian)nya. Dan berkatalah Ibrahim: \"Sesungguhnya aku akan berpindah ke (tempat yang diperintahkan) Tuhanku (kepadaku); sesungguhnya Dialah Yang Maha Perkasa lagi Maha Bijaksana."},{"number":27,"text":"وَوَهَبْنَا لَهُۥٓ إِسْحَٰقَ وَيَعْقُوبَ وَجَعَلْنَا فِى ذُرِّيَّتِهِ ٱلنُّبُوَّةَ وَٱلْكِتَٰبَ وَءَاتَيْنَٰهُ أَجْرَهُۥ فِى ٱلدُّنْيَا وَإِنَّهُۥ فِى ٱلْءَاخِرَةِ لَمِنَ ٱلصَّٰلِحِينَ","translation_en":"And We gave to Him Isaac and Jacob and placed in his descendants prophethood and scripture. And We gave him his reward in this world, and indeed, he is in the Hereafter among the righteous.","translation_id":"Dan Kami anugrahkan kepda Ibrahim, Ishak dan Ya'qub, dan Kami jadikan kenabian dan Al Kitab pada keturunannya, dan Kami berikan kepadanya balasannya di dunia; dan sesungguhnya dia di akhirat, benar-benar termasuk orang-orang yang saleh."},{"number":28,"text":"وَلُوطًا إِذْ قَالَ لِقَوْمِهِۦٓ إِنَّكُمْ لَتَأْتُونَ ٱلْفَٰحِشَةَ مَا سَبَقَكُم بِهَا مِنْ أَحَدٍ مِّنَ ٱلْعَٰلَمِينَ","translation_en":"And [mention] Lot, when he said to his people, \"Indeed, you commit such immorality as no one has preceded you with from among the worlds.","translation_id":"Dan (ingatlah) ketika Luth berkata pepada kaumnya: \"Sesungguhnya kamu benar-benar mengerjakan perbuatan yang amat keji yang belum pernah dikerjakan oleh seorangpun dari umat-umat sebelum kamu\"."},{"number":29,"text":"أَئِنَّكُمْ لَتَأْتُونَ ٱلرِّجَالَ وَتَقْطَعُونَ ٱلسَّبِيلَ وَتَأْتُونَ فِى نَادِيكُمُ ٱلْمُنكَرَ فَمَا كَانَ جَوَابَ قَوْمِهِۦٓ إِلَّآ أَن قَالُوا۟ ٱئْتِنَا بِعَذَابِ ٱللَّهِ إِن كُنتَ مِنَ ٱلصَّٰدِقِينَ","translation_en":"Indeed, you approach men and obstruct the road and commit in your meetings [every] evil.\" And the answer of his people was not but they said, \"Bring us the punishment of Allah, if you should be of the truthful.\"","translation_id":"Apakah sesungguhnya kamu patut mendatangi laki-laki, menyamun dan mengerjakan kemungkaran di tempat-tempat pertemuanmu? Maka jawaban kaumnya tidak lain hanya mengatakan: \"Datangkanlah kepada kami azab Allah, jika kamu termasuk orang-orang yang benar\"."},{"number":30,"text":"قَالَ رَبِّ ٱنصُرْنِى عَلَى ٱلْقَوْمِ ٱلْمُفْسِدِينَ","translation_en":"He said, \"My Lord, support me against the corrupting people.\"","translation_id":"Luth berdoa: \"Ya Tuhanku, tolonglah aku (dengan menimpakan azab) atas kaum yang berbuat kerusakan itu\"."},{"number":31,"text":"وَلَمَّا جَآءَتْ رُسُلُنَآ إِبْرَٰهِيمَ بِٱلْبُشْرَىٰ قَالُوٓا۟ إِنَّا مُهْلِكُوٓا۟ أَهْلِ هَٰذِهِ ٱلْقَرْيَةِ إِنَّ أَهْلَهَا كَانُوا۟ ظَٰلِمِينَ","translation_en":"And when Our messengers came to Abraham with the good tidings, they said, \"Indeed, we will destroy the people of that Lot's city. Indeed, its people have been wrongdoers.\"","translation_id":"Dan tatkala utusan Kami (para malaikat) datang kepada Ibrahim membawa kabar gembira, mereka mengatakan: \"Sesungguhnya kami akan menghancurkan penduduk negeri (Sodom) ini; sesungguhnya penduduknya adalah orang-orang yang zalim\"."},{"number":32,"text":"قَالَ إِنَّ فِيهَا لُوطًا قَالُوا۟ نَحْنُ أَعْلَمُ بِمَن فِيهَا لَنُنَجِّيَنَّهُۥ وَأَهْلَهُۥٓ إِلَّا ٱمْرَأَتَهُۥ كَانَتْ مِنَ ٱلْغَٰبِرِينَ","translation_en":"[Abraham] said, \"Indeed, within it is Lot.\" They said, \"We are more knowing of who is within it. We will surely save him and his family, except his wife. She is to be of those who remain behind.\"","translation_id":"Berkata Ibrahim: \"Sesungguhnya di kota itu ada Luth\". Para malaikat berkata: \"Kami lebih mengetahui siapa yang ada di kota itu. Kami sungguh-sungguh akan menyelamatkan dia dan pengikut-pengikutnya kecuali isterinya. Dia adalah termasuk orang-orang yang tertinggal (dibinasakan)."},{"number":33,"text":"وَلَمَّآ أَن جَآءَتْ رُسُلُنَا لُوطًا سِىٓءَ بِهِمْ وَضَاقَ بِهِمْ ذَرْعًا وَقَالُوا۟ لَا تَخَفْ وَلَا تَحْزَنْ إِنَّا مُنَجُّوكَ وَأَهْلَكَ إِلَّا ٱمْرَأَتَكَ كَانَتْ مِنَ ٱلْغَٰبِرِينَ","translation_en":"And when Our messengers came to Lot, he was distressed for them and felt for them great discomfort. They said, \"Fear not, nor grieve. Indeed, we will save you and your family, except your wife; she is to be of those who remain behind.","translation_id":"Dan tatkala datang utusan-utusan Kami (para malaikat) itu kepada Luth, dia merasa susah karena (kedatangan) mereka, dan (merasa) tidak punya kekuatan untuk melindungi mereka dan mereka berkata: \"Janganlah kamu takut dan jangan (pula) susah. Sesungguhnya kami akan menyelamatkan kamu dan pengikut-pengikutmu, kecuali isterimu, dia adalah termasuk orang-orang yang tertinggal (dibinasakan)\"."},{"number":34,"text":"إِنَّا مُنزِلُونَ عَلَىٰٓ أَهْلِ هَٰذِهِ ٱلْقَرْيَةِ رِجْزًا مِّنَ ٱلسَّمَآءِ بِمَا كَانُوا۟ يَفْسُقُونَ","translation_en":"Indeed, we will bring down on the people of this city punishment from the sky because they have been defiantly disobedient.\"","translation_id":"Sesungguhnya Kami akan menurunkan azab dari langit atas penduduk kota ini karena mereka berbuat fasik."},{"number":35,"text":"وَلَقَد تَّرَكْنَا مِنْهَآ ءَايَةًۢ بَيِّنَةً لِّقَوْمٍ يَعْقِلُونَ","translation_en":"And We have certainly left of it a sign as clear evidence for a people who use reason.","translation_id":"Dan sesungguhnya Kami tinggalkan daripadanya satu tanda yang nyata bagi orang-orang yang berakal."},{"number":36,"text":"وَإِلَىٰ مَدْيَنَ أَخَاهُمْ شُعَيْبًا فَقَالَ يَٰقَوْمِ ٱعْبُدُوا۟ ٱللَّهَ وَٱرْجُوا۟ ٱلْيَوْمَ ٱلْءَاخِرَ وَلَا تَعْثَوْا۟ فِى ٱلْأَرْضِ مُفْسِدِينَ","translation_en":"And to Madyan [We sent] their brother Shu'ayb, and he said, \"O my people, worship Allah and expect the Last Day and do not commit abuse on the earth, spreading corruption.\"","translation_id":"Dan (Kami telah mengutus) kepada penduduk Mad-yan, saudara mereka Syu'aib, maka ia berkata: \"Hai kaumku, sembahlah olehmu Allah, harapkanlah (pahala) hari akhir, dan jangan kamu berkeliaran di muka bumi berbuat kerusakan\"."},{"number":37,"text":"فَكَذَّبُوهُ فَأَخَذَتْهُمُ ٱلرَّجْفَةُ فَأَصْبَحُوا۟ فِى دَارِهِمْ جَٰثِمِينَ","translation_en":"But they denied him, so the earthquake seized them, and they became within their home [corpses] fallen prone.","translation_id":"Maka mereka mendustakan Syu'aib, lalu mereka ditimpa gempa yang dahsyat, dan jadilah mereka mayat-mayat yang bergelimpangan di tempat-tempat tinggal mereka."},{"number":38,"text":"وَعَادًا وَثَمُودَا۟ وَقَد تَّبَيَّنَ لَكُم مِّن مَّسَٰكِنِهِمْ وَزَيَّنَ لَهُمُ ٱلشَّيْطَٰنُ أَعْمَٰلَهُمْ فَصَدَّهُمْ عَنِ ٱلسَّبِيلِ وَكَانُوا۟ مُسْتَبْصِرِينَ","translation_en":"And [We destroyed] 'Aad and Thamud, and it has become clear to you from their [ruined] dwellings. And Satan had made pleasing to them their deeds and averted them from the path, and they were endowed with perception.","translation_id":"Dan (juga) kaum 'Aad dan Tsamud, dan sungguh telah nyata bagi kamu (kehancuran mereka) dari (puing-puing) tempat tinggal mereka. Dan syaitan menjadikan mereka memandang baik perbuatan-perbuatan mereka, lalu ia menghalangi mereka dari jalan (Allah), sedangkan mereka adalah orang-orang berpandangan tajam,"},{"number":39,"text":"وَقَٰرُونَ وَفِرْعَوْنَ وَهَٰمَٰنَ وَلَقَدْ جَآءَهُم مُّوسَىٰ بِٱلْبَيِّنَٰتِ فَٱسْتَكْبَرُوا۟ فِى ٱلْأَرْضِ وَمَا كَانُوا۟ سَٰبِقِينَ","translation_en":"And [We destroyed] Qarun and Pharaoh and Haman. And Moses had already come to them with clear evidences, and they were arrogant in the land, but they were not outrunners [of Our punishment].","translation_id":"dan (juga) Karun, Fir'aun dan Haman. Dan sesungguhnya telah datang kepada mereka Musa dengan (membawa bukti-bukti) keterangan-keterangan yang nyata. Akan tetapi mereka berlaku sombong di (muka) bumi, dan tiadalah mereka orang-orang yang luput (dari kehancuran itu)."},{"number":40,"text":"فَكُلًّا أَخَذْنَا بِذَنۢبِهِۦ فَمِنْهُم مَّنْ أَرْسَلْنَا عَلَيْهِ حَاصِبًا وَمِنْهُم مَّنْ أَخَذَتْهُ ٱلصَّيْحَةُ وَمِنْهُم مَّنْ خَسَفْنَا بِهِ ٱلْأَرْضَ وَمِنْهُم مَّنْ أَغْرَقْنَا وَمَا كَانَ ٱللَّهُ لِيَظْلِمَهُمْ وَلَٰكِن كَانُوٓا۟ أَنفُسَهُمْ يَظْلِمُونَ","translation_en":"So each We seized for his sin; and among them were those upon whom We sent a storm of stones, and among them were those who were seized by the blast [from the sky], and among them were those whom We caused the earth to swallow, and among them were those whom We drowned. And Allah would not have wronged them, but it was they who were wronging themselves.","translation_id":"Maka masing-masing (mereka itu) Kami siksa disebabkan dosanya, maka di antara mereka ada yang Kami timpakan kepadanya hujan batu kerikil dan di antara mereka ada yang ditimpa suara keras yang mengguntur, dan di antara mereka ada yang Kami benamkan ke dalam bumi, dan di antara mereka ada yang Kami tenggelamkan, dan Allah sekali-kali tidak hendak menganiaya mereka, akan tetapi merekalah yang menganiaya diri mereka sendiri."},{"number":41,"text":"مَثَلُ ٱلَّذِينَ ٱتَّخَذُوا۟ مِن دُونِ ٱللَّهِ أَوْلِيَآءَ كَمَثَلِ ٱلْعَنكَبُوتِ ٱتَّخَذَتْ بَيْتًا وَإِنَّ أَوْهَنَ ٱلْبُيُوتِ لَبَيْتُ ٱلْعَنكَبُوتِ لَوْ كَانُوا۟ يَعْلَمُونَ","translation_en":"The example of those who take allies other than Allah is like that of the spider who takes a home. And indeed, the weakest of homes is the home of the spider, if they only knew.","translation_id":"Perumpamaan orang-orang yang mengambil pelindung-pelindung selain Allah adalah seperti laba-laba yang membuat rumah. Dan sesungguhnya rumah yang paling lemah adalah rumah laba-laba kalau mereka mengetahui."},{"number":42,"text":"إِنَّ ٱللَّهَ يَعْلَمُ مَا يَدْعُونَ مِن دُونِهِۦ مِن شَىْءٍ وَهُوَ ٱلْعَزِيزُ ٱلْحَكِيمُ","translation_en":"Indeed, Allah knows whatever thing they call upon other than Him. And He is the Exalted in Might, the Wise.","translation_id":"Sesungguhnya Allah mengetahui apa saja yang mereka seru selain Allah. Dan Dia Maha Perkasa lagi Maha Bijaksana."},{"number":43,"text":"وَتِلْكَ ٱلْأَمْثَٰلُ نَضْرِبُهَا لِلنَّاسِ وَمَا يَعْقِلُهَآ إِلَّا ٱلْعَٰلِمُونَ","translation_en":"And these examples We present to the people, but none will understand them except those of knowledge.","translation_id":"Dan perumpamaan-perumpamaan ini Kami buat untuk manusia; dan tiada yang memahaminya kecuali orang-orang yang berilmu."},{"number":44,"text":"خَلَقَ ٱللَّهُ ٱلسَّمَٰوَٰتِ وَٱلْأَرْضَ بِٱلْحَقِّ إِنَّ فِى ذَٰلِكَ لَءَايَةً لِّلْمُؤْمِنِينَ","translation_en":"Allah created the heavens and the earth in truth. Indeed in that is a sign for the believers.","translation_id":"Allah menciptakan langit dan bumi dengan hak. Sesungguhnya pada yang demikian itu terdapat tanda-tanda kekuasaan Allah bagi orang-orang mukmin."},{"number":45,"text":"ٱتْلُ مَآ أُوحِىَ إِلَيْكَ مِنَ ٱلْكِتَٰبِ وَأَقِمِ ٱلصَّلَوٰةَ إِنَّ ٱلصَّلَوٰةَ تَنْهَىٰ عَنِ ٱلْفَحْشَآءِ وَٱلْمُنكَرِ وَلَذِكْرُ ٱللَّهِ أَكْبَرُ وَٱللَّهُ يَعْلَمُ مَا تَصْنَعُونَ","translation_en":"Recite, [O Muhammad], what has been revealed to you of the Book and establish prayer. Indeed, prayer prohibits immorality and wrongdoing, and the remembrance of Allah is greater. And Allah knows that which you do.","translation_id":"Bacalah apa yang telah diwahyukan kepadamu, yaitu Al Kitab (Al Quran) dan dirikanlah shalat. Sesungguhnya shalat itu mencegah dari (perbuatan-perbuatan) keji dan mungkar. Dan sesungguhnya mengingat Allah (shalat) adalah lebih besar (keutamaannya dari ibadat-ibadat yang lain). Dan Allah mengetahui apa yang kamu kerjakan."},{"number":46,"text":"وَلَا تُجَٰدِلُوٓا۟ أَهْلَ ٱلْكِتَٰبِ إِلَّا بِٱلَّتِى هِىَ أَحْسَنُ إِلَّا ٱلَّذِينَ ظَلَمُوا۟ مِنْهُمْ وَقُولُوٓا۟ ءَامَنَّا بِٱلَّذِىٓ أُنزِلَ إِلَيْنَا وَأُنزِلَ إِلَيْكُمْ وَإِلَٰهُنَا وَإِلَٰهُكُمْ وَٰحِدٌ وَنَحْنُ لَهُۥ مُسْلِمُونَ","translation_en":"And do not argue with the People of the Scripture except in a way that is best, except for those who commit injustice among them, and say, \"We believe in that which has been revealed to us and revealed to you. And our God and your God is one; and we are Muslims [in submission] to Him.\"","translation_id":"Dan janganlah kamu berdebat denganAhli Kitab, melainkan dengan cara yang paling baik, kecuali dengan orang-orang zalim di antara mereka, dan katakanlah: \"Kami telah beriman kepada (kitab-kitab) yang diturunkan kepada kami dan yang diturunkan kepadamu; Tuhan kami dan Tuhanmu adalah satu; dan kami hanya kepada-Nya berserah diri\"."},{"number":47,"text":"وَكَذَٰلِكَ أَنزَلْنَآ إِلَيْكَ ٱلْكِتَٰبَ فَٱلَّذِينَ ءَاتَيْنَٰهُمُ ٱلْكِتَٰبَ يُؤْمِنُونَ بِهِۦ وَمِنْ هَٰٓؤُلَآءِ مَن يُؤْمِنُ بِهِۦ وَمَا يَجْحَدُ بِـَٔايَٰتِنَآ إِلَّا ٱلْكَٰفِرُونَ","translation_en":"And thus We have sent down to you the Qur'an. And those to whom We [previously] gave the Scripture believe in it. And among these [people of Makkah] are those who believe in it. And none reject Our verses except the disbelievers.","translation_id":"Dan demikian (pulalah) Kami turunkan kepadamu Al Kitab (Al Quran). Maka orang-orang yang telah kami berikan kepada mereka Al Kitab (Taurat) mereka beriman kepadanya (Al Quran); dan di antara mereka (orang-orang kafir Mekah) ada yang beriman kepadanya. Dan tiadalah yang mengingkari ayat-ayat kami selain orang-orang kafir."},{"number":48,"text":"وَمَا كُنتَ تَتْلُوا۟ مِن قَبْلِهِۦ مِن كِتَٰبٍ وَلَا تَخُطُّهُۥ بِيَمِينِكَ إِذًا لَّٱرْتَابَ ٱلْمُبْطِلُونَ","translation_en":"And you did not recite before it any scripture, nor did you inscribe one with your right hand. Otherwise the falsifiers would have had [cause for] doubt.","translation_id":"Dan kamu tidak pernah membaca sebelumnya (Al Quran) sesuatu Kitabpun dan kamu tidak (pernah) menulis suatu Kitab dengan tangan kananmu; andaikata (kamu pernah membaca dan menulis), benar-benar ragulah orang yang mengingkari(mu)."},{"number":49,"text":"بَلْ هُوَ ءَايَٰتٌۢ بَيِّنَٰتٌ فِى صُدُورِ ٱلَّذِينَ أُوتُوا۟ ٱلْعِلْمَ وَمَا يَجْحَدُ بِـَٔايَٰتِنَآ إِلَّا ٱلظَّٰلِمُونَ","translation_en":"Rather, the Qur'an is distinct verses [preserved] within the breasts of those who have been given knowledge. And none reject Our verses except the wrongdoers.","translation_id":"Sebenarnya, Al Quran itu adalah ayat-ayat yang nyata di dalam dada orang-orang yang diberi ilmu. Dan tidak ada yang mengingkari ayat-ayat Kami kecuali orang-orang yang zalim."},{"number":50,"text":"وَقَالُوا۟ لَوْلَآ أُنزِلَ عَلَيْهِ ءَايَٰتٌ مِّن رَّبِّهِۦ قُلْ إِنَّمَا ٱلْءَايَٰتُ عِندَ ٱللَّهِ وَإِنَّمَآ أَنَا۠ نَذِيرٌ مُّبِينٌ","translation_en":"But they say, \"Why are not signs sent down to him from his Lord?\" Say, \"The signs are only with Allah, and I am only a clear warner.\"","translation_id":"Dan orang-orang kafir Mekah berkata: \"Mengapa tidak diturunkan kepadanya mukjizat-mukjizat dari Tuhannya?\" Katakanlah: \"Sesungguhnya mukjizat-mukjizat itu terserah kepada Allah. Dan sesungguhnya aku hanya seorang pemberi peringatan yang nyata\"."},{"number":51,"text":"أَوَلَمْ يَكْفِهِمْ أَنَّآ أَنزَلْنَا عَلَيْكَ ٱلْكِتَٰبَ يُتْلَىٰ عَلَيْهِمْ إِنَّ فِى ذَٰلِكَ لَرَحْمَةً وَذِكْرَىٰ لِقَوْمٍ يُؤْمِنُونَ","translation_en":"And is it not sufficient for them that We revealed to you the Book which is recited to them? Indeed in that is a mercy and reminder for a people who believe.","translation_id":"Dan apakah tidak cukup bagi mereka bahwasanya Kami telah menurunkan kepadamu Al Kitab (Al Quran) sedang dia dibacakan kepada mereka? Sesungguhnya dalam (Al Quran) itu terdapat rahmat yang besar dan pelajaran bagi orang-orang yang beriman."},{"number":52,"text":"قُلْ كَفَىٰ بِٱللَّهِ بَيْنِى وَبَيْنَكُمْ شَهِيدًا يَعْلَمُ مَا فِى ٱلسَّمَٰوَٰتِ وَٱلْأَرْضِ وَٱلَّذِينَ ءَامَنُوا۟ بِٱلْبَٰطِلِ وَكَفَرُوا۟ بِٱللَّهِ أُو۟لَٰٓئِكَ هُمُ ٱلْخَٰسِرُونَ","translation_en":"Say, \"Sufficient is Allah between me and you as Witness. He knows what is in the heavens and earth. And they who have believed in falsehood and disbelieved in Allah - it is those who are the losers.\"","translation_id":"Katakanlah: \"Cukuplah Allah menjadi saksi antaraku dan antaramu. Dia mengetahui apa yang di langit dan di bumi. Dan orang-orang yang percaya kepada yang batil dan ingkar kepada Allah, mereka itulah orang-orang yang merugi."},{"number":53,"text":"وَيَسْتَعْجِلُونَكَ بِٱلْعَذَابِ وَلَوْلَآ أَجَلٌ مُّسَمًّى لَّجَآءَهُمُ ٱلْعَذَابُ وَلَيَأْتِيَنَّهُم بَغْتَةً وَهُمْ لَا يَشْعُرُونَ","translation_en":"And they urge you to hasten the punishment. And if not for [the decree of] a specified term, punishment would have reached them. But it will surely come to them suddenly while they perceive not.","translation_id":"Dan mereka meminta kepadamu supaya segera diturunkan azab. Kalau tidaklah karena waktu yang telah ditetapkan, benar-benar telah datang azab kepada mereka, dan azab itu benar-benar akan datang kepada mereka dengan tiba-tiba, sedang mereka tidak menyadarinya."},{"number":54,"text":"يَسْتَعْجِلُونَكَ بِٱلْعَذَابِ وَإِنَّ جَهَنَّمَ لَمُحِيطَةٌۢ بِٱلْكَٰفِرِينَ","translation_en":"They urge you to hasten the punishment. And indeed, Hell will be encompassing of the disbelievers","translation_id":"Mereka meminta kepadamu supaya segera diturunkan azab. Dan sesungguhnya Jahannam benar-benar meliputi orang-orang yang kafir,"},{"number":55,"text":"يَوْمَ يَغْشَىٰهُمُ ٱلْعَذَابُ مِن فَوْقِهِمْ وَمِن تَحْتِ أَرْجُلِهِمْ وَيَقُولُ ذُوقُوا۟ مَا كُنتُمْ تَعْمَلُونَ","translation_en":"On the Day the punishment will cover them from above them and from below their feet and it is said, \"Taste [the result of] what you used to do.\"","translation_id":"pada hari mereka ditutup oleh azab dari atas mereka dan dari bawah kaki mereka dan Allah berkata (kepada mereka): \"Rasailah (pembalasan dari) apa yang telah kamu kerjakan\"."},{"number":56,"text":"يَٰعِبَادِىَ ٱلَّذِينَ ءَامَنُوٓا۟ إِنَّ أَرْضِى وَٰسِعَةٌ فَإِيَّٰىَ فَٱعْبُدُونِ","translation_en":"O My servants who have believed, indeed My earth is spacious, so worship only Me.","translation_id":"Hai hamba-hamba-Ku yang beriman, sesungguhnya bumi-Ku luas, maka sembahlah Aku saja."},{"number":57,"text":"كُلُّ نَفْسٍ ذَآئِقَةُ ٱلْمَوْتِ ثُمَّ إِلَيْنَا تُرْجَعُونَ","translation_en":"Every soul will taste death. Then to Us will you be returned.","translation_id":"Tiap-tiap yang berjiwa akan merasakan mati. Kemudian hanyalah kepada Kami kamu dikembalikan."},{"number":58,"text":"وَٱلَّذِينَ ءَامَنُوا۟ وَعَمِلُوا۟ ٱلصَّٰلِحَٰتِ لَنُبَوِّئَنَّهُم مِّنَ ٱلْجَنَّةِ غُرَفًا تَجْرِى مِن تَحْتِهَا ٱلْأَنْهَٰرُ خَٰلِدِينَ فِيهَا نِعْمَ أَجْرُ ٱلْعَٰمِلِينَ","translation_en":"And those who have believed and done righteous deeds - We will surely assign to them of Paradise [elevated] chambers beneath which rivers flow, wherein they abide eternally. Excellent is the reward of the [righteous] workers","translation_id":"Dan orang-orang yang beriman dan mengerjakan amal-amal yang saleh, sesungguhnya akan Kami tempatkan mereka pada tempat-tempat yang tinggi di dalam surga, yang mengalir sungai-sungai di bawahnya, mereka kekal di dalamnya. Itulah sebaik-baik pembalasan bagi orang-orang yang beramal,"},{"number":59,"text":"ٱلَّذِينَ صَبَرُوا۟ وَعَلَىٰ رَبِّهِمْ يَتَوَكَّلُونَ","translation_en":"Who have been patient and upon their Lord rely.","translation_id":"(yaitu) yang bersabar dan bertawakkal kepada Tuhannya."},{"number":60,"text":"وَكَأَيِّن مِّن دَآبَّةٍ لَّا تَحْمِلُ رِزْقَهَا ٱللَّهُ يَرْزُقُهَا وَإِيَّاكُمْ وَهُوَ ٱلسَّمِيعُ ٱلْعَلِيمُ","translation_en":"And how many a creature carries not its [own] provision. Allah provides for it and for you. And He is the Hearing, the Knowing.","translation_id":"Dan berapa banyak binatang yang tidak (dapat) membawa (mengurus) rezekinya sendiri. Allah-lah yang memberi rezeki kepadanya dan kepadamu dan Dia Maha Mendengar lagi Maha Mengetahui."},{"number":61,"text":"وَلَئِن سَأَلْتَهُم مَّنْ خَلَقَ ٱلسَّمَٰوَٰتِ وَٱلْأَرْضَ وَسَخَّرَ ٱلشَّمْسَ وَٱلْقَمَرَ لَيَقُولُنَّ ٱللَّهُ فَأَنَّىٰ يُؤْفَكُونَ","translation_en":"If you asked them, \"Who created the heavens and earth and subjected the sun and the moon?\" they would surely say, \"Allah.\" Then how are they deluded?","translation_id":"Dan sesungguhnya jika kamu tanyakan kepada mereka: \"Siapakah yang menjadikan langit dan bumi dan menundukkan matahari dan bulan?\" Tentu mereka akan menjawab: \"Allah\", maka betapakah mereka (dapat) dipalingkan (dari jalan yang benar)."},{"number":62,"text":"ٱللَّهُ يَبْسُطُ ٱلرِّزْقَ لِمَن يَشَآءُ مِنْ عِبَادِهِۦ وَيَقْدِرُ لَهُۥٓ إِنَّ ٱللَّهَ بِكُلِّ شَىْءٍ عَلِيمٌ","translation_en":"Allah extends provision for whom He wills of His servants and restricts for him. Indeed Allah is, of all things, Knowing.","translation_id":"Allah melapangkan rezeki bagi siapa yang dikehendaki-Nya di antara hamba-hamba-Nya dan Dia (pula) yang menyempitkan baginya. Sesungguhnya Allah Maha Mengetahui segala sesuatu."},{"number":63,"text":"وَلَئِن سَأَلْتَهُم مَّن نَّزَّلَ مِنَ ٱلسَّمَآءِ مَآءً فَأَحْيَا بِهِ ٱلْأَرْضَ مِنۢ بَعْدِ مَوْتِهَا لَيَقُولُنَّ ٱللَّهُ قُلِ ٱلْحَمْدُ لِلَّهِ بَلْ أَكْثَرُهُمْ لَا يَعْقِلُونَ","translation_en":"And if you asked them, \"Who sends down rain from the sky and gives life thereby to the earth after its lifelessness?\" they would surely say \" Allah.\" Say, \"Praise to Allah \"; but most of them do not reason.","translation_id":"Dan sesungguhnya jika kamu menanyakan kepada mereka: \"Siapakah yang menurunkan air dari langit lalu menghidupkan dengan air itu bumi sesudah matinya?\" Tentu mereka akan menjawab: \"Allah\", Katakanlah: \"Segala puji bagi Allah\", tetapi kebanyakan mereka tidak memahami(nya)."},{"number":64,"text":"وَمَا هَٰذِهِ ٱلْحَيَوٰةُ ٱلدُّنْيَآ إِلَّا لَهْوٌ وَلَعِبٌ وَإِنَّ ٱلدَّارَ ٱلْءَاخِرَةَ لَهِىَ ٱلْحَيَوَانُ لَوْ كَانُوا۟ يَعْلَمُونَ","translation_en":"And this worldly life is not but diversion and amusement. And indeed, the home of the Hereafter - that is the [eternal] life, if only they knew.","translation_id":"Dan tiadalah kehidupan dunia ini melainkan senda gurau dan main-main. Dan sesungguhnya akhirat itulah yang sebenarnya kehidupan, kalau mereka mengetahui."},{"number":65,"text":"فَإِذَا رَكِبُوا۟ فِى ٱلْفُلْكِ دَعَوُا۟ ٱللَّهَ مُخْلِصِينَ لَهُ ٱلدِّينَ فَلَمَّا نَجَّىٰهُمْ إِلَى ٱلْبَرِّ إِذَا هُمْ يُشْرِكُونَ","translation_en":"And when they board a ship, they supplicate Allah, sincere to Him in religion. But when He delivers them to the land, at once they associate others with Him","translation_id":"Maka apabila mereka naik kapal mereka mendoa kepada Allah dengan memurnikan ketaatan kepada-Nya; maka tatkala Allah menyelamatkan mereka sampai ke darat, tiba-tiba mereka (kembali) mempersekutukan (Allah)"},{"number":66,"text":"لِيَكْفُرُوا۟ بِمَآ ءَاتَيْنَٰهُمْ وَلِيَتَمَتَّعُوا۟ فَسَوْفَ يَعْلَمُونَ","translation_en":"So that they will deny what We have granted them, and they will enjoy themselves. But they are going to know.","translation_id":"agar mereka mengingkari nikmat yang telah Kami berikan kepada mereka dan agar mereka (hidup) bersenang-senang (dalam kekafiran). Kelak mereka akan mengetahui (akibat perbuatannya)."},{"number":67,"text":"أَوَلَمْ يَرَوْا۟ أَنَّا جَعَلْنَا حَرَمًا ءَامِنًا وَيُتَخَطَّفُ ٱلنَّاسُ مِنْ حَوْلِهِمْ أَفَبِٱلْبَٰطِلِ يُؤْمِنُونَ وَبِنِعْمَةِ ٱللَّهِ يَكْفُرُونَ","translation_en":"Have they not seen that We made [Makkah] a safe sanctuary, while people are being taken away all around them? Then in falsehood do they believe, and in the favor of Allah they disbelieve?","translation_id":"Dan apakah mereka tidak memperhatikan, bahwa sesungguhnya Kami telah menjadikan (negeri mereka) tanah suci yang aman, sedang manusia sekitarnya rampok-merampok. Maka mengapa (sesudah nyata kebenaran) mereka masih percaya kepada yang bathil dan ingkar kepada nikmat Allah?"},{"number":68,"text":"وَمَنْ أَظْلَمُ مِمَّنِ ٱفْتَرَىٰ عَلَى ٱللَّهِ كَذِبًا أَوْ كَذَّبَ بِٱلْحَقِّ لَمَّا جَآءَهُۥٓ أَلَيْسَ فِى جَهَنَّمَ مَثْوًى لِّلْكَٰفِرِينَ","translation_en":"And who is more unjust than one who invents a lie about Allah or denies the truth when it has come to him? Is there not in Hell a [sufficient] residence for the disbelievers?","translation_id":"Dan siapakah yang lebih zalim daripada orang-orang yang mengada-adakan kedustaan terhadap Allah atau mendustakan yang hak tatkala yang hak itu datang kepadanya? Bukankah dalam neraka Jahannam itu ada tempat bagi orang-orang yang kafir?"},{"number":69,"text":"وَٱلَّذِينَ جَٰهَدُوا۟ فِينَا لَنَهْدِيَنَّهُمْ سُبُلَنَا وَإِنَّ ٱللَّهَ لَمَعَ ٱلْمُحْسِنِينَ","translation_en":"And those who strive for Us - We will surely guide them to Our ways. And indeed, Allah is with the doers of good.","translation_id":"Dan orang-orang yang berjihad untuk (mencari keridhaan) Kami, benar-benar akan Kami tunjukkan kepada mereka jalan-jalan Kami. Dan sesungguhnya Allah benar-benar beserta orang-orang yang berbuat baik."}]}