{"number":31,"name":"سورة لقمان","transliteration_en":"Luqman","translation_en":"Luqman","total_verses":34,"revelation_type":"Meccan","verses":[{"number":1,"text":"بِسْمِ ٱللَّهِ ٱلرَّحْمَٰنِ ٱلرَّحِيمِ الٓمٓ","translation_en":"Alif, Lam, Meem.","translation_id":"Alif Laam Miim"},{"number":2,"text":"تِلْكَ ءَايَٰتُ ٱلْكِتَٰبِ ٱلْحَكِيمِ","translation_en":"These are verses of the wise Book,","translation_id":"Inilah ayat-ayat Al Quran yang mengandung hikmat,"},{"number":3,"text":"هُدًى وَرَحْمَةً لِّلْمُحْسِنِينَ","translation_en":"As guidance and mercy for the doers of good","translation_id":"menjadi petunjuk dan rahmat bagi orang-orang yang berbuat kebaikan,"},{"number":4,"text":"ٱلَّذِينَ يُقِيمُونَ ٱلصَّلَوٰةَ وَيُؤْتُونَ ٱلزَّكَوٰةَ وَهُم بِٱلْءَاخِرَةِ هُمْ يُوقِنُونَ","translation_en":"Who establish prayer and give zakah, and they, of the Hereafter, are certain [in faith].","translation_id":"(yaitu) orang-orang yang mendirikan shalat, menunaikan zakat dan mereka yakin akan adanya negeri akhirat."},{"number":5,"text":"أُو۟لَٰٓئِكَ عَلَىٰ هُدًى مِّن رَّبِّهِمْ وَأُو۟لَٰٓئِكَ هُمُ ٱلْمُفْلِحُونَ","translation_en":"Those are on [right] guidance from their Lord, and it is those who are the successful.","translation_id":"Mereka itulah orang-orang yang tetap mendapat petunjuk dari Tuhannya dan mereka itulah orang-orang yang beruntung."},{"number":6,"text":"وَمِنَ ٱلنَّاسِ مَن يَشْتَرِى لَهْوَ ٱلْحَدِيثِ لِيُضِلَّ عَن سَبِيلِ ٱللَّهِ بِغَيْرِ عِلْمٍ وَيَتَّخِذَهَا هُزُوًا أُو۟لَٰٓئِكَ لَهُمْ عَذَابٌ مُّهِينٌ","translation_en":"And of the people is he who buys the amusement of speech to mislead [others] from the way of Allah without knowledge and who takes it in ridicule. Those will have a humiliating punishment.","translation_id":"Dan di antara manusia (ada) orang yang mempergunakan perkataan yang tidak berguna untuk menyesatkan (manusia) dari jalan Allah tanpa pengetahuan dan menjadikan jalan Allah itu olok-olokan. Mereka itu akan memperoleh azab yang menghinakan."},{"number":7,"text":"وَإِذَا تُتْلَىٰ عَلَيْهِ ءَايَٰتُنَا وَلَّىٰ مُسْتَكْبِرًا كَأَن لَّمْ يَسْمَعْهَا كَأَنَّ فِىٓ أُذُنَيْهِ وَقْرًا فَبَشِّرْهُ بِعَذَابٍ أَلِيمٍ","translation_en":"And when our verses are recited to him, he turns away arrogantly as if he had not heard them, as if there was in his ears deafness. So give him tidings of a painful punishment.","translation_id":"Dan apabila dibacakan kepadanya ayat-ayat Kami dia berpaling dengan menyombongkan diri seolah-olah dia belum mendengarnya, seakan-akan ada sumbat di kedua telinganya; maka beri kabar gembiralah dia dengan azab yang pedih."},{"number":8,"text":"إِنَّ ٱلَّذِينَ ءَامَنُوا۟ وَعَمِلُوا۟ ٱلصَّٰلِحَٰتِ لَهُمْ جَنَّٰتُ ٱلنَّعِيمِ","translation_en":"Indeed, those who believe and do righteous deeds - for them are the Gardens of Pleasure.","translation_id":"Sesungguhnya orang-orang yang beriman dan mengerjakan amal-amal saleh, bagi mereka surga-surga yang penuh kenikmatan,"},{"number":9,"text":"خَٰلِدِينَ فِيهَا وَعْدَ ٱللَّهِ حَقًّا وَهُوَ ٱلْعَزِيزُ ٱلْحَكِيمُ","translation_en":"Wherein they abide eternally; [it is] the promise of Allah [which is] truth. And He is the Exalted in Might, the Wise.","translation_id":"Kekal mereka di dalamnya; sebagai janji Allah yang benar. Dan Dialah Yang Maha Perkasa lagi Maha Bijaksana."},{"number":10,"text":"خَلَقَ ٱلسَّمَٰوَٰتِ بِغَيْرِ عَمَدٍ تَرَوْنَهَا وَأَلْقَىٰ فِى ٱلْأَرْضِ رَوَٰسِىَ أَن تَمِيدَ بِكُمْ وَبَثَّ فِيهَا مِن كُلِّ دَآبَّةٍ وَأَنزَلْنَا مِنَ ٱلسَّمَآءِ مَآءً فَأَنۢبَتْنَا فِيهَا مِن كُلِّ زَوْجٍ كَرِيمٍ","translation_en":"He created the heavens without pillars that you see and has cast into the earth firmly set mountains, lest it should shift with you, and dispersed therein from every creature. And We sent down rain from the sky and made grow therein [plants] of every noble kind.","translation_id":"Dia menciptakan langit tanpa tiang yang kamu melihatnya dan Dia meletakkan gunung-gunung (di permukaan) bumi supaya bumi itu tidak menggoyangkan kamu; dan memperkembang biakkan padanya segala macam jenis binatang. Dan Kami turunkan air hujan dari langit, lalu Kami tumbuhkan padanya segala macam tumbuh-tumbuhan yang baik."},{"number":11,"text":"هَٰذَا خَلْقُ ٱللَّهِ فَأَرُونِى مَاذَا خَلَقَ ٱلَّذِينَ مِن دُونِهِۦ بَلِ ٱلظَّٰلِمُونَ فِى ضَلَٰلٍ مُّبِينٍ","translation_en":"This is the creation of Allah. So show Me what those other than Him have created. Rather, the wrongdoers are in clear error.","translation_id":"Inilah ciptaan Allah, maka perlihatkanlah olehmu kepadaku apa yang telah diciptakan oleh sembahan-sembahan(mu) selain Allah. Sebenarnya orang-orang yang zalim itu berada di dalam kesesatan yang nyata."},{"number":12,"text":"وَلَقَدْ ءَاتَيْنَا لُقْمَٰنَ ٱلْحِكْمَةَ أَنِ ٱشْكُرْ لِلَّهِ وَمَن يَشْكُرْ فَإِنَّمَا يَشْكُرُ لِنَفْسِهِۦ وَمَن كَفَرَ فَإِنَّ ٱللَّهَ غَنِىٌّ حَمِيدٌ","translation_en":"And We had certainly given Luqman wisdom [and said], \"Be grateful to Allah.\" And whoever is grateful is grateful for [the benefit of] himself. And whoever denies [His favor] - then indeed, Allah is Free of need and Praiseworthy.","translation_id":"Dan sesungguhnya telah Kami berikan hikmat kepada Luqman, yaitu: \"Bersyukurlah kepada Allah. Dan barangsiapa yang bersyukur (kepada Allah), maka sesungguhnya ia bersyukur untuk dirinya sendiri; dan barangsiapa yang tidak bersyukur, maka sesungguhnya Allah Maha Kaya lagi Maha Terpuji\"."},{"number":13,"text":"وَإِذْ قَالَ لُقْمَٰنُ لِٱبْنِهِۦ وَهُوَ يَعِظُهُۥ يَٰبُنَىَّ لَا تُشْرِكْ بِٱللَّهِ إِنَّ ٱلشِّرْكَ لَظُلْمٌ عَظِيمٌ","translation_en":"And [mention, O Muhammad], when Luqman said to his son while he was instructing him, \"O my son, do not associate [anything] with Allah. Indeed, association [with him] is great injustice.\"","translation_id":"Dan (ingatlah) ketika Luqman berkata kepada anaknya, di waktu ia memberi pelajaran kepadanya: \"Hai anakku, janganlah kamu mempersekutukan Allah, sesungguhnya mempersekutukan (Allah) adalah benar-benar kezaliman yang besar\"."},{"number":14,"text":"وَوَصَّيْنَا ٱلْإِنسَٰنَ بِوَٰلِدَيْهِ حَمَلَتْهُ أُمُّهُۥ وَهْنًا عَلَىٰ وَهْنٍ وَفِصَٰلُهُۥ فِى عَامَيْنِ أَنِ ٱشْكُرْ لِى وَلِوَٰلِدَيْكَ إِلَىَّ ٱلْمَصِيرُ","translation_en":"And We have enjoined upon man [care] for his parents. His mother carried him, [increasing her] in weakness upon weakness, and his weaning is in two years. Be grateful to Me and to your parents; to Me is the [final] destination.","translation_id":"Dan Kami perintahkan kepada manusia (berbuat baik) kepada dua orang ibu-bapaknya; ibunya telah mengandungnya dalam keadaan lemah yang bertambah-tambah, dan menyapihnya dalam dua tahun. Bersyukurlah kepada-Ku dan kepada dua orang ibu bapakmu, hanya kepada-Kulah kembalimu."},{"number":15,"text":"وَإِن جَٰهَدَاكَ عَلَىٰٓ أَن تُشْرِكَ بِى مَا لَيْسَ لَكَ بِهِۦ عِلْمٌ فَلَا تُطِعْهُمَا وَصَاحِبْهُمَا فِى ٱلدُّنْيَا مَعْرُوفًا وَٱتَّبِعْ سَبِيلَ مَنْ أَنَابَ إِلَىَّ ثُمَّ إِلَىَّ مَرْجِعُكُمْ فَأُنَبِّئُكُم بِمَا كُنتُمْ تَعْمَلُونَ","translation_en":"But if they endeavor to make you associate with Me that of which you have no knowledge, do not obey them but accompany them in [this] world with appropriate kindness and follow the way of those who turn back to Me [in repentance]. Then to Me will be your return, and I will inform you about what you used to do.","translation_id":"Dan jika keduanya memaksamu untuk mempersekutukan dengan Aku sesuatu yang tidak ada pengetahuanmu tentang itu, maka janganlah kamu mengikuti keduanya, dan pergaulilah keduanya di dunia dengan baik, dan ikutilah jalan orang yang kembali kepada-Ku, kemudian hanya kepada-Kulah kembalimu, maka Kuberitakan kepadamu apa yang telah kamu kerjakan."},{"number":16,"text":"يَٰبُنَىَّ إِنَّهَآ إِن تَكُ مِثْقَالَ حَبَّةٍ مِّنْ خَرْدَلٍ فَتَكُن فِى صَخْرَةٍ أَوْ فِى ٱلسَّمَٰوَٰتِ أَوْ فِى ٱلْأَرْضِ يَأْتِ بِهَا ٱللَّهُ إِنَّ ٱللَّهَ لَطِيفٌ خَبِيرٌ","translation_en":"[And Luqman said], \"O my son, indeed if wrong should be the weight of a mustard seed and should be within a rock or [anywhere] in the heavens or in the earth, Allah will bring it forth. Indeed, Allah is Subtle and Acquainted.","translation_id":"(Luqman berkata): \"Hai anakku, sesungguhnya jika ada (sesuatu perbuatan) seberat biji sawi, dan berada dalam batu atau di langit atau di dalam bumi, niscaya Allah akan mendatangkannya (membalasinya). Sesungguhnya Allah Maha Halus lagi Maha Mengetahui."},{"number":17,"text":"يَٰبُنَىَّ أَقِمِ ٱلصَّلَوٰةَ وَأْمُرْ بِٱلْمَعْرُوفِ وَٱنْهَ عَنِ ٱلْمُنكَرِ وَٱصْبِرْ عَلَىٰ مَآ أَصَابَكَ إِنَّ ذَٰلِكَ مِنْ عَزْمِ ٱلْأُمُورِ","translation_en":"O my son, establish prayer, enjoin what is right, forbid what is wrong, and be patient over what befalls you. Indeed, [all] that is of the matters [requiring] determination.","translation_id":"Hai anakku, dirikanlah shalat dan suruhlah (manusia) mengerjakan yang baik dan cegahlah (mereka) dari perbuatan yang mungkar dan bersabarlah terhadap apa yang menimpa kamu. Sesungguhnya yang demikian itu termasuk hal-hal yang diwajibkan (oleh Allah)."},{"number":18,"text":"وَلَا تُصَعِّرْ خَدَّكَ لِلنَّاسِ وَلَا تَمْشِ فِى ٱلْأَرْضِ مَرَحًا إِنَّ ٱللَّهَ لَا يُحِبُّ كُلَّ مُخْتَالٍ فَخُورٍ","translation_en":"And do not turn your cheek [in contempt] toward people and do not walk through the earth exultantly. Indeed, Allah does not like everyone self-deluded and boastful.","translation_id":"Dan janganlah kamu memalingkan mukamu dari manusia (karena sombong) dan janganlah kamu berjalan di muka bumi dengan angkuh. Sesungguhnya Allah tidak menyukai orang-orang yang sombong lagi membanggakan diri."},{"number":19,"text":"وَٱقْصِدْ فِى مَشْيِكَ وَٱغْضُضْ مِن صَوْتِكَ إِنَّ أَنكَرَ ٱلْأَصْوَٰتِ لَصَوْتُ ٱلْحَمِيرِ","translation_en":"And be moderate in your pace and lower your voice; indeed, the most disagreeable of sounds is the voice of donkeys.\"","translation_id":"Dan sederhanalah kamu dalam berjalan dan lunakkanlah suaramu. Sesungguhnya seburuk-buruk suara ialah suara keledai."},{"number":20,"text":"أَلَمْ تَرَوْا۟ أَنَّ ٱللَّهَ سَخَّرَ لَكُم مَّا فِى ٱلسَّمَٰوَٰتِ وَمَا فِى ٱلْأَرْضِ وَأَسْبَغَ عَلَيْكُمْ نِعَمَهُۥ ظَٰهِرَةً وَبَاطِنَةً وَمِنَ ٱلنَّاسِ مَن يُجَٰدِلُ فِى ٱللَّهِ بِغَيْرِ عِلْمٍ وَلَا هُدًى وَلَا كِتَٰبٍ مُّنِيرٍ","translation_en":"Do you not see that Allah has made subject to you whatever is in the heavens and whatever is in the earth and amply bestowed upon you His favors, [both] apparent and unapparent? But of the people is he who disputes about Allah without knowledge or guidance or an enlightening Book [from Him].","translation_id":"Tidakkah kamu perhatikan sesungguhnya Allah telah menundukkan untuk (kepentingan)mu apa yang di langit dan apa yang di bumi dan menyempurnakan untukmu nikmat-Nya lahir dan batin. Dan di antara manusia ada yang membantah tentang (keesaan) Allah tanpa ilmu pengetahuan atau petunjuk dan tanpa Kitab yang memberi penerangan."},{"number":21,"text":"وَإِذَا قِيلَ لَهُمُ ٱتَّبِعُوا۟ مَآ أَنزَلَ ٱللَّهُ قَالُوا۟ بَلْ نَتَّبِعُ مَا وَجَدْنَا عَلَيْهِ ءَابَآءَنَآ أَوَلَوْ كَانَ ٱلشَّيْطَٰنُ يَدْعُوهُمْ إِلَىٰ عَذَابِ ٱلسَّعِيرِ","translation_en":"And when it is said to them, \"Follow what Allah has revealed,\" they say, \"Rather, we will follow that upon which we found our fathers.\" Even if Satan was inviting them to the punishment of the Blaze?","translation_id":"Dan apabila dikatakan kepada mereka: \"Ikutilah apa yang diturunkan Allah\". Mereka menjawab: \"(Tidak), tapi kami (hanya) mengikuti apa yang kami dapati bapak-bapak kami mengerjakannya\". Dan apakah mereka (akan mengikuti bapak-bapak mereka) walaupun syaitan itu menyeru mereka ke dalam siksa api yang menyala-nyala (neraka)?"},{"number":22,"text":"وَمَن يُسْلِمْ وَجْهَهُۥٓ إِلَى ٱللَّهِ وَهُوَ مُحْسِنٌ فَقَدِ ٱسْتَمْسَكَ بِٱلْعُرْوَةِ ٱلْوُثْقَىٰ وَإِلَى ٱللَّهِ عَٰقِبَةُ ٱلْأُمُورِ","translation_en":"And whoever submits his face to Allah while he is a doer of good - then he has grasped the most trustworthy handhold. And to Allah will be the outcome of [all] matters.","translation_id":"Dan barangsiapa yang menyerahkan dirinya kepada Allah, sedang dia orang yang berbuat kebaikan, maka sesungguhnya ia telah berpegang kepada buhul tali yang kokoh. Dan hanya kepada Allah-lah kesudahan segala urusan."},{"number":23,"text":"وَمَن كَفَرَ فَلَا يَحْزُنكَ كُفْرُهُۥٓ إِلَيْنَا مَرْجِعُهُمْ فَنُنَبِّئُهُم بِمَا عَمِلُوٓا۟ إِنَّ ٱللَّهَ عَلِيمٌۢ بِذَاتِ ٱلصُّدُورِ","translation_en":"And whoever has disbelieved - let not his disbelief grieve you. To Us is their return, and We will inform them of what they did. Indeed, Allah is Knowing of that within the breasts.","translation_id":"Dan barangsiapa kafir maka kekafirannya itu janganlah menyedihkanmu. Hanya kepada Kami-lah mereka kembali, lalu Kami beritakan kepada mereka apa yang telah mereka kerjakan. Sesungguhnya Allah Maha Mengetahui segala isi hati."},{"number":24,"text":"نُمَتِّعُهُمْ قَلِيلًا ثُمَّ نَضْطَرُّهُمْ إِلَىٰ عَذَابٍ غَلِيظٍ","translation_en":"We grant them enjoyment for a little; then We will force them to a massive punishment.","translation_id":"Kami biarkan mereka bersenang-senang sebentar, kemudian Kami paksa mereka (masuk) ke dalam siksa yang keras."},{"number":25,"text":"وَلَئِن سَأَلْتَهُم مَّنْ خَلَقَ ٱلسَّمَٰوَٰتِ وَٱلْأَرْضَ لَيَقُولُنَّ ٱللَّهُ قُلِ ٱلْحَمْدُ لِلَّهِ بَلْ أَكْثَرُهُمْ لَا يَعْلَمُونَ","translation_en":"And if you asked them, \"Who created the heavens and earth?\" they would surely say, \"Allah.\" Say, \"[All] praise is [due] to Allah \"; but most of them do not know.","translation_id":"Dan sesungguhnya jika kamu tanyakan kepada mereka: \"Siapakah yang menciptakan langit dan bumi?\" Tentu mereka akan menjawab: \"Allah\". Katakanlah: \"Segala puji bagi Allah\"; tetapi kebanyakan mereka tidak mengetahui."},{"number":26,"text":"لِلَّهِ مَا فِى ٱلسَّمَٰوَٰتِ وَٱلْأَرْضِ إِنَّ ٱللَّهَ هُوَ ٱلْغَنِىُّ ٱلْحَمِيدُ","translation_en":"To Allah belongs whatever is in the heavens and earth. Indeed, Allah is the Free of need, the Praiseworthy.","translation_id":"Kepunyaan Allah-lah apa yang di langit dan yang di bumi. Sesungguhnya Allah Dialah Yang Maha Kaya lagi Maha Terpuji."},{"number":27,"text":"وَلَوْ أَنَّمَا فِى ٱلْأَرْضِ مِن شَجَرَةٍ أَقْلَٰمٌ وَٱلْبَحْرُ يَمُدُّهُۥ مِنۢ بَعْدِهِۦ سَبْعَةُ أَبْحُرٍ مَّا نَفِدَتْ كَلِمَٰتُ ٱللَّهِ إِنَّ ٱللَّهَ عَزِيزٌ حَكِيمٌ","translation_en":"And if whatever trees upon the earth were pens and the sea [was ink], replenished thereafter by seven [more] seas, the words of Allah would not be exhausted. Indeed, Allah is Exalted in Might and Wise.","translation_id":"Dan seandainya pohon-pohon di bumi menjadi pena dan laut (menjadi tinta), ditambahkan kepadanya tujuh laut (lagi) sesudah (kering)nya, niscaya tidak akan habis-habisnya (dituliskan) kalimat Allah. Sesungguhnya Allah Maha Perkasa lagi Maha Bijaksana."},{"number":28,"text":"مَّا خَلْقُكُمْ وَلَا بَعْثُكُمْ إِلَّا كَنَفْسٍ وَٰحِدَةٍ إِنَّ ٱللَّهَ سَمِيعٌۢ بَصِيرٌ","translation_en":"Your creation and your resurrection will not be but as that of a single soul. Indeed, Allah is Hearing and Seeing.","translation_id":"Tidaklah Allah menciptakan dan membangkitkan kamu (dari dalam kubur) itu melainkan hanyalah seperti (menciptakan dan membangkitkan) satu jiwa saja. Sesungguhnya Allah Maha Mendengar lagi Maha Melihat."},{"number":29,"text":"أَلَمْ تَرَ أَنَّ ٱللَّهَ يُولِجُ ٱلَّيْلَ فِى ٱلنَّهَارِ وَيُولِجُ ٱلنَّهَارَ فِى ٱلَّيْلِ وَسَخَّرَ ٱلشَّمْسَ وَٱلْقَمَرَ كُلٌّ يَجْرِىٓ إِلَىٰٓ أَجَلٍ مُّسَمًّى وَأَنَّ ٱللَّهَ بِمَا تَعْمَلُونَ خَبِيرٌ","translation_en":"Do you not see that Allah causes the night to enter the day and causes the day to enter the night and has subjected the sun and the moon, each running [its course] for a specified term, and that Allah, with whatever you do, is Acquainted?","translation_id":"Tidakkah kamu memperhatikan, bahwa sesungguhnya Allah memasukkan malam ke dalam siang dan memasukkan siang ke dalam malam dan Dia tundukkan matahari dan bulan masing-masing berjalan sampai kepada waktu yang ditentukan, dan sesungguhnya Allah Maha Mengetahui apa yang kamu kerjakan."},{"number":30,"text":"ذَٰلِكَ بِأَنَّ ٱللَّهَ هُوَ ٱلْحَقُّ وَأَنَّ مَا يَدْعُونَ مِن دُونِهِ ٱلْبَٰطِلُ وَأَنَّ ٱللَّهَ هُوَ ٱلْعَلِىُّ ٱلْكَبِيرُ","translation_en":"That is because Allah is the Truth, and that what they call upon other than Him is falsehood, and because Allah is the Most High, the Grand.","translation_id":"Demikianlah, karena sesungguhnya Allah, Dialah yang hak dan sesungguhnya apa saja yang mereka seru selain dari Allah itulah yang batil; dan sesungguhnya Allah Dialah Yang Maha Tinggi lagi Maha Besar."},{"number":31,"text":"أَلَمْ تَرَ أَنَّ ٱلْفُلْكَ تَجْرِى فِى ٱلْبَحْرِ بِنِعْمَتِ ٱللَّهِ لِيُرِيَكُم مِّنْ ءَايَٰتِهِۦٓ إِنَّ فِى ذَٰلِكَ لَءَايَٰتٍ لِّكُلِّ صَبَّارٍ شَكُورٍ","translation_en":"Do you not see that ships sail through the sea by the favor of Allah that He may show you of His signs? Indeed in that are signs for everyone patient and grateful.","translation_id":"Tidakkah kamu memperhatikan bahwa sesungguhnya kapal itu berlayar di laut dengan nikmat Allah, supaya diperlihatkan-Nya kepadamu sebahagian dari tanda-tanda (kekuasaan)-Nya. Sesungguhnya pada yang demikian itu benar-benar terdapat tanda-tanda bagi semua orang yang sangat sabar lagi banyak bersyukur."},{"number":32,"text":"وَإِذَا غَشِيَهُم مَّوْجٌ كَٱلظُّلَلِ دَعَوُا۟ ٱللَّهَ مُخْلِصِينَ لَهُ ٱلدِّينَ فَلَمَّا نَجَّىٰهُمْ إِلَى ٱلْبَرِّ فَمِنْهُم مُّقْتَصِدٌ وَمَا يَجْحَدُ بِـَٔايَٰتِنَآ إِلَّا كُلُّ خَتَّارٍ كَفُورٍ","translation_en":"And when waves come over them like canopies, they supplicate Allah, sincere to Him in religion. But when He delivers them to the land, there are [some] of them who are moderate [in faith]. And none rejects Our signs except everyone treacherous and ungrateful.","translation_id":"Dan apabila mereka dilamun ombak yang besar seperti gunung, mereka menyeru Allah dengan memurnikan ketaatan kepada-Nya maka tatkala Allah menyelamatkan mereka sampai di daratan, lalu sebagian mereka tetap menempuh jalan yang lurus. Dan tidak ada yang mengingkari ayat-ayat Kami selain orang-orang yang tidak setia lagi ingkar."},{"number":33,"text":"يَٰٓأَيُّهَا ٱلنَّاسُ ٱتَّقُوا۟ رَبَّكُمْ وَٱخْشَوْا۟ يَوْمًا لَّا يَجْزِى وَالِدٌ عَن وَلَدِهِۦ وَلَا مَوْلُودٌ هُوَ جَازٍ عَن وَالِدِهِۦ شَيْـًٔا إِنَّ وَعْدَ ٱللَّهِ حَقٌّ فَلَا تَغُرَّنَّكُمُ ٱلْحَيَوٰةُ ٱلدُّنْيَا وَلَا يَغُرَّنَّكُم بِٱللَّهِ ٱلْغَرُورُ","translation_en":"O mankind, fear your Lord and fear a Day when no father will avail his son, nor will a son avail his father at all. Indeed, the promise of Allah is truth, so let not the worldly life delude you and be not deceived about Allah by the Deceiver.","translation_id":"Hai manusia, bertakwalah kepada Tuhanmu dan takutilah suatu hari yang (pada hari itu) seorang bapak tidak dapat menolong anaknya dan seorang anak tidak dapat (pula) menolong bapaknya sedikitpun. Sesungguhnya janji Allah adalah benar, maka janganlah sekali-kali kehidupan dunia memperdayakan kamu, dan jangan (pula) penipu (syaitan) memperdayakan kamu dalam (mentaati) Allah."},{"number":34,"text":"إِنَّ ٱللَّهَ عِندَهُۥ عِلْمُ ٱلسَّاعَةِ وَيُنَزِّلُ ٱلْغَيْثَ وَيَعْلَمُ مَا فِى ٱلْأَرْحَامِ وَمَا تَدْرِى نَفْسٌ مَّاذَا تَكْسِبُ غَدًا وَمَا تَدْرِى نَفْسٌۢ بِأَىِّ أَرْضٍ تَمُوتُ إِنَّ ٱللَّهَ عَلِيمٌ خَبِيرٌۢ","translation_en":"Indeed, Allah [alone] has knowledge of the Hour and sends down the rain and knows what is in the wombs. And no soul perceives what it will earn tomorrow, and no soul perceives in what land it will die. Indeed, Allah is Knowing and Acquainted.","translation_id":"Sesungguhnya Allah, hanya pada sisi-Nya sajalah pengetahuan tentang Hari Kiamat; dan Dialah Yang menurunkan hujan, dan mengetahui apa yang ada dalam rahim. Dan tiada seorangpun yang dapat mengetahui (dengan pasti) apa yang akan diusahakannya besok. Dan tiada seorangpun yang dapat mengetahui di bumi mana dia akan mati. Sesungguhnya Allah Maha Mengetahui lagi Maha Mengenal."}]}