{"number":32,"name":"سورة السجدة","transliteration_en":"As-Sajda","translation_en":"The Prostration","total_verses":30,"revelation_type":"Meccan","verses":[{"number":1,"text":"بِسْمِ ٱللَّهِ ٱلرَّحْمَٰنِ ٱلرَّحِيمِ الٓمٓ","translation_en":"Alif, Lam, Meem.","translation_id":"Alif Laam Miim"},{"number":2,"text":"تَنزِيلُ ٱلْكِتَٰبِ لَا رَيْبَ فِيهِ مِن رَّبِّ ٱلْعَٰلَمِينَ","translation_en":"[This is] the revelation of the Book about which there is no doubt from the Lord of the worlds.","translation_id":"Turunnya Al-Quran yang tidak ada keraguan di dalamnya, (adalah) dari Tuhan semesta alam."},{"number":3,"text":"أَمْ يَقُولُونَ ٱفْتَرَىٰهُ بَلْ هُوَ ٱلْحَقُّ مِن رَّبِّكَ لِتُنذِرَ قَوْمًا مَّآ أَتَىٰهُم مِّن نَّذِيرٍ مِّن قَبْلِكَ لَعَلَّهُمْ يَهْتَدُونَ","translation_en":"Or do they say, \"He invented it\"? Rather, it is the truth from your Lord, [O Muhammad], that you may warn a people to whom no warner has come before you [so] perhaps they will be guided.","translation_id":"Tetapi mengapa mereka (orang kafir) mengatakan: \"Dia Muhammad mengada-adakannya\". Sebenarnya Al-Quran itu adalah kebenaran dari Rabbmu, agar kamu memberi peringatan kepada kaum yang belum datang kepada mereka orang yang memberi peringatan sebelum kamu; mudah-mudahan mereka mendapat petunjuk."},{"number":4,"text":"ٱللَّهُ ٱلَّذِى خَلَقَ ٱلسَّمَٰوَٰتِ وَٱلْأَرْضَ وَمَا بَيْنَهُمَا فِى سِتَّةِ أَيَّامٍ ثُمَّ ٱسْتَوَىٰ عَلَى ٱلْعَرْشِ مَا لَكُم مِّن دُونِهِۦ مِن وَلِىٍّ وَلَا شَفِيعٍ أَفَلَا تَتَذَكَّرُونَ","translation_en":"It is Allah who created the heavens and the earth and whatever is between them in six days; then He established Himself above the Throne. You have not besides Him any protector or any intercessor; so will you not be reminded?","translation_id":"Allah lah yang menciptakan langit dan bumi dan apa yang ada di antara keduanya dalam enam masa, kemudian Dia bersemayam di atas 'Arsy. Tidak ada bagi kamu selain dari pada-Nya seorang penolongpun dan tidak (pula) seorang pemberi syafa'at. Maka apakah kamu tidak memperhatikan?"},{"number":5,"text":"يُدَبِّرُ ٱلْأَمْرَ مِنَ ٱلسَّمَآءِ إِلَى ٱلْأَرْضِ ثُمَّ يَعْرُجُ إِلَيْهِ فِى يَوْمٍ كَانَ مِقْدَارُهُۥٓ أَلْفَ سَنَةٍ مِّمَّا تَعُدُّونَ","translation_en":"He arranges [each] matter from the heaven to the earth; then it will ascend to Him in a Day, the extent of which is a thousand years of those which you count.","translation_id":"Dia mengatur urusan dari langit ke bumi, kemudian (urusan) itu naik kepada-Nya dalam satu hari yang kadarnya adalah seribu tahun menurut perhitunganmu"},{"number":6,"text":"ذَٰلِكَ عَٰلِمُ ٱلْغَيْبِ وَٱلشَّهَٰدَةِ ٱلْعَزِيزُ ٱلرَّحِيمُ","translation_en":"That is the Knower of the unseen and the witnessed, the Exalted in Might, the Merciful,","translation_id":"Yang demikian itu ialah Tuhan Yang mengetahui yang ghaib dan yang nyata, Yang Maha Perkasa lagi Maha Penyayang."},{"number":7,"text":"ٱلَّذِىٓ أَحْسَنَ كُلَّ شَىْءٍ خَلَقَهُۥ وَبَدَأَ خَلْقَ ٱلْإِنسَٰنِ مِن طِينٍ","translation_en":"Who perfected everything which He created and began the creation of man from clay.","translation_id":"Yang membuat segala sesuatu yang Dia ciptakan sebaik-baiknya dan Yang memulai penciptaan manusia dari tanah."},{"number":8,"text":"ثُمَّ جَعَلَ نَسْلَهُۥ مِن سُلَٰلَةٍ مِّن مَّآءٍ مَّهِينٍ","translation_en":"Then He made his posterity out of the extract of a liquid disdained.","translation_id":"Kemudian Dia menjadikan keturunannya dari saripati air yang hina."},{"number":9,"text":"ثُمَّ سَوَّىٰهُ وَنَفَخَ فِيهِ مِن رُّوحِهِۦ وَجَعَلَ لَكُمُ ٱلسَّمْعَ وَٱلْأَبْصَٰرَ وَٱلْأَفْـِٔدَةَ قَلِيلًا مَّا تَشْكُرُونَ","translation_en":"Then He proportioned him and breathed into him from His [created] soul and made for you hearing and vision and hearts; little are you grateful.","translation_id":"Kemudian Dia menyempurnakan dan meniupkan ke dalamnya roh (ciptaan)-Nya dan Dia menjadikan bagi kamu pendengaran, penglihatan dan hati; (tetapi) kamu sedikit sekali bersyukur."},{"number":10,"text":"وَقَالُوٓا۟ أَءِذَا ضَلَلْنَا فِى ٱلْأَرْضِ أَءِنَّا لَفِى خَلْقٍ جَدِيدٍۭ بَلْ هُم بِلِقَآءِ رَبِّهِمْ كَٰفِرُونَ","translation_en":"And they say, \"When we are lost within the earth, will we indeed be [recreated] in a new creation?\" Rather, they are, in [the matter of] the meeting with their Lord, disbelievers.","translation_id":"Dan mereka berkata: \"Apakah bila kami telah lenyap (hancur) dalam tanah, kami benar-benar akan berada dalam ciptaan yang baru?\" Bahkan mereka ingkar akan menemui Tuhannya."},{"number":11,"text":"قُلْ يَتَوَفَّىٰكُم مَّلَكُ ٱلْمَوْتِ ٱلَّذِى وُكِّلَ بِكُمْ ثُمَّ إِلَىٰ رَبِّكُمْ تُرْجَعُونَ","translation_en":"Say, \"The angel of death will take you who has been entrusted with you. Then to your Lord you will be returned.\"","translation_id":"Katakanlah: \"Malaikat maut yang diserahi untuk (mencabut nyawa)mu akan mematikanmu, kemudian hanya kepada Tuhanmulah kamu akan dikembalikan\"."},{"number":12,"text":"وَلَوْ تَرَىٰٓ إِذِ ٱلْمُجْرِمُونَ نَاكِسُوا۟ رُءُوسِهِمْ عِندَ رَبِّهِمْ رَبَّنَآ أَبْصَرْنَا وَسَمِعْنَا فَٱرْجِعْنَا نَعْمَلْ صَٰلِحًا إِنَّا مُوقِنُونَ","translation_en":"If you could but see when the criminals are hanging their heads before their Lord, [saying], \"Our Lord, we have seen and heard, so return us [to the world]; we will work righteousness. Indeed, we are [now] certain.\"","translation_id":"Dan, jika sekiranya kamu melihat mereka ketika orang-orang yang berdosa itu menundukkan kepalanya di hadapan Tuhannya, (mereka berkata): \"Ya Tuhan kami, kami telah melihat dan mendengar, maka kembalikanlah kami (ke dunia), kami akan mengerjakan amal saleh, sesungguhnya kami adalah orang-orang yang yakin\"."},{"number":13,"text":"وَلَوْ شِئْنَا لَءَاتَيْنَا كُلَّ نَفْسٍ هُدَىٰهَا وَلَٰكِنْ حَقَّ ٱلْقَوْلُ مِنِّى لَأَمْلَأَنَّ جَهَنَّمَ مِنَ ٱلْجِنَّةِ وَٱلنَّاسِ أَجْمَعِينَ","translation_en":"And if We had willed, We could have given every soul its guidance, but the word from Me will come into effect [that] \"I will surely fill Hell with jinn and people all together.","translation_id":"Dan kalau Kami menghendaki niscaya Kami akan berikan kepada tiap-tiap jiwa petunjuk, akan tetapi telah tetaplah perkataan dari pada-Ku: \"Sesungguhnya akan Aku penuhi neraka jahannam itu dengan jin dan manusia bersama-sama\"."},{"number":14,"text":"فَذُوقُوا۟ بِمَا نَسِيتُمْ لِقَآءَ يَوْمِكُمْ هَٰذَآ إِنَّا نَسِينَٰكُمْ وَذُوقُوا۟ عَذَابَ ٱلْخُلْدِ بِمَا كُنتُمْ تَعْمَلُونَ","translation_en":"So taste [punishment] because you forgot the meeting of this, your Day; indeed, We have [accordingly] forgotten you. And taste the punishment of eternity for what you used to do.\"","translation_id":"Maka rasailah olehmu (siksa ini) disebabkan kamu melupakan akan pertemuan dengan harimu ini. Sesungguhnya Kami telah melupakan kamu (pula) dan rasakanlah siksa yang kekal, disebabkan apa yang selalu kamu kerjakan."},{"number":15,"text":"إِنَّمَا يُؤْمِنُ بِـَٔايَٰتِنَا ٱلَّذِينَ إِذَا ذُكِّرُوا۟ بِهَا خَرُّوا۟ سُجَّدًا وَسَبَّحُوا۟ بِحَمْدِ رَبِّهِمْ وَهُمْ لَا يَسْتَكْبِرُونَ","translation_en":"Only those believe in Our verses who, when they are reminded by them, fall down in prostration and exalt [Allah] with praise of their Lord, and they are not arrogant.","translation_id":"Sesungguhnya orang yang benar-benar percaya kepada ayat-ayat Kami adalah mereka yang apabila diperingatkan dengan ayat-ayat itu mereka segera bersujud seraya bertasbih dan memuji Rabbnya, dan lagi pula mereka tidaklah sombong."},{"number":16,"text":"تَتَجَافَىٰ جُنُوبُهُمْ عَنِ ٱلْمَضَاجِعِ يَدْعُونَ رَبَّهُمْ خَوْفًا وَطَمَعًا وَمِمَّا رَزَقْنَٰهُمْ يُنفِقُونَ","translation_en":"They arise from [their] beds; they supplicate their Lord in fear and aspiration, and from what We have provided them, they spend.","translation_id":"Lambung mereka jauh dari tempat tidurnya dan mereka selalu berdoa kepada Rabbnya dengan penuh rasa takut dan harap, serta mereka menafkahkan apa apa rezeki yang Kami berikan."},{"number":17,"text":"فَلَا تَعْلَمُ نَفْسٌ مَّآ أُخْفِىَ لَهُم مِّن قُرَّةِ أَعْيُنٍ جَزَآءًۢ بِمَا كَانُوا۟ يَعْمَلُونَ","translation_en":"And no soul knows what has been hidden for them of comfort for eyes as reward for what they used to do.","translation_id":"Tak seorangpun mengetahui berbagai nikmat yang menanti, yang indah dipandang sebagai balasan bagi mereka, atas apa yang mereka kerjakan."},{"number":18,"text":"أَفَمَن كَانَ مُؤْمِنًا كَمَن كَانَ فَاسِقًا لَّا يَسْتَوُۥنَ","translation_en":"Then is one who was a believer like one who was defiantly disobedient? They are not equal.","translation_id":"Apakah orang-orang beriman itu sama dengan orang-orang yang fasik? Mereka tidak sama."},{"number":19,"text":"أَمَّا ٱلَّذِينَ ءَامَنُوا۟ وَعَمِلُوا۟ ٱلصَّٰلِحَٰتِ فَلَهُمْ جَنَّٰتُ ٱلْمَأْوَىٰ نُزُلًۢا بِمَا كَانُوا۟ يَعْمَلُونَ","translation_en":"As for those who believed and did righteous deeds, for them will be the Gardens of Refuge as accommodation for what they used to do.","translation_id":"Adapun orang-orang yang beriman dan mengerjakan amal saleh, maka bagi mereka jannah tempat kediaman, sebagai pahala terhadap apa yang mereka kerjakan."},{"number":20,"text":"وَأَمَّا ٱلَّذِينَ فَسَقُوا۟ فَمَأْوَىٰهُمُ ٱلنَّارُ كُلَّمَآ أَرَادُوٓا۟ أَن يَخْرُجُوا۟ مِنْهَآ أُعِيدُوا۟ فِيهَا وَقِيلَ لَهُمْ ذُوقُوا۟ عَذَابَ ٱلنَّارِ ٱلَّذِى كُنتُم بِهِۦ تُكَذِّبُونَ","translation_en":"But as for those who defiantly disobeyed, their refuge is the Fire. Every time they wish to emerge from it, they will be returned to it while it is said to them, \"Taste the punishment of the Fire which you used to deny.\"","translation_id":"Dan adapun orang-orang yang fasik (kafir) maka tempat mereka adalah jahannam. Setiap kali mereka hendak keluar daripadanya, mereka dikembalikan ke dalamnya dan dikatakan kepada mereka: \"Rasakanlah siksa neraka yang dahulu kamu mendustakannya\"."},{"number":21,"text":"وَلَنُذِيقَنَّهُم مِّنَ ٱلْعَذَابِ ٱلْأَدْنَىٰ دُونَ ٱلْعَذَابِ ٱلْأَكْبَرِ لَعَلَّهُمْ يَرْجِعُونَ","translation_en":"And we will surely let them taste the nearer punishment short of the greater punishment that perhaps they will repent.","translation_id":"Dan Sesungguhnya Kami merasakan kepada mereka sebahagian azab yang dekat (di dunia) sebelum azab yang lebih besar (di akhirat), mudah-mudahan mereka kembali (ke jalan yang benar)."},{"number":22,"text":"وَمَنْ أَظْلَمُ مِمَّن ذُكِّرَ بِـَٔايَٰتِ رَبِّهِۦ ثُمَّ أَعْرَضَ عَنْهَآ إِنَّا مِنَ ٱلْمُجْرِمِينَ مُنتَقِمُونَ","translation_en":"And who is more unjust than one who is reminded of the verses of his Lord; then he turns away from them? Indeed We, from the criminals, will take retribution.","translation_id":"Dan siapakah yang lebih zalim daripada orang yang telah diperingatkan dengan ayat-ayat Tuhannya, kemudian ia berpaling daripadanya? Sesungguhnya Kami akan memberikan pembalasan kepada orang-orang yang berdosa."},{"number":23,"text":"وَلَقَدْ ءَاتَيْنَا مُوسَى ٱلْكِتَٰبَ فَلَا تَكُن فِى مِرْيَةٍ مِّن لِّقَآئِهِۦ وَجَعَلْنَٰهُ هُدًى لِّبَنِىٓ إِسْرَٰٓءِيلَ","translation_en":"And We certainly gave Moses the Scripture, so do not be in doubt over his meeting. And we made the Torah guidance for the Children of Israel.","translation_id":"Dan Sesungguhnya Kami telah berikan kepada Musa Al-Kitab (Taurat), maka janganlah kamu (Muhammad) ragu menerima (Al-Quran itu) dan Kami jadikan Al-Kitab (Taurat) itu petunjuk bagi Bani Israil."},{"number":24,"text":"وَجَعَلْنَا مِنْهُمْ أَئِمَّةً يَهْدُونَ بِأَمْرِنَا لَمَّا صَبَرُوا۟ وَكَانُوا۟ بِـَٔايَٰتِنَا يُوقِنُونَ","translation_en":"And We made from among them leaders guiding by Our command when they were patient and [when] they were certain of Our signs.","translation_id":"Dan Kami jadikan di antara mereka itu pemimpin-pemimpin yang memberi petunjuk dengan perintah Kami ketika mereka sabar. Dan adalah mereka meyakini ayat-ayat Kami."},{"number":25,"text":"إِنَّ رَبَّكَ هُوَ يَفْصِلُ بَيْنَهُمْ يَوْمَ ٱلْقِيَٰمَةِ فِيمَا كَانُوا۟ فِيهِ يَخْتَلِفُونَ","translation_en":"Indeed, your Lord will judge between them on the Day of Resurrection concerning that over which they used to differ.","translation_id":"Sesungguhnya Tuhanmu Dialah yang memberikan keputusan di antara mereka pada hari kiamat tentang apa yang selalu mereka perselisihkan padanya."},{"number":26,"text":"أَوَلَمْ يَهْدِ لَهُمْ كَمْ أَهْلَكْنَا مِن قَبْلِهِم مِّنَ ٱلْقُرُونِ يَمْشُونَ فِى مَسَٰكِنِهِمْ إِنَّ فِى ذَٰلِكَ لَءَايَٰتٍ أَفَلَا يَسْمَعُونَ","translation_en":"Has it not become clear to them how many generations We destroyed before them, [as] they walk among their dwellings? Indeed in that are signs; then do they not hear?","translation_id":"Dan apakah tidak menjadi petunjuk bagi mereka, berapa banyak umat sebelum mereka yang telah Kami binasakan sedangkan mereka sendiri berjalan di tempat-tempat kediaman mereka itu. Sesungguhnya pada yang demikian itu terdapat tanda-tanda (kekuasaan Allah). Maka apakah mereka tidak mendengarkan?"},{"number":27,"text":"أَوَلَمْ يَرَوْا۟ أَنَّا نَسُوقُ ٱلْمَآءَ إِلَى ٱلْأَرْضِ ٱلْجُرُزِ فَنُخْرِجُ بِهِۦ زَرْعًا تَأْكُلُ مِنْهُ أَنْعَٰمُهُمْ وَأَنفُسُهُمْ أَفَلَا يُبْصِرُونَ","translation_en":"Have they not seen that We drive the water [in clouds] to barren land and bring forth thereby crops from which their livestock eat and [they] themselves? Then do they not see?","translation_id":"Dan apakah mereka tidak memperhatikan, bahwasanya Kami menghalau (awan yang mengandung) air ke bumi yang tandus, lalu Kami tumbuhkan dengan air hujan itu tanaman yang daripadanya makan hewan ternak mereka dan mereka sendiri. Maka apakah mereka tidak memperhatikan?"},{"number":28,"text":"وَيَقُولُونَ مَتَىٰ هَٰذَا ٱلْفَتْحُ إِن كُنتُمْ صَٰدِقِينَ","translation_en":"And they say, \"When will be this conquest, if you should be truthful?\"","translation_id":"Dan mereka bertanya: \"Bilakah kemenangan itu (datang) jika kamu memang orang-orang yang benar?\""},{"number":29,"text":"قُلْ يَوْمَ ٱلْفَتْحِ لَا يَنفَعُ ٱلَّذِينَ كَفَرُوٓا۟ إِيمَٰنُهُمْ وَلَا هُمْ يُنظَرُونَ","translation_en":"Say, [O Muhammad], \"On the Day of Conquest the belief of those who had disbelieved will not benefit them, nor will they be reprieved.\"","translation_id":"Katakanlah: \"Pada hari kemenangan itu tidak berguna bagi orang-orang kafir, iman mereka dan tidak pula mereka diberi tangguh\"."},{"number":30,"text":"فَأَعْرِضْ عَنْهُمْ وَٱنتَظِرْ إِنَّهُم مُّنتَظِرُونَ","translation_en":"So turn away from them and wait. Indeed, they are waiting.","translation_id":"Maka berpalinglah kamu dari mereka dan tunggulah, sesungguhnya mereka (juga) menunggu."}]}