{"number":33,"name":"سورة الأحزاب","transliteration_en":"Al-Ahzaab","translation_en":"The Clans","total_verses":73,"revelation_type":"Medinan","verses":[{"number":1,"text":"بِسْمِ ٱللَّهِ ٱلرَّحْمَٰنِ ٱلرَّحِيمِ يَٰٓأَيُّهَا ٱلنَّبِىُّ ٱتَّقِ ٱللَّهَ وَلَا تُطِعِ ٱلْكَٰفِرِينَ وَٱلْمُنَٰفِقِينَ إِنَّ ٱللَّهَ كَانَ عَلِيمًا حَكِيمًا","translation_en":"O Prophet, fear Allah and do not obey the disbelievers and the hypocrites. Indeed, Allah is ever Knowing and Wise.","translation_id":"Hai Nabi, bertakwalah kepada Allah dan janganlah kamu menuruti (keinginan) orang-orang kafir dan orang-orang munafik. Sesungguhnya Allah adalah Maha Mengetahui lagi Maha Bijaksana,"},{"number":2,"text":"وَٱتَّبِعْ مَا يُوحَىٰٓ إِلَيْكَ مِن رَّبِّكَ إِنَّ ٱللَّهَ كَانَ بِمَا تَعْمَلُونَ خَبِيرًا","translation_en":"And follow that which is revealed to you from your Lord. Indeed Allah is ever, with what you do, Acquainted.","translation_id":"dan ikutilah apa yang diwahyukan Tuhan kepadamu. Sesungguhnya Allah adalah Maha Mengetahui apa yang kamu kerjakan."},{"number":3,"text":"وَتَوَكَّلْ عَلَى ٱللَّهِ وَكَفَىٰ بِٱللَّهِ وَكِيلًا","translation_en":"And rely upon Allah; and sufficient is Allah as Disposer of affairs.","translation_id":"dan bertawakkallah kepada Allah. Dan cukuplah Allah sebagai Pemelihara."},{"number":4,"text":"مَّا جَعَلَ ٱللَّهُ لِرَجُلٍ مِّن قَلْبَيْنِ فِى جَوْفِهِۦ وَمَا جَعَلَ أَزْوَٰجَكُمُ ٱلَّٰٓـِٔى تُظَٰهِرُونَ مِنْهُنَّ أُمَّهَٰتِكُمْ وَمَا جَعَلَ أَدْعِيَآءَكُمْ أَبْنَآءَكُمْ ذَٰلِكُمْ قَوْلُكُم بِأَفْوَٰهِكُمْ وَٱللَّهُ يَقُولُ ٱلْحَقَّ وَهُوَ يَهْدِى ٱلسَّبِيلَ","translation_en":"Allah has not made for a man two hearts in his interior. And He has not made your wives whom you declare unlawful your mothers. And he has not made your adopted sons your [true] sons. That is [merely] your saying by your mouths, but Allah says the truth, and He guides to the [right] way.","translation_id":"Allah sekali-kali tidak menjadikan bagi seseorang dua buah hati dalam rongganya; dan Dia tidak menjadikan istri-istrimu yang kamu zhihar itu sebagai ibumu, dan Dia tidak menjadikan anak-anak angkatmu sebagai anak kandungmu (sendiri). Yang demikian itu hanyalah perkataanmu di mulutmu saja. Dan Allah mengatakan yang sebenarnya dan Dia menunjukkan jalan (yang benar)."},{"number":5,"text":"ٱدْعُوهُمْ لِءَابَآئِهِمْ هُوَ أَقْسَطُ عِندَ ٱللَّهِ فَإِن لَّمْ تَعْلَمُوٓا۟ ءَابَآءَهُمْ فَإِخْوَٰنُكُمْ فِى ٱلدِّينِ وَمَوَٰلِيكُمْ وَلَيْسَ عَلَيْكُمْ جُنَاحٌ فِيمَآ أَخْطَأْتُم بِهِۦ وَلَٰكِن مَّا تَعَمَّدَتْ قُلُوبُكُمْ وَكَانَ ٱللَّهُ غَفُورًا رَّحِيمًا","translation_en":"Call them by [the names of] their fathers; it is more just in the sight of Allah. But if you do not know their fathers - then they are [still] your brothers in religion and those entrusted to you. And there is no blame upon you for that in which you have erred but [only for] what your hearts intended. And ever is Allah Forgiving and Merciful.","translation_id":"Panggilah mereka (anak-anak angkat itu) dengan (memakai) nama bapak-bapak mereka; itulah yang lebih adil pada sisi Allah, dan jika kamu tidak mengetahui bapak-bapak mereka, maka (panggilah mereka sebagai) saudara-saudaramu seagama dan maula-maulamu. Dan tidak ada dosa atasmu terhadap apa yang kamu khilaf padanya, tetapi (yang ada dosanya) apa yang disengaja oleh hatimu. Dan adalah Allah Maha Pengampun lagi Maha Penyayang."},{"number":6,"text":"ٱلنَّبِىُّ أَوْلَىٰ بِٱلْمُؤْمِنِينَ مِنْ أَنفُسِهِمْ وَأَزْوَٰجُهُۥٓ أُمَّهَٰتُهُمْ وَأُو۟لُوا۟ ٱلْأَرْحَامِ بَعْضُهُمْ أَوْلَىٰ بِبَعْضٍ فِى كِتَٰبِ ٱللَّهِ مِنَ ٱلْمُؤْمِنِينَ وَٱلْمُهَٰجِرِينَ إِلَّآ أَن تَفْعَلُوٓا۟ إِلَىٰٓ أَوْلِيَآئِكُم مَّعْرُوفًا كَانَ ذَٰلِكَ فِى ٱلْكِتَٰبِ مَسْطُورًا","translation_en":"The Prophet is more worthy of the believers than themselves, and his wives are [in the position of] their mothers. And those of [blood] relationship are more entitled [to inheritance] in the decree of Allah than the [other] believers and the emigrants, except that you may do to your close associates a kindness [through bequest]. That was in the Book inscribed.","translation_id":"Nabi itu (hendaknya) lebih utama bagi orang-orang mukmin dari diri mereka sendiri dan isteri-isterinya adalah ibu-ibu mereka. Dan orang-orang yang mempunyai hubungan darah satu sama lain lebih berhak (waris-mewarisi) di dalam Kitab Allah daripada orang-orang mukmim dan orang-orang Muhajirin, kecuali kalau kamu berbuat baik kepada saudara-saudaramu (seagama). Adalah yang demikian itu telah tertulis di dalam Kitab (Allah)."},{"number":7,"text":"وَإِذْ أَخَذْنَا مِنَ ٱلنَّبِيِّۦنَ مِيثَٰقَهُمْ وَمِنكَ وَمِن نُّوحٍ وَإِبْرَٰهِيمَ وَمُوسَىٰ وَعِيسَى ٱبْنِ مَرْيَمَ وَأَخَذْنَا مِنْهُم مِّيثَٰقًا غَلِيظًا","translation_en":"And [mention, O Muhammad], when We took from the prophets their covenant and from you and from Noah and Abraham and Moses and Jesus, the son of Mary; and We took from them a solemn covenant.","translation_id":"Dan (ingatlah) ketika Kami mengambil perjanjian dari nabi-nabi dan dari kamu (sendiri) dari Nuh, Ibrahim, Musa dan Isa putra Maryam, dan Kami telah mengambil dari mereka perjanjian yang teguh."},{"number":8,"text":"لِّيَسْـَٔلَ ٱلصَّٰدِقِينَ عَن صِدْقِهِمْ وَأَعَدَّ لِلْكَٰفِرِينَ عَذَابًا أَلِيمًا","translation_en":"That He may question the truthful about their truth. And He has prepared for the disbelievers a painful punishment.","translation_id":"agar Dia menanyakan kepada orang-orang yang benar tentang kebenaran mereka dan Dia menyediakan bagi orang-orang kafir siksa yang pedih."},{"number":9,"text":"يَٰٓأَيُّهَا ٱلَّذِينَ ءَامَنُوا۟ ٱذْكُرُوا۟ نِعْمَةَ ٱللَّهِ عَلَيْكُمْ إِذْ جَآءَتْكُمْ جُنُودٌ فَأَرْسَلْنَا عَلَيْهِمْ رِيحًا وَجُنُودًا لَّمْ تَرَوْهَا وَكَانَ ٱللَّهُ بِمَا تَعْمَلُونَ بَصِيرًا","translation_en":"O you who have believed, remember the favor of Allah upon you when armies came to [attack] you and We sent upon them a wind and armies [of angels] you did not see. And ever is Allah, of what you do, Seeing.","translation_id":"Hai orang-orang yang beriman, ingatlah akan nikmat Allah (yang telah dikurniakan) kepadamu ketika datang kepadamu tentara-tentara, lalu Kami kirimkan kepada mereka angin topan dan tentara yang tidak dapat kamu melihatnya. Dan adalah Allah Maha Melihat akan apa yang kamu kerjakan."},{"number":10,"text":"إِذْ جَآءُوكُم مِّن فَوْقِكُمْ وَمِنْ أَسْفَلَ مِنكُمْ وَإِذْ زَاغَتِ ٱلْأَبْصَٰرُ وَبَلَغَتِ ٱلْقُلُوبُ ٱلْحَنَاجِرَ وَتَظُنُّونَ بِٱللَّهِ ٱلظُّنُونَا۠","translation_en":"[Remember] when they came at you from above you and from below you, and when eyes shifted [in fear], and hearts reached the throats and you assumed about Allah [various] assumptions.","translation_id":"(Yaitu) ketika mereka datang kepadamu dari atas dan dari bawahmu, dan ketika tidak tetap lagi penglihatan(mu) dan hatimu naik menyesak sampai ke tenggorokan dan kamu menyangka terhadap Allah dengan bermacam-macam purbasangka."},{"number":11,"text":"هُنَالِكَ ٱبْتُلِىَ ٱلْمُؤْمِنُونَ وَزُلْزِلُوا۟ زِلْزَالًا شَدِيدًا","translation_en":"There the believers were tested and shaken with a severe shaking.","translation_id":"Disitulah diuji orang-orang mukmin dan digoncangkan (hatinya) dengan goncangan yang sangat."},{"number":12,"text":"وَإِذْ يَقُولُ ٱلْمُنَٰفِقُونَ وَٱلَّذِينَ فِى قُلُوبِهِم مَّرَضٌ مَّا وَعَدَنَا ٱللَّهُ وَرَسُولُهُۥٓ إِلَّا غُرُورًا","translation_en":"And [remember] when the hypocrites and those in whose hearts is disease said, \"Allah and His Messenger did not promise us except delusion,\"","translation_id":"Dan (ingatlah) ketika orang-orang munafik dan orang-orang yang berpenyakit dalam hatinya berkata: \"Allah dan Rasul-Nya tidak menjanjikan kepada kami melainkan tipu daya\"."},{"number":13,"text":"وَإِذْ قَالَت طَّآئِفَةٌ مِّنْهُمْ يَٰٓأَهْلَ يَثْرِبَ لَا مُقَامَ لَكُمْ فَٱرْجِعُوا۟ وَيَسْتَـْٔذِنُ فَرِيقٌ مِّنْهُمُ ٱلنَّبِىَّ يَقُولُونَ إِنَّ بُيُوتَنَا عَوْرَةٌ وَمَا هِىَ بِعَوْرَةٍ إِن يُرِيدُونَ إِلَّا فِرَارًا","translation_en":"And when a faction of them said, \"O people of Yathrib, there is no stability for you [here], so return [home].\" And a party of them asked permission of the Prophet, saying, \"Indeed, our houses are unprotected,\" while they were not exposed. They did not intend except to flee.","translation_id":"Dan (ingatlah) ketika segolongan di antara mreka berkata: \"Hai penduduk Yatsrib (Madinah), tidak ada tempat bagimu, maka kembalilah kamu\". Dan sebahagian dari mereka minta izin kepada Nabi (untuk kembali pulang) dengan berkata: \"Sesungguhnya rumah-rumah kami terbuka (tidak ada penjaga)\". Dan rumah-rumah itu sekali-kali tidak terbuka, mereka tidak lain hanya hendak lari."},{"number":14,"text":"وَلَوْ دُخِلَتْ عَلَيْهِم مِّنْ أَقْطَارِهَا ثُمَّ سُئِلُوا۟ ٱلْفِتْنَةَ لَءَاتَوْهَا وَمَا تَلَبَّثُوا۟ بِهَآ إِلَّا يَسِيرًا","translation_en":"And if they had been entered upon from all its [surrounding] regions and fitnah had been demanded of them, they would have done it and not hesitated over it except briefly.","translation_id":"Kalau (Yatsrib) diserang dari segala penjuru, kemudian diminta kepada mereka supaya murtad, niscaya mereka mengerjakannya; dan mereka tiada akan bertangguh untuk murtad itu melainkan dalam waktu yang singkat."},{"number":15,"text":"وَلَقَدْ كَانُوا۟ عَٰهَدُوا۟ ٱللَّهَ مِن قَبْلُ لَا يُوَلُّونَ ٱلْأَدْبَٰرَ وَكَانَ عَهْدُ ٱللَّهِ مَسْـُٔولًا","translation_en":"And they had already promised Allah before not to turn their backs and flee. And ever is the promise to Allah [that about which one will be] questioned.","translation_id":"Dan sesungguhnya mereka sebelum itu telah berjanji kepada Allah: \"Mereka tidak akan berbalik ke belakang (mundur)\". Dan adalah perjanjian dengan Allah akan diminta pertanggungan jawabnya."},{"number":16,"text":"قُل لَّن يَنفَعَكُمُ ٱلْفِرَارُ إِن فَرَرْتُم مِّنَ ٱلْمَوْتِ أَوِ ٱلْقَتْلِ وَإِذًا لَّا تُمَتَّعُونَ إِلَّا قَلِيلًا","translation_en":"Say, [O Muhammad], \"Never will fleeing benefit you if you should flee from death or killing; and then [if you did], you would not be given enjoyment [of life] except for a little.\"","translation_id":"Katakanlah: \"Lari itu sekali-kali tidaklah berguna bagimu, jika kamu melarikan diri dari kematian atau pembunuhan, dan jika (kamu terhindar dari kematian) kamu tidak juga akan mengecap kesenangan kecuali sebentar saja\"."},{"number":17,"text":"قُلْ مَن ذَا ٱلَّذِى يَعْصِمُكُم مِّنَ ٱللَّهِ إِنْ أَرَادَ بِكُمْ سُوٓءًا أَوْ أَرَادَ بِكُمْ رَحْمَةً وَلَا يَجِدُونَ لَهُم مِّن دُونِ ٱللَّهِ وَلِيًّا وَلَا نَصِيرًا","translation_en":"Say, \"Who is it that can protect you from Allah if He intends for you an ill or intends for you a mercy?\" And they will not find for themselves besides Allah any protector or any helper.","translation_id":"Katakanlah: \"Siapakah yang dapat melindungi kamu dari (takdir) Allah jika Dia menghendaki bencana atasmu atau menghendaki rahmat untuk dirimu?\" Dan orang-orang munafik itu tidak memperoleh bagi mereka pelindung dan penolong selain Allah."},{"number":18,"text":"قَدْ يَعْلَمُ ٱللَّهُ ٱلْمُعَوِّقِينَ مِنكُمْ وَٱلْقَآئِلِينَ لِإِخْوَٰنِهِمْ هَلُمَّ إِلَيْنَا وَلَا يَأْتُونَ ٱلْبَأْسَ إِلَّا قَلِيلًا","translation_en":"Already Allah knows the hinderers among you and those [hypocrites] who say to their brothers, \"Come to us,\" and do not go to battle, except for a few,","translation_id":"Sesungguhnya Allah mengetahui orang-orang yang menghalang-halangi di antara kamu dan orang-orang yang berkata kepada saudara-saudaranya: \"Marilah kepada kami\". Dan mereka tidak mendatangi peperangan melainkan sebentar."},{"number":19,"text":"أَشِحَّةً عَلَيْكُمْ فَإِذَا جَآءَ ٱلْخَوْفُ رَأَيْتَهُمْ يَنظُرُونَ إِلَيْكَ تَدُورُ أَعْيُنُهُمْ كَٱلَّذِى يُغْشَىٰ عَلَيْهِ مِنَ ٱلْمَوْتِ فَإِذَا ذَهَبَ ٱلْخَوْفُ سَلَقُوكُم بِأَلْسِنَةٍ حِدَادٍ أَشِحَّةً عَلَى ٱلْخَيْرِ أُو۟لَٰٓئِكَ لَمْ يُؤْمِنُوا۟ فَأَحْبَطَ ٱللَّهُ أَعْمَٰلَهُمْ وَكَانَ ذَٰلِكَ عَلَى ٱللَّهِ يَسِيرًا","translation_en":"Indisposed toward you. And when fear comes, you see them looking at you, their eyes revolving like one being overcome by death. But when fear departs, they lash you with sharp tongues, indisposed toward [any] good. Those have not believed, so Allah has rendered their deeds worthless, and ever is that, for Allah, easy.","translation_id":"Mereka bakhil terhadapmu, apabila datang ketakutan (bahaya), kamu lihat mereka itu memandang kepadamu dengan mata yang terbalik-balik seperti orang yang pingsan karena akan mati, dan apabila ketakutan telah hilang, mereka mencaci kamu dengan lidah yang tajam, sedang mereka bakhil untuk berbuat kebaikan. Mereka itu tidak beriman, maka Allah menghapuskan (pahala) amalnya. Dan yang demikian itu adalah mudah bagi Allah."},{"number":20,"text":"يَحْسَبُونَ ٱلْأَحْزَابَ لَمْ يَذْهَبُوا۟ وَإِن يَأْتِ ٱلْأَحْزَابُ يَوَدُّوا۟ لَوْ أَنَّهُم بَادُونَ فِى ٱلْأَعْرَابِ يَسْـَٔلُونَ عَنْ أَنۢبَآئِكُمْ وَلَوْ كَانُوا۟ فِيكُم مَّا قَٰتَلُوٓا۟ إِلَّا قَلِيلًا","translation_en":"They think the companies have not [yet] withdrawn. And if the companies should come [again], they would wish they were in the desert among the bedouins, inquiring [from afar] about your news. And if they should be among you, they would not fight except for a little.","translation_id":"Mereka mengira (bahwa) golongan-golongan yang bersekutu itu belum pergi; dan jika golongan-golongan yang bersekutu itu datang kembali, niscaya mereka ingin berada di dusun-dusun bersama-sama orang Arab Badwi, sambil menanya-nanyakan tentang berita-beritamu. Dan sekiranya mereka berada bersama kamu, mereka tidak akan berperang, melainkan sebentar saja."},{"number":21,"text":"لَّقَدْ كَانَ لَكُمْ فِى رَسُولِ ٱللَّهِ أُسْوَةٌ حَسَنَةٌ لِّمَن كَانَ يَرْجُوا۟ ٱللَّهَ وَٱلْيَوْمَ ٱلْءَاخِرَ وَذَكَرَ ٱللَّهَ كَثِيرًا","translation_en":"There has certainly been for you in the Messenger of Allah an excellent pattern for anyone whose hope is in Allah and the Last Day and [who] remembers Allah often.","translation_id":"Sesungguhnya telah ada pada (diri) Rasulullah itu suri teladan yang baik bagimu (yaitu) bagi orang yang mengharap (rahmat) Allah dan (kedatangan) hari kiamat dan dia banyak menyebut Allah."},{"number":22,"text":"وَلَمَّا رَءَا ٱلْمُؤْمِنُونَ ٱلْأَحْزَابَ قَالُوا۟ هَٰذَا مَا وَعَدَنَا ٱللَّهُ وَرَسُولُهُۥ وَصَدَقَ ٱللَّهُ وَرَسُولُهُۥ وَمَا زَادَهُمْ إِلَّآ إِيمَٰنًا وَتَسْلِيمًا","translation_en":"And when the believers saw the companies, they said, \"This is what Allah and His Messenger had promised us, and Allah and His Messenger spoke the truth.\" And it increased them only in faith and acceptance.","translation_id":"Dan tatkala orang-orang mukmin melihat golongan-golongan yang bersekutu itu, mereka berkata: \"Inilah yang dijanjikan Allah dan Rasul-Nya kepada kita\". Dan benarlah Allah dan Rasul-Nya. Dan yang demikian itu tidaklah menambah kepada mereka kecuali iman dan ketundukan."},{"number":23,"text":"مِّنَ ٱلْمُؤْمِنِينَ رِجَالٌ صَدَقُوا۟ مَا عَٰهَدُوا۟ ٱللَّهَ عَلَيْهِ فَمِنْهُم مَّن قَضَىٰ نَحْبَهُۥ وَمِنْهُم مَّن يَنتَظِرُ وَمَا بَدَّلُوا۟ تَبْدِيلًا","translation_en":"Among the believers are men true to what they promised Allah. Among them is he who has fulfilled his vow [to the death], and among them is he who awaits [his chance]. And they did not alter [the terms of their commitment] by any alteration -","translation_id":"Di antara orang-orang mukmin itu ada orang-orang yang menepati apa yang telah mereka janjikan kepada Allah; maka di antara mereka ada yang gugur. Dan di antara mereka ada (pula) yang menunggu-nunggu dan mereka tidak merubah (janjinya),"},{"number":24,"text":"لِّيَجْزِىَ ٱللَّهُ ٱلصَّٰدِقِينَ بِصِدْقِهِمْ وَيُعَذِّبَ ٱلْمُنَٰفِقِينَ إِن شَآءَ أَوْ يَتُوبَ عَلَيْهِمْ إِنَّ ٱللَّهَ كَانَ غَفُورًا رَّحِيمًا","translation_en":"That Allah may reward the truthful for their truth and punish the hypocrites if He wills or accept their repentance. Indeed, Allah is ever Forgiving and Merciful.","translation_id":"supaya Allah memberikan balasan kepada orang-orang yang benar itu karena kebenarannya, dan menyiksa orang munafik jika dikehendaki-Nya, atau menerima taubat mereka. Sesungguhnya Allah adalah Maha Pengampun lagi Maha Penyayang."},{"number":25,"text":"وَرَدَّ ٱللَّهُ ٱلَّذِينَ كَفَرُوا۟ بِغَيْظِهِمْ لَمْ يَنَالُوا۟ خَيْرًا وَكَفَى ٱللَّهُ ٱلْمُؤْمِنِينَ ٱلْقِتَالَ وَكَانَ ٱللَّهُ قَوِيًّا عَزِيزًا","translation_en":"And Allah repelled those who disbelieved, in their rage, not having obtained any good. And sufficient was Allah for the believers in battle, and ever is Allah Powerful and Exalted in Might.","translation_id":"Dan Allah menghalau orang-orang yang kafir itu yang keadaan mereka penuh kejengkelan, (lagi) mereka tidak memperoleh keuntungan apapun. Dan Allah menghindarkan orang-orang mukmin dari peperangan. Dan adalah Allah Maha Kuat lagi Maha Perkasa."},{"number":26,"text":"وَأَنزَلَ ٱلَّذِينَ ظَٰهَرُوهُم مِّنْ أَهْلِ ٱلْكِتَٰبِ مِن صَيَاصِيهِمْ وَقَذَفَ فِى قُلُوبِهِمُ ٱلرُّعْبَ فَرِيقًا تَقْتُلُونَ وَتَأْسِرُونَ فَرِيقًا","translation_en":"And He brought down those who supported them among the People of the Scripture from their fortresses and cast terror into their hearts [so that] a party you killed, and you took captive a party.","translation_id":"Dan Dia menurunkan orang-orang Ahli Kitab (Bani Quraizhah) yang membantu golongan-golongan yang bersekutu dari benteng-benteng mereka, dan Dia memesukkan rasa takut ke dalam hati mereka. Sebahagian mereka kamu bunuh dan sebahagian yang lain kamu tawan."},{"number":27,"text":"وَأَوْرَثَكُمْ أَرْضَهُمْ وَدِيَٰرَهُمْ وَأَمْوَٰلَهُمْ وَأَرْضًا لَّمْ تَطَـُٔوهَا وَكَانَ ٱللَّهُ عَلَىٰ كُلِّ شَىْءٍ قَدِيرًا","translation_en":"And He caused you to inherit their land and their homes and their properties and a land which you have not trodden. And ever is Allah, over all things, competent.","translation_id":"Dan Dia mewariskan kepada kamu tanah-tanah, rumah-rumah dan harta benda mereka, dan (begitu pula) tanah yang belum kamu injak. Dan adalah Allah Maha Kuasa terhadap segala sesuatu."},{"number":28,"text":"يَٰٓأَيُّهَا ٱلنَّبِىُّ قُل لِّأَزْوَٰجِكَ إِن كُنتُنَّ تُرِدْنَ ٱلْحَيَوٰةَ ٱلدُّنْيَا وَزِينَتَهَا فَتَعَالَيْنَ أُمَتِّعْكُنَّ وَأُسَرِّحْكُنَّ سَرَاحًا جَمِيلًا","translation_en":"O Prophet, say to your wives, \"If you should desire the worldly life and its adornment, then come, I will provide for you and give you a gracious release.","translation_id":"Hai Nabi, katakanlah kepada isteri-isterimu: \"Jika kamu sekalian mengingini kehidupan dunia dan perhiasannya, maka marilah supaya kuberikan kepadamu mut'ah dan aku ceraikan kamu dengan cara yang baik."},{"number":29,"text":"وَإِن كُنتُنَّ تُرِدْنَ ٱللَّهَ وَرَسُولَهُۥ وَٱلدَّارَ ٱلْءَاخِرَةَ فَإِنَّ ٱللَّهَ أَعَدَّ لِلْمُحْسِنَٰتِ مِنكُنَّ أَجْرًا عَظِيمًا","translation_en":"But if you should desire Allah and His Messenger and the home of the Hereafter - then indeed, Allah has prepared for the doers of good among you a great reward.\"","translation_id":"Dan jika kamu sekalian menghendaki (keridhaan) Allah dan Rasulnya-Nya serta (kesenangan) di negeri akhirat, maka sesungguhnya Allah menyediakan bagi siapa yang berbuat baik diantaramu pahala yang besar."},{"number":30,"text":"يَٰنِسَآءَ ٱلنَّبِىِّ مَن يَأْتِ مِنكُنَّ بِفَٰحِشَةٍ مُّبَيِّنَةٍ يُضَٰعَفْ لَهَا ٱلْعَذَابُ ضِعْفَيْنِ وَكَانَ ذَٰلِكَ عَلَى ٱللَّهِ يَسِيرًا","translation_en":"O wives of the Prophet, whoever of you should commit a clear immorality - for her the punishment would be doubled two fold, and ever is that, for Allah, easy.","translation_id":"Hai isteri-isteri Nabi, siapa-siapa di antaramu yang mengerjakan perbuatan keji yang nyata, niscaya akan di lipat gandakan siksaan kepada mereka dua kali lipat. Dan adalah yang demikian itu mudah bagi Allah."},{"number":31,"text":"وَمَن يَقْنُتْ مِنكُنَّ لِلَّهِ وَرَسُولِهِۦ وَتَعْمَلْ صَٰلِحًا نُّؤْتِهَآ أَجْرَهَا مَرَّتَيْنِ وَأَعْتَدْنَا لَهَا رِزْقًا كَرِيمًا","translation_en":"And whoever of you devoutly obeys Allah and His Messenger and does righteousness - We will give her her reward twice; and We have prepared for her a noble provision.","translation_id":"Dan barang siapa diantara kamu sekalian (isteri-isteri nabi) tetap taat kepada Allah dan Rasul-Nya dan mengerjakan amal yang saleh, niscata Kami memberikan kepadanya pahala dua kali lipat dan Kami sediakan baginya rezeki yang mulia."},{"number":32,"text":"يَٰنِسَآءَ ٱلنَّبِىِّ لَسْتُنَّ كَأَحَدٍ مِّنَ ٱلنِّسَآءِ إِنِ ٱتَّقَيْتُنَّ فَلَا تَخْضَعْنَ بِٱلْقَوْلِ فَيَطْمَعَ ٱلَّذِى فِى قَلْبِهِۦ مَرَضٌ وَقُلْنَ قَوْلًا مَّعْرُوفًا","translation_en":"O wives of the Prophet, you are not like anyone among women. If you fear Allah, then do not be soft in speech [to men], lest he in whose heart is disease should covet, but speak with appropriate speech.","translation_id":"Hai isteri-isteri Nabi, kamu sekalian tidaklah seperti wanita yang lain, jika kamu bertakwa. Maka janganlah kamu tunduk dalam berbicara sehingga berkeinginanlah orang yang ada penyakit dalam hatinya dan ucapkanlah perkataan yang baik,"},{"number":33,"text":"وَقَرْنَ فِى بُيُوتِكُنَّ وَلَا تَبَرَّجْنَ تَبَرُّجَ ٱلْجَٰهِلِيَّةِ ٱلْأُولَىٰ وَأَقِمْنَ ٱلصَّلَوٰةَ وَءَاتِينَ ٱلزَّكَوٰةَ وَأَطِعْنَ ٱللَّهَ وَرَسُولَهُۥٓ إِنَّمَا يُرِيدُ ٱللَّهُ لِيُذْهِبَ عَنكُمُ ٱلرِّجْسَ أَهْلَ ٱلْبَيْتِ وَيُطَهِّرَكُمْ تَطْهِيرًا","translation_en":"And abide in your houses and do not display yourselves as [was] the display of the former times of ignorance. And establish prayer and give zakah and obey Allah and His Messenger. Allah intends only to remove from you the impurity [of sin], O people of the [Prophet's] household, and to purify you with [extensive] purification.","translation_id":"dan hendaklah kamu tetap di rumahmu dan janganlah kamu berhias dan bertingkah laku seperti orang-orang Jahiliyah yang dahulu dan dirikanlah shalat, tunaikanlah zakat dan taatilah Allah dan Rasul-Nya. Sesungguhnya Allah bermaksud hendak menghilangkan dosa dari kamu, hai ahlul bait dan membersihkan kamu sebersih-bersihnya."},{"number":34,"text":"وَٱذْكُرْنَ مَا يُتْلَىٰ فِى بُيُوتِكُنَّ مِنْ ءَايَٰتِ ٱللَّهِ وَٱلْحِكْمَةِ إِنَّ ٱللَّهَ كَانَ لَطِيفًا خَبِيرًا","translation_en":"And remember what is recited in your houses of the verses of Allah and wisdom. Indeed, Allah is ever Subtle and Acquainted [with all things].","translation_id":"Dan ingatlah apa yang dibacakan di rumahmu dari ayat-ayat Allah dan hikmah (sunnah nabimu). Sesungguhnya Allah adalah Maha Lembut lagi Maha Mengetahui."},{"number":35,"text":"إِنَّ ٱلْمُسْلِمِينَ وَٱلْمُسْلِمَٰتِ وَٱلْمُؤْمِنِينَ وَٱلْمُؤْمِنَٰتِ وَٱلْقَٰنِتِينَ وَٱلْقَٰنِتَٰتِ وَٱلصَّٰدِقِينَ وَٱلصَّٰدِقَٰتِ وَٱلصَّٰبِرِينَ وَٱلصَّٰبِرَٰتِ وَٱلْخَٰشِعِينَ وَٱلْخَٰشِعَٰتِ وَٱلْمُتَصَدِّقِينَ وَٱلْمُتَصَدِّقَٰتِ وَٱلصَّٰٓئِمِينَ وَٱلصَّٰٓئِمَٰتِ وَٱلْحَٰفِظِينَ فُرُوجَهُمْ وَٱلْحَٰفِظَٰتِ وَٱلذَّٰكِرِينَ ٱللَّهَ كَثِيرًا وَٱلذَّٰكِرَٰتِ أَعَدَّ ٱللَّهُ لَهُم مَّغْفِرَةً وَأَجْرًا عَظِيمًا","translation_en":"Indeed, the Muslim men and Muslim women, the believing men and believing women, the obedient men and obedient women, the truthful men and truthful women, the patient men and patient women, the humble men and humble women, the charitable men and charitable women, the fasting men and fasting women, the men who guard their private parts and the women who do so, and the men who remember Allah often and the women who do so - for them Allah has prepared forgiveness and a great reward.","translation_id":"Sesungguhnya laki-laki dan perempuan yang muslim, laki-laki dan perempuan yang mukmin, laki-laki dan perempuan yang tetap dalam ketaatannya, laki-laki dan perempuan yang benar, laki-laki dan perempuan yang sabar, laki-laki dan perempuan yang khusyu', laki-laki dan perempuan yang bersedekah, laki-laki dan perempuan yang berpuasa, laki-laki dan perempuan yang memelihara kehormatannya, laki-laki dan perempuan yang banyak menyebut (nama) Allah, Allah telah menyediakan untuk mereka ampunan dan pahala yang besar."},{"number":36,"text":"وَمَا كَانَ لِمُؤْمِنٍ وَلَا مُؤْمِنَةٍ إِذَا قَضَى ٱللَّهُ وَرَسُولُهُۥٓ أَمْرًا أَن يَكُونَ لَهُمُ ٱلْخِيَرَةُ مِنْ أَمْرِهِمْ وَمَن يَعْصِ ٱللَّهَ وَرَسُولَهُۥ فَقَدْ ضَلَّ ضَلَٰلًا مُّبِينًا","translation_en":"It is not for a believing man or a believing woman, when Allah and His Messenger have decided a matter, that they should [thereafter] have any choice about their affair. And whoever disobeys Allah and His Messenger has certainly strayed into clear error.","translation_id":"Dan tidaklah patut bagi laki-laki yang mukmin dan tidak (pula) bagi perempuan yang mukmin, apabila Allah dan Rasul-Nya telah menetapkan suatu ketetapan, akan ada bagi mereka pilihan (yang lain) tentang urusan mereka. Dan barangsiapa mendurhakai Allah dan Rasul-Nya maka sungguhlah dia telah sesat, sesat yang nyata."},{"number":37,"text":"وَإِذْ تَقُولُ لِلَّذِىٓ أَنْعَمَ ٱللَّهُ عَلَيْهِ وَأَنْعَمْتَ عَلَيْهِ أَمْسِكْ عَلَيْكَ زَوْجَكَ وَٱتَّقِ ٱللَّهَ وَتُخْفِى فِى نَفْسِكَ مَا ٱللَّهُ مُبْدِيهِ وَتَخْشَى ٱلنَّاسَ وَٱللَّهُ أَحَقُّ أَن تَخْشَىٰهُ فَلَمَّا قَضَىٰ زَيْدٌ مِّنْهَا وَطَرًا زَوَّجْنَٰكَهَا لِكَىْ لَا يَكُونَ عَلَى ٱلْمُؤْمِنِينَ حَرَجٌ فِىٓ أَزْوَٰجِ أَدْعِيَآئِهِمْ إِذَا قَضَوْا۟ مِنْهُنَّ وَطَرًا وَكَانَ أَمْرُ ٱللَّهِ مَفْعُولًا","translation_en":"And [remember, O Muhammad], when you said to the one on whom Allah bestowed favor and you bestowed favor, \"Keep your wife and fear Allah,\" while you concealed within yourself that which Allah is to disclose. And you feared the people, while Allah has more right that you fear Him. So when Zayd had no longer any need for her, We married her to you in order that there not be upon the believers any discomfort concerning the wives of their adopted sons when they no longer have need of them. And ever is the command of Allah accomplished.","translation_id":"Dan (ingatlah), ketika kamu berkata kepada orang yang Allah telah melimpahkan nikmat kepadanya dan kamu (juga) telah memberi nikmat kepadanya: \"Tahanlah terus isterimu dan bertakwalah kepada Allah\", sedang kamu menyembunyikan di dalam hatimu apa yang Allah akan menyatakannya, dan kamu takut kepada manusia, sedang Allah-lah yang lebih berhak untuk kamu takuti. Maka tatkala Zaid telah mengakhiri keperluan terhadap istrinya (menceraikannya), Kami kawinkan kamu dengan dia supaya tidak ada keberatan bagi orang mukmin untuk (mengawini) isteri-isteri anak-anak angkat mereka, apabila anak-anak angkat itu telah menyelesaikan keperluannya daripada isterinya. Dan adalah ketetapan Allah itu pasti terjadi."},{"number":38,"text":"مَّا كَانَ عَلَى ٱلنَّبِىِّ مِنْ حَرَجٍ فِيمَا فَرَضَ ٱللَّهُ لَهُۥ سُنَّةَ ٱللَّهِ فِى ٱلَّذِينَ خَلَوْا۟ مِن قَبْلُ وَكَانَ أَمْرُ ٱللَّهِ قَدَرًا مَّقْدُورًا","translation_en":"There is not to be upon the Prophet any discomfort concerning that which Allah has imposed upon him. [This is] the established way of Allah with those [prophets] who have passed on before. And ever is the command of Allah a destiny decreed.","translation_id":"Tidak ada suatu keberatanpun atas Nabi tentang apa yang telah ditetapkan Allah baginya. (Allah telah menetapkan yang demikian) sebagai sunnah-Nya pada nabi-nabi yang telah berlalu dahulu. Dan adalah ketetapan Allah itu suatu ketetapan yang pasti berlaku,"},{"number":39,"text":"ٱلَّذِينَ يُبَلِّغُونَ رِسَٰلَٰتِ ٱللَّهِ وَيَخْشَوْنَهُۥ وَلَا يَخْشَوْنَ أَحَدًا إِلَّا ٱللَّهَ وَكَفَىٰ بِٱللَّهِ حَسِيبًا","translation_en":"[Allah praises] those who convey the messages of Allah and fear Him and do not fear anyone but Allah. And sufficient is Allah as Accountant.","translation_id":"(yaitu) orang-orang yang menyapaikan risalah-risalah Allah, mereka takut kepada-Nya dan mereka tiada merasa takut kepada seorang(pun) selain kepada Allah. Dan cukuplah Allah sebagai Pembuat Perhitungan."},{"number":40,"text":"مَّا كَانَ مُحَمَّدٌ أَبَآ أَحَدٍ مِّن رِّجَالِكُمْ وَلَٰكِن رَّسُولَ ٱللَّهِ وَخَاتَمَ ٱلنَّبِيِّۦنَ وَكَانَ ٱللَّهُ بِكُلِّ شَىْءٍ عَلِيمًا","translation_en":"Muhammad is not the father of [any] one of your men, but [he is] the Messenger of Allah and last of the prophets. And ever is Allah, of all things, Knowing.","translation_id":"Muhammad itu sekali-kali bukanlah bapak dari seorang laki-laki di antara kamu, tetapi dia adalah Rasulullah dan penutup nabi-nabi. Dan adalah Allah Maha Mengetahui segala sesuatu."},{"number":41,"text":"يَٰٓأَيُّهَا ٱلَّذِينَ ءَامَنُوا۟ ٱذْكُرُوا۟ ٱللَّهَ ذِكْرًا كَثِيرًا","translation_en":"O you who have believed, remember Allah with much remembrance","translation_id":"Hai orang-orang yang beriman, berzdikirlah (dengan menyebut nama) Allah, zikir yang sebanyak-banyaknya."},{"number":42,"text":"وَسَبِّحُوهُ بُكْرَةً وَأَصِيلًا","translation_en":"And exalt Him morning and afternoon.","translation_id":"Dan bertasbihlah kepada-Nya diwaktu pagi dan petang."},{"number":43,"text":"هُوَ ٱلَّذِى يُصَلِّى عَلَيْكُمْ وَمَلَٰٓئِكَتُهُۥ لِيُخْرِجَكُم مِّنَ ٱلظُّلُمَٰتِ إِلَى ٱلنُّورِ وَكَانَ بِٱلْمُؤْمِنِينَ رَحِيمًا","translation_en":"It is He who confers blessing upon you, and His angels [ask Him to do so] that He may bring you out from darknesses into the light. And ever is He, to the believers, Merciful.","translation_id":"Dialah yang memberi rahmat kepadamu dan malaikat-Nya (memohonkan ampunan untukmu), supaya Dia mengeluarkan kamu dari kegelapan kepada cahaya (yang terang). Dan adalah Dia Maha Penyayang kepada orang-orang yang beriman."},{"number":44,"text":"تَحِيَّتُهُمْ يَوْمَ يَلْقَوْنَهُۥ سَلَٰمٌ وَأَعَدَّ لَهُمْ أَجْرًا كَرِيمًا","translation_en":"Their greeting the Day they meet Him will be, \"Peace.\" And He has prepared for them a noble reward.","translation_id":"Salam penghormatan kepada mereka (orang-orang mukmin itu) pada hari mereka menemui-Nya ialah: Salam; dan Dia menyediakan pahala yang mulia bagi mereka."},{"number":45,"text":"يَٰٓأَيُّهَا ٱلنَّبِىُّ إِنَّآ أَرْسَلْنَٰكَ شَٰهِدًا وَمُبَشِّرًا وَنَذِيرًا","translation_en":"O Prophet, indeed We have sent you as a witness and a bringer of good tidings and a warner.","translation_id":"Hai Nabi, sesungguhnya Kami mengutusmu untuk jadi saksi, dan pembawa kabar gemgira dan pemberi peringatan,"},{"number":46,"text":"وَدَاعِيًا إِلَى ٱللَّهِ بِإِذْنِهِۦ وَسِرَاجًا مُّنِيرًا","translation_en":"And one who invites to Allah, by His permission, and an illuminating lamp.","translation_id":"dan untuk jadi penyeru kepada Agama Allah dengan izin-Nya dan untuk jadi cahaya yang menerangi."},{"number":47,"text":"وَبَشِّرِ ٱلْمُؤْمِنِينَ بِأَنَّ لَهُم مِّنَ ٱللَّهِ فَضْلًا كَبِيرًا","translation_en":"And give good tidings to the believers that they will have from Allah great bounty.","translation_id":"Dan sampaikanlah berita gembira kepada orang-orang mukmin bahwa sesungguhnya bagi mereka karunia yang besar dari Allah."},{"number":48,"text":"وَلَا تُطِعِ ٱلْكَٰفِرِينَ وَٱلْمُنَٰفِقِينَ وَدَعْ أَذَىٰهُمْ وَتَوَكَّلْ عَلَى ٱللَّهِ وَكَفَىٰ بِٱللَّهِ وَكِيلًا","translation_en":"And do not obey the disbelievers and the hypocrites but do not harm them, and rely upon Allah. And sufficient is Allah as Disposer of affairs.","translation_id":"Dan janganlah kamu menuruti orang-orang yang kafir dan orang-orang munafik itu, janganlah kamu hiraukan gangguan mereka dan bertawakkallah kepada Allah. Dan cukuplah Allah sebagai Pelindung."},{"number":49,"text":"يَٰٓأَيُّهَا ٱلَّذِينَ ءَامَنُوٓا۟ إِذَا نَكَحْتُمُ ٱلْمُؤْمِنَٰتِ ثُمَّ طَلَّقْتُمُوهُنَّ مِن قَبْلِ أَن تَمَسُّوهُنَّ فَمَا لَكُمْ عَلَيْهِنَّ مِنْ عِدَّةٍ تَعْتَدُّونَهَا فَمَتِّعُوهُنَّ وَسَرِّحُوهُنَّ سَرَاحًا جَمِيلًا","translation_en":"O You who have believed, when you marry believing women and then divorce them before you have touched them, then there is not for you any waiting period to count concerning them. So provide for them and give them a gracious release.","translation_id":"Hai orang-orang yang beriman, apabila kamu menikahi perempuan-perempuan yang beriman, kemudian kamu ceraikan mereka sebelum kamu mencampurinya maka sekali-sekali tidak wajib atas mereka 'iddah bagimu yang kamu minta menyempurnakannya. Maka berilah mereka mut'ah dan lepaskanlah mereka itu dengan cara yang sebaik-baiknya."},{"number":50,"text":"يَٰٓأَيُّهَا ٱلنَّبِىُّ إِنَّآ أَحْلَلْنَا لَكَ أَزْوَٰجَكَ ٱلَّٰتِىٓ ءَاتَيْتَ أُجُورَهُنَّ وَمَا مَلَكَتْ يَمِينُكَ مِمَّآ أَفَآءَ ٱللَّهُ عَلَيْكَ وَبَنَاتِ عَمِّكَ وَبَنَاتِ عَمَّٰتِكَ وَبَنَاتِ خَالِكَ وَبَنَاتِ خَٰلَٰتِكَ ٱلَّٰتِى هَاجَرْنَ مَعَكَ وَٱمْرَأَةً مُّؤْمِنَةً إِن وَهَبَتْ نَفْسَهَا لِلنَّبِىِّ إِنْ أَرَادَ ٱلنَّبِىُّ أَن يَسْتَنكِحَهَا خَالِصَةً لَّكَ مِن دُونِ ٱلْمُؤْمِنِينَ قَدْ عَلِمْنَا مَا فَرَضْنَا عَلَيْهِمْ فِىٓ أَزْوَٰجِهِمْ وَمَا مَلَكَتْ أَيْمَٰنُهُمْ لِكَيْلَا يَكُونَ عَلَيْكَ حَرَجٌ وَكَانَ ٱللَّهُ غَفُورًا رَّحِيمًا","translation_en":"O Prophet, indeed We have made lawful to you your wives to whom you have given their due compensation and those your right hand possesses from what Allah has returned to you [of captives] and the daughters of your paternal uncles and the daughters of your paternal aunts and the daughters of your maternal uncles and the daughters of your maternal aunts who emigrated with you and a believing woman if she gives herself to the Prophet [and] if the Prophet wishes to marry her, [this is] only for you, excluding the [other] believers. We certainly know what We have made obligatory upon them concerning their wives and those their right hands possess, [but this is for you] in order that there will be upon you no discomfort. And ever is Allah Forgiving and Merciful.","translation_id":"Hai Nabi, sesungguhnya Kami telah menghalalkan bagimu isteri-isterimu yang telah kamu berikan mas kawinnya dan hamba sahaya yang kamu miliki yang termasuk apa yang kamu peroleh dalam peperangan yang dikaruniakan Allah untukmu, dan (demikian pula) anak-anak perempuan dari saudara laki-laki bapakmu, anak-anak perempuan dari saudara perempuan bapakmu, anak-anak perempuan dari saudara laki-laki ibumu dan anak-anak perempuan dari saudara perempuan ibumu yang turut hijrah bersama kamu dan perempuan mukmin yang menyerahkan dirinya kepada Nabi kalau Nabi mau mengawininya, sebagai pengkhususan bagimu, bukan untuk semua orang mukmin. Sesungguhnya Kami telah mengetahui apa yang Kami wajibkan kepada mereka tentang isteri-isteri mereka dan hamba sahaya yang mereka miliki supaya tidak menjadi kesempitan bagimu. Dan adalah Allah Maha Pengampun lagi Maha Penyayang."},{"number":51,"text":"تُرْجِى مَن تَشَآءُ مِنْهُنَّ وَتُـْٔوِىٓ إِلَيْكَ مَن تَشَآءُ وَمَنِ ٱبْتَغَيْتَ مِمَّنْ عَزَلْتَ فَلَا جُنَاحَ عَلَيْكَ ذَٰلِكَ أَدْنَىٰٓ أَن تَقَرَّ أَعْيُنُهُنَّ وَلَا يَحْزَنَّ وَيَرْضَيْنَ بِمَآ ءَاتَيْتَهُنَّ كُلُّهُنَّ وَٱللَّهُ يَعْلَمُ مَا فِى قُلُوبِكُمْ وَكَانَ ٱللَّهُ عَلِيمًا حَلِيمًا","translation_en":"You, [O Muhammad], may put aside whom you will of them or take to yourself whom you will. And any that you desire of those [wives] from whom you had [temporarily] separated - there is no blame upon you [in returning her]. That is more suitable that they should be content and not grieve and that they should be satisfied with what you have given them - all of them. And Allah knows what is in your hearts. And ever is Allah Knowing and Forbearing.","translation_id":"Kamu boleh menangguhkan menggauli siapa yang kamu kehendaki di antara mereka (isteri-isterimu) dan (boleh pula) menggauli siapa yang kamu kehendaki. Dan siapa-siapa yang kamu ingini untuk menggaulinya kembali dari perempuan yang telah kamu cerai, maka tidak ada dosa bagimu. Yang demikian itu adalah lebih dekat untuk ketenangan hati mereka, dan mereka tidak merasa sedih, dan semuanya rela dengan apa yang telah kamu berikan kepada mereka. Dan Allah mengetahui apa yang (tersimpan) dalam hatimu. Dan adalah Allah Maha Mengetahui lagi Maha Penyantun."},{"number":52,"text":"لَّا يَحِلُّ لَكَ ٱلنِّسَآءُ مِنۢ بَعْدُ وَلَآ أَن تَبَدَّلَ بِهِنَّ مِنْ أَزْوَٰجٍ وَلَوْ أَعْجَبَكَ حُسْنُهُنَّ إِلَّا مَا مَلَكَتْ يَمِينُكَ وَكَانَ ٱللَّهُ عَلَىٰ كُلِّ شَىْءٍ رَّقِيبًا","translation_en":"Not lawful to you, [O Muhammad], are [any additional] women after [this], nor [is it] for you to exchange them for [other] wives, even if their beauty were to please you, except what your right hand possesses. And ever is Allah, over all things, an Observer.","translation_id":"Tidak halal bagimu mengawini perempuan-perempuan sesudah itu dan tidak boleh (pula) mengganti mereka dengan isteri-isteri (yang lain), meskipun kecantikannya menarik hatimu kecuali perempuan-perempuan (hamba sahaya) yang kamu miliki. Dan adalah Allah Maha Mengawasi segala sesuatu."},{"number":53,"text":"يَٰٓأَيُّهَا ٱلَّذِينَ ءَامَنُوا۟ لَا تَدْخُلُوا۟ بُيُوتَ ٱلنَّبِىِّ إِلَّآ أَن يُؤْذَنَ لَكُمْ إِلَىٰ طَعَامٍ غَيْرَ نَٰظِرِينَ إِنَىٰهُ وَلَٰكِنْ إِذَا دُعِيتُمْ فَٱدْخُلُوا۟ فَإِذَا طَعِمْتُمْ فَٱنتَشِرُوا۟ وَلَا مُسْتَـْٔنِسِينَ لِحَدِيثٍ إِنَّ ذَٰلِكُمْ كَانَ يُؤْذِى ٱلنَّبِىَّ فَيَسْتَحْىِۦ مِنكُمْ وَٱللَّهُ لَا يَسْتَحْىِۦ مِنَ ٱلْحَقِّ وَإِذَا سَأَلْتُمُوهُنَّ مَتَٰعًا فَسْـَٔلُوهُنَّ مِن وَرَآءِ حِجَابٍ ذَٰلِكُمْ أَطْهَرُ لِقُلُوبِكُمْ وَقُلُوبِهِنَّ وَمَا كَانَ لَكُمْ أَن تُؤْذُوا۟ رَسُولَ ٱللَّهِ وَلَآ أَن تَنكِحُوٓا۟ أَزْوَٰجَهُۥ مِنۢ بَعْدِهِۦٓ أَبَدًا إِنَّ ذَٰلِكُمْ كَانَ عِندَ ٱللَّهِ عَظِيمًا","translation_en":"O you who have believed, do not enter the houses of the Prophet except when you are permitted for a meal, without awaiting its readiness. But when you are invited, then enter; and when you have eaten, disperse without seeking to remain for conversation. Indeed, that [behavior] was troubling the Prophet, and he is shy of [dismissing] you. But Allah is not shy of the truth. And when you ask [his wives] for something, ask them from behind a partition. That is purer for your hearts and their hearts. And it is not [conceivable or lawful] for you to harm the Messenger of Allah or to marry his wives after him, ever. Indeed, that would be in the sight of Allah an enormity.","translation_id":"Hai orang-orang yang beriman, janganlah kamu memasuki rumah-rumah Nabi kecuali bila kamu diizinkan untuk makan dengan tidak menunggu-nunggu waktu masak (makanannya), tetapi jika kamu diundang maka masuklah dan bila kamu selesai makan, keluarlah kamu tanpa asyik memperpanjang percakapan. Sesungguhnya yang demikian itu akan mengganggu Nabi lalu Nabi malu kepadamu (untuk menyuruh kamu keluar), dan Allah tidak malu (menerangkan) yang benar. Apabila kamu meminta sesuatu (keperluan) kepada mereka (isteri-isteri Nabi), maka mintalah dari belakang tabir. Cara yang demikian itu lebih suci bagi hatimu dan hati mereka. Dan tidak boleh kamu menyakiti (hati) Rasulullah dan tidak (pula) mengawini isteri-isterinya selama-lamanya sesudah ia wafat. Sesungguhnya perbuatan itu adalah amat besar (dosanya) di sisi Allah."},{"number":54,"text":"إِن تُبْدُوا۟ شَيْـًٔا أَوْ تُخْفُوهُ فَإِنَّ ٱللَّهَ كَانَ بِكُلِّ شَىْءٍ عَلِيمًا","translation_en":"Whether you reveal a thing or conceal it, indeed Allah is ever, of all things, Knowing.","translation_id":"Jika kamu melahirkan sesuatu atau menyembunyikannya, maka sesungguhnya Allah adalah Maha Mengetahui segala sesuatu."},{"number":55,"text":"لَّا جُنَاحَ عَلَيْهِنَّ فِىٓ ءَابَآئِهِنَّ وَلَآ أَبْنَآئِهِنَّ وَلَآ إِخْوَٰنِهِنَّ وَلَآ أَبْنَآءِ إِخْوَٰنِهِنَّ وَلَآ أَبْنَآءِ أَخَوَٰتِهِنَّ وَلَا نِسَآئِهِنَّ وَلَا مَا مَلَكَتْ أَيْمَٰنُهُنَّ وَٱتَّقِينَ ٱللَّهَ إِنَّ ٱللَّهَ كَانَ عَلَىٰ كُلِّ شَىْءٍ شَهِيدًا","translation_en":"There is no blame upon women concerning their fathers or their sons or their brothers or their brothers' sons or their sisters' sons or their women or those their right hands possess. And fear Allah. Indeed Allah is ever, over all things, Witness.","translation_id":"Tidak ada dosa atas isteri-isteri Nabi (untuk berjumpa tanpa tabir) dengan bapak-bapak mereka, anak-anak laki-laki mereka, saudara laki-laki mereka, anak laki-laki dari saudara laki-laki mereka, anak laki-laki dari saudara mereka yang perempuan yang beriman dan hamba sahaya yang mereka miliki, dan bertakwalah kamu (hai isteri-isteri Nabi) kepada Allah. Sesungguhnya Allah Maha Menyaksikan segala sesuatu."},{"number":56,"text":"إِنَّ ٱللَّهَ وَمَلَٰٓئِكَتَهُۥ يُصَلُّونَ عَلَى ٱلنَّبِىِّ يَٰٓأَيُّهَا ٱلَّذِينَ ءَامَنُوا۟ صَلُّوا۟ عَلَيْهِ وَسَلِّمُوا۟ تَسْلِيمًا","translation_en":"Indeed, Allah confers blessing upon the Prophet, and His angels [ask Him to do so]. O you who have believed, ask [Allah to confer] blessing upon him and ask [Allah to grant him] peace.","translation_id":"Sesungguhnya Allah dan malaikat-malaikat-Nya bershalawat untuk Nabi. Hai orang-orang yang beriman, bershalawatlah kamu untuk Nabi dan ucapkanlah salam penghormatan kepadanya."},{"number":57,"text":"إِنَّ ٱلَّذِينَ يُؤْذُونَ ٱللَّهَ وَرَسُولَهُۥ لَعَنَهُمُ ٱللَّهُ فِى ٱلدُّنْيَا وَٱلْءَاخِرَةِ وَأَعَدَّ لَهُمْ عَذَابًا مُّهِينًا","translation_en":"Indeed, those who abuse Allah and His Messenger - Allah has cursed them in this world and the Hereafter and prepared for them a humiliating punishment.","translation_id":"Sesungguhnya orang-orang yang menyakiti Allah dan Rasul-Nya. Allah akan melaknatinya di dunia dan di akhirat, dan menyediakan baginya siksa yang menghinakan."},{"number":58,"text":"وَٱلَّذِينَ يُؤْذُونَ ٱلْمُؤْمِنِينَ وَٱلْمُؤْمِنَٰتِ بِغَيْرِ مَا ٱكْتَسَبُوا۟ فَقَدِ ٱحْتَمَلُوا۟ بُهْتَٰنًا وَإِثْمًا مُّبِينًا","translation_en":"And those who harm believing men and believing women for [something] other than what they have earned have certainly born upon themselves a slander and manifest sin.","translation_id":"Dan orang-orang yang menyakiti orang-orang yang mukmin dan mukminat tanpa kesalahan yang mereka perbuat, maka sesungguhnya mereka telah memikul kebohongan dan dosa yang nyata."},{"number":59,"text":"يَٰٓأَيُّهَا ٱلنَّبِىُّ قُل لِّأَزْوَٰجِكَ وَبَنَاتِكَ وَنِسَآءِ ٱلْمُؤْمِنِينَ يُدْنِينَ عَلَيْهِنَّ مِن جَلَٰبِيبِهِنَّ ذَٰلِكَ أَدْنَىٰٓ أَن يُعْرَفْنَ فَلَا يُؤْذَيْنَ وَكَانَ ٱللَّهُ غَفُورًا رَّحِيمًا","translation_en":"O Prophet, tell your wives and your daughters and the women of the believers to bring down over themselves [part] of their outer garments. That is more suitable that they will be known and not be abused. And ever is Allah Forgiving and Merciful.","translation_id":"Hai Nabi, katakanlah kepada isteri-isterimu, anak-anak perempuanmu dan isteri-isteri orang mukmin: \"Hendaklah mereka mengulurkan jilbabnya ke seluruh tubuh mereka\". Yang demikian itu supaya mereka lebih mudah untuk dikenal, karena itu mereka tidak di ganggu. Dan Allah adalah Maha Pengampun lagi Maha Penyayang."},{"number":60,"text":"لَّئِن لَّمْ يَنتَهِ ٱلْمُنَٰفِقُونَ وَٱلَّذِينَ فِى قُلُوبِهِم مَّرَضٌ وَٱلْمُرْجِفُونَ فِى ٱلْمَدِينَةِ لَنُغْرِيَنَّكَ بِهِمْ ثُمَّ لَا يُجَاوِرُونَكَ فِيهَآ إِلَّا قَلِيلًا","translation_en":"If the hypocrites and those in whose hearts is disease and those who spread rumors in al-Madinah do not cease, We will surely incite you against them; then they will not remain your neighbors therein except for a little.","translation_id":"Sesungguhnya jika tidak berhenti orang-orang munafik, orang-orang yang berpenyakit dalam hatinya dan orang-orang yang menyebarkan kabar bohong di Madinah (dari menyakitimu), niscaya Kami perintahkan kamu (untuk memerangi) mereka, kemudian mereka tidak menjadi tetanggamu (di Madinah) melainkan dalam waktu yang sebentar,"},{"number":61,"text":"مَّلْعُونِينَ أَيْنَمَا ثُقِفُوٓا۟ أُخِذُوا۟ وَقُتِّلُوا۟ تَقْتِيلًا","translation_en":"Accursed wherever they are found, [being] seized and massacred completely.","translation_id":"dalam keadaan terlaknat. Di mana saja mereka dijumpai, mereka ditangkap dan dibunuh dengan sehebat-hebatnya."},{"number":62,"text":"سُنَّةَ ٱللَّهِ فِى ٱلَّذِينَ خَلَوْا۟ مِن قَبْلُ وَلَن تَجِدَ لِسُنَّةِ ٱللَّهِ تَبْدِيلًا","translation_en":"[This is] the established way of Allah with those who passed on before; and you will not find in the way of Allah any change.","translation_id":"Sebagai sunnah Allah yang berlaku atas orang-orang yang telah terdahulu sebelum(mu), dan kamu sekali-kali tiada akan mendapati peubahan pada sunnah Allah."},{"number":63,"text":"يَسْـَٔلُكَ ٱلنَّاسُ عَنِ ٱلسَّاعَةِ قُلْ إِنَّمَا عِلْمُهَا عِندَ ٱللَّهِ وَمَا يُدْرِيكَ لَعَلَّ ٱلسَّاعَةَ تَكُونُ قَرِيبًا","translation_en":"People ask you concerning the Hour. Say,\" Knowledge of it is only with Allah. And what may make you perceive? Perhaps the Hour is near.\"","translation_id":"Manusia bertanya kepadamu tentang hari berbangkit. Katakanlah: \"Sesungguhnya pengetahuan tentang hari berbangkit itu hanya di sisi Allah\". Dan tahukah kamu (hai Muhammad), boleh jadi hari berbangkit itu sudah dekat waktunya."},{"number":64,"text":"إِنَّ ٱللَّهَ لَعَنَ ٱلْكَٰفِرِينَ وَأَعَدَّ لَهُمْ سَعِيرًا","translation_en":"Indeed, Allah has cursed the disbelievers and prepared for them a Blaze.","translation_id":"Sesungguhnya Allah melaknati orang-orang kafir dan menyediakan bagi mereka api yang menyala-nyala (neraka),"},{"number":65,"text":"خَٰلِدِينَ فِيهَآ أَبَدًا لَّا يَجِدُونَ وَلِيًّا وَلَا نَصِيرًا","translation_en":"Abiding therein forever, they will not find a protector or a helper.","translation_id":"mereka kekal di dalamnya selama-lamanya; mereka tidak memperoleh seorang pelindungpun dan tidak (pula) seorang penolong."},{"number":66,"text":"يَوْمَ تُقَلَّبُ وُجُوهُهُمْ فِى ٱلنَّارِ يَقُولُونَ يَٰلَيْتَنَآ أَطَعْنَا ٱللَّهَ وَأَطَعْنَا ٱلرَّسُولَا۠","translation_en":"The Day their faces will be turned about in the Fire, they will say, \"How we wish we had obeyed Allah and obeyed the Messenger.\"","translation_id":"Pada hari ketika muka mereka dibolak-balikan dalam neraka, mereka berkata: \"Alangkah baiknya, andaikata kami taat kepada Allah dan taat (pula) kepada Rasul\"."},{"number":67,"text":"وَقَالُوا۟ رَبَّنَآ إِنَّآ أَطَعْنَا سَادَتَنَا وَكُبَرَآءَنَا فَأَضَلُّونَا ٱلسَّبِيلَا۠","translation_en":"And they will say, \"Our Lord, indeed we obeyed our masters and our dignitaries, and they led us astray from the [right] way.","translation_id":"Dan mereka berkata: \"Ya Tuhan kami, sesungguhnya kami telah mentaati pemimpin-pemimpin dan pembesar-pembesar kami, lalu mereka menyesatkan kami dari jalan (yang benar)."},{"number":68,"text":"رَبَّنَآ ءَاتِهِمْ ضِعْفَيْنِ مِنَ ٱلْعَذَابِ وَٱلْعَنْهُمْ لَعْنًا كَبِيرًا","translation_en":"Our Lord, give them double the punishment and curse them with a great curse.\"","translation_id":"Ya Tuhan kami, timpakanlah kepada mereka azab dua kali lipat dan kutuklah mereka dengan kutukan yang besar\"."},{"number":69,"text":"يَٰٓأَيُّهَا ٱلَّذِينَ ءَامَنُوا۟ لَا تَكُونُوا۟ كَٱلَّذِينَ ءَاذَوْا۟ مُوسَىٰ فَبَرَّأَهُ ٱللَّهُ مِمَّا قَالُوا۟ وَكَانَ عِندَ ٱللَّهِ وَجِيهًا","translation_en":"O you who have believed, be not like those who abused Moses; then Allah cleared him of what they said. And he, in the sight of Allah, was distinguished.","translation_id":"Hai orang-orang yang beriman, janganlah kamu menjadi seperti orang-orang yang menyakiti Musa; maka Allah membersihkannya dari tuduhan-tuduhan yang mereka katakan. Dan adalah dia seorang yang mempunyai kedudukan terhormat di sisi Allah."},{"number":70,"text":"يَٰٓأَيُّهَا ٱلَّذِينَ ءَامَنُوا۟ ٱتَّقُوا۟ ٱللَّهَ وَقُولُوا۟ قَوْلًا سَدِيدًا","translation_en":"O you who have believed, fear Allah and speak words of appropriate justice.","translation_id":"Hai orang-orang yang beriman, bertakwalah kamu kepada Allah dan katakanlah perkataan yang benar,"},{"number":71,"text":"يُصْلِحْ لَكُمْ أَعْمَٰلَكُمْ وَيَغْفِرْ لَكُمْ ذُنُوبَكُمْ وَمَن يُطِعِ ٱللَّهَ وَرَسُولَهُۥ فَقَدْ فَازَ فَوْزًا عَظِيمًا","translation_en":"He will [then] amend for you your deeds and forgive you your sins. And whoever obeys Allah and His Messenger has certainly attained a great attainment.","translation_id":"niscaya Allah memperbaiki bagimu amalan-amalanmu dan mengampuni bagimu dosa-dosamu. Dan barangsiapa mentaati Allah dan Rasul-Nya, maka sesungguhnya ia telah mendapat kemenangan yang besar."},{"number":72,"text":"إِنَّا عَرَضْنَا ٱلْأَمَانَةَ عَلَى ٱلسَّمَٰوَٰتِ وَٱلْأَرْضِ وَٱلْجِبَالِ فَأَبَيْنَ أَن يَحْمِلْنَهَا وَأَشْفَقْنَ مِنْهَا وَحَمَلَهَا ٱلْإِنسَٰنُ إِنَّهُۥ كَانَ ظَلُومًا جَهُولًا","translation_en":"Indeed, we offered the Trust to the heavens and the earth and the mountains, and they declined to bear it and feared it; but man [undertook to] bear it. Indeed, he was unjust and ignorant.","translation_id":"Sesungguhnya Kami telah mengemukakan amanat kepada langit, bumi dan gunung-gunung, maka semuanya enggan untuk memikul amanat itu dan mereka khawatir akan mengkhianatinya, dan dipikullah amanat itu oleh manusia. Sesungguhnya manusia itu amat zalim dan amat bodoh,"},{"number":73,"text":"لِّيُعَذِّبَ ٱللَّهُ ٱلْمُنَٰفِقِينَ وَٱلْمُنَٰفِقَٰتِ وَٱلْمُشْرِكِينَ وَٱلْمُشْرِكَٰتِ وَيَتُوبَ ٱللَّهُ عَلَى ٱلْمُؤْمِنِينَ وَٱلْمُؤْمِنَٰتِ وَكَانَ ٱللَّهُ غَفُورًا رَّحِيمًۢا","translation_en":"[It was] so that Allah may punish the hypocrite men and hypocrite women and the men and women who associate others with Him and that Allah may accept repentance from the believing men and believing women. And ever is Allah Forgiving and Merciful.","translation_id":"sehingga Allah mengazab orang-orang munafik laki-laki dan perempuan dan orang-orang musyrikin laki-laki dan perempuan; dan sehingga Allah menerima taubat orang-orang mukmin laki-laki dan perempuan. Dan adalah Allah Maha Pengampun lagi Maha Penyayang."}]}