{"number":34,"name":"سورة سبإ","transliteration_en":"Saba","translation_en":"Sheba","total_verses":54,"revelation_type":"Meccan","verses":[{"number":1,"text":"بِسْمِ ٱللَّهِ ٱلرَّحْمَٰنِ ٱلرَّحِيمِ ٱلْحَمْدُ لِلَّهِ ٱلَّذِى لَهُۥ مَا فِى ٱلسَّمَٰوَٰتِ وَمَا فِى ٱلْأَرْضِ وَلَهُ ٱلْحَمْدُ فِى ٱلْءَاخِرَةِ وَهُوَ ٱلْحَكِيمُ ٱلْخَبِيرُ","translation_en":"[All] praise is [due] to Allah, to whom belongs whatever is in the heavens and whatever is in the earth, and to Him belongs [all] praise in the Hereafter. And He is the Wise, the Acquainted.","translation_id":"Segala puji bagi Allah yang memiliki apa yang di langit dan apa yang di bumi dan bagi-Nya (pula) segala puji di akhirat. Dan Dialah Yang Maha Bijaksana lagi Maha Mengetahui."},{"number":2,"text":"يَعْلَمُ مَا يَلِجُ فِى ٱلْأَرْضِ وَمَا يَخْرُجُ مِنْهَا وَمَا يَنزِلُ مِنَ ٱلسَّمَآءِ وَمَا يَعْرُجُ فِيهَا وَهُوَ ٱلرَّحِيمُ ٱلْغَفُورُ","translation_en":"He knows what penetrates into the earth and what emerges from it and what descends from the heaven and what ascends therein. And He is the Merciful, the Forgiving.","translation_id":"Dia mengetahui apa yang masuk ke dalam bumi, apa yang ke luar daripadanya, apa yang turun dari langit dan apa yang naik kepadanya. Dan Dialah Yang Maha Penyayang lagi Maha Pengampun."},{"number":3,"text":"وَقَالَ ٱلَّذِينَ كَفَرُوا۟ لَا تَأْتِينَا ٱلسَّاعَةُ قُلْ بَلَىٰ وَرَبِّى لَتَأْتِيَنَّكُمْ عَٰلِمِ ٱلْغَيْبِ لَا يَعْزُبُ عَنْهُ مِثْقَالُ ذَرَّةٍ فِى ٱلسَّمَٰوَٰتِ وَلَا فِى ٱلْأَرْضِ وَلَآ أَصْغَرُ مِن ذَٰلِكَ وَلَآ أَكْبَرُ إِلَّا فِى كِتَٰبٍ مُّبِينٍ","translation_en":"But those who disbelieve say, \"The Hour will not come to us.\" Say, \"Yes, by my Lord, it will surely come to you. [Allah is] the Knower of the unseen.\" Not absent from Him is an atom's weight within the heavens or within the earth or [what is] smaller than that or greater, except that it is in a clear register -","translation_id":"Dan orang-orang yang kafir berkata: \"Hari berbangkit itu tidak akan datang kepada kami\". Katakanlah: \"Pasti datang, demi Tuhanku Yang Mengetahui yang ghaib, sesungguhnya kiamat itu pasti akan datang kepadamu. Tidak ada tersembunyi daripada-Nya sebesar zarrahpun yang ada di langit dan yang ada di bumi dan tidak ada (pula) yang lebih kecil dari itu dan yang lebih besar, melainkan tersebut dalam Kitab yang nyata (Lauh Mahfuzh)\","},{"number":4,"text":"لِّيَجْزِىَ ٱلَّذِينَ ءَامَنُوا۟ وَعَمِلُوا۟ ٱلصَّٰلِحَٰتِ أُو۟لَٰٓئِكَ لَهُم مَّغْفِرَةٌ وَرِزْقٌ كَرِيمٌ","translation_en":"That He may reward those who believe and do righteous deeds. Those will have forgiveness and noble provision.","translation_id":"supaya Allah memberi balasan kepada orang-orang yang beriman dan mengerjakan amal yang saleh. Mereka itu adalah orang-orang yang baginya ampunan dan rezeki yang mulia."},{"number":5,"text":"وَٱلَّذِينَ سَعَوْ فِىٓ ءَايَٰتِنَا مُعَٰجِزِينَ أُو۟لَٰٓئِكَ لَهُمْ عَذَابٌ مِّن رِّجْزٍ أَلِيمٌ","translation_en":"But those who strive against Our verses [seeking] to cause failure - for them will be a painful punishment of foul nature.","translation_id":"Dan orang-orang yang berusaha untuk (menentang) ayat-ayat Kami dengan anggapan mereka dapat melemahkan (menggagalkan azab Kami), mereka itu memperoleh azab, yaitu (jenis) azab yang pedih."},{"number":6,"text":"وَيَرَى ٱلَّذِينَ أُوتُوا۟ ٱلْعِلْمَ ٱلَّذِىٓ أُنزِلَ إِلَيْكَ مِن رَّبِّكَ هُوَ ٱلْحَقَّ وَيَهْدِىٓ إِلَىٰ صِرَٰطِ ٱلْعَزِيزِ ٱلْحَمِيدِ","translation_en":"And those who have been given knowledge see that what is revealed to you from your Lord is the truth, and it guides to the path of the Exalted in Might, the Praiseworthy.","translation_id":"Dan orang-orang yang diberi ilmu (Ahli Kitab) berpendapat bahwa wahyu yang diturunkan kepadamu dari Tuhanmu itulah yang benar dan menunjuki (manusia) kepada jalan Tuhan Yang Maha Perkasa lagi Maha Terpuji."},{"number":7,"text":"وَقَالَ ٱلَّذِينَ كَفَرُوا۟ هَلْ نَدُلُّكُمْ عَلَىٰ رَجُلٍ يُنَبِّئُكُمْ إِذَا مُزِّقْتُمْ كُلَّ مُمَزَّقٍ إِنَّكُمْ لَفِى خَلْقٍ جَدِيدٍ","translation_en":"But those who disbelieve say, \"Shall we direct you to a man who will inform you [that] when you have disintegrated in complete disintegration, you will [then] be [recreated] in a new creation?","translation_id":"Dan orang-orang kafir berkata (kepada teman-temannya). \"Maukah kamu kami tunjukkan kepadamu seorang laki-laki yang memberitakan kepadamu bahwa apabila badanmu telah hancur sehancur-hancurnya, sesungguhnya kamu benar-benar (akan dibangkitkan kembali) dalam ciptaan yang baru?"},{"number":8,"text":"أَفْتَرَىٰ عَلَى ٱللَّهِ كَذِبًا أَم بِهِۦ جِنَّةٌۢ بَلِ ٱلَّذِينَ لَا يُؤْمِنُونَ بِٱلْءَاخِرَةِ فِى ٱلْعَذَابِ وَٱلضَّلَٰلِ ٱلْبَعِيدِ","translation_en":"Has he invented about Allah a lie or is there in him madness?\" Rather, they who do not believe in the Hereafter will be in the punishment and [are in] extreme error.","translation_id":"Apakah dia mengada-adakan kebohongan terhadap Allah ataukah ada padanya penyakit gila?\" (Tidak), tetapi orang-orang yang tidak beriman kepada negeri akhirat berada dalam siksaan dan kesesatan yang jauh."},{"number":9,"text":"أَفَلَمْ يَرَوْا۟ إِلَىٰ مَا بَيْنَ أَيْدِيهِمْ وَمَا خَلْفَهُم مِّنَ ٱلسَّمَآءِ وَٱلْأَرْضِ إِن نَّشَأْ نَخْسِفْ بِهِمُ ٱلْأَرْضَ أَوْ نُسْقِطْ عَلَيْهِمْ كِسَفًا مِّنَ ٱلسَّمَآءِ إِنَّ فِى ذَٰلِكَ لَءَايَةً لِّكُلِّ عَبْدٍ مُّنِيبٍ","translation_en":"Then, do they not look at what is before them and what is behind them of the heaven and earth? If We should will, We could cause the earth to swallow them or [could] let fall upon them fragments from the sky. Indeed in that is a sign for every servant turning back [to Allah].","translation_id":"Maka apakah mereka tidak melihat langit dan bumi yang ada di hadapan dan di belakang mereka? Jika Kami menghendaki, niscaya Kami benamkan mereka di bumi atau Kami jatuhkan kepada mereka gumpalan dari langit. Sesungguhnya pada yang demikian itu benar-benar terdapat tanda (kekuasaan Tuhan) bagi setiap hamba yang kembali (kepada-Nya)."},{"number":10,"text":"وَلَقَدْ ءَاتَيْنَا دَاوُۥدَ مِنَّا فَضْلًا يَٰجِبَالُ أَوِّبِى مَعَهُۥ وَٱلطَّيْرَ وَأَلَنَّا لَهُ ٱلْحَدِيدَ","translation_en":"And We certainly gave David from Us bounty. [We said], \"O mountains, repeat [Our] praises with him, and the birds [as well].\" And We made pliable for him iron,","translation_id":"Dan sesungguhnya telah Kami berikan kepada Daud kurnia dari Kami. (Kami berfirman): \"Hai gunung-gunung dan burung-burung, bertasbihlah berulang-ulang bersama Daud\", dan Kami telah melunakkan besi untuknya,"},{"number":11,"text":"أَنِ ٱعْمَلْ سَٰبِغَٰتٍ وَقَدِّرْ فِى ٱلسَّرْدِ وَٱعْمَلُوا۟ صَٰلِحًا إِنِّى بِمَا تَعْمَلُونَ بَصِيرٌ","translation_en":"[Commanding him], \"Make full coats of mail and calculate [precisely] the links, and work [all of you] righteousness. Indeed I, of what you do, am Seeing.\"","translation_id":"(yaitu) buatlah baju besi yang besar-besar dan ukurlah anyamannya; dan kerjakanlah amalan yang saleh. Sesungguhnya Aku melihat apa yang kamu kerjakan."},{"number":12,"text":"وَلِسُلَيْمَٰنَ ٱلرِّيحَ غُدُوُّهَا شَهْرٌ وَرَوَاحُهَا شَهْرٌ وَأَسَلْنَا لَهُۥ عَيْنَ ٱلْقِطْرِ وَمِنَ ٱلْجِنِّ مَن يَعْمَلُ بَيْنَ يَدَيْهِ بِإِذْنِ رَبِّهِۦ وَمَن يَزِغْ مِنْهُمْ عَنْ أَمْرِنَا نُذِقْهُ مِنْ عَذَابِ ٱلسَّعِيرِ","translation_en":"And to Solomon [We subjected] the wind - its morning [journey was that of] a month - and its afternoon [journey was that of] a month, and We made flow for him a spring of [liquid] copper. And among the jinn were those who worked for him by the permission of his Lord. And whoever deviated among them from Our command - We will make him taste of the punishment of the Blaze.","translation_id":"Dan Kami (tundukkan) angin bagi Sulaiman, yang perjalanannya di waktu pagi sama dengan perjalanan sebulan dan perjalanannya di waktu sore sama dengan perjalanan sebulan (pula) dan Kami alirkan cairan tembaga baginya. Dan sebahagian dari jin ada yang bekerja di hadapannya (di bawah kekuasaannya) dengan izin Tuhannya. Dan siapa yang menyimpang di antara mereka dari perintah Kami, Kami rasakan kepadanya azab neraka yang apinya menyala-nyala."},{"number":13,"text":"يَعْمَلُونَ لَهُۥ مَا يَشَآءُ مِن مَّحَٰرِيبَ وَتَمَٰثِيلَ وَجِفَانٍ كَٱلْجَوَابِ وَقُدُورٍ رَّاسِيَٰتٍ ٱعْمَلُوٓا۟ ءَالَ دَاوُۥدَ شُكْرًا وَقَلِيلٌ مِّنْ عِبَادِىَ ٱلشَّكُورُ","translation_en":"They made for him what he willed of elevated chambers, statues, bowls like reservoirs, and stationary kettles. [We said], \"Work, O family of David, in gratitude.\" And few of My servants are grateful.","translation_id":"Para jin itu membuat untuk Sulaiman apa yang dikehendakinya dari gedung-gedung yang tinggi dan patung-patung dan piring-piring yang (besarnya) seperti kolam dan periuk yang tetap (berada di atas tungku). Bekerjalah hai keluarga Daud untuk bersyukur (kepada Allah). Dan sedikit sekali dari hamba-hamba-Ku yang berterima kasih."},{"number":14,"text":"فَلَمَّا قَضَيْنَا عَلَيْهِ ٱلْمَوْتَ مَا دَلَّهُمْ عَلَىٰ مَوْتِهِۦٓ إِلَّا دَآبَّةُ ٱلْأَرْضِ تَأْكُلُ مِنسَأَتَهُۥ فَلَمَّا خَرَّ تَبَيَّنَتِ ٱلْجِنُّ أَن لَّوْ كَانُوا۟ يَعْلَمُونَ ٱلْغَيْبَ مَا لَبِثُوا۟ فِى ٱلْعَذَابِ ٱلْمُهِينِ","translation_en":"And when We decreed for Solomon death, nothing indicated to the jinn his death except a creature of the earth eating his staff. But when he fell, it became clear to the jinn that if they had known the unseen, they would not have remained in humiliating punishment.","translation_id":"Maka tatkala Kami telah menetapkan kematian Sulaiman, tidak ada yang menunjukkan kepada mereka kematiannya itu kecuali rayap yang memakan tongkatnya. Maka tatkala ia telah tersungkur, tahulah jin itu bahwa kalau sekiranya mereka mengetahui yang ghaib tentulah mereka tidak akan tetap dalam siksa yang menghinakan."},{"number":15,"text":"لَقَدْ كَانَ لِسَبَإٍ فِى مَسْكَنِهِمْ ءَايَةٌ جَنَّتَانِ عَن يَمِينٍ وَشِمَالٍ كُلُوا۟ مِن رِّزْقِ رَبِّكُمْ وَٱشْكُرُوا۟ لَهُۥ بَلْدَةٌ طَيِّبَةٌ وَرَبٌّ غَفُورٌ","translation_en":"There was for [the tribe of] Saba' in their dwelling place a sign: two [fields of] gardens on the right and on the left. [They were told], \"Eat from the provisions of your Lord and be grateful to Him. A good land [have you], and a forgiving Lord.\"","translation_id":"Sesungguhnya bagi kaum Saba' ada tanda (kekuasaan Tuhan) di tempat kediaman mereka yaitu dua buah kebun di sebelah kanan dan di sebelah kiri. (kepada mereka dikatakan): \"Makanlah olehmu dari rezeki yang (dianugerahkan) Tuhanmu dan bersyukurlah kamu kepada-Nya. (Negerimu) adalah negeri yang baik dan (Tuhanmu) adalah Tuhan Yang Maha Pengampun\"."},{"number":16,"text":"فَأَعْرَضُوا۟ فَأَرْسَلْنَا عَلَيْهِمْ سَيْلَ ٱلْعَرِمِ وَبَدَّلْنَٰهُم بِجَنَّتَيْهِمْ جَنَّتَيْنِ ذَوَاتَىْ أُكُلٍ خَمْطٍ وَأَثْلٍ وَشَىْءٍ مِّن سِدْرٍ قَلِيلٍ","translation_en":"But they turned away [refusing], so We sent upon them the flood of the dam, and We replaced their two [fields of] gardens with gardens of bitter fruit, tamarisks and something of sparse lote trees.","translation_id":"Tetapi mereka berpaling, maka Kami datangkan kepada mereka banjir yang besar dan Kami ganti kedua kebun mereka dengan dua kebun yang ditumbuhi (pohon-pohon) yang berbuah pahit, pohon Atsl dan sedikit dari pohon Sidr."},{"number":17,"text":"ذَٰلِكَ جَزَيْنَٰهُم بِمَا كَفَرُوا۟ وَهَلْ نُجَٰزِىٓ إِلَّا ٱلْكَفُورَ","translation_en":"[By] that We repaid them because they disbelieved. And do We [thus] repay except the ungrateful?","translation_id":"Demikianlah Kami memberi balasan kepada mereka karena kekafiran mereka. Dan Kami tidak menjatuhkan azab (yang demikian itu), melainkan hanya kepada orang-orang yang sangat kafir."},{"number":18,"text":"وَجَعَلْنَا بَيْنَهُمْ وَبَيْنَ ٱلْقُرَى ٱلَّتِى بَٰرَكْنَا فِيهَا قُرًى ظَٰهِرَةً وَقَدَّرْنَا فِيهَا ٱلسَّيْرَ سِيرُوا۟ فِيهَا لَيَالِىَ وَأَيَّامًا ءَامِنِينَ","translation_en":"And We placed between them and the cities which We had blessed [many] visible cities. And We determined between them the [distances of] journey, [saying], \"Travel between them by night or day in safety.\"","translation_id":"Dan Kami jadikan antara mereka dan antara negeri-negeri yang Kami limpahkan berkat kepadanya, beberapa negeri yang berdekatan dan Kami tetapkan antara negeri-negeri itu (jarak-jarak) perjalanan. Berjalanlah kamu di kota-kota itu pada malam hari dan siang hari dengan dengan aman."},{"number":19,"text":"فَقَالُوا۟ رَبَّنَا بَٰعِدْ بَيْنَ أَسْفَارِنَا وَظَلَمُوٓا۟ أَنفُسَهُمْ فَجَعَلْنَٰهُمْ أَحَادِيثَ وَمَزَّقْنَٰهُمْ كُلَّ مُمَزَّقٍ إِنَّ فِى ذَٰلِكَ لَءَايَٰتٍ لِّكُلِّ صَبَّارٍ شَكُورٍ","translation_en":"But [insolently] they said, \"Our Lord, lengthen the distance between our journeys,\" and wronged themselves, so We made them narrations and dispersed them in total dispersion. Indeed in that are signs for everyone patient and grateful.","translation_id":"Maka mereka berkata: \"Ya Tuhan kami jauhkanlah jarak perjalanan kami\", dan mereka menganiaya diri mereka sendiri; maka Kami jadikan mereka buah mulut dan Kami hancurkan mereka sehancur-hancurnya. Sesungguhnya pada yang demikian itu benar-benar terdapat tanda-tanda kekuasaan Allah bagi setiap orang yang sabar lagi bersyukur."},{"number":20,"text":"وَلَقَدْ صَدَّقَ عَلَيْهِمْ إِبْلِيسُ ظَنَّهُۥ فَٱتَّبَعُوهُ إِلَّا فَرِيقًا مِّنَ ٱلْمُؤْمِنِينَ","translation_en":"And Iblees had already confirmed through them his assumption, so they followed him, except for a party of believers.","translation_id":"Dan sesungguhnya iblis telah dapat membuktikan kebenaran sangkaannya terhadap mereka lalu mereka mengikutinya, kecuali sebahagian orang-orang yang beriman."},{"number":21,"text":"وَمَا كَانَ لَهُۥ عَلَيْهِم مِّن سُلْطَٰنٍ إِلَّا لِنَعْلَمَ مَن يُؤْمِنُ بِٱلْءَاخِرَةِ مِمَّنْ هُوَ مِنْهَا فِى شَكٍّ وَرَبُّكَ عَلَىٰ كُلِّ شَىْءٍ حَفِيظٌ","translation_en":"And he had over them no authority except [it was decreed] that We might make evident who believes in the Hereafter from who is thereof in doubt. And your Lord, over all things, is Guardian.","translation_id":"Dan tidak adalah kekuasaan iblis terhadap mereka, melainkan hanyalah agar Kami dapat membedakan siapa yang beriman kepada adanya kehidupan akhirat dari siapa yang ragu-ragu tentang itu. Dan Tuhanmu Maha Memelihara segala sesuatu."},{"number":22,"text":"قُلِ ٱدْعُوا۟ ٱلَّذِينَ زَعَمْتُم مِّن دُونِ ٱللَّهِ لَا يَمْلِكُونَ مِثْقَالَ ذَرَّةٍ فِى ٱلسَّمَٰوَٰتِ وَلَا فِى ٱلْأَرْضِ وَمَا لَهُمْ فِيهِمَا مِن شِرْكٍ وَمَا لَهُۥ مِنْهُم مِّن ظَهِيرٍ","translation_en":"Say, [O Muhammad], \"Invoke those you claim [as deities] besides Allah.\" They do not possess an atom's weight [of ability] in the heavens or on the earth, and they do not have therein any partnership [with Him], nor is there for Him from among them any assistant.","translation_id":"Katakanlah: \"Serulah mereka yang kamu anggap (sebagai tuhan) selain Allah, mereka tidak memiliki (kekuasaan) seberat zarrahpun di langit dan di bumi, dan mereka tidak mempunyai suatu sahampun dalam (penciptaan) langit dan bumi dan sekali-kali tidak ada di antara mereka yang menjadi pembantu bagi-Nya."},{"number":23,"text":"وَلَا تَنفَعُ ٱلشَّفَٰعَةُ عِندَهُۥٓ إِلَّا لِمَنْ أَذِنَ لَهُۥ حَتَّىٰٓ إِذَا فُزِّعَ عَن قُلُوبِهِمْ قَالُوا۟ مَاذَا قَالَ رَبُّكُمْ قَالُوا۟ ٱلْحَقَّ وَهُوَ ٱلْعَلِىُّ ٱلْكَبِيرُ","translation_en":"And intercession does not benefit with Him except for one whom He permits. [And those wait] until, when terror is removed from their hearts, they will say [to one another], \"What has your Lord said?\" They will say, \"The truth.\" And He is the Most High, the Grand.","translation_id":"Dan tiadalah berguna syafa'at di sisi Allah melainkan bagi orang yang telah diizinkan-Nya memperoleh syafa'at itu, sehingga apabila telah dihilangkan ketakutan dari hati mereka, mereka berkata \"Apakah yang telah difirmankan oleh Tuhan-mu?\" Mereka menjawab: (Perkataan) yang benar\", dan Dialah Yang Maha Tinggi lagi Maha Besar."},{"number":24,"text":"قُلْ مَن يَرْزُقُكُم مِّنَ ٱلسَّمَٰوَٰتِ وَٱلْأَرْضِ قُلِ ٱللَّهُ وَإِنَّآ أَوْ إِيَّاكُمْ لَعَلَىٰ هُدًى أَوْ فِى ضَلَٰلٍ مُّبِينٍ","translation_en":"Say, \"Who provides for you from the heavens and the earth?\" Say, \"Allah. And indeed, we or you are either upon guidance or in clear error.\"","translation_id":"Katakanlah: \"Siapakan yang memberi rezeki kepadamu dari langit dan dari bumi?\" Katakanlah: \"Allah\", dan sesungguhnya kami atau kamu (orang-orang musyrik), pasti berada dalam kebenaran atau dalam kesesatan yang nyata."},{"number":25,"text":"قُل لَّا تُسْـَٔلُونَ عَمَّآ أَجْرَمْنَا وَلَا نُسْـَٔلُ عَمَّا تَعْمَلُونَ","translation_en":"Say, \"You will not be asked about what we committed, and we will not be asked about what you do.\"","translation_id":"Katakanlah: \"Kamu tidak akan ditanya (bertanggung jawab) tentang dosa yang kami perbuat dan kami tidak akan ditanya (pula) tentang apa yang kamu perbuat\"."},{"number":26,"text":"قُلْ يَجْمَعُ بَيْنَنَا رَبُّنَا ثُمَّ يَفْتَحُ بَيْنَنَا بِٱلْحَقِّ وَهُوَ ٱلْفَتَّاحُ ٱلْعَلِيمُ","translation_en":"Say, \"Our Lord will bring us together; then He will judge between us in truth. And He is the Knowing Judge.\"","translation_id":"Katakanlah: \"Tuhan kita akan mengumpulkan kita semua, kemudian Dia memberi keputusan antara kita dengan benar. Dan Dialah Maha Pemberi keputusan lagi Maha Mengetahui\"."},{"number":27,"text":"قُلْ أَرُونِىَ ٱلَّذِينَ أَلْحَقْتُم بِهِۦ شُرَكَآءَ كَلَّا بَلْ هُوَ ٱللَّهُ ٱلْعَزِيزُ ٱلْحَكِيمُ","translation_en":"Say, \"Show me those whom you have attached to Him as partners. No! Rather, He [alone] is Allah, the Exalted in Might, the Wise.\"","translation_id":"Katakanlah: \"Perlihatkanlah kepadaku sembah-sembahan yang kamu hubungkan dengan Dia sebagai sekutu-sekutu-Nya, sekali-kali tidak mungkin! Sebenarnya Dialah Allah Yang Maha Perkasa lagi Maha Bijaksana."},{"number":28,"text":"وَمَآ أَرْسَلْنَٰكَ إِلَّا كَآفَّةً لِّلنَّاسِ بَشِيرًا وَنَذِيرًا وَلَٰكِنَّ أَكْثَرَ ٱلنَّاسِ لَا يَعْلَمُونَ","translation_en":"And We have not sent you except comprehensively to mankind as a bringer of good tidings and a warner. But most of the people do not know.","translation_id":"Dan Kami tidak mengutus kamu, melainkan kepada umat manusia seluruhnya sebagai pembawa berita gembira dan sebagai pemberi peringatan, tetapi kebanyakan manusia tiada mengetahui."},{"number":29,"text":"وَيَقُولُونَ مَتَىٰ هَٰذَا ٱلْوَعْدُ إِن كُنتُمْ صَٰدِقِينَ","translation_en":"And they say, \"When is this promise, if you should be truthful?\"","translation_id":"Dan mereka berkata: \"Kapankah (datangnya) janji ini, jika kamu adalah orang-orang yang benar?\"."},{"number":30,"text":"قُل لَّكُم مِّيعَادُ يَوْمٍ لَّا تَسْتَـْٔخِرُونَ عَنْهُ سَاعَةً وَلَا تَسْتَقْدِمُونَ","translation_en":"Say, \"For you is the appointment of a Day [when] you will not remain thereafter an hour, nor will you precede [it].\"","translation_id":"Katakanlah: \"Bagimu ada hari yang telah dijanjikan (hari kiamat) yang tiada dapat kamu minta mundur daripadanya barang sesaatpun dan tidak (pula) kamu dapat meminta supaya diajukan\"."},{"number":31,"text":"وَقَالَ ٱلَّذِينَ كَفَرُوا۟ لَن نُّؤْمِنَ بِهَٰذَا ٱلْقُرْءَانِ وَلَا بِٱلَّذِى بَيْنَ يَدَيْهِ وَلَوْ تَرَىٰٓ إِذِ ٱلظَّٰلِمُونَ مَوْقُوفُونَ عِندَ رَبِّهِمْ يَرْجِعُ بَعْضُهُمْ إِلَىٰ بَعْضٍ ٱلْقَوْلَ يَقُولُ ٱلَّذِينَ ٱسْتُضْعِفُوا۟ لِلَّذِينَ ٱسْتَكْبَرُوا۟ لَوْلَآ أَنتُمْ لَكُنَّا مُؤْمِنِينَ","translation_en":"And those who disbelieve say, \"We will never believe in this Qur'an nor in that before it.\" But if you could see when the wrongdoers are made to stand before their Lord, refuting each other's words... Those who were oppressed will say to those who were arrogant, \"If not for you, we would have been believers.\"","translation_id":"Dan orang-orang kafir berkata: \"Kami sekali-kali tidak akan beriman kepada Al Quran ini dan tidak (pula) kepada kitab yang sebelumnya\". Dan (alangkah hebatnya) kalau kamu lihat ketika orang-orang yang zalim itu dihadapkan kepada Tuhannya, sebahagian dari mereka menghadap kan perkataan kepada sebagian yang lain; orang-orang yang dianggap lemah berkata kepada orang-orang yang menyombongkan diri: \"Kalau tidaklah karena kamu tentulah kami menjadi orang-orang yang beriman\"."},{"number":32,"text":"قَالَ ٱلَّذِينَ ٱسْتَكْبَرُوا۟ لِلَّذِينَ ٱسْتُضْعِفُوٓا۟ أَنَحْنُ صَدَدْنَٰكُمْ عَنِ ٱلْهُدَىٰ بَعْدَ إِذْ جَآءَكُم بَلْ كُنتُم مُّجْرِمِينَ","translation_en":"Those who were arrogant will say to those who were oppressed, \"Did we avert you from guidance after it had come to you? Rather, you were criminals.\"","translation_id":"Orang-orang yang menyombongkan diri berkata kepada orang-orang yang dianggap lemah: \"Kamikah yang telah menghalangi kamu dari petunjuk sesudah petunjuk itu datang kepadamu? (Tidak), sebenarnya kamu sendirilah orang-orang yang berdosa\"."},{"number":33,"text":"وَقَالَ ٱلَّذِينَ ٱسْتُضْعِفُوا۟ لِلَّذِينَ ٱسْتَكْبَرُوا۟ بَلْ مَكْرُ ٱلَّيْلِ وَٱلنَّهَارِ إِذْ تَأْمُرُونَنَآ أَن نَّكْفُرَ بِٱللَّهِ وَنَجْعَلَ لَهُۥٓ أَندَادًا وَأَسَرُّوا۟ ٱلنَّدَامَةَ لَمَّا رَأَوُا۟ ٱلْعَذَابَ وَجَعَلْنَا ٱلْأَغْلَٰلَ فِىٓ أَعْنَاقِ ٱلَّذِينَ كَفَرُوا۟ هَلْ يُجْزَوْنَ إِلَّا مَا كَانُوا۟ يَعْمَلُونَ","translation_en":"Those who were oppressed will say to those who were arrogant, \"Rather, [it was your] conspiracy of night and day when you were ordering us to disbelieve in Allah and attribute to Him equals.\" But they will [all] confide regret when they see the punishment; and We will put shackles on the necks of those who disbelieved. Will they be recompensed except for what they used to do?","translation_id":"Dan orang-orang yang dianggap lemah berkata kepada orang-orang yang menyombongkan diri: \"(Tidak) sebenarnya tipu daya(mu) di waktu malam dan siang (yang menghalangi kami), ketika kamu menyeru kami supaya kami kafir kepada Allah dan menjadikan sekutu-sekutu bagi-Nya\". Kedua belah pihak menyatakan penyesalan tatkala mereka melihat azab. Dan kami pasang belenggu di leher orang-orang yang kafir. Mereka tidak dibalas melainkan dengan apa yang telah mereka kerjakan."},{"number":34,"text":"وَمَآ أَرْسَلْنَا فِى قَرْيَةٍ مِّن نَّذِيرٍ إِلَّا قَالَ مُتْرَفُوهَآ إِنَّا بِمَآ أُرْسِلْتُم بِهِۦ كَٰفِرُونَ","translation_en":"And We did not send into a city any warner except that its affluent said, \"Indeed we, in that with which you were sent, are disbelievers.\"","translation_id":"Dan Kami tidak mengutus kepada suatu negeri seorang pemberi peringatanpun, melainkan orang-orang yang hidup mewah di negeri itu berkata: \"Sesungguhnya kami mengingkari apa yang kamu diutus untuk menyampaikannya\"."},{"number":35,"text":"وَقَالُوا۟ نَحْنُ أَكْثَرُ أَمْوَٰلًا وَأَوْلَٰدًا وَمَا نَحْنُ بِمُعَذَّبِينَ","translation_en":"And they said, \"We are more [than the believers] in wealth and children, and we are not to be punished.\"","translation_id":"Dan mereka berkata: \"Kami lebih banyak mempunyai harta dan anak-anak (daripada kamu) dan kami sekali-kali tidak akan diazab."},{"number":36,"text":"قُلْ إِنَّ رَبِّى يَبْسُطُ ٱلرِّزْقَ لِمَن يَشَآءُ وَيَقْدِرُ وَلَٰكِنَّ أَكْثَرَ ٱلنَّاسِ لَا يَعْلَمُونَ","translation_en":"Say, \"Indeed, my Lord extends provision for whom He wills and restricts [it], but most of the people do not know.\"","translation_id":"Katakanlah: \"Sesungguhnya Tuhanku melapangkan rezeki bagi siapa yang dikehendaki-Nya dan menyempitkan (bagi siapa yang dikehendaki-Nya). akan tetapi kebanyakan manusia tidak mengetahui\"."},{"number":37,"text":"وَمَآ أَمْوَٰلُكُمْ وَلَآ أَوْلَٰدُكُم بِٱلَّتِى تُقَرِّبُكُمْ عِندَنَا زُلْفَىٰٓ إِلَّا مَنْ ءَامَنَ وَعَمِلَ صَٰلِحًا فَأُو۟لَٰٓئِكَ لَهُمْ جَزَآءُ ٱلضِّعْفِ بِمَا عَمِلُوا۟ وَهُمْ فِى ٱلْغُرُفَٰتِ ءَامِنُونَ","translation_en":"And it is not your wealth or your children that bring you nearer to Us in position, but it is [by being] one who has believed and done righteousness. For them there will be the double reward for what they did, and they will be in the upper chambers [of Paradise], safe [and secure].","translation_id":"Dan sekali-kali bukanlah harta dan bukan (pula) anak-anak kamu yang mendekatkan kamu kepada Kami sedikitpun; tetapi orang-orang yang beriman dan mengerjakan amal-amal (saleh, mereka itulah yang memperoleh balasan yang berlipat ganda disebabkan apa yang telah mereka kerjakan; dan mereka aman sentosa di tempat-tempat yang tinggi (dalam surga)."},{"number":38,"text":"وَٱلَّذِينَ يَسْعَوْنَ فِىٓ ءَايَٰتِنَا مُعَٰجِزِينَ أُو۟لَٰٓئِكَ فِى ٱلْعَذَابِ مُحْضَرُونَ","translation_en":"And the ones who strive against Our verses to cause [them] failure - those will be brought into the punishment [to remain].","translation_id":"Dan orang-orang yang berusaha (menentang) ayat-ayat Kami dengan anggapan untuk dapat melemahkan (menggagalkan azab Kami), mereka itu dimasukkan ke dalam azab."},{"number":39,"text":"قُلْ إِنَّ رَبِّى يَبْسُطُ ٱلرِّزْقَ لِمَن يَشَآءُ مِنْ عِبَادِهِۦ وَيَقْدِرُ لَهُۥ وَمَآ أَنفَقْتُم مِّن شَىْءٍ فَهُوَ يُخْلِفُهُۥ وَهُوَ خَيْرُ ٱلرَّٰزِقِينَ","translation_en":"Say, \"Indeed, my Lord extends provision for whom He wills of His servants and restricts [it] for him. But whatever thing you spend [in His cause] - He will compensate it; and He is the best of providers.\"","translation_id":"Katakanlah: \"Sesungguhnya Tuhanku melapangkan rezeki bagi siapa yang dikehendaki-Nya di antara hamba-hamba-Nya dan menyempitkan bagi (siapa yang dikehendaki-Nya)\". Dan barang apa saja yang kamu nafkahkan, maka Allah akan menggantinya dan Dialah Pemberi rezeki yang sebaik-baiknya."},{"number":40,"text":"وَيَوْمَ يَحْشُرُهُمْ جَمِيعًا ثُمَّ يَقُولُ لِلْمَلَٰٓئِكَةِ أَهَٰٓؤُلَآءِ إِيَّاكُمْ كَانُوا۟ يَعْبُدُونَ","translation_en":"And [mention] the Day when He will gather them all and then say to the angels, \"Did these [people] used to worship you?\"","translation_id":"Dan (ingatlah) hari (yang di waktu itu) Allah mengumpulkan mereka semuanya kemudian Allah berfirman kepada malaikat: \"Apakah mereka ini dahulu menyembah kamu?\"."},{"number":41,"text":"قَالُوا۟ سُبْحَٰنَكَ أَنتَ وَلِيُّنَا مِن دُونِهِم بَلْ كَانُوا۟ يَعْبُدُونَ ٱلْجِنَّ أَكْثَرُهُم بِهِم مُّؤْمِنُونَ","translation_en":"They will say, \"Exalted are You! You, [O Allah], are our benefactor not them. Rather, they used to worship the jinn; most of them were believers in them.\"","translation_id":"Malaikat-malaikat itu menjawab: \"Maha Suci Engkau. Engkaulah pelindung kami, bukan mereka; bahkan mereka telah menyembah jin; kebanyakan mereka beriman kepada jin itu\"."},{"number":42,"text":"فَٱلْيَوْمَ لَا يَمْلِكُ بَعْضُكُمْ لِبَعْضٍ نَّفْعًا وَلَا ضَرًّا وَنَقُولُ لِلَّذِينَ ظَلَمُوا۟ ذُوقُوا۟ عَذَابَ ٱلنَّارِ ٱلَّتِى كُنتُم بِهَا تُكَذِّبُونَ","translation_en":"But today you do not hold for one another [the power of] benefit or harm, and We will say to those who wronged, \"Taste the punishment of the Fire, which you used to deny.\"","translation_id":"Maka pada hari ini sebahagian kamu tidak berkuasa (untuk memberikan) kemanfaatan dan tidak pula kemudharatan kepada sebahagian yang lain. Dan Kami katakan kepada orang-orang yang zalim: \"Rasakanlah olehmu azab neraka yang dahulunya kamu dustakan itu\"."},{"number":43,"text":"وَإِذَا تُتْلَىٰ عَلَيْهِمْ ءَايَٰتُنَا بَيِّنَٰتٍ قَالُوا۟ مَا هَٰذَآ إِلَّا رَجُلٌ يُرِيدُ أَن يَصُدَّكُمْ عَمَّا كَانَ يَعْبُدُ ءَابَآؤُكُمْ وَقَالُوا۟ مَا هَٰذَآ إِلَّآ إِفْكٌ مُّفْتَرًى وَقَالَ ٱلَّذِينَ كَفَرُوا۟ لِلْحَقِّ لَمَّا جَآءَهُمْ إِنْ هَٰذَآ إِلَّا سِحْرٌ مُّبِينٌ","translation_en":"And when our verses are recited to them as clear evidences, they say, \"This is not but a man who wishes to avert you from that which your fathers were worshipping.\" And they say, \"This is not except a lie invented.\" And those who disbelieve say of the truth when it has come to them, \"This is not but obvious magic.\"","translation_id":"Dan apabila dibacakan kepada mereka ayat-ayat Kami yang terang, mereka berkata: \"Orang ini tiada lain hanyalah seorang laki-laki yang ingin menghalangi kamu dari apa yang disembah oleh bapak-bapakmu\", dan mereka berkata: \"(Al Quran) ini tidak lain hanyalah kebohongan yang diada-adakan saja\". Dan orang-orang kafir berkata terhadap kebenaran tatkala kebenaran itu datang kepada mereka: \"Ini tidak lain hanyalah sihir yang nyata\"."},{"number":44,"text":"وَمَآ ءَاتَيْنَٰهُم مِّن كُتُبٍ يَدْرُسُونَهَا وَمَآ أَرْسَلْنَآ إِلَيْهِمْ قَبْلَكَ مِن نَّذِيرٍ","translation_en":"And We had not given them any scriptures which they could study, and We had not sent to them before you, [O Muhammad], any warner.","translation_id":"Dan Kami tidak pernah memberikan kepada mereka kitab-kitab yang mereka baca dan sekali-kali tidak pernah (pula) mengutus kepada mereka sebelum kamu seorang pemberi peringatanpun."},{"number":45,"text":"وَكَذَّبَ ٱلَّذِينَ مِن قَبْلِهِمْ وَمَا بَلَغُوا۟ مِعْشَارَ مَآ ءَاتَيْنَٰهُمْ فَكَذَّبُوا۟ رُسُلِى فَكَيْفَ كَانَ نَكِيرِ","translation_en":"And those before them denied, and the people of Makkah have not attained a tenth of what We had given them. But the former peoples denied My messengers, so how [terrible] was My reproach.","translation_id":"Dan orang-orang yang sebelum mereka telah mendustakan sedang orang-orang kafir Mekah itu belum sampai menerima sepersepuluh dari apa yang telah Kami berikan kepada orang-orang dahulu itu lalu mereka mendustakan rasul-rasul-Ku. Maka alangkah hebatnya akibat kemurkaan-Ku."},{"number":46,"text":"قُلْ إِنَّمَآ أَعِظُكُم بِوَٰحِدَةٍ أَن تَقُومُوا۟ لِلَّهِ مَثْنَىٰ وَفُرَٰدَىٰ ثُمَّ تَتَفَكَّرُوا۟ مَا بِصَاحِبِكُم مِّن جِنَّةٍ إِنْ هُوَ إِلَّا نَذِيرٌ لَّكُم بَيْنَ يَدَىْ عَذَابٍ شَدِيدٍ","translation_en":"Say, \"I only advise you of one [thing] - that you stand for Allah, [seeking truth] in pairs and individually, and then give thought.\" There is not in your companion any madness. He is only a warner to you before a severe punishment.","translation_id":"Katakanlah: \"Sesungguhnya aku hendak memperingatkan kepadamu suatu hal saja, yaitu supaya kamu menghadap Allah (dengan ikhlas) berdua-dua atau sendiri-sendiri; kemudian kamu fikirkan (tentang Muhammad) tidak ada penyakit gila sedikitpun pada kawanmu itu. Dia tidak lain hanyalah pemberi peringatan bagi kamu sebelum (menghadapi) azab yang keras."},{"number":47,"text":"قُلْ مَا سَأَلْتُكُم مِّنْ أَجْرٍ فَهُوَ لَكُمْ إِنْ أَجْرِىَ إِلَّا عَلَى ٱللَّهِ وَهُوَ عَلَىٰ كُلِّ شَىْءٍ شَهِيدٌ","translation_en":"Say, \"Whatever payment I might have asked of you - it is yours. My payment is only from Allah, and He is, over all things, Witness.\"","translation_id":"Katakanlah: \"Upah apapun yang aku minta kepadamu, maka itu untuk kamu. Upahku hanyalah dari Allah, dan Dia Maha Mengetahui segala sesuatu\"."},{"number":48,"text":"قُلْ إِنَّ رَبِّى يَقْذِفُ بِٱلْحَقِّ عَلَّٰمُ ٱلْغُيُوبِ","translation_en":"Say, \"Indeed, my Lord projects the truth. Knower of the unseen.\"","translation_id":"Katakanlah: \"Sesungguhnya Tuhanku mewahyukan kebenaran. Dia Maha Mengetahui segala yang ghaib\"."},{"number":49,"text":"قُلْ جَآءَ ٱلْحَقُّ وَمَا يُبْدِئُ ٱلْبَٰطِلُ وَمَا يُعِيدُ","translation_en":"Say, \"The truth has come, and falsehood can neither begin [anything] nor repeat [it].\"","translation_id":"Katakanlah: \"Kebenaran telah datang dan yang batil itu tidak akan memulai dan tidak (pula) akan mengulangi\"."},{"number":50,"text":"قُلْ إِن ضَلَلْتُ فَإِنَّمَآ أَضِلُّ عَلَىٰ نَفْسِى وَإِنِ ٱهْتَدَيْتُ فَبِمَا يُوحِىٓ إِلَىَّ رَبِّىٓ إِنَّهُۥ سَمِيعٌ قَرِيبٌ","translation_en":"Say, \"If I should err, I would only err against myself. But if I am guided, it is by what my Lord reveals to me. Indeed, He is Hearing and near.\"","translation_id":"Katakanlah: \"Jika aku sesat maka sesungguhnya aku sesat atas kemudharatan diriku sendiri; dan jika aku mendapat petunjuk maka itu adalah disebabkan apa yang diwahyukan Tuhanku kepadaku. Sesungguhnya Dia Maha Mendengar lagi Maha Dekat\"."},{"number":51,"text":"وَلَوْ تَرَىٰٓ إِذْ فَزِعُوا۟ فَلَا فَوْتَ وَأُخِذُوا۟ مِن مَّكَانٍ قَرِيبٍ","translation_en":"And if you could see when they are terrified but there is no escape, and they will be seized from a place nearby.","translation_id":"Dan (alangkah hebatnya) jikalau kamu melihat ketika mereka (orang-orang kafir) terperanjat ketakutan (pada hari kiamat); maka mereka tidak dapat melepaskan diri dan mereka ditangkap dari tempat yang dekat (untuk dibawa ke neraka),"},{"number":52,"text":"وَقَالُوٓا۟ ءَامَنَّا بِهِۦ وَأَنَّىٰ لَهُمُ ٱلتَّنَاوُشُ مِن مَّكَانٍۭ بَعِيدٍ","translation_en":"And they will [then] say, \"We believe in it!\" But how for them will be the taking [of faith] from a place far away?","translation_id":"dan (di waktu itu) mereka berkata: \"Kami beriman kepada Allah\", bagaimanakah mereka dapat mencapai (keimanan) dari tempat yang jauh itu."},{"number":53,"text":"وَقَدْ كَفَرُوا۟ بِهِۦ مِن قَبْلُ وَيَقْذِفُونَ بِٱلْغَيْبِ مِن مَّكَانٍۭ بَعِيدٍ","translation_en":"And they had already disbelieved in it before and would assault the unseen from a place far away.","translation_id":"Dan sesungguhnya mereka telah mengingkari Allah sebelum itu; dan mereka menduga-duga tentang yang ghaib dari tempat yang jauh."},{"number":54,"text":"وَحِيلَ بَيْنَهُمْ وَبَيْنَ مَا يَشْتَهُونَ كَمَا فُعِلَ بِأَشْيَاعِهِم مِّن قَبْلُ إِنَّهُمْ كَانُوا۟ فِى شَكٍّ مُّرِيبٍۭ","translation_en":"And prevention will be placed between them and what they desire, as was done with their kind before. Indeed, they were in disquieting denial.","translation_id":"Dan dihalangi antara mereka dengan apa yang mereka ingini sebagaimana yang dilakukan terhadap orang-orang yang serupa dengan mereka pada masa dahulu. Sesungguhnya mereka dahulu (di dunia) dalam keraguan yang mendalam."}]}