{"number":35,"name":"سورة فاطر","transliteration_en":"Faatir","translation_en":"The Originator","total_verses":45,"revelation_type":"Meccan","verses":[{"number":1,"text":"بِسْمِ ٱللَّهِ ٱلرَّحْمَٰنِ ٱلرَّحِيمِ ٱلْحَمْدُ لِلَّهِ فَاطِرِ ٱلسَّمَٰوَٰتِ وَٱلْأَرْضِ جَاعِلِ ٱلْمَلَٰٓئِكَةِ رُسُلًا أُو۟لِىٓ أَجْنِحَةٍ مَّثْنَىٰ وَثُلَٰثَ وَرُبَٰعَ يَزِيدُ فِى ٱلْخَلْقِ مَا يَشَآءُ إِنَّ ٱللَّهَ عَلَىٰ كُلِّ شَىْءٍ قَدِيرٌ","translation_en":"[All] praise is [due] to Allah, Creator of the heavens and the earth, [who] made the angels messengers having wings, two or three or four. He increases in creation what He wills. Indeed, Allah is over all things competent.","translation_id":"Segala puji bagi Allah Pencipta langit dan bumi, Yang menjadikan malaikat sebagai utusan-utusan (untuk mengurus berbagai macam urusan) yang mempunyai sayap, masing-masing (ada yang) dua, tiga dan empat. Allah menambahkan pada ciptaan-Nya apa yang dikehendaki-Nya. Sesungguhnya Allah Maha Kuasa atas segala sesuatu."},{"number":2,"text":"مَّا يَفْتَحِ ٱللَّهُ لِلنَّاسِ مِن رَّحْمَةٍ فَلَا مُمْسِكَ لَهَا وَمَا يُمْسِكْ فَلَا مُرْسِلَ لَهُۥ مِنۢ بَعْدِهِۦ وَهُوَ ٱلْعَزِيزُ ٱلْحَكِيمُ","translation_en":"Whatever Allah grants to people of mercy - none can withhold it; and whatever He withholds - none can release it thereafter. And He is the Exalted in Might, the Wise.","translation_id":"Apa saja yang Allah anugerahkan kepada manusia berupa rahmat, maka tidak ada seorangpun yang dapat menahannya; dan apa saja yang ditahan oleh Allah maka tidak seorangpun yang sanggup melepaskannya sesudah itu. Dan Dialah Yang Maha Perkasa lagi Maha Bijaksana."},{"number":3,"text":"يَٰٓأَيُّهَا ٱلنَّاسُ ٱذْكُرُوا۟ نِعْمَتَ ٱللَّهِ عَلَيْكُمْ هَلْ مِنْ خَٰلِقٍ غَيْرُ ٱللَّهِ يَرْزُقُكُم مِّنَ ٱلسَّمَآءِ وَٱلْأَرْضِ لَآ إِلَٰهَ إِلَّا هُوَ فَأَنَّىٰ تُؤْفَكُونَ","translation_en":"O mankind, remember the favor of Allah upon you. Is there any creator other than Allah who provides for you from the heaven and earth? There is no deity except Him, so how are you deluded?","translation_id":"Hai manusia, ingatlah akan nikmat Allah kepadamu. Adakah pencipta selain Allah yang dapat memberikan rezeki kepada kamu dari langit dan bumi? Tidak ada Tuhan selain Dia; maka mengapakah kamu berpaling (dari ketauhidan)?"},{"number":4,"text":"وَإِن يُكَذِّبُوكَ فَقَدْ كُذِّبَتْ رُسُلٌ مِّن قَبْلِكَ وَإِلَى ٱللَّهِ تُرْجَعُ ٱلْأُمُورُ","translation_en":"And if they deny you, [O Muhammad] - already were messengers denied before you. And to Allah are returned [all] matters.","translation_id":"Dan jika mereka mendustakan kamu (sesudah kamu beri peringatan) maka sungguh telah didustakan pula rasul-rasul sebelum kamu. Dan hanya kepada Allahlah dikembalikan segala urusan."},{"number":5,"text":"يَٰٓأَيُّهَا ٱلنَّاسُ إِنَّ وَعْدَ ٱللَّهِ حَقٌّ فَلَا تَغُرَّنَّكُمُ ٱلْحَيَوٰةُ ٱلدُّنْيَا وَلَا يَغُرَّنَّكُم بِٱللَّهِ ٱلْغَرُورُ","translation_en":"O mankind, indeed the promise of Allah is truth, so let not the worldly life delude you and be not deceived about Allah by the Deceiver.","translation_id":"Hai manusia, sesungguhnya janji Allah adalah benar, maka sekali-kali janganlah kehidupan dunia memperdayakan kamu dan sekali-kali janganlah syaitan yang pandai menipu, memperdayakan kamu tentang Allah."},{"number":6,"text":"إِنَّ ٱلشَّيْطَٰنَ لَكُمْ عَدُوٌّ فَٱتَّخِذُوهُ عَدُوًّا إِنَّمَا يَدْعُوا۟ حِزْبَهُۥ لِيَكُونُوا۟ مِنْ أَصْحَٰبِ ٱلسَّعِيرِ","translation_en":"Indeed, Satan is an enemy to you; so take him as an enemy. He only invites his party to be among the companions of the Blaze.","translation_id":"Sesungguhnya syaitan itu adalah musuh bagimu, maka anggaplah ia musuh(mu), karena sesungguhnya syaitan-syaitan itu hanya mengajak golongannya supaya mereka menjadi penghuni neraka yang menyala-nyala"},{"number":7,"text":"ٱلَّذِينَ كَفَرُوا۟ لَهُمْ عَذَابٌ شَدِيدٌ وَٱلَّذِينَ ءَامَنُوا۟ وَعَمِلُوا۟ ٱلصَّٰلِحَٰتِ لَهُم مَّغْفِرَةٌ وَأَجْرٌ كَبِيرٌ","translation_en":"Those who disbelieve will have a severe punishment, and those who believe and do righteous deeds will have forgiveness and great reward.","translation_id":"Orang-orang yang kafir bagi mereka azab yang keras. Dan orang-orang yang beriman dan mengerjakan amal saleh bagi mereka ampunan dan pahala yang besar."},{"number":8,"text":"أَفَمَن زُيِّنَ لَهُۥ سُوٓءُ عَمَلِهِۦ فَرَءَاهُ حَسَنًا فَإِنَّ ٱللَّهَ يُضِلُّ مَن يَشَآءُ وَيَهْدِى مَن يَشَآءُ فَلَا تَذْهَبْ نَفْسُكَ عَلَيْهِمْ حَسَرَٰتٍ إِنَّ ٱللَّهَ عَلِيمٌۢ بِمَا يَصْنَعُونَ","translation_en":"Then is one to whom the evil of his deed has been made attractive so he considers it good [like one rightly guided]? For indeed, Allah sends astray whom He wills and guides whom He wills. So do not let yourself perish over them in regret. Indeed, Allah is Knowing of what they do.","translation_id":"Maka apakah orang yang dijadikan (syaitan) menganggap baik pekerjaannya yang buruk lalu dia meyakini pekerjaan itu baik, (sama dengan orang yang tidak ditipu oleh syaitan)? Maka sesungguhnya Allah menyesatkan siapa yang dikehendaki-Nya dan menunjuki siapa yang dikehendaki-Nya; maka janganlah dirimu binasa karena kesedihan terhadap mereka. Sesungguhnya Allah Maha Mengetahui apa yang mereka perbuat."},{"number":9,"text":"وَٱللَّهُ ٱلَّذِىٓ أَرْسَلَ ٱلرِّيَٰحَ فَتُثِيرُ سَحَابًا فَسُقْنَٰهُ إِلَىٰ بَلَدٍ مَّيِّتٍ فَأَحْيَيْنَا بِهِ ٱلْأَرْضَ بَعْدَ مَوْتِهَا كَذَٰلِكَ ٱلنُّشُورُ","translation_en":"And it is Allah who sends the winds, and they stir the clouds, and We drive them to a dead land and give life thereby to the earth after its lifelessness. Thus is the resurrection.","translation_id":"Dan Allah, Dialah Yang mengirimkan angin; lalu angin itu menggerakkan awan, maka Kami halau awan itu kesuatu negeri yang mati lalu Kami hidupkan bumi setelah matinya dengan hujan itu. Demikianlah kebangkitan itu."},{"number":10,"text":"مَن كَانَ يُرِيدُ ٱلْعِزَّةَ فَلِلَّهِ ٱلْعِزَّةُ جَمِيعًا إِلَيْهِ يَصْعَدُ ٱلْكَلِمُ ٱلطَّيِّبُ وَٱلْعَمَلُ ٱلصَّٰلِحُ يَرْفَعُهُۥ وَٱلَّذِينَ يَمْكُرُونَ ٱلسَّيِّـَٔاتِ لَهُمْ عَذَابٌ شَدِيدٌ وَمَكْرُ أُو۟لَٰٓئِكَ هُوَ يَبُورُ","translation_en":"Whoever desires honor [through power] - then to Allah belongs all honor. To Him ascends good speech, and righteous work raises it. But they who plot evil deeds will have a severe punishment, and the plotting of those - it will perish.","translation_id":"Barangsiapa yang menghendaki kemuliaan, maka bagi Allah-lah kemuliaan itu semuanya. Kepada-Nya-lah naik perkataan-perkataan yang baik dan amal yang saleh dinaikkan-Nya. Dan orang-orang yang merencanakan kejahatan bagi mereka azab yang keras. Dan rencana jahat mereka akan hancur."},{"number":11,"text":"وَٱللَّهُ خَلَقَكُم مِّن تُرَابٍ ثُمَّ مِن نُّطْفَةٍ ثُمَّ جَعَلَكُمْ أَزْوَٰجًا وَمَا تَحْمِلُ مِنْ أُنثَىٰ وَلَا تَضَعُ إِلَّا بِعِلْمِهِۦ وَمَا يُعَمَّرُ مِن مُّعَمَّرٍ وَلَا يُنقَصُ مِنْ عُمُرِهِۦٓ إِلَّا فِى كِتَٰبٍ إِنَّ ذَٰلِكَ عَلَى ٱللَّهِ يَسِيرٌ","translation_en":"And Allah created you from dust, then from a sperm-drop; then He made you mates. And no female conceives nor does she give birth except with His knowledge. And no aged person is granted [additional] life nor is his lifespan lessened but that it is in a register. Indeed, that for Allah is easy.","translation_id":"Dan Allah menciptakan kamu dari tanah kemudian dari air mani, kemudian Dia menjadikan kamu berpasangan (laki-laki dan perempuan). Dan tidak ada seorang perempuanpun mengandung dan tidak (pula) melahirkan melainkan dengan sepengetahuan-Nya. Dan sekali-kali tidak dipanjangkan umur seorang yang berumur panjang dan tidak pula dikurangi umurnya, melainkan (sudah ditetapkan) dalam Kitab (Lauh Mahfuzh). Sesungguhnya yang demikian itu bagi Allah adalah mudah."},{"number":12,"text":"وَمَا يَسْتَوِى ٱلْبَحْرَانِ هَٰذَا عَذْبٌ فُرَاتٌ سَآئِغٌ شَرَابُهُۥ وَهَٰذَا مِلْحٌ أُجَاجٌ وَمِن كُلٍّ تَأْكُلُونَ لَحْمًا طَرِيًّا وَتَسْتَخْرِجُونَ حِلْيَةً تَلْبَسُونَهَا وَتَرَى ٱلْفُلْكَ فِيهِ مَوَاخِرَ لِتَبْتَغُوا۟ مِن فَضْلِهِۦ وَلَعَلَّكُمْ تَشْكُرُونَ","translation_en":"And not alike are the two bodies of water. One is fresh and sweet, palatable for drinking, and one is salty and bitter. And from each you eat tender meat and extract ornaments which you wear, and you see the ships plowing through [them] that you might seek of His bounty; and perhaps you will be grateful.","translation_id":"Dan tiada sama (antara) dua laut; yang ini tawar, segar, sedap diminum dan yang lain asin lagi pahit. Dan dari masing-masing laut itu kamu dapat memakan daging yang segar dan kamu dapat mengeluarkan perhiasan yang dapat kamu memakainya, dan pada masing-masingnya kamu lihat kapal-kapal berlayar membelah laut supaya kamu dapat mencari karunia-Nya dan supaya kamu bersyukur."},{"number":13,"text":"يُولِجُ ٱلَّيْلَ فِى ٱلنَّهَارِ وَيُولِجُ ٱلنَّهَارَ فِى ٱلَّيْلِ وَسَخَّرَ ٱلشَّمْسَ وَٱلْقَمَرَ كُلٌّ يَجْرِى لِأَجَلٍ مُّسَمًّى ذَٰلِكُمُ ٱللَّهُ رَبُّكُمْ لَهُ ٱلْمُلْكُ وَٱلَّذِينَ تَدْعُونَ مِن دُونِهِۦ مَا يَمْلِكُونَ مِن قِطْمِيرٍ","translation_en":"He causes the night to enter the day, and He causes the day to enter the night and has subjected the sun and the moon - each running [its course] for a specified term. That is Allah, your Lord; to Him belongs sovereignty. And those whom you invoke other than Him do not possess [as much as] the membrane of a date seed.","translation_id":"Dia memasukkan malam ke dalam siang dan memasukkan siang ke dalam malam dan menundukkan matahari dan bulan, masing-masing berjalan menurut waktu yang ditentukan. Yang (berbuat) demikian itulah Allah Tuhanmu, kepunyaan-Nya-lah kerajaan. Dan orang-orang yang kamu seru (sembah) selain Allah tiada mempunyai apa-apa walaupun setipis kulit ari."},{"number":14,"text":"إِن تَدْعُوهُمْ لَا يَسْمَعُوا۟ دُعَآءَكُمْ وَلَوْ سَمِعُوا۟ مَا ٱسْتَجَابُوا۟ لَكُمْ وَيَوْمَ ٱلْقِيَٰمَةِ يَكْفُرُونَ بِشِرْكِكُمْ وَلَا يُنَبِّئُكَ مِثْلُ خَبِيرٍ","translation_en":"If you invoke them, they do not hear your supplication; and if they heard, they would not respond to you. And on the Day of Resurrection they will deny your association. And none can inform you like [one] Acquainted [with all matters].","translation_id":"Jika kamu menyeru mereka, mereka tiada mendengar seruanmu; dan kalau mereka mendengar, mereka tidak dapat memperkenankan permintaanmu. Dan dihari kiamat mereka akan mengingkari kemusyirikanmu dan tidak ada yang dapat memberi keterangan kepadamu sebagai yang diberikan oleh Yang Maha Mengetahui."},{"number":15,"text":"يَٰٓأَيُّهَا ٱلنَّاسُ أَنتُمُ ٱلْفُقَرَآءُ إِلَى ٱللَّهِ وَٱللَّهُ هُوَ ٱلْغَنِىُّ ٱلْحَمِيدُ","translation_en":"O mankind, you are those in need of Allah, while Allah is the Free of need, the Praiseworthy.","translation_id":"Hai manusia, kamulah yang berkehendak kepada Allah; dan Allah Dialah Yang Maha Kaya (tidak memerlukan sesuatu) lagi Maha Terpuji."},{"number":16,"text":"إِن يَشَأْ يُذْهِبْكُمْ وَيَأْتِ بِخَلْقٍ جَدِيدٍ","translation_en":"If He wills, He can do away with you and bring forth a new creation.","translation_id":"Jika Dia menghendaki, niscaya Dia memusnahkan kamu dan mendatangkan makhluk yang baru (untuk menggantikan kamu)."},{"number":17,"text":"وَمَا ذَٰلِكَ عَلَى ٱللَّهِ بِعَزِيزٍ","translation_en":"And that is for Allah not difficult.","translation_id":"Dan yang demikian itu sekali-kali tidak sulit bagi Allah."},{"number":18,"text":"وَلَا تَزِرُ وَازِرَةٌ وِزْرَ أُخْرَىٰ وَإِن تَدْعُ مُثْقَلَةٌ إِلَىٰ حِمْلِهَا لَا يُحْمَلْ مِنْهُ شَىْءٌ وَلَوْ كَانَ ذَا قُرْبَىٰٓ إِنَّمَا تُنذِرُ ٱلَّذِينَ يَخْشَوْنَ رَبَّهُم بِٱلْغَيْبِ وَأَقَامُوا۟ ٱلصَّلَوٰةَ وَمَن تَزَكَّىٰ فَإِنَّمَا يَتَزَكَّىٰ لِنَفْسِهِۦ وَإِلَى ٱللَّهِ ٱلْمَصِيرُ","translation_en":"And no bearer of burdens will bear the burden of another. And if a heavily laden soul calls [another] to [carry some of] its load, nothing of it will be carried, even if he should be a close relative. You can only warn those who fear their Lord unseen and have established prayer. And whoever purifies himself only purifies himself for [the benefit of] his soul. And to Allah is the [final] destination.","translation_id":"Dan orang yang berdosa tidak akan memikul dosa orang lain. Dan jika seseorang yang berat dosanya memanggil (orang lain) untuk memikul dosanya itu tiadalah akan dipikulkan untuknya sedikitpun meskipun (yang dipanggilnya itu) kaum kerabatnya. Sesungguhnya yang dapat kamu beri peringatan hanya orang-orang yang takut kepada azab Tuhannya (sekalipun) mereka tidak melihat-Nya dan mereka mendirikan sembahyang. Dan barangsiapa yang mensucikan dirinya, sesungguhnya ia mensucikan diri untuk kebaikan dirinya sendiri. Dan kepada Allahlah kembali(mu)."},{"number":19,"text":"وَمَا يَسْتَوِى ٱلْأَعْمَىٰ وَٱلْبَصِيرُ","translation_en":"Not equal are the blind and the seeing,","translation_id":"Dan tidaklah sama orang yang buta dengan orang yang melihat."},{"number":20,"text":"وَلَا ٱلظُّلُمَٰتُ وَلَا ٱلنُّورُ","translation_en":"Nor are the darknesses and the light,","translation_id":"dan tidak (pula) sama gelap gulita dengan cahaya,"},{"number":21,"text":"وَلَا ٱلظِّلُّ وَلَا ٱلْحَرُورُ","translation_en":"Nor are the shade and the heat,","translation_id":"dan tidak (pula) sama yang teduh dengan yang panas,"},{"number":22,"text":"وَمَا يَسْتَوِى ٱلْأَحْيَآءُ وَلَا ٱلْأَمْوَٰتُ إِنَّ ٱللَّهَ يُسْمِعُ مَن يَشَآءُ وَمَآ أَنتَ بِمُسْمِعٍ مَّن فِى ٱلْقُبُورِ","translation_en":"And not equal are the living and the dead. Indeed, Allah causes to hear whom He wills, but you cannot make hear those in the graves.","translation_id":"dan tidak (pula) sama orang-orang yang hidup dan orang-orang yang mati. Sesungguhnya Allah memberi pendengaran kepada siapa yang dikehendaki-Nya dan kamu sekali-kali tiada sanggup menjadikan orang yang didalam kubur dapat mendengar."},{"number":23,"text":"إِنْ أَنتَ إِلَّا نَذِيرٌ","translation_en":"You, [O Muhammad], are not but a warner.","translation_id":"Kamu tidak lain hanyalah seorang pemberi peringatan."},{"number":24,"text":"إِنَّآ أَرْسَلْنَٰكَ بِٱلْحَقِّ بَشِيرًا وَنَذِيرًا وَإِن مِّنْ أُمَّةٍ إِلَّا خَلَا فِيهَا نَذِيرٌ","translation_en":"Indeed, We have sent you with the truth as a bringer of good tidings and a warner. And there was no nation but that there had passed within it a warner.","translation_id":"Sesungguhnya Kami mengutus kamu dengan membawa kebenaran sebagai pembawa berita gembira dan sebagai pemberi peringatan. Dan tidak ada suatu umatpun melainkan telah ada padanya seorang pemberi peringatan."},{"number":25,"text":"وَإِن يُكَذِّبُوكَ فَقَدْ كَذَّبَ ٱلَّذِينَ مِن قَبْلِهِمْ جَآءَتْهُمْ رُسُلُهُم بِٱلْبَيِّنَٰتِ وَبِٱلزُّبُرِ وَبِٱلْكِتَٰبِ ٱلْمُنِيرِ","translation_en":"And if they deny you - then already have those before them denied. Their messengers came to them with clear proofs and written ordinances and with the enlightening Scripture.","translation_id":"Dan jika mereka mendustakan kamu, maka sesungguhnya orang-orang yang sebelum mereka telah mendustakan (rasul-rasulnya); kepada mereka telah datang rasul-rasulnya dengan membawa mukjizat yang nyata, zubur, dan kitab yang memberi penjelasan yang sempurna."},{"number":26,"text":"ثُمَّ أَخَذْتُ ٱلَّذِينَ كَفَرُوا۟ فَكَيْفَ كَانَ نَكِيرِ","translation_en":"Then I seized the ones who disbelieved, and how [terrible] was My reproach.","translation_id":"Kemudian Aku azab orang-orang yang kafir; maka (lihatlah) bagaimana (hebatnya) akibat kemurkaan-Ku."},{"number":27,"text":"أَلَمْ تَرَ أَنَّ ٱللَّهَ أَنزَلَ مِنَ ٱلسَّمَآءِ مَآءً فَأَخْرَجْنَا بِهِۦ ثَمَرَٰتٍ مُّخْتَلِفًا أَلْوَٰنُهَا وَمِنَ ٱلْجِبَالِ جُدَدٌۢ بِيضٌ وَحُمْرٌ مُّخْتَلِفٌ أَلْوَٰنُهَا وَغَرَابِيبُ سُودٌ","translation_en":"Do you not see that Allah sends down rain from the sky, and We produce thereby fruits of varying colors? And in the mountains are tracts, white and red of varying shades and [some] extremely black.","translation_id":"Tidakkah kamu melihat bahwasanya Allah menurunkan hujan dari langit lalu Kami hasilkan dengan hujan itu buah-buahan yang beraneka macam jenisnya. Dan di antara gunung-gunung itu ada garis-garis putih dan merah yang beraneka macam warnanya dan ada (pula) yang hitam pekat."},{"number":28,"text":"وَمِنَ ٱلنَّاسِ وَٱلدَّوَآبِّ وَٱلْأَنْعَٰمِ مُخْتَلِفٌ أَلْوَٰنُهُۥ كَذَٰلِكَ إِنَّمَا يَخْشَى ٱللَّهَ مِنْ عِبَادِهِ ٱلْعُلَمَٰٓؤُا۟ إِنَّ ٱللَّهَ عَزِيزٌ غَفُورٌ","translation_en":"And among people and moving creatures and grazing livestock are various colors similarly. Only those fear Allah, from among His servants, who have knowledge. Indeed, Allah is Exalted in Might and Forgiving.","translation_id":"Dan demikian (pula) di antara manusia, binatang-binatang melata dan binatang-binatang ternak ada yang bermacam-macam warnanya (dan jenisnya). Sesungguhnya yang takut kepada Allah di antara hamba-hamba-Nya, hanyalah ulama. Sesungguhnya Allah Maha Perkasa lagi Maha Pengampun."},{"number":29,"text":"إِنَّ ٱلَّذِينَ يَتْلُونَ كِتَٰبَ ٱللَّهِ وَأَقَامُوا۟ ٱلصَّلَوٰةَ وَأَنفَقُوا۟ مِمَّا رَزَقْنَٰهُمْ سِرًّا وَعَلَانِيَةً يَرْجُونَ تِجَٰرَةً لَّن تَبُورَ","translation_en":"Indeed, those who recite the Book of Allah and establish prayer and spend [in His cause] out of what We have provided them, secretly and publicly, [can] expect a profit that will never perish -","translation_id":"Sesungguhnya orang-orang yang selalu membaca kitab Allah dan mendirikan shalat dan menafkahkan sebahagian dari rezeki yang Kami anugerahkan kepada mereka dengan diam-diam dan terang-terangan, mereka itu mengharapkan perniagaan yang tidak akan merugi,"},{"number":30,"text":"لِيُوَفِّيَهُمْ أُجُورَهُمْ وَيَزِيدَهُم مِّن فَضْلِهِۦٓ إِنَّهُۥ غَفُورٌ شَكُورٌ","translation_en":"That He may give them in full their rewards and increase for them of His bounty. Indeed, He is Forgiving and Appreciative.","translation_id":"agar Allah menyempurnakan kepada mereka pahala mereka dan menambah kepada mereka dari karunia-Nya. Sesungguhnya Allah Maha Pengampun lagi Maha Mensyukuri."},{"number":31,"text":"وَٱلَّذِىٓ أَوْحَيْنَآ إِلَيْكَ مِنَ ٱلْكِتَٰبِ هُوَ ٱلْحَقُّ مُصَدِّقًا لِّمَا بَيْنَ يَدَيْهِ إِنَّ ٱللَّهَ بِعِبَادِهِۦ لَخَبِيرٌۢ بَصِيرٌ","translation_en":"And that which We have revealed to you, [O Muhammad], of the Book is the truth, confirming what was before it. Indeed, Allah, of His servants, is Acquainted and Seeing.","translation_id":"Dan apa yang telah Kami wahyukan kepadamu yaitu Al Kitab (Al Quran) itulah yang benar, dengan membenarkan kitab-kitab yang sebelumnya. Sesungguhnya Allah benar-benar Maha Mengetahui lagi Maha Melihat (keadaan) hamba-hamba-Nya."},{"number":32,"text":"ثُمَّ أَوْرَثْنَا ٱلْكِتَٰبَ ٱلَّذِينَ ٱصْطَفَيْنَا مِنْ عِبَادِنَا فَمِنْهُمْ ظَالِمٌ لِّنَفْسِهِۦ وَمِنْهُم مُّقْتَصِدٌ وَمِنْهُمْ سَابِقٌۢ بِٱلْخَيْرَٰتِ بِإِذْنِ ٱللَّهِ ذَٰلِكَ هُوَ ٱلْفَضْلُ ٱلْكَبِيرُ","translation_en":"Then we caused to inherit the Book those We have chosen of Our servants; and among them is he who wrongs himself, and among them is he who is moderate, and among them is he who is foremost in good deeds by permission of Allah. That [inheritance] is what is the great bounty.","translation_id":"Kemudian Kitab itu Kami wariskan kepada orang-orang yang Kami pilih di antara hamba-hamba Kami, lalu di antara mereka ada yang menganiaya diri mereka sendiri dan di antara mereka ada yang pertengahan dan diantara mereka ada (pula) yang lebih dahulu berbuat kebaikan dengan izin Allah. Yang demikian itu adalah karunia yang amat besar."},{"number":33,"text":"جَنَّٰتُ عَدْنٍ يَدْخُلُونَهَا يُحَلَّوْنَ فِيهَا مِنْ أَسَاوِرَ مِن ذَهَبٍ وَلُؤْلُؤًا وَلِبَاسُهُمْ فِيهَا حَرِيرٌ","translation_en":"[For them are] gardens of perpetual residence which they will enter. They will be adorned therein with bracelets of gold and pearls, and their garments therein will be silk.","translation_id":"(Bagi mereka) surga 'Adn mereka masuk ke dalamnya, di dalamnya mereka diberi perhiasan dengan gelang-gelang dari emas, dan dengan mutiara, dan pakaian mereka didalamnya adalah sutera."},{"number":34,"text":"وَقَالُوا۟ ٱلْحَمْدُ لِلَّهِ ٱلَّذِىٓ أَذْهَبَ عَنَّا ٱلْحَزَنَ إِنَّ رَبَّنَا لَغَفُورٌ شَكُورٌ","translation_en":"And they will say, \"Praise to Allah, who has removed from us [all] sorrow. Indeed, our Lord is Forgiving and Appreciative -","translation_id":"Dan mereka berkata: \"Segala puji bagi Allah yang telah menghilangkan duka cita dari kami. Sesungguhnya Tuhan kami benar-benar Maha Pengampum lagi Maha Mensyukuri."},{"number":35,"text":"ٱلَّذِىٓ أَحَلَّنَا دَارَ ٱلْمُقَامَةِ مِن فَضْلِهِۦ لَا يَمَسُّنَا فِيهَا نَصَبٌ وَلَا يَمَسُّنَا فِيهَا لُغُوبٌ","translation_en":"He who has settled us in the home of duration out of His bounty. There touches us not in it any fatigue, and there touches us not in it weariness [of mind].\"","translation_id":"Yang menempatkan kami dalam tempat yang kekal (surga) dari karunia-Nya; didalamnya kami tiada merasa lelah dan tiada pula merasa lesu\"."},{"number":36,"text":"وَٱلَّذِينَ كَفَرُوا۟ لَهُمْ نَارُ جَهَنَّمَ لَا يُقْضَىٰ عَلَيْهِمْ فَيَمُوتُوا۟ وَلَا يُخَفَّفُ عَنْهُم مِّنْ عَذَابِهَا كَذَٰلِكَ نَجْزِى كُلَّ كَفُورٍ","translation_en":"And for those who disbelieve will be the fire of Hell. [Death] is not decreed for them so they may die, nor will its torment be lightened for them. Thus do we recompense every ungrateful one.","translation_id":"Dan orang-orang kafir bagi mereka neraka Jahannam. Mereka tidak dibinasakan sehingga mereka mati dan tidak (pula) diringankan dari mereka azabnya. Demikianlah Kami membalas setiap orang yang sangat kafir."},{"number":37,"text":"وَهُمْ يَصْطَرِخُونَ فِيهَا رَبَّنَآ أَخْرِجْنَا نَعْمَلْ صَٰلِحًا غَيْرَ ٱلَّذِى كُنَّا نَعْمَلُ أَوَلَمْ نُعَمِّرْكُم مَّا يَتَذَكَّرُ فِيهِ مَن تَذَكَّرَ وَجَآءَكُمُ ٱلنَّذِيرُ فَذُوقُوا۟ فَمَا لِلظَّٰلِمِينَ مِن نَّصِيرٍ","translation_en":"And they will cry out therein, \"Our Lord, remove us; we will do righteousness - other than what we were doing!\" But did We not grant you life enough for whoever would remember therein to remember, and the warner had come to you? So taste [the punishment], for there is not for the wrongdoers any helper.","translation_id":"Dan mereka berteriak di dalam neraka itu: \"Ya Tuhan kami, keluarkanlah kami niscaya kami akan mengerjakan amal yang saleh berlainan dengan yang telah kami kerjakan\". Dan apakah Kami tidak memanjangkan umurmu dalam masa yang cukup untuk berfikir bagi orang yang mau berfikir, dan (apakah tidak) datang kepada kamu pemberi peringatan? maka rasakanlah (azab Kami) dan tidak ada bagi orang-orang yang zalim seorang penolongpun."},{"number":38,"text":"إِنَّ ٱللَّهَ عَٰلِمُ غَيْبِ ٱلسَّمَٰوَٰتِ وَٱلْأَرْضِ إِنَّهُۥ عَلِيمٌۢ بِذَاتِ ٱلصُّدُورِ","translation_en":"Indeed, Allah is Knower of the unseen [aspects] of the heavens and earth. Indeed, He is Knowing of that within the breasts.","translation_id":"Sesungguhnya Allah mengetahui yang tersembunyi di langit dan di bumi. Sesungguhnya Dia Maha Mengetahui segala isi hati."},{"number":39,"text":"هُوَ ٱلَّذِى جَعَلَكُمْ خَلَٰٓئِفَ فِى ٱلْأَرْضِ فَمَن كَفَرَ فَعَلَيْهِ كُفْرُهُۥ وَلَا يَزِيدُ ٱلْكَٰفِرِينَ كُفْرُهُمْ عِندَ رَبِّهِمْ إِلَّا مَقْتًا وَلَا يَزِيدُ ٱلْكَٰفِرِينَ كُفْرُهُمْ إِلَّا خَسَارًا","translation_en":"It is He who has made you successors upon the earth. And whoever disbelieves - upon him will be [the consequence of] his disbelief. And the disbelief of the disbelievers does not increase them in the sight of their Lord except in hatred; and the disbelief of the disbelievers does not increase them except in loss.","translation_id":"Dialah yang menjadikan kamu khalifah-khalifah di muka bumi. Barangsiapa yang kafir, maka (akibat) kekafirannya menimpa dirinya sendiri. Dan kekafiran orang-orang yang kafir itu tidak lain hanyalah akan menambah kemurkaan pada sisi Tuhannya dan kekafiran orang-orang yang kafir itu tidak lain hanyalah akan menambah kerugian mereka belaka."},{"number":40,"text":"قُلْ أَرَءَيْتُمْ شُرَكَآءَكُمُ ٱلَّذِينَ تَدْعُونَ مِن دُونِ ٱللَّهِ أَرُونِى مَاذَا خَلَقُوا۟ مِنَ ٱلْأَرْضِ أَمْ لَهُمْ شِرْكٌ فِى ٱلسَّمَٰوَٰتِ أَمْ ءَاتَيْنَٰهُمْ كِتَٰبًا فَهُمْ عَلَىٰ بَيِّنَتٍ مِّنْهُ بَلْ إِن يَعِدُ ٱلظَّٰلِمُونَ بَعْضُهُم بَعْضًا إِلَّا غُرُورًا","translation_en":"Say, \"Have you considered your 'partners' whom you invoke besides Allah? Show me what they have created from the earth, or have they partnership [with Him] in the heavens? Or have We given them a book so they are [standing] on evidence therefrom? [No], rather, the wrongdoers do not promise each other except delusion.\"","translation_id":"Katakanlah: \"Terangkanlah kepada-Ku tentang sekutu-sekutumu yang kamu seru selain Allah. Perlihatkanlah kepada-Ku (bahagian) manakah dari bumi ini yang telah mereka ciptakan ataukah mereka mempunyai saham dalam (penciptaan) langit atau adakah Kami memberi kepada mereka sebuah Kitab sehingga mereka mendapat keterangan-keterangan yang jelas daripadanya? Sebenarnya orang-orang yang zalim itu sebahagian dari mereka tidak menjanjikan kepada sebahagian yang lain, melainkan tipuan belaka\"."},{"number":41,"text":"إِنَّ ٱللَّهَ يُمْسِكُ ٱلسَّمَٰوَٰتِ وَٱلْأَرْضَ أَن تَزُولَا وَلَئِن زَالَتَآ إِنْ أَمْسَكَهُمَا مِنْ أَحَدٍ مِّنۢ بَعْدِهِۦٓ إِنَّهُۥ كَانَ حَلِيمًا غَفُورًا","translation_en":"Indeed, Allah holds the heavens and the earth, lest they cease. And if they should cease, no one could hold them [in place] after Him. Indeed, He is Forbearing and Forgiving.","translation_id":"Sesungguhnya Allah menahan langit dan bumi supaya jangan lenyap; dan sungguh jika keduanya akan lenyap tidak ada seorangpun yang dapat menahan keduanya selain Allah. Sesungguhnya Dia adalah Maha Penyantun lagi Maha Pengampun."},{"number":42,"text":"وَأَقْسَمُوا۟ بِٱللَّهِ جَهْدَ أَيْمَٰنِهِمْ لَئِن جَآءَهُمْ نَذِيرٌ لَّيَكُونُنَّ أَهْدَىٰ مِنْ إِحْدَى ٱلْأُمَمِ فَلَمَّا جَآءَهُمْ نَذِيرٌ مَّا زَادَهُمْ إِلَّا نُفُورًا","translation_en":"And they swore by Allah their strongest oaths that if a warner came to them, they would be more guided than [any] one of the [previous] nations. But when a warner came to them, it did not increase them except in aversion.","translation_id":"Dan mereka bersumpah dengan nama Allah dengan sekuat-kuat sumpah; sesungguhnya jika datang kepada mereka seorang pemberi peringatan, niscaya mereka akan lebih mendapat petunjuk dari salah satu umat-umat (yang lain). Tatkala datang kepada mereka pemberi peringatan, maka kedatangannya itu tidak menambah kepada mereka, kecuali jauhnya mereka dari (kebenaran),"},{"number":43,"text":"ٱسْتِكْبَارًا فِى ٱلْأَرْضِ وَمَكْرَ ٱلسَّيِّئِ وَلَا يَحِيقُ ٱلْمَكْرُ ٱلسَّيِّئُ إِلَّا بِأَهْلِهِۦ فَهَلْ يَنظُرُونَ إِلَّا سُنَّتَ ٱلْأَوَّلِينَ فَلَن تَجِدَ لِسُنَّتِ ٱللَّهِ تَبْدِيلًا وَلَن تَجِدَ لِسُنَّتِ ٱللَّهِ تَحْوِيلًا","translation_en":"[Due to] arrogance in the land and plotting of evil; but the evil plot does not encompass except its own people. Then do they await except the way of the former peoples? But you will never find in the way of Allah any change, and you will never find in the way of Allah any alteration.","translation_id":"karena kesombongan (mereka) di muka bumi dan karena rencana (mereka) yang jahat. Rencana yang jahat itu tidak akan menimpa selain orang yang merencanakannya sendiri. Tiadalah yang mereka nanti-nantikan melainkan (berlakunya) sunnah (Allah yang telah berlaku) kepada orang-orang yang terdahulu. Maka sekali-kali kamu tidak akan mendapat penggantian bagi sunnah Allah, dan sekali-kali tidak (pula) akan menemui penyimpangan bagi sunnah Allah itu."},{"number":44,"text":"أَوَلَمْ يَسِيرُوا۟ فِى ٱلْأَرْضِ فَيَنظُرُوا۟ كَيْفَ كَانَ عَٰقِبَةُ ٱلَّذِينَ مِن قَبْلِهِمْ وَكَانُوٓا۟ أَشَدَّ مِنْهُمْ قُوَّةً وَمَا كَانَ ٱللَّهُ لِيُعْجِزَهُۥ مِن شَىْءٍ فِى ٱلسَّمَٰوَٰتِ وَلَا فِى ٱلْأَرْضِ إِنَّهُۥ كَانَ عَلِيمًا قَدِيرًا","translation_en":"Have they not traveled through the land and observed how was the end of those before them? And they were greater than them in power. But Allah is not to be caused failure by anything in the heavens or on the earth. Indeed, He is ever Knowing and Competent.","translation_id":"Dan apakah mereka tidak berjalan di muka bumi, lalu melihat bagaimana kesudahan orang-orang yang sebelum mereka, sedangkan orang-orang itu adalah lebih besar kekuatannya dari mereka? Dan tiada sesuatupun yang dapat melemahkan Allah baik di langit maupun di bumi. Sesungguhnya Allah Maha Mengetahui lagi Maha Kuasa."},{"number":45,"text":"وَلَوْ يُؤَاخِذُ ٱللَّهُ ٱلنَّاسَ بِمَا كَسَبُوا۟ مَا تَرَكَ عَلَىٰ ظَهْرِهَا مِن دَآبَّةٍ وَلَٰكِن يُؤَخِّرُهُمْ إِلَىٰٓ أَجَلٍ مُّسَمًّى فَإِذَا جَآءَ أَجَلُهُمْ فَإِنَّ ٱللَّهَ كَانَ بِعِبَادِهِۦ بَصِيرًۢا","translation_en":"And if Allah were to impose blame on the people for what they have earned, He would not leave upon the earth any creature. But He defers them for a specified term. And when their time comes, then indeed Allah has ever been, of His servants, Seeing.","translation_id":"Dan kalau sekiranya Allah menyiksa manusia disebabkan usahanya, niscaya Dia tidak akan meninggalkan di atas permukaan bumi suatu mahluk yang melatapun akan tetapi Allah menangguhkan (penyiksaan) mereka, sampai waktu yang tertentu; maka apabila datang ajal mereka, maka sesungguhnya Allah adalah Maha Melihat (keadaan) hamba-hamba-Nya."}]}