{"number":36,"name":"سورة يس","transliteration_en":"Yaseen","translation_en":"Yaseen","total_verses":83,"revelation_type":"Meccan","verses":[{"number":1,"text":"بِسْمِ ٱللَّهِ ٱلرَّحْمَٰنِ ٱلرَّحِيمِ يسٓ","translation_en":"Ya, Seen.","translation_id":"Yaa siin"},{"number":2,"text":"وَٱلْقُرْءَانِ ٱلْحَكِيمِ","translation_en":"By the wise Qur'an.","translation_id":"Demi Al Quran yang penuh hikmah,"},{"number":3,"text":"إِنَّكَ لَمِنَ ٱلْمُرْسَلِينَ","translation_en":"Indeed you, [O Muhammad], are from among the messengers,","translation_id":"Sesungguhnya kamu salah seorang dari rasul-rasul,"},{"number":4,"text":"عَلَىٰ صِرَٰطٍ مُّسْتَقِيمٍ","translation_en":"On a straight path.","translation_id":"(yang berada) diatas jalan yang lurus,"},{"number":5,"text":"تَنزِيلَ ٱلْعَزِيزِ ٱلرَّحِيمِ","translation_en":"[This is] a revelation of the Exalted in Might, the Merciful,","translation_id":"(sebagai wahyu) yang diturunkan oleh Yang Maha Perkasa lagi Maha Penyayang,"},{"number":6,"text":"لِتُنذِرَ قَوْمًا مَّآ أُنذِرَ ءَابَآؤُهُمْ فَهُمْ غَٰفِلُونَ","translation_en":"That you may warn a people whose forefathers were not warned, so they are unaware.","translation_id":"Agar kamu memberi peringatan kepada kaum yang bapak-bapak mereka belum pernah diberi peringatan, karena itu mereka lalai."},{"number":7,"text":"لَقَدْ حَقَّ ٱلْقَوْلُ عَلَىٰٓ أَكْثَرِهِمْ فَهُمْ لَا يُؤْمِنُونَ","translation_en":"Already the word has come into effect upon most of them, so they do not believe.","translation_id":"Sesungguhnya telah pasti berlaku perkataan (ketentuan Allah) terhadap kebanyakan mereka, kerena mereka tidak beriman."},{"number":8,"text":"إِنَّا جَعَلْنَا فِىٓ أَعْنَٰقِهِمْ أَغْلَٰلًا فَهِىَ إِلَى ٱلْأَذْقَانِ فَهُم مُّقْمَحُونَ","translation_en":"Indeed, We have put shackles on their necks, and they are to their chins, so they are with heads [kept] aloft.","translation_id":"Sesungguhnya Kami telah memasang belenggu dileher mereka, lalu tangan mereka (diangkat) ke dagu, maka karena itu mereka tertengadah."},{"number":9,"text":"وَجَعَلْنَا مِنۢ بَيْنِ أَيْدِيهِمْ سَدًّا وَمِنْ خَلْفِهِمْ سَدًّا فَأَغْشَيْنَٰهُمْ فَهُمْ لَا يُبْصِرُونَ","translation_en":"And We have put before them a barrier and behind them a barrier and covered them, so they do not see.","translation_id":"Dan Kami adakan di hadapan mereka dinding dan di belakang mereka dinding (pula), dan Kami tutup (mata) mereka sehingga mereka tidak dapat melihat."},{"number":10,"text":"وَسَوَآءٌ عَلَيْهِمْ ءَأَنذَرْتَهُمْ أَمْ لَمْ تُنذِرْهُمْ لَا يُؤْمِنُونَ","translation_en":"And it is all the same for them whether you warn them or do not warn them - they will not believe.","translation_id":"Sama saja bagi mereka apakah kamu memberi peringatan kepada mereka ataukah kamu tidak memberi peringatan kepada mereka, mereka tidak akan beriman."},{"number":11,"text":"إِنَّمَا تُنذِرُ مَنِ ٱتَّبَعَ ٱلذِّكْرَ وَخَشِىَ ٱلرَّحْمَٰنَ بِٱلْغَيْبِ فَبَشِّرْهُ بِمَغْفِرَةٍ وَأَجْرٍ كَرِيمٍ","translation_en":"You can only warn one who follows the message and fears the Most Merciful unseen. So give him good tidings of forgiveness and noble reward.","translation_id":"Sesungguhnya kamu hanya memberi peringatan kepada orang-orang yang mau mengikuti peringatan dan yang takut kepada Tuhan Yang Maha Pemurah walaupun dia tidak melihatnya. Maka berilah mereka kabar gembira dengan ampunan dan pahala yang mulia."},{"number":12,"text":"إِنَّا نَحْنُ نُحْىِ ٱلْمَوْتَىٰ وَنَكْتُبُ مَا قَدَّمُوا۟ وَءَاثَٰرَهُمْ وَكُلَّ شَىْءٍ أَحْصَيْنَٰهُ فِىٓ إِمَامٍ مُّبِينٍ","translation_en":"Indeed, it is We who bring the dead to life and record what they have put forth and what they left behind, and all things We have enumerated in a clear register.","translation_id":"Sesungguhnya Kami menghidupkan orang-orang mati dan Kami menuliskan apa yang telah mereka kerjakan dan bekas-bekas yang mereka tinggalkan. Dan segala sesuatu Kami kumpulkan dalam Kitab Induk yang nyata (Lauh Mahfuzh)."},{"number":13,"text":"وَٱضْرِبْ لَهُم مَّثَلًا أَصْحَٰبَ ٱلْقَرْيَةِ إِذْ جَآءَهَا ٱلْمُرْسَلُونَ","translation_en":"And present to them an example: the people of the city, when the messengers came to it -","translation_id":"Dan buatlah bagi mereka suatu perumpamaan, yaitu penduduk suatu negeri ketika utusan-utusan datang kepada mereka."},{"number":14,"text":"إِذْ أَرْسَلْنَآ إِلَيْهِمُ ٱثْنَيْنِ فَكَذَّبُوهُمَا فَعَزَّزْنَا بِثَالِثٍ فَقَالُوٓا۟ إِنَّآ إِلَيْكُم مُّرْسَلُونَ","translation_en":"When We sent to them two but they denied them, so We strengthened them with a third, and they said, \"Indeed, we are messengers to you.\"","translation_id":"(yaitu) ketika Kami mengutus kepada mereka dua orang utusan, lalu mereka mendustakan keduanya; kemudian Kami kuatkan dengan (utusan) yang ketiga, maka ketiga utusan itu berkata: \"Sesungguhnya kami adalah orang-orang di utus kepadamu\"."},{"number":15,"text":"قَالُوا۟ مَآ أَنتُمْ إِلَّا بَشَرٌ مِّثْلُنَا وَمَآ أَنزَلَ ٱلرَّحْمَٰنُ مِن شَىْءٍ إِنْ أَنتُمْ إِلَّا تَكْذِبُونَ","translation_en":"They said, \"You are not but human beings like us, and the Most Merciful has not revealed a thing. You are only telling lies.\"","translation_id":"Mereka menjawab: \"Kamu tidak lain hanyalah manusia seperti kami dan Allah Yang Maha Pemurah tidak menurunkan sesuatupun, kamu tidak lain hanyalah pendusta belaka\"."},{"number":16,"text":"قَالُوا۟ رَبُّنَا يَعْلَمُ إِنَّآ إِلَيْكُمْ لَمُرْسَلُونَ","translation_en":"They said, \"Our Lord knows that we are messengers to you,","translation_id":"Mereka berkata: \"Tuhan kami mengetahui bahwa sesungguhnya kami adalah orang yang diutus kepada kamu\"."},{"number":17,"text":"وَمَا عَلَيْنَآ إِلَّا ٱلْبَلَٰغُ ٱلْمُبِينُ","translation_en":"And we are not responsible except for clear notification.\"","translation_id":"Dan kewajiban kami tidak lain hanyalah menyampaikan (perintah Allah) dengan jelas\"."},{"number":18,"text":"قَالُوٓا۟ إِنَّا تَطَيَّرْنَا بِكُمْ لَئِن لَّمْ تَنتَهُوا۟ لَنَرْجُمَنَّكُمْ وَلَيَمَسَّنَّكُم مِّنَّا عَذَابٌ أَلِيمٌ","translation_en":"They said, \"Indeed, we consider you a bad omen. If you do not desist, we will surely stone you, and there will surely touch you, from us, a painful punishment.\"","translation_id":"Mereka menjawab: \"Sesungguhnya kami bernasib malang karena kamu, sesungguhnya jika kamu tidak berhenti (menyeru kami), niscaya kami akan merajam kamu dan kamu pasti akan mendapat siksa yang pedih dari kami\"."},{"number":19,"text":"قَالُوا۟ طَٰٓئِرُكُم مَّعَكُمْ أَئِن ذُكِّرْتُم بَلْ أَنتُمْ قَوْمٌ مُّسْرِفُونَ","translation_en":"They said, \"Your omen is with yourselves. Is it because you were reminded? Rather, you are a transgressing people.\"","translation_id":"Utusan-utusan itu berkata: \"Kemalangan kamu adalah karena kamu sendiri. Apakah jika kamu diberi peringatan (kamu bernasib malang)? Sebenarnya kamu adalah kaum yang melampui batas\"."},{"number":20,"text":"وَجَآءَ مِنْ أَقْصَا ٱلْمَدِينَةِ رَجُلٌ يَسْعَىٰ قَالَ يَٰقَوْمِ ٱتَّبِعُوا۟ ٱلْمُرْسَلِينَ","translation_en":"And there came from the farthest end of the city a man, running. He said, \"O my people, follow the messengers.","translation_id":"Dan datanglah dari ujung kota, seorang laki-laki dengan bergegas-gegas ia berkata: \"Hai kaumku, ikutilah utusan-utusan itu\"."},{"number":21,"text":"ٱتَّبِعُوا۟ مَن لَّا يَسْـَٔلُكُمْ أَجْرًا وَهُم مُّهْتَدُونَ","translation_en":"Follow those who do not ask of you [any] payment, and they are [rightly] guided.","translation_id":"Ikutilah orang yang tiada minta balasan kepadamu; dan mereka adalah orang-orang yang mendapat petunjuk."},{"number":22,"text":"وَمَا لِىَ لَآ أَعْبُدُ ٱلَّذِى فَطَرَنِى وَإِلَيْهِ تُرْجَعُونَ","translation_en":"And why should I not worship He who created me and to whom you will be returned?","translation_id":"Mengapa aku tidak menyembah (Tuhan) yang telah menciptakanku dan yang hanya kepada-Nya-lah kamu (semua) akan dikembalikan?"},{"number":23,"text":"ءَأَتَّخِذُ مِن دُونِهِۦٓ ءَالِهَةً إِن يُرِدْنِ ٱلرَّحْمَٰنُ بِضُرٍّ لَّا تُغْنِ عَنِّى شَفَٰعَتُهُمْ شَيْـًٔا وَلَا يُنقِذُونِ","translation_en":"Should I take other than Him [false] deities [while], if the Most Merciful intends for me some adversity, their intercession will not avail me at all, nor can they save me?","translation_id":"Mengapa aku akan menyembah tuhan-tuhan selain-Nya jika (Allah) Yang Maha Pemurah menghendaki kemudharatan terhadapku, niscaya syafa'at mereka tidak memberi manfaat sedikitpun bagi diriku dan mereka tidak (pula) dapat menyelamatkanku?"},{"number":24,"text":"إِنِّىٓ إِذًا لَّفِى ضَلَٰلٍ مُّبِينٍ","translation_en":"Indeed, I would then be in manifest error.","translation_id":"Sesungguhnya aku kalau begitu pasti berada dalam kesesatan yang nyata."},{"number":25,"text":"إِنِّىٓ ءَامَنتُ بِرَبِّكُمْ فَٱسْمَعُونِ","translation_en":"Indeed, I have believed in your Lord, so listen to me.\"","translation_id":"Sesungguhnya aku telah beriman kepada Tuhanmu; maka dengarkanlah (pengakuan keimanan)ku."},{"number":26,"text":"قِيلَ ٱدْخُلِ ٱلْجَنَّةَ قَالَ يَٰلَيْتَ قَوْمِى يَعْلَمُونَ","translation_en":"It was said, \"Enter Paradise.\" He said, \"I wish my people could know","translation_id":"Dikatakan (kepadanya): \"Masuklah ke surga\". Ia berkata: \"Alangkah baiknya sekiranya kamumku mengetahui."},{"number":27,"text":"بِمَا غَفَرَ لِى رَبِّى وَجَعَلَنِى مِنَ ٱلْمُكْرَمِينَ","translation_en":"Of how my Lord has forgiven me and placed me among the honored.\"","translation_id":"Apa yang menyebabkan Tuhanku memberi ampun kepadaku dan menjadikan aku termasuk orang-orang yang dimuliakan\"."},{"number":28,"text":"وَمَآ أَنزَلْنَا عَلَىٰ قَوْمِهِۦ مِنۢ بَعْدِهِۦ مِن جُندٍ مِّنَ ٱلسَّمَآءِ وَمَا كُنَّا مُنزِلِينَ","translation_en":"And We did not send down upon his people after him any soldiers from the heaven, nor would We have done so.","translation_id":"Dan kami tidak menurunkan kepada kaumnya sesudah dia (meninggal) suatu pasukanpun dari langit dan tidak layak Kami menurunkannya."},{"number":29,"text":"إِن كَانَتْ إِلَّا صَيْحَةً وَٰحِدَةً فَإِذَا هُمْ خَٰمِدُونَ","translation_en":"It was not but one shout, and immediately they were extinguished.","translation_id":"Tidak ada siksaan atas mereka melainkan satu teriakan suara saja; maka tiba-tiba mereka semuanya mati."},{"number":30,"text":"يَٰحَسْرَةً عَلَى ٱلْعِبَادِ مَا يَأْتِيهِم مِّن رَّسُولٍ إِلَّا كَانُوا۟ بِهِۦ يَسْتَهْزِءُونَ","translation_en":"How regretful for the servants. There did not come to them any messenger except that they used to ridicule him.","translation_id":"Alangkah besarnya penyesalan terhadap hamba-hamba itu, tiada datang seorang rasulpun kepada mereka melainkan mereka selalu memperolok-olokkannya."},{"number":31,"text":"أَلَمْ يَرَوْا۟ كَمْ أَهْلَكْنَا قَبْلَهُم مِّنَ ٱلْقُرُونِ أَنَّهُمْ إِلَيْهِمْ لَا يَرْجِعُونَ","translation_en":"Have they not considered how many generations We destroyed before them - that they to them will not return?","translation_id":"Tidakkah mereka mengetahui berapa banyaknya umat-umat sebelum mereka yang telah Kami binasakan, bahwasanya orang-orang (yang telah Kami binasakan) itu tiada kembali kepada mereka."},{"number":32,"text":"وَإِن كُلٌّ لَّمَّا جَمِيعٌ لَّدَيْنَا مُحْضَرُونَ","translation_en":"And indeed, all of them will yet be brought present before Us.","translation_id":"Dan setiap mereka semuanya akan dikumpulkan lagi kepada Kami."},{"number":33,"text":"وَءَايَةٌ لَّهُمُ ٱلْأَرْضُ ٱلْمَيْتَةُ أَحْيَيْنَٰهَا وَأَخْرَجْنَا مِنْهَا حَبًّا فَمِنْهُ يَأْكُلُونَ","translation_en":"And a sign for them is the dead earth. We have brought it to life and brought forth from it grain, and from it they eat.","translation_id":"Dan suatu tanda (kekuasaan Allah yang besar) bagi mereka adalah bumi yang mati. Kami hidupkan bumi itu dan Kami keluarkan dari padanya biji-bijian, maka daripadanya mereka makan."},{"number":34,"text":"وَجَعَلْنَا فِيهَا جَنَّٰتٍ مِّن نَّخِيلٍ وَأَعْنَٰبٍ وَفَجَّرْنَا فِيهَا مِنَ ٱلْعُيُونِ","translation_en":"And We placed therein gardens of palm trees and grapevines and caused to burst forth therefrom some springs -","translation_id":"Dan Kami jadikan padanya kebun-kebun kurma dan anggur dan Kami pancarkan padanya beberapa mata air,"},{"number":35,"text":"لِيَأْكُلُوا۟ مِن ثَمَرِهِۦ وَمَا عَمِلَتْهُ أَيْدِيهِمْ أَفَلَا يَشْكُرُونَ","translation_en":"That they may eat of His fruit. And their hands have not produced it, so will they not be grateful?","translation_id":"supaya mereka dapat makan dari buahnya, dan dari apa yang diusahakan oleh tangan mereka. Maka mengapakah mereka tidak bersyukur?"},{"number":36,"text":"سُبْحَٰنَ ٱلَّذِى خَلَقَ ٱلْأَزْوَٰجَ كُلَّهَا مِمَّا تُنۢبِتُ ٱلْأَرْضُ وَمِنْ أَنفُسِهِمْ وَمِمَّا لَا يَعْلَمُونَ","translation_en":"Exalted is He who created all pairs - from what the earth grows and from themselves and from that which they do not know.","translation_id":"Maha Suci Tuhan yang telah menciptakan pasangan-pasangan semuanya, baik dari apa yang ditumbuhkan oleh bumi dan dari diri mereka maupun dari apa yang tidak mereka ketahui."},{"number":37,"text":"وَءَايَةٌ لَّهُمُ ٱلَّيْلُ نَسْلَخُ مِنْهُ ٱلنَّهَارَ فَإِذَا هُم مُّظْلِمُونَ","translation_en":"And a sign for them is the night. We remove from it [the light of] day, so they are [left] in darkness.","translation_id":"Dan suatu tanda (kekuasaan Allah yang besar) bagi mereka adalah malam; Kami tanggalkan siang dari malam itu, maka dengan serta merta mereka berada dalam kegelapan."},{"number":38,"text":"وَٱلشَّمْسُ تَجْرِى لِمُسْتَقَرٍّ لَّهَا ذَٰلِكَ تَقْدِيرُ ٱلْعَزِيزِ ٱلْعَلِيمِ","translation_en":"And the sun runs [on course] toward its stopping point. That is the determination of the Exalted in Might, the Knowing.","translation_id":"dan matahari berjalan ditempat peredarannya. Demikianlah ketetapan Yang Maha Perkasa lagi Maha Mengetahui."},{"number":39,"text":"وَٱلْقَمَرَ قَدَّرْنَٰهُ مَنَازِلَ حَتَّىٰ عَادَ كَٱلْعُرْجُونِ ٱلْقَدِيمِ","translation_en":"And the moon - We have determined for it phases, until it returns [appearing] like the old date stalk.","translation_id":"Dan telah Kami tetapkan bagi bulan manzilah-manzilah, sehingga (setelah dia sampai ke manzilah yang terakhir) kembalilah dia sebagai bentuk tandan yang tua."},{"number":40,"text":"لَا ٱلشَّمْسُ يَنۢبَغِى لَهَآ أَن تُدْرِكَ ٱلْقَمَرَ وَلَا ٱلَّيْلُ سَابِقُ ٱلنَّهَارِ وَكُلٌّ فِى فَلَكٍ يَسْبَحُونَ","translation_en":"It is not allowable for the sun to reach the moon, nor does the night overtake the day, but each, in an orbit, is swimming.","translation_id":"Tidaklah mungkin bagi matahari mendapatkan bulan dan malampun tidak dapat mendahului siang. Dan masing-masing beredar pada garis edarnya."},{"number":41,"text":"وَءَايَةٌ لَّهُمْ أَنَّا حَمَلْنَا ذُرِّيَّتَهُمْ فِى ٱلْفُلْكِ ٱلْمَشْحُونِ","translation_en":"And a sign for them is that We carried their forefathers in a laden ship.","translation_id":"Dan suatu tanda (kebesaran Allah yang besar) bagi mereka adalah bahwa Kami angkut keturunan mereka dalam bahtera yang penuh muatan."},{"number":42,"text":"وَخَلَقْنَا لَهُم مِّن مِّثْلِهِۦ مَا يَرْكَبُونَ","translation_en":"And We created for them from the likes of it that which they ride.","translation_id":"dan Kami ciptakan untuk mereka yang akan mereka kendarai seperti bahtera itu."},{"number":43,"text":"وَإِن نَّشَأْ نُغْرِقْهُمْ فَلَا صَرِيخَ لَهُمْ وَلَا هُمْ يُنقَذُونَ","translation_en":"And if We should will, We could drown them; then no one responding to a cry would there be for them, nor would they be saved","translation_id":"Dan jika Kami menghendaki niscaya Kami tenggelamkan mereka, maka tiadalah bagi mereka penolong dan tidak pula mereka diselamatkan."},{"number":44,"text":"إِلَّا رَحْمَةً مِّنَّا وَمَتَٰعًا إِلَىٰ حِينٍ","translation_en":"Except as a mercy from Us and provision for a time.","translation_id":"Tetapi (Kami selamatkan mereka) karena rahmat yang besar dari Kami dan untuk memberikan kesenangan hidup sampai kepada suatu ketika."},{"number":45,"text":"وَإِذَا قِيلَ لَهُمُ ٱتَّقُوا۟ مَا بَيْنَ أَيْدِيكُمْ وَمَا خَلْفَكُمْ لَعَلَّكُمْ تُرْحَمُونَ","translation_en":"But when it is said to them, \"Beware of what is before you and what is behind you; perhaps you will receive mercy... \"","translation_id":"Dan apabila dikatakan kepada mereka: \"Takutlah kamu akan siksa yang dihadapanmu dan siksa yang akan datang supaya kamu mendapat rahmat\", (niscaya mereka berpaling)."},{"number":46,"text":"وَمَا تَأْتِيهِم مِّنْ ءَايَةٍ مِّنْ ءَايَٰتِ رَبِّهِمْ إِلَّا كَانُوا۟ عَنْهَا مُعْرِضِينَ","translation_en":"And no sign comes to them from the signs of their Lord except that they are from it turning away.","translation_id":"Dan sekali-kali tiada datang kepada mereka suatu tanda dari tanda tanda kekuasaan Tuhan mereka, melainkan mereka selalu berpaling daripadanya."},{"number":47,"text":"وَإِذَا قِيلَ لَهُمْ أَنفِقُوا۟ مِمَّا رَزَقَكُمُ ٱللَّهُ قَالَ ٱلَّذِينَ كَفَرُوا۟ لِلَّذِينَ ءَامَنُوٓا۟ أَنُطْعِمُ مَن لَّوْ يَشَآءُ ٱللَّهُ أَطْعَمَهُۥٓ إِنْ أَنتُمْ إِلَّا فِى ضَلَٰلٍ مُّبِينٍ","translation_en":"And when it is said to them, \"Spend from that which Allah has provided for you,\" those who disbelieve say to those who believe, \"Should we feed one whom, if Allah had willed, He would have fed? You are not but in clear error.\"","translation_id":"Dan apabila dikatakakan kepada mereka: \"Nafkahkanlah sebahagian dari reski yang diberikan Allah kepadamu\", maka orang-orang yang kafir itu berkata kepada orang-orang yang beriman: \"Apakah kami akan memberi makan kepada orang-orang yang jika Allah menghendaki tentulah Dia akan memberinya makan, tiadalah kamu melainkan dalam kesesatan yang nyata\"."},{"number":48,"text":"وَيَقُولُونَ مَتَىٰ هَٰذَا ٱلْوَعْدُ إِن كُنتُمْ صَٰدِقِينَ","translation_en":"And they say, \"When is this promise, if you should be truthful?\"","translation_id":"Dan mereka berkata: \"Bilakah (terjadinya) janji ini (hari berbangkit) jika kamu adalah orang-orang yang benar?\"."},{"number":49,"text":"مَا يَنظُرُونَ إِلَّا صَيْحَةً وَٰحِدَةً تَأْخُذُهُمْ وَهُمْ يَخِصِّمُونَ","translation_en":"They do not await except one blast which will seize them while they are disputing.","translation_id":"Mereka tidak menunggu melainkan satu teriakan saja yang akan membinasakan mereka ketika mereka sedang bertengkar."},{"number":50,"text":"فَلَا يَسْتَطِيعُونَ تَوْصِيَةً وَلَآ إِلَىٰٓ أَهْلِهِمْ يَرْجِعُونَ","translation_en":"And they will not be able [to give] any instruction, nor to their people can they return.","translation_id":"lalu mereka tidak kuasa membuat suatu wasiatpun dan tidak (pula) dapat kembali kepada keluarganya."},{"number":51,"text":"وَنُفِخَ فِى ٱلصُّورِ فَإِذَا هُم مِّنَ ٱلْأَجْدَاثِ إِلَىٰ رَبِّهِمْ يَنسِلُونَ","translation_en":"And the Horn will be blown; and at once from the graves to their Lord they will hasten.","translation_id":"Dan ditiuplah sangkalala, maka tiba-tiba mereka keluar dengan segera dari kuburnya (menuju) kepada Tuhan mereka."},{"number":52,"text":"قَالُوا۟ يَٰوَيْلَنَا مَنۢ بَعَثَنَا مِن مَّرْقَدِنَا هَٰذَا مَا وَعَدَ ٱلرَّحْمَٰنُ وَصَدَقَ ٱلْمُرْسَلُونَ","translation_en":"They will say, \"O woe to us! Who has raised us up from our sleeping place?\" [The reply will be], \"This is what the Most Merciful had promised, and the messengers told the truth.\"","translation_id":"Mereka berkata: \"Aduhai celakalah kami! Siapakah yang membangkitkan kami dari tempat-tidur kami (kubur)?\". Inilah yang dijanjikan (Tuhan) Yang Maha Pemurah dan benarlah Rasul-rasul(Nya)."},{"number":53,"text":"إِن كَانَتْ إِلَّا صَيْحَةً وَٰحِدَةً فَإِذَا هُمْ جَمِيعٌ لَّدَيْنَا مُحْضَرُونَ","translation_en":"It will not be but one blast, and at once they are all brought present before Us.","translation_id":"Tidak adalah teriakan itu selain sekali teriakan saja, maka tiba-tiba mereka semua dikumpulkan kepada Kami."},{"number":54,"text":"فَٱلْيَوْمَ لَا تُظْلَمُ نَفْسٌ شَيْـًٔا وَلَا تُجْزَوْنَ إِلَّا مَا كُنتُمْ تَعْمَلُونَ","translation_en":"So today no soul will be wronged at all, and you will not be recompensed except for what you used to do.","translation_id":"Maka pada hari itu seseorang tidak akan dirugikan sedikitpun dan kamu tidak dibalasi, kecuali dengan apa yang telah kamu kerjakan."},{"number":55,"text":"إِنَّ أَصْحَٰبَ ٱلْجَنَّةِ ٱلْيَوْمَ فِى شُغُلٍ فَٰكِهُونَ","translation_en":"Indeed the companions of Paradise, that Day, will be amused in [joyful] occupation -","translation_id":"Sesungguhnya penghuni surga pada hari itu bersenang-senang dalam kesibukan (mereka)."},{"number":56,"text":"هُمْ وَأَزْوَٰجُهُمْ فِى ظِلَٰلٍ عَلَى ٱلْأَرَآئِكِ مُتَّكِـُٔونَ","translation_en":"They and their spouses - in shade, reclining on adorned couches.","translation_id":"Mereka dan isteri-isteri mereka berada dalam tempat yang teduh, bertelekan di atas dipan-dipan."},{"number":57,"text":"لَهُمْ فِيهَا فَٰكِهَةٌ وَلَهُم مَّا يَدَّعُونَ","translation_en":"For them therein is fruit, and for them is whatever they request [or wish]","translation_id":"Di surga itu mereka memperoleh buah-buahan dan memperoleh apa yang mereka minta."},{"number":58,"text":"سَلَٰمٌ قَوْلًا مِّن رَّبٍّ رَّحِيمٍ","translation_en":"[And] \"Peace,\" a word from a Merciful Lord.","translation_id":"(Kepada mereka dikatakan): \"Salam\", sebagai ucapan selamat dari Tuhan Yang Maha Penyayang."},{"number":59,"text":"وَٱمْتَٰزُوا۟ ٱلْيَوْمَ أَيُّهَا ٱلْمُجْرِمُونَ","translation_en":"[Then He will say], \"But stand apart today, you criminals.","translation_id":"Dan (dikatakan kepada orang-orang kafir): \"Berpisahlah kamu (dari orang-orang mukmin) pada hari ini, hai orang-orang yang berbuat jahat."},{"number":60,"text":"أَلَمْ أَعْهَدْ إِلَيْكُمْ يَٰبَنِىٓ ءَادَمَ أَن لَّا تَعْبُدُوا۟ ٱلشَّيْطَٰنَ إِنَّهُۥ لَكُمْ عَدُوٌّ مُّبِينٌ","translation_en":"Did I not enjoin upon you, O children of Adam, that you not worship Satan - [for] indeed, he is to you a clear enemy -","translation_id":"Bukankah Aku telah memerintahkan kepadamu hai Bani Adam supaya kamu tidak menyembah syaitan? Sesungguhnya syaitan itu adalah musuh yang nyata bagi kamu\","},{"number":61,"text":"وَأَنِ ٱعْبُدُونِى هَٰذَا صِرَٰطٌ مُّسْتَقِيمٌ","translation_en":"And that you worship [only] Me? This is a straight path.","translation_id":"dan hendaklah kamu menyembah-Ku. Inilah jalan yang lurus."},{"number":62,"text":"وَلَقَدْ أَضَلَّ مِنكُمْ جِبِلًّا كَثِيرًا أَفَلَمْ تَكُونُوا۟ تَعْقِلُونَ","translation_en":"And he had already led astray from among you much of creation, so did you not use reason?","translation_id":"Sesungguhnya syaitan itu telah menyesatkan sebahagian besar diantaramu, Maka apakah kamu tidak memikirkan?."},{"number":63,"text":"هَٰذِهِۦ جَهَنَّمُ ٱلَّتِى كُنتُمْ تُوعَدُونَ","translation_en":"This is the Hellfire which you were promised.","translation_id":"Inilah Jahannam yang dahulu kamu diancam (dengannya)."},{"number":64,"text":"ٱصْلَوْهَا ٱلْيَوْمَ بِمَا كُنتُمْ تَكْفُرُونَ","translation_en":"[Enter to] burn therein today for what you used to deny.\"","translation_id":"Masuklah ke dalamnya pada hari ini disebabkan kamu dahulu mengingkarinya."},{"number":65,"text":"ٱلْيَوْمَ نَخْتِمُ عَلَىٰٓ أَفْوَٰهِهِمْ وَتُكَلِّمُنَآ أَيْدِيهِمْ وَتَشْهَدُ أَرْجُلُهُم بِمَا كَانُوا۟ يَكْسِبُونَ","translation_en":"That Day, We will seal over their mouths, and their hands will speak to Us, and their feet will testify about what they used to earn.","translation_id":"Pada hari ini Kami tutup mulut mereka; dan berkatalah kepada Kami tangan mereka dan memberi kesaksianlah kaki mereka terhadap apa yang dahulu mereka usahakan."},{"number":66,"text":"وَلَوْ نَشَآءُ لَطَمَسْنَا عَلَىٰٓ أَعْيُنِهِمْ فَٱسْتَبَقُوا۟ ٱلصِّرَٰطَ فَأَنَّىٰ يُبْصِرُونَ","translation_en":"And if We willed, We could have obliterated their eyes, and they would race to [find] the path, and how could they see?","translation_id":"Dan jikalau Kami menghendaki pastilah Kami hapuskan penglihatan mata mereka; lalu mereka berlomba-lomba (mencari) jalan, Maka betapakah mereka dapat melihat(nya)."},{"number":67,"text":"وَلَوْ نَشَآءُ لَمَسَخْنَٰهُمْ عَلَىٰ مَكَانَتِهِمْ فَمَا ٱسْتَطَٰعُوا۟ مُضِيًّا وَلَا يَرْجِعُونَ","translation_en":"And if We willed, We could have deformed them, [paralyzing them] in their places so they would not be able to proceed, nor could they return.","translation_id":"Dan jikalau Kami menghendaki pastilah Kami ubah mereka di tempat mereka berada; maka mereka tidak sanggup berjalan lagi dan tidak (pula) sanggup kembali."},{"number":68,"text":"وَمَن نُّعَمِّرْهُ نُنَكِّسْهُ فِى ٱلْخَلْقِ أَفَلَا يَعْقِلُونَ","translation_en":"And he to whom We grant long life We reverse in creation; so will they not understand?","translation_id":"Dan barangsiapa yang Kami panjangkan umurnya niscaya Kami kembalikan dia kepada kejadian(nya). Maka apakah mereka tidak memikirkan?"},{"number":69,"text":"وَمَا عَلَّمْنَٰهُ ٱلشِّعْرَ وَمَا يَنۢبَغِى لَهُۥٓ إِنْ هُوَ إِلَّا ذِكْرٌ وَقُرْءَانٌ مُّبِينٌ","translation_en":"And We did not give Prophet Muhammad, knowledge of poetry, nor is it befitting for him. It is not but a message and a clear Qur'an","translation_id":"Dan Kami tidak mengajarkan syair kepadanya (Muhammad) dan bersyair itu tidaklah layak baginya. Al Quran itu tidak lain hanyalah pelajaran dan kitab yang memberi penerangan."},{"number":70,"text":"لِّيُنذِرَ مَن كَانَ حَيًّا وَيَحِقَّ ٱلْقَوْلُ عَلَى ٱلْكَٰفِرِينَ","translation_en":"To warn whoever is alive and justify the word against the disbelievers.","translation_id":"supaya dia (Muhammad) memberi peringatan kepada orang-orang yang hidup (hatinya) dan supaya pastilah (ketetapan azab) terhadap orang-orang kafir."},{"number":71,"text":"أَوَلَمْ يَرَوْا۟ أَنَّا خَلَقْنَا لَهُم مِّمَّا عَمِلَتْ أَيْدِينَآ أَنْعَٰمًا فَهُمْ لَهَا مَٰلِكُونَ","translation_en":"Do they not see that We have created for them from what Our hands have made, grazing livestock, and [then] they are their owners?","translation_id":"Dan apakah mereka tidak melihat bahwa sesungguhnya Kami telah menciptakan binatang ternak untuk mereka yaitu sebahagian dari apa yang telah Kami ciptakan dengan kekuasaan Kami sendiri, lalu mereka menguasainya?"},{"number":72,"text":"وَذَلَّلْنَٰهَا لَهُمْ فَمِنْهَا رَكُوبُهُمْ وَمِنْهَا يَأْكُلُونَ","translation_en":"And We have tamed them for them, so some of them they ride, and some of them they eat.","translation_id":"Dan Kami tundukkan binatang-binatang itu untuk mereka; maka sebahagiannya menjadi tunggangan mereka dan sebahagiannya mereka makan."},{"number":73,"text":"وَلَهُمْ فِيهَا مَنَٰفِعُ وَمَشَارِبُ أَفَلَا يَشْكُرُونَ","translation_en":"And for them therein are [other] benefits and drinks, so will they not be grateful?","translation_id":"Dan mereka memperoleh padanya manfaat-manfaat dan minuman. Maka mengapakah mereka tidak bersyukur?"},{"number":74,"text":"وَٱتَّخَذُوا۟ مِن دُونِ ٱللَّهِ ءَالِهَةً لَّعَلَّهُمْ يُنصَرُونَ","translation_en":"But they have taken besides Allah [false] deities that perhaps they would be helped.","translation_id":"Mereka mengambil sembahan-sembahan selain Allah, agar mereka mendapat pertolongan."},{"number":75,"text":"لَا يَسْتَطِيعُونَ نَصْرَهُمْ وَهُمْ لَهُمْ جُندٌ مُّحْضَرُونَ","translation_en":"They are not able to help them, and they [themselves] are for them soldiers in attendance.","translation_id":"Berhala-berhala itu tiada dapat menolong mereka; padahal berhala-berhala itu menjadi tentara yang disiapkan untuk menjaga mereka."},{"number":76,"text":"فَلَا يَحْزُنكَ قَوْلُهُمْ إِنَّا نَعْلَمُ مَا يُسِرُّونَ وَمَا يُعْلِنُونَ","translation_en":"So let not their speech grieve you. Indeed, We know what they conceal and what they declare.","translation_id":"Maka janganlah ucapan mereka menyedihkan kamu. Sesungguhnya Kami mengetahui apa yang mereka rahasiakan dan apa yang mereka nyatakan."},{"number":77,"text":"أَوَلَمْ يَرَ ٱلْإِنسَٰنُ أَنَّا خَلَقْنَٰهُ مِن نُّطْفَةٍ فَإِذَا هُوَ خَصِيمٌ مُّبِينٌ","translation_en":"Does man not consider that We created him from a [mere] sperm-drop - then at once he is a clear adversary?","translation_id":"Dan apakah manusia tidak memperhatikan bahwa Kami menciptakannya dari setitik air (mani), maka tiba-tiba ia menjadi penantang yang nyata!"},{"number":78,"text":"وَضَرَبَ لَنَا مَثَلًا وَنَسِىَ خَلْقَهُۥ قَالَ مَن يُحْىِ ٱلْعِظَٰمَ وَهِىَ رَمِيمٌ","translation_en":"And he presents for Us an example and forgets his [own] creation. He says, \"Who will give life to bones while they are disintegrated?\"","translation_id":"Dan ia membuat perumpamaan bagi Kami; dan dia lupa kepada kejadiannya; ia berkata: \"Siapakah yang dapat menghidupkan tulang belulang, yang telah hancur luluh?\""},{"number":79,"text":"قُلْ يُحْيِيهَا ٱلَّذِىٓ أَنشَأَهَآ أَوَّلَ مَرَّةٍ وَهُوَ بِكُلِّ خَلْقٍ عَلِيمٌ","translation_en":"Say, \"He will give them life who produced them the first time; and He is, of all creation, Knowing.\"","translation_id":"Katakanlah: \"Ia akan dihidupkan oleh Tuhan yang menciptakannya kali yang pertama. Dan Dia Maha Mengetahui tentang segala makhluk."},{"number":80,"text":"ٱلَّذِى جَعَلَ لَكُم مِّنَ ٱلشَّجَرِ ٱلْأَخْضَرِ نَارًا فَإِذَآ أَنتُم مِّنْهُ تُوقِدُونَ","translation_en":"[It is] He who made for you from the green tree, fire, and then from it you ignite.","translation_id":"yaitu Tuhan yang menjadikan untukmu api dari kayu yang hijau, maka tiba-tiba kamu nyalakan (api) dari kayu itu\"."},{"number":81,"text":"أَوَلَيْسَ ٱلَّذِى خَلَقَ ٱلسَّمَٰوَٰتِ وَٱلْأَرْضَ بِقَٰدِرٍ عَلَىٰٓ أَن يَخْلُقَ مِثْلَهُم بَلَىٰ وَهُوَ ٱلْخَلَّٰقُ ٱلْعَلِيمُ","translation_en":"Is not He who created the heavens and the earth Able to create the likes of them? Yes, [it is so]; and He is the Knowing Creator.","translation_id":"Dan tidaklah Tuhan yang menciptakan langit dan bumi itu berkuasa menciptakan yang serupa dengan itu? Benar, Dia berkuasa. Dan Dialah Maha Pencipta lagi Maha Mengetahui."},{"number":82,"text":"إِنَّمَآ أَمْرُهُۥٓ إِذَآ أَرَادَ شَيْـًٔا أَن يَقُولَ لَهُۥ كُن فَيَكُونُ","translation_en":"His command is only when He intends a thing that He says to it, \"Be,\" and it is.","translation_id":"Sesungguhnya keadaan-Nya apabila Dia menghendaki sesuatu hanyalah berkata kepadanya: \"Jadilah!\" maka terjadilah ia."},{"number":83,"text":"فَسُبْحَٰنَ ٱلَّذِى بِيَدِهِۦ مَلَكُوتُ كُلِّ شَىْءٍ وَإِلَيْهِ تُرْجَعُونَ","translation_en":"So exalted is He in whose hand is the realm of all things, and to Him you will be returned.","translation_id":"Maka Maha Suci (Allah) yang di tangan-Nya kekuasaaan atas segala sesuatu dan kepada-Nya-lah kamu dikembalikan."}]}