{"number":37,"name":"سورة الصافات","transliteration_en":"As-Saaffaat","translation_en":"Those drawn up in Ranks","total_verses":182,"revelation_type":"Meccan","verses":[{"number":1,"text":"بِسْمِ ٱللَّهِ ٱلرَّحْمَٰنِ ٱلرَّحِيمِ وَٱلصَّٰٓفَّٰتِ صَفًّا","translation_en":"By those [angels] lined up in rows","translation_id":"Demi (rombongan) yang ber shaf-shaf dengan sebenar-benarnya],"},{"number":2,"text":"فَٱلزَّٰجِرَٰتِ زَجْرًا","translation_en":"And those who drive [the clouds]","translation_id":"dan demi (rombongan) yang melarang dengan sebenar-benarnya (dari perbuatan-perbuatan maksiat),"},{"number":3,"text":"فَٱلتَّٰلِيَٰتِ ذِكْرًا","translation_en":"And those who recite the message,","translation_id":"dan demi (rombongan) yang membacakan pelajaran,"},{"number":4,"text":"إِنَّ إِلَٰهَكُمْ لَوَٰحِدٌ","translation_en":"Indeed, your God is One,","translation_id":"Sesungguhnya Tuhanmu benar-benar Esa."},{"number":5,"text":"رَّبُّ ٱلسَّمَٰوَٰتِ وَٱلْأَرْضِ وَمَا بَيْنَهُمَا وَرَبُّ ٱلْمَشَٰرِقِ","translation_en":"Lord of the heavens and the earth and that between them and Lord of the sunrises.","translation_id":"Tuhan langit dan bumi dan apa yang berada di antara keduanya dan Tuhan tempat-tempat terbit matahari."},{"number":6,"text":"إِنَّا زَيَّنَّا ٱلسَّمَآءَ ٱلدُّنْيَا بِزِينَةٍ ٱلْكَوَاكِبِ","translation_en":"Indeed, We have adorned the nearest heaven with an adornment of stars","translation_id":"Sesungguhnya Kami telah menghias langit yang terdekat dengan hiasan, yaitu bintang-bintang,"},{"number":7,"text":"وَحِفْظًا مِّن كُلِّ شَيْطَٰنٍ مَّارِدٍ","translation_en":"And as protection against every rebellious devil","translation_id":"dan telah memeliharanya (sebenar-benarnya) dari setiap syaitan yang sangat durhaka,"},{"number":8,"text":"لَّا يَسَّمَّعُونَ إِلَى ٱلْمَلَإِ ٱلْأَعْلَىٰ وَيُقْذَفُونَ مِن كُلِّ جَانِبٍ","translation_en":"[So] they may not listen to the exalted assembly [of angels] and are pelted from every side,","translation_id":"syaitan syaitan itu tidak dapat mendengar-dengarkan (pembicaraan) para malaikat dan mereka dilempari dari segala penjuru."},{"number":9,"text":"دُحُورًا وَلَهُمْ عَذَابٌ وَاصِبٌ","translation_en":"Repelled; and for them is a constant punishment,","translation_id":"Untuk mengusir mereka dan bagi mereka siksaan yang kekal,"},{"number":10,"text":"إِلَّا مَنْ خَطِفَ ٱلْخَطْفَةَ فَأَتْبَعَهُۥ شِهَابٌ ثَاقِبٌ","translation_en":"Except one who snatches [some words] by theft, but they are pursued by a burning flame, piercing [in brightness].","translation_id":"akan tetapi barangsiapa (di antara mereka) yang mencuri-curi (pembicaraan); maka ia dikejar oleh suluh api yang cemerlang."},{"number":11,"text":"فَٱسْتَفْتِهِمْ أَهُمْ أَشَدُّ خَلْقًا أَم مَّنْ خَلَقْنَآ إِنَّا خَلَقْنَٰهُم مِّن طِينٍ لَّازِبٍۭ","translation_en":"Then inquire of them, [O Muhammad], \"Are they a stronger [or more difficult] creation or those [others] We have created?\" Indeed, We created men from sticky clay.","translation_id":"Maka tanyakanlah kepada mereka (musyrik Mekah): \"Apakah mereka yang lebih kukuh kejadiannya ataukah apa yang telah Kami ciptakan itu?\" Sesungguhnya Kami telah menciptakan mereka dari tanah liat."},{"number":12,"text":"بَلْ عَجِبْتَ وَيَسْخَرُونَ","translation_en":"But you wonder, while they mock,","translation_id":"Bahkan kamu menjadi heran (terhadap keingkaran mereka) dan mereka menghinakan kamu."},{"number":13,"text":"وَإِذَا ذُكِّرُوا۟ لَا يَذْكُرُونَ","translation_en":"And when they are reminded, they remember not.","translation_id":"Dan apabila mereka diberi pelajaran mereka tiada mengingatnya."},{"number":14,"text":"وَإِذَا رَأَوْا۟ ءَايَةً يَسْتَسْخِرُونَ","translation_en":"And when they see a sign, they ridicule","translation_id":"Dan apabila mereka melihat sesuatu tanda kebesaran Allah, mereka sangat menghinakan."},{"number":15,"text":"وَقَالُوٓا۟ إِنْ هَٰذَآ إِلَّا سِحْرٌ مُّبِينٌ","translation_en":"And say, \"This is not but obvious magic.","translation_id":"Dan mereka berkata \"Ini tiada lain hanyalah sihir yang nyata."},{"number":16,"text":"أَءِذَا مِتْنَا وَكُنَّا تُرَابًا وَعِظَٰمًا أَءِنَّا لَمَبْعُوثُونَ","translation_en":"When we have died and become dust and bones, are we indeed to be resurrected?","translation_id":"Apakah apabila kami telah mati dan telah menjadi tanah serta menjadi tulang belulang, apakah benar-benar kami akan dibangkitkan (kembali)?"},{"number":17,"text":"أَوَءَابَآؤُنَا ٱلْأَوَّلُونَ","translation_en":"And our forefathers [as well]?\"","translation_id":"Dan apakah bapak-bapak kami yang telah terdahulu (akan dibangkitkan pula)\"?"},{"number":18,"text":"قُلْ نَعَمْ وَأَنتُمْ دَٰخِرُونَ","translation_en":"Say, \"Yes, and you will be [rendered] contemptible.\"","translation_id":"Katakanlah: \"Ya, dan kamu akan terhina\""},{"number":19,"text":"فَإِنَّمَا هِىَ زَجْرَةٌ وَٰحِدَةٌ فَإِذَا هُمْ يَنظُرُونَ","translation_en":"It will be only one shout, and at once they will be observing.","translation_id":"Maka sesungguhnya kebangkitan itu hanya dengan satu teriakan saja; maka tiba-tiba mereka meIihatnya."},{"number":20,"text":"وَقَالُوا۟ يَٰوَيْلَنَا هَٰذَا يَوْمُ ٱلدِّينِ","translation_en":"They will say, \"O woe to us! This is the Day of Recompense.\"","translation_id":"Dan mereka berkata: \"Aduhai celakalah kita!\" Inilah hari pembalasan."},{"number":21,"text":"هَٰذَا يَوْمُ ٱلْفَصْلِ ٱلَّذِى كُنتُم بِهِۦ تُكَذِّبُونَ","translation_en":"[They will be told], \"This is the Day of Judgement which you used to deny.\"","translation_id":"Inilah hari keputusan yang kamu selalu mendustakannya."},{"number":22,"text":"ٱحْشُرُوا۟ ٱلَّذِينَ ظَلَمُوا۟ وَأَزْوَٰجَهُمْ وَمَا كَانُوا۟ يَعْبُدُونَ","translation_en":"[The angels will be ordered], \"Gather those who committed wrong, their kinds, and what they used to worship","translation_id":"(kepada malaikat diperintahkan): \"Kumpulkanlah orang-orang yang zalim beserta teman sejawat mereka dan sembahan-sembahan yang selalu mereka sembah,"},{"number":23,"text":"مِن دُونِ ٱللَّهِ فَٱهْدُوهُمْ إِلَىٰ صِرَٰطِ ٱلْجَحِيمِ","translation_en":"Other than Allah, and guide them to the path of Hellfire","translation_id":"selain Allah; maka tunjukkanlah kepada mereka jalan ke neraka."},{"number":24,"text":"وَقِفُوهُمْ إِنَّهُم مَّسْـُٔولُونَ","translation_en":"And stop them; indeed, they are to be questioned.\"","translation_id":"Dan tahanlah mereka (di tempat perhentian) karena sesungguhnya mereka akan ditanya:"},{"number":25,"text":"مَا لَكُمْ لَا تَنَاصَرُونَ","translation_en":"[They will be asked], \"What is [wrong] with you? Why do you not help each other?\"","translation_id":"\"Kenapa kamu tidak tolong menolong?\""},{"number":26,"text":"بَلْ هُمُ ٱلْيَوْمَ مُسْتَسْلِمُونَ","translation_en":"But they, that Day, are in surrender.","translation_id":"Bahkan mereka pada hari itu menyerah diri."},{"number":27,"text":"وَأَقْبَلَ بَعْضُهُمْ عَلَىٰ بَعْضٍ يَتَسَآءَلُونَ","translation_en":"And they will approach one another blaming each other.","translation_id":"Sebahagian dan mereka menghadap kepada sebahagian yang lain berbantah-bantahan."},{"number":28,"text":"قَالُوٓا۟ إِنَّكُمْ كُنتُمْ تَأْتُونَنَا عَنِ ٱلْيَمِينِ","translation_en":"They will say, \"Indeed, you used to come at us from the right.\"","translation_id":"Pengikut-pengikut mereka berkata (kepada pemimpin-pemimpin mereka): \"Sesungguhnya kamulah yang datang kepada kami dan kanan."},{"number":29,"text":"قَالُوا۟ بَل لَّمْ تَكُونُوا۟ مُؤْمِنِينَ","translation_en":"The oppressors will say, \"Rather, you [yourselves] were not believers,","translation_id":"Pemimpin-pemimpin mereka menjawab: \"Sebenarnya kamulah yang tidak beriman\"."},{"number":30,"text":"وَمَا كَانَ لَنَا عَلَيْكُم مِّن سُلْطَٰنٍۭ بَلْ كُنتُمْ قَوْمًا طَٰغِينَ","translation_en":"And we had over you no authority, but you were a transgressing people.","translation_id":"Dan sekali-kali kami tidak berkuasa terhadapmu, bahkan kamulah kaum yang melampaui batas."},{"number":31,"text":"فَحَقَّ عَلَيْنَا قَوْلُ رَبِّنَآ إِنَّا لَذَآئِقُونَ","translation_en":"So the word of our Lord has come into effect upon us; indeed, we will taste [punishment].","translation_id":"Maka pastilah putusan (azab) Tuhan kita menimpa atas kita; sesungguhnya kita akan merasakan (azab itu)."},{"number":32,"text":"فَأَغْوَيْنَٰكُمْ إِنَّا كُنَّا غَٰوِينَ","translation_en":"And we led you to deviation; indeed, we were deviators.\"","translation_id":"Maka kami telah menyesatkan kamu, sesungguhnya kami adalah orang-orang yang sesat."},{"number":33,"text":"فَإِنَّهُمْ يَوْمَئِذٍ فِى ٱلْعَذَابِ مُشْتَرِكُونَ","translation_en":"So indeed they, that Day, will be sharing in the punishment.","translation_id":"Maka sesungguhnya mereka pada hari itu bersama-sama dalam azab."},{"number":34,"text":"إِنَّا كَذَٰلِكَ نَفْعَلُ بِٱلْمُجْرِمِينَ","translation_en":"Indeed, that is how We deal with the criminals.","translation_id":"Sesungguhnya demikianlah Kami berbuat terhadap orang-orang yang berbuat jahat."},{"number":35,"text":"إِنَّهُمْ كَانُوٓا۟ إِذَا قِيلَ لَهُمْ لَآ إِلَٰهَ إِلَّا ٱللَّهُ يَسْتَكْبِرُونَ","translation_en":"Indeed they, when it was said to them, \"There is no deity but Allah,\" were arrogant","translation_id":"Sesungguhnya mereka dahulu apabila dikatakan kepada mereka: \"Laa ilaaha illallah\" (Tiada Tuhan yang berhak disembah melainkan Allah) mereka menyombongkan diri,"},{"number":36,"text":"وَيَقُولُونَ أَئِنَّا لَتَارِكُوٓا۟ ءَالِهَتِنَا لِشَاعِرٍ مَّجْنُونٍۭ","translation_en":"And were saying, \"Are we to leave our gods for a mad poet?\"","translation_id":"dan mereka berkata: \"Apakah sesungguhnya kami harus meninggalkan sembahan-sembahan kami karena seorang penyair gila?\""},{"number":37,"text":"بَلْ جَآءَ بِٱلْحَقِّ وَصَدَّقَ ٱلْمُرْسَلِينَ","translation_en":"Rather, the Prophet has come with the truth and confirmed the [previous] messengers.","translation_id":"Sebenarnya dia (Muhammad) telah datang membawa kebenaran dan membenarkan rasul-rasul (sebelumnya)."},{"number":38,"text":"إِنَّكُمْ لَذَآئِقُوا۟ ٱلْعَذَابِ ٱلْأَلِيمِ","translation_en":"Indeed, you [disbelievers] will be tasters of the painful punishment,","translation_id":"Sesungguhnya kamu pasti akan merasakan azab yang pedih."},{"number":39,"text":"وَمَا تُجْزَوْنَ إِلَّا مَا كُنتُمْ تَعْمَلُونَ","translation_en":"And you will not be recompensed except for what you used to do -","translation_id":"Dan kamu tidak diberi pembalasan melainkan terhadap kejahatan yang telah kamu kerjakan,"},{"number":40,"text":"إِلَّا عِبَادَ ٱللَّهِ ٱلْمُخْلَصِينَ","translation_en":"But not the chosen servants of Allah.","translation_id":"tetapi hamba-hamba Allah yang dibersihkan (dari dosa)."},{"number":41,"text":"أُو۟لَٰٓئِكَ لَهُمْ رِزْقٌ مَّعْلُومٌ","translation_en":"Those will have a provision determined -","translation_id":"Mereka itu memperoleh rezeki yang tertentu,"},{"number":42,"text":"فَوَٰكِهُ وَهُم مُّكْرَمُونَ","translation_en":"Fruits; and they will be honored","translation_id":"yaitu buah-buahan. Dan mereka adalah orang-orang yang dimuliakan,"},{"number":43,"text":"فِى جَنَّٰتِ ٱلنَّعِيمِ","translation_en":"In gardens of pleasure","translation_id":"di dalam surga-surga yang penuh nikmat."},{"number":44,"text":"عَلَىٰ سُرُرٍ مُّتَقَٰبِلِينَ","translation_en":"On thrones facing one another.","translation_id":"di atas takhta-takhta kebesaran berhadap-hadapan."},{"number":45,"text":"يُطَافُ عَلَيْهِم بِكَأْسٍ مِّن مَّعِينٍۭ","translation_en":"There will be circulated among them a cup [of wine] from a flowing spring,","translation_id":"Diedarkan kepada mereka gelas yang berisi khamar dari sungai yang mengalir."},{"number":46,"text":"بَيْضَآءَ لَذَّةٍ لِّلشَّٰرِبِينَ","translation_en":"White and delicious to the drinkers;","translation_id":"(Warnanya) putih bersih, sedap rasanya bagi orang-orang yang minum."},{"number":47,"text":"لَا فِيهَا غَوْلٌ وَلَا هُمْ عَنْهَا يُنزَفُونَ","translation_en":"No bad effect is there in it, nor from it will they be intoxicated.","translation_id":"Tidak ada dalam khamar itu alkohol dan mereka tiada mabuk karenanya."},{"number":48,"text":"وَعِندَهُمْ قَٰصِرَٰتُ ٱلطَّرْفِ عِينٌ","translation_en":"And with them will be women limiting [their] glances, with large, [beautiful] eyes,","translation_id":"Di sisi mereka ada bidadari-bidadari yang tidak liar pandangannya dan jelita matanya,"},{"number":49,"text":"كَأَنَّهُنَّ بَيْضٌ مَّكْنُونٌ","translation_en":"As if they were [delicate] eggs, well-protected.","translation_id":"seakan-akan mereka adalah telur (burung unta) yang tersimpan dengan baik."},{"number":50,"text":"فَأَقْبَلَ بَعْضُهُمْ عَلَىٰ بَعْضٍ يَتَسَآءَلُونَ","translation_en":"And they will approach one another, inquiring of each other.","translation_id":"Lalu sebahagian mereka menghadap kepada sebahagian yang lain sambil bercakap-cakap."},{"number":51,"text":"قَالَ قَآئِلٌ مِّنْهُمْ إِنِّى كَانَ لِى قَرِينٌ","translation_en":"A speaker among them will say, \"Indeed, I had a companion [on earth]","translation_id":"Berkatalah salah seorang di antara mereka: \"Sesungguhnya aku dahulu (di dunia) mempunyai seorang teman,"},{"number":52,"text":"يَقُولُ أَءِنَّكَ لَمِنَ ٱلْمُصَدِّقِينَ","translation_en":"Who would say, 'Are you indeed of those who believe","translation_id":"yang berkata: \"Apakah kamu sungguh-sungguh termasuk orang-orang yang membenarkan (hari berbangkit)?"},{"number":53,"text":"أَءِذَا مِتْنَا وَكُنَّا تُرَابًا وَعِظَٰمًا أَءِنَّا لَمَدِينُونَ","translation_en":"That when we have died and become dust and bones, we will indeed be recompensed?'\"","translation_id":"Apakah bila kita telah mati dan kita telah menjadi tanah dan tulang belulang, apakah sesungguhnya kita benar-benar (akan dibangkitkan) untuk diberi pembalasan?\""},{"number":54,"text":"قَالَ هَلْ أَنتُم مُّطَّلِعُونَ","translation_en":"He will say, \"Would you [care to] look?\"","translation_id":"Berkata pulalah ia: \"Maukah kamu meninjau (temanku itu)?\""},{"number":55,"text":"فَٱطَّلَعَ فَرَءَاهُ فِى سَوَآءِ ٱلْجَحِيمِ","translation_en":"And he will look and see him in the midst of the Hellfire.","translation_id":"Maka ia meninjaunya, lalu dia melihat temannya itu di tengah-tengah neraka menyala-nyala."},{"number":56,"text":"قَالَ تَٱللَّهِ إِن كِدتَّ لَتُرْدِينِ","translation_en":"He will say, \"By Allah, you almost ruined me.","translation_id":"Ia berkata (pula): \"Demi Allah, sesungguhnya kamu benar-benar hampir mencelakakanku,"},{"number":57,"text":"وَلَوْلَا نِعْمَةُ رَبِّى لَكُنتُ مِنَ ٱلْمُحْضَرِينَ","translation_en":"If not for the favor of my Lord, I would have been of those brought in [to Hell].","translation_id":"jikalau tidaklah karena nikmat Tuhanku pastilah aku termasuk orang-orang yang diseret (ke neraka)."},{"number":58,"text":"أَفَمَا نَحْنُ بِمَيِّتِينَ","translation_en":"Then, are we not to die","translation_id":"Maka apakah kita tidak akan mati?,"},{"number":59,"text":"إِلَّا مَوْتَتَنَا ٱلْأُولَىٰ وَمَا نَحْنُ بِمُعَذَّبِينَ","translation_en":"Except for our first death, and we will not be punished?\"","translation_id":"melainkan hanya kematian kita yang pertama saja (di dunia), dan kita tidak akan disiksa (di akhirat ini)?"},{"number":60,"text":"إِنَّ هَٰذَا لَهُوَ ٱلْفَوْزُ ٱلْعَظِيمُ","translation_en":"Indeed, this is the great attainment.","translation_id":"Sesungguhnya ini benar-benar kemenangan yang besar."},{"number":61,"text":"لِمِثْلِ هَٰذَا فَلْيَعْمَلِ ٱلْعَٰمِلُونَ","translation_en":"For the like of this let the workers [on earth] work.","translation_id":"Untuk kemenangan serupa ini hendaklah berusaha orang-orang yang bekerja\""},{"number":62,"text":"أَذَٰلِكَ خَيْرٌ نُّزُلًا أَمْ شَجَرَةُ ٱلزَّقُّومِ","translation_en":"Is Paradise a better accommodation or the tree of zaqqum?","translation_id":"(Makanan surga) itukah hidangan yang lebih baik ataukah pohon zaqqum."},{"number":63,"text":"إِنَّا جَعَلْنَٰهَا فِتْنَةً لِّلظَّٰلِمِينَ","translation_en":"Indeed, We have made it a torment for the wrongdoers.","translation_id":"Sesungguhnya Kami menjadikan pohon zaqqum itu sebagai siksaan bagi orang-orang yang zalim."},{"number":64,"text":"إِنَّهَا شَجَرَةٌ تَخْرُجُ فِىٓ أَصْلِ ٱلْجَحِيمِ","translation_en":"Indeed, it is a tree issuing from the bottom of the Hellfire,","translation_id":"Sesungguhnya dia adalah sebatang pohon yang ke luar dan dasar neraka yang menyala."},{"number":65,"text":"طَلْعُهَا كَأَنَّهُۥ رُءُوسُ ٱلشَّيَٰطِينِ","translation_en":"Its emerging fruit as if it was heads of the devils.","translation_id":"mayangnya seperti kepala syaitan-syaitan."},{"number":66,"text":"فَإِنَّهُمْ لَءَاكِلُونَ مِنْهَا فَمَالِـُٔونَ مِنْهَا ٱلْبُطُونَ","translation_en":"And indeed, they will eat from it and fill with it their bellies.","translation_id":"Maka sesungguhnya mereka benar-benar memakan sebagian dari buah pohon itu, maka mereka memenuhi perutnya dengan buah zaqqum itu."},{"number":67,"text":"ثُمَّ إِنَّ لَهُمْ عَلَيْهَا لَشَوْبًا مِّنْ حَمِيمٍ","translation_en":"Then indeed, they will have after it a mixture of scalding water.","translation_id":"Kemudian sesudah makan buah pohon zaqqum itu pasti mereka mendapat minuman yang bercampur dengan air yang sangat panas."},{"number":68,"text":"ثُمَّ إِنَّ مَرْجِعَهُمْ لَإِلَى ٱلْجَحِيمِ","translation_en":"Then indeed, their return will be to the Hellfire.","translation_id":"Kemudian sesungguhnya tempat kembali mereka benar-benar ke neraka Jahim."},{"number":69,"text":"إِنَّهُمْ أَلْفَوْا۟ ءَابَآءَهُمْ ضَآلِّينَ","translation_en":"Indeed they found their fathers astray.","translation_id":"Karena sesungguhnya mereka mendapati bapak-bapak mereka dalam Keadaaan sesat."},{"number":70,"text":"فَهُمْ عَلَىٰٓ ءَاثَٰرِهِمْ يُهْرَعُونَ","translation_en":"So they hastened [to follow] in their footsteps.","translation_id":"Lalu mereka sangat tergesa-gesa mengikuti jejak orang-orang tua mereka itu."},{"number":71,"text":"وَلَقَدْ ضَلَّ قَبْلَهُمْ أَكْثَرُ ٱلْأَوَّلِينَ","translation_en":"And there had already strayed before them most of the former peoples,","translation_id":"Dan sesungguhnya telah sesat sebelum mereka (Quraisy) sebagian besar dari orang-orang yang dahulu,"},{"number":72,"text":"وَلَقَدْ أَرْسَلْنَا فِيهِم مُّنذِرِينَ","translation_en":"And We had already sent among them warners.","translation_id":"dan sesungguhnya telah Kami utus pemberi-pemberi peringatan (rasul-rasul) di kalangan mereka."},{"number":73,"text":"فَٱنظُرْ كَيْفَ كَانَ عَٰقِبَةُ ٱلْمُنذَرِينَ","translation_en":"Then look how was the end of those who were warned -","translation_id":"Maka perhatikanlah bagaimana kesudahan orang-orang yang diberi peringatan itu."},{"number":74,"text":"إِلَّا عِبَادَ ٱللَّهِ ٱلْمُخْلَصِينَ","translation_en":"But not the chosen servants of Allah.","translation_id":"Tetapi hamba-hamba Allah yang bersihkan (dari dosa tidak akan diazab)."},{"number":75,"text":"وَلَقَدْ نَادَىٰنَا نُوحٌ فَلَنِعْمَ ٱلْمُجِيبُونَ","translation_en":"And Noah had certainly called Us, and [We are] the best of responders.","translation_id":"Sesungguhnya Nuh telah menyeru Kami: maka sesungguhnya sebaik-baik yang memperkenankan (adalah Kami)."},{"number":76,"text":"وَنَجَّيْنَٰهُ وَأَهْلَهُۥ مِنَ ٱلْكَرْبِ ٱلْعَظِيمِ","translation_en":"And We saved him and his family from the great affliction.","translation_id":"Dan Kami telah menyelamatkannya dan pengikutnya dari bencana yang besar."},{"number":77,"text":"وَجَعَلْنَا ذُرِّيَّتَهُۥ هُمُ ٱلْبَاقِينَ","translation_en":"And We made his descendants those remaining [on the earth]","translation_id":"Dan Kami jadikan anak cucunya orang-orang yang melanjutkan keturunan."},{"number":78,"text":"وَتَرَكْنَا عَلَيْهِ فِى ٱلْءَاخِرِينَ","translation_en":"And left for him [favorable mention] among later generations:","translation_id":"Dan Kami abadikan untuk Nuh itu (pujian yang baik) di kalangan orang-orang yang datang kemudian;"},{"number":79,"text":"سَلَٰمٌ عَلَىٰ نُوحٍ فِى ٱلْعَٰلَمِينَ","translation_en":"\"Peace upon Noah among the worlds.\"","translation_id":"\"Kesejahteraan dilimpahkan atas Nuh di seluruh alam\"."},{"number":80,"text":"إِنَّا كَذَٰلِكَ نَجْزِى ٱلْمُحْسِنِينَ","translation_en":"Indeed, We thus reward the doers of good.","translation_id":"Sesungguhnya demikianlah Kami memberi balasan kepada orang-orang yang berbuat baik."},{"number":81,"text":"إِنَّهُۥ مِنْ عِبَادِنَا ٱلْمُؤْمِنِينَ","translation_en":"Indeed, he was of Our believing servants.","translation_id":"Sesungguhnya dia termasuk di antara hamba-hamba Kami yang beriman."},{"number":82,"text":"ثُمَّ أَغْرَقْنَا ٱلْءَاخَرِينَ","translation_en":"Then We drowned the disbelievers.","translation_id":"Kemudian Kami tenggelamkan orang-orang yang lain."},{"number":83,"text":"وَإِنَّ مِن شِيعَتِهِۦ لَإِبْرَٰهِيمَ","translation_en":"And indeed, among his kind was Abraham,","translation_id":"Dan sesungguhnya Ibrahim benar-benar termasuk golongannya (Nuh)."},{"number":84,"text":"إِذْ جَآءَ رَبَّهُۥ بِقَلْبٍ سَلِيمٍ","translation_en":"When he came to his Lord with a sound heart","translation_id":"(lngatlah) ketika ia datang kepada Tuhannya dengan hati yang suci:"},{"number":85,"text":"إِذْ قَالَ لِأَبِيهِ وَقَوْمِهِۦ مَاذَا تَعْبُدُونَ","translation_en":"[And] when he said to his father and his people, \"What do you worship?","translation_id":"(Ingatlah) ketika ia berkata kepada bapaknya dan kaumnya: \"Apakah yang kamu sembah itu?"},{"number":86,"text":"أَئِفْكًا ءَالِهَةً دُونَ ٱللَّهِ تُرِيدُونَ","translation_en":"Is it falsehood [as] gods other than Allah you desire?","translation_id":"Apakah kamu menghendaki sembahan-sembahan selain Allah dengan jalan berbohong?"},{"number":87,"text":"فَمَا ظَنُّكُم بِرَبِّ ٱلْعَٰلَمِينَ","translation_en":"Then what is your thought about the Lord of the worlds?\"","translation_id":"Maka apakah anggapanmu terhadap Tuhan semesta alam?\""},{"number":88,"text":"فَنَظَرَ نَظْرَةً فِى ٱلنُّجُومِ","translation_en":"And he cast a look at the stars","translation_id":"Lalu ia memandang sekali pandang ke bintang-bintang."},{"number":89,"text":"فَقَالَ إِنِّى سَقِيمٌ","translation_en":"And said, \"Indeed, I am [about to be] ill.\"","translation_id":"Kemudian ia berkata: \"Sesungguhnya aku sakit\"."},{"number":90,"text":"فَتَوَلَّوْا۟ عَنْهُ مُدْبِرِينَ","translation_en":"So they turned away from him, departing.","translation_id":"Lalu mereka berpaling daripadanya dengan membelakang."},{"number":91,"text":"فَرَاغَ إِلَىٰٓ ءَالِهَتِهِمْ فَقَالَ أَلَا تَأْكُلُونَ","translation_en":"Then he turned to their gods and said, \"Do you not eat?","translation_id":"Kemudian ia pergi dengan diam-diam kepada berhala-berhala mereka; lalu ia berkata: \"Apakah kamu tidak makan?"},{"number":92,"text":"مَا لَكُمْ لَا تَنطِقُونَ","translation_en":"What is [wrong] with you that you do not speak?\"","translation_id":"Kenapa kamu tidak menjawab?\""},{"number":93,"text":"فَرَاغَ عَلَيْهِمْ ضَرْبًۢا بِٱلْيَمِينِ","translation_en":"And he turned upon them a blow with [his] right hand.","translation_id":"Lalu dihadapinya berhala-berhala itu sambil memukulnya dengan tangan kanannya (dengan kuat)."},{"number":94,"text":"فَأَقْبَلُوٓا۟ إِلَيْهِ يَزِفُّونَ","translation_en":"Then the people came toward him, hastening.","translation_id":"Kemudian kaumnya datang kepadanya dengan bergegas."},{"number":95,"text":"قَالَ أَتَعْبُدُونَ مَا تَنْحِتُونَ","translation_en":"He said, \"Do you worship that which you [yourselves] carve,","translation_id":"Ibrahim berkata: \"Apakah kamu menyembah patung-patung yang kamu pahat itu?"},{"number":96,"text":"وَٱللَّهُ خَلَقَكُمْ وَمَا تَعْمَلُونَ","translation_en":"While Allah created you and that which you do?\"","translation_id":"Padahal Allah-lah yang menciptakan kamu dan apa yang kamu perbuat itu\"."},{"number":97,"text":"قَالُوا۟ ٱبْنُوا۟ لَهُۥ بُنْيَٰنًا فَأَلْقُوهُ فِى ٱلْجَحِيمِ","translation_en":"They said, \"Construct for him a furnace and throw him into the burning fire.\"","translation_id":"Mereka berkata: \"Dirikanlah suatu bangunan untuk (membakar) Ibrahim; lalu lemparkanlah dia ke dalam api yang menyala-nyala itu\"."},{"number":98,"text":"فَأَرَادُوا۟ بِهِۦ كَيْدًا فَجَعَلْنَٰهُمُ ٱلْأَسْفَلِينَ","translation_en":"And they intended for him a plan, but We made them the most debased.","translation_id":"Mereka hendak melakukan tipu muslihat kepadanya, maka Kami jadikan mereka orang-orang yang hina."},{"number":99,"text":"وَقَالَ إِنِّى ذَاهِبٌ إِلَىٰ رَبِّى سَيَهْدِينِ","translation_en":"And [then] he said, \"Indeed, I will go to [where I am ordered by] my Lord; He will guide me.","translation_id":"Dan Ibrahim berkata: \"Sesungguhnya aku pergi menghadap kepada Tuhanku, dan Dia akan memberi petunjuk kepadaku."},{"number":100,"text":"رَبِّ هَبْ لِى مِنَ ٱلصَّٰلِحِينَ","translation_en":"My Lord, grant me [a child] from among the righteous.\"","translation_id":"Ya Tuhanku, anugrahkanlah kepadaku (seorang anak) yang termasuk orang-orang yang saleh."},{"number":101,"text":"فَبَشَّرْنَٰهُ بِغُلَٰمٍ حَلِيمٍ","translation_en":"So We gave him good tidings of a forbearing boy.","translation_id":"Maka Kami beri dia khabar gembira dengan seorang anak yang amat sabar."},{"number":102,"text":"فَلَمَّا بَلَغَ مَعَهُ ٱلسَّعْىَ قَالَ يَٰبُنَىَّ إِنِّىٓ أَرَىٰ فِى ٱلْمَنَامِ أَنِّىٓ أَذْبَحُكَ فَٱنظُرْ مَاذَا تَرَىٰ قَالَ يَٰٓأَبَتِ ٱفْعَلْ مَا تُؤْمَرُ سَتَجِدُنِىٓ إِن شَآءَ ٱللَّهُ مِنَ ٱلصَّٰبِرِينَ","translation_en":"And when he reached with him [the age of] exertion, he said, \"O my son, indeed I have seen in a dream that I [must] sacrifice you, so see what you think.\" He said, \"O my father, do as you are commanded. You will find me, if Allah wills, of the steadfast.\"","translation_id":"Maka tatkala anak itu sampai (pada umur sanggup) berusaha bersama-sama Ibrahim, Ibrahim berkata: \"Hai anakku sesungguhnya aku melihat dalam mimpi bahwa aku menyembelihmu. Maka fikirkanlah apa pendapatmu!\" Ia menjawab: \"Hai bapakku, kerjakanlah apa yang diperintahkan kepadamu; insya Allah kamu akan mendapatiku termasuk orang-orang yang sabar\"."},{"number":103,"text":"فَلَمَّآ أَسْلَمَا وَتَلَّهُۥ لِلْجَبِينِ","translation_en":"And when they had both submitted and he put him down upon his forehead,","translation_id":"Tatkala keduanya telah berserah diri dan Ibrahim membaringkan anaknya atas pelipis(nya), (nyatalah kesabaran keduanya)."},{"number":104,"text":"وَنَٰدَيْنَٰهُ أَن يَٰٓإِبْرَٰهِيمُ","translation_en":"We called to him, \"O Abraham,","translation_id":"Dan Kami panggillah dia: \"Hai Ibrahim,"},{"number":105,"text":"قَدْ صَدَّقْتَ ٱلرُّءْيَآ إِنَّا كَذَٰلِكَ نَجْزِى ٱلْمُحْسِنِينَ","translation_en":"You have fulfilled the vision.\" Indeed, We thus reward the doers of good.","translation_id":"sesungguhnya kamu telah membenarkan mimpi itu sesungguhnya demikianlah Kami memberi balasan kepada orang-orang yang berbuat baik."},{"number":106,"text":"إِنَّ هَٰذَا لَهُوَ ٱلْبَلَٰٓؤُا۟ ٱلْمُبِينُ","translation_en":"Indeed, this was the clear trial.","translation_id":"Sesungguhnya ini benar-benar suatu ujian yang nyata."},{"number":107,"text":"وَفَدَيْنَٰهُ بِذِبْحٍ عَظِيمٍ","translation_en":"And We ransomed him with a great sacrifice,","translation_id":"Dan Kami tebus anak itu dengan seekor sembelihan yang besar."},{"number":108,"text":"وَتَرَكْنَا عَلَيْهِ فِى ٱلْءَاخِرِينَ","translation_en":"And We left for him [favorable mention] among later generations:","translation_id":"Kami abadikan untuk Ibrahim itu (pujian yang baik) di kalangan orang-orang yang datang kemudian,"},{"number":109,"text":"سَلَٰمٌ عَلَىٰٓ إِبْرَٰهِيمَ","translation_en":"\"Peace upon Abraham.\"","translation_id":"(yaitu)\"Kesejahteraan dilimpahkan atas Ibrahim\"."},{"number":110,"text":"كَذَٰلِكَ نَجْزِى ٱلْمُحْسِنِينَ","translation_en":"Indeed, We thus reward the doers of good.","translation_id":"Demikianlah Kami memberi balasan kepada orang-orang yang berbuat baik."},{"number":111,"text":"إِنَّهُۥ مِنْ عِبَادِنَا ٱلْمُؤْمِنِينَ","translation_en":"Indeed, he was of Our believing servants.","translation_id":"Sesungguhnya ia termasuk hamba-hamba Kami yang beriman."},{"number":112,"text":"وَبَشَّرْنَٰهُ بِإِسْحَٰقَ نَبِيًّا مِّنَ ٱلصَّٰلِحِينَ","translation_en":"And We gave him good tidings of Isaac, a prophet from among the righteous.","translation_id":"Dan Kami beri dia kabar gembira dengan (kelahiran) Ishaq seorang nabi yang termasuk orang-orang yang saleh."},{"number":113,"text":"وَبَٰرَكْنَا عَلَيْهِ وَعَلَىٰٓ إِسْحَٰقَ وَمِن ذُرِّيَّتِهِمَا مُحْسِنٌ وَظَالِمٌ لِّنَفْسِهِۦ مُبِينٌ","translation_en":"And We blessed him and Isaac. But among their descendants is the doer of good and the clearly unjust to himself.","translation_id":"Kami limpahkan keberkatan atasnya dan atas Ishaq. Dan diantara anak cucunya ada yang berbuat baik dan ada (pula) yang Zalim terhadap dirinya sendiri dengan nyata."},{"number":114,"text":"وَلَقَدْ مَنَنَّا عَلَىٰ مُوسَىٰ وَهَٰرُونَ","translation_en":"And We did certainly confer favor upon Moses and Aaron.","translation_id":"Dan sesungguhnya Kami telah melimpahkan nikmat atas Musa dan Harun."},{"number":115,"text":"وَنَجَّيْنَٰهُمَا وَقَوْمَهُمَا مِنَ ٱلْكَرْبِ ٱلْعَظِيمِ","translation_en":"And We saved them and their people from the great affliction,","translation_id":"Dan Kami selamatkan keduanya dan kaumnya dari bencana yang besar."},{"number":116,"text":"وَنَصَرْنَٰهُمْ فَكَانُوا۟ هُمُ ٱلْغَٰلِبِينَ","translation_en":"And We supported them so it was they who overcame.","translation_id":"Dan Kami tolong mereka, maka jadilah mereka orang-orang yang menang."},{"number":117,"text":"وَءَاتَيْنَٰهُمَا ٱلْكِتَٰبَ ٱلْمُسْتَبِينَ","translation_en":"And We gave them the explicit Scripture,","translation_id":"Dan Kami berikan kepada keduanya kitab yang sangat jelas."},{"number":118,"text":"وَهَدَيْنَٰهُمَا ٱلصِّرَٰطَ ٱلْمُسْتَقِيمَ","translation_en":"And We guided them on the straight path.","translation_id":"Dan Kami tunjuki keduanya ke jalan yang lurus."},{"number":119,"text":"وَتَرَكْنَا عَلَيْهِمَا فِى ٱلْءَاخِرِينَ","translation_en":"And We left for them [favorable mention] among later generations:","translation_id":"Dan Kami abadikan untuk keduanya (pujian yang baik) dikalangan orang-orang yang datang kemudian;"},{"number":120,"text":"سَلَٰمٌ عَلَىٰ مُوسَىٰ وَهَٰرُونَ","translation_en":"\"Peace upon Moses and Aaron.\"","translation_id":"(yaitu): \"Kesejahteraan dilimpahkan atas Musa dan Harun\"."},{"number":121,"text":"إِنَّا كَذَٰلِكَ نَجْزِى ٱلْمُحْسِنِينَ","translation_en":"Indeed, We thus reward the doers of good.","translation_id":"Sesungguhnya demikianlah Kami memberi balasan kepada orang-orang yang berbuat baik."},{"number":122,"text":"إِنَّهُمَا مِنْ عِبَادِنَا ٱلْمُؤْمِنِينَ","translation_en":"Indeed, they were of Our believing servants.","translation_id":"Sesungguhnya keduanya termasuk hamba-hamba Kami yang beriman."},{"number":123,"text":"وَإِنَّ إِلْيَاسَ لَمِنَ ٱلْمُرْسَلِينَ","translation_en":"And indeed, Elias was from among the messengers,","translation_id":"Dan sesungguhnya Ilyas benar-benar termasuk salah seorang rasul-rasul."},{"number":124,"text":"إِذْ قَالَ لِقَوْمِهِۦٓ أَلَا تَتَّقُونَ","translation_en":"When he said to his people, \"Will you not fear Allah?","translation_id":"(ingatlah) ketika ia berkata kepada kaumnya: \"Mengapa kamu tidak bertakwa?"},{"number":125,"text":"أَتَدْعُونَ بَعْلًا وَتَذَرُونَ أَحْسَنَ ٱلْخَٰلِقِينَ","translation_en":"Do you call upon Ba'l and leave the best of creators -","translation_id":"Patutkah kamu menyembah Ba'l dan kamu tinggalkan sebaik-baik Pencipta,"},{"number":126,"text":"ٱللَّهَ رَبَّكُمْ وَرَبَّ ءَابَآئِكُمُ ٱلْأَوَّلِينَ","translation_en":"Allah, your Lord and the Lord of your first forefathers?\"","translation_id":"(yaitu) Allah Tuhanmu dan Tuhan bapak-bapakmu yang terdahulu?\""},{"number":127,"text":"فَكَذَّبُوهُ فَإِنَّهُمْ لَمُحْضَرُونَ","translation_en":"And they denied him, so indeed, they will be brought [for punishment],","translation_id":"Maka mereka mendustakannya, karena itu mereka akan diseret (ke neraka),"},{"number":128,"text":"إِلَّا عِبَادَ ٱللَّهِ ٱلْمُخْلَصِينَ","translation_en":"Except the chosen servants of Allah.","translation_id":"kecuali hamba-hamba Allah yang dibersihkan (dari dosa)."},{"number":129,"text":"وَتَرَكْنَا عَلَيْهِ فِى ٱلْءَاخِرِينَ","translation_en":"And We left for him [favorable mention] among later generations:","translation_id":"Dan Kami abadikan untuk Ilyas (pujian yang baik) di kalangan orang-orang yang datang kemudian."},{"number":130,"text":"سَلَٰمٌ عَلَىٰٓ إِلْ يَاسِينَ","translation_en":"\"Peace upon Elias.\"","translation_id":"(yaitu): \"Kesejahteraan dilimpahkan atas Ilyas?\""},{"number":131,"text":"إِنَّا كَذَٰلِكَ نَجْزِى ٱلْمُحْسِنِينَ","translation_en":"Indeed, We thus reward the doers of good.","translation_id":"Sesungguhnya demikianlah Kami memberi balasan kepada orang-orang yang berbuat baik."},{"number":132,"text":"إِنَّهُۥ مِنْ عِبَادِنَا ٱلْمُؤْمِنِينَ","translation_en":"Indeed, he was of Our believing servants.","translation_id":"Sesungguhnya dia termasuk hamba-hamba Kami yang beriman."},{"number":133,"text":"وَإِنَّ لُوطًا لَّمِنَ ٱلْمُرْسَلِينَ","translation_en":"And indeed, Lot was among the messengers.","translation_id":"Sesungguhnya Luth benar-benar salah seorang rasul."},{"number":134,"text":"إِذْ نَجَّيْنَٰهُ وَأَهْلَهُۥٓ أَجْمَعِينَ","translation_en":"[So mention] when We saved him and his family, all,","translation_id":"(Ingatlah) ketika Kami selamatkan dia dan keluarganya (pengikut-pengikutnya) semua,"},{"number":135,"text":"إِلَّا عَجُوزًا فِى ٱلْغَٰبِرِينَ","translation_en":"Except his wife among those who remained [with the evildoers].","translation_id":"kecuali seorang perempuan tua (isterinya yang berada) bersama-sama orang yang tinggal."},{"number":136,"text":"ثُمَّ دَمَّرْنَا ٱلْءَاخَرِينَ","translation_en":"Then We destroyed the others.","translation_id":"Kemudian Kami binasakan orang-orang yang lain."},{"number":137,"text":"وَإِنَّكُمْ لَتَمُرُّونَ عَلَيْهِم مُّصْبِحِينَ","translation_en":"And indeed, you pass by them in the morning","translation_id":"Dan sesungguhnya kamu (hai penduduk Mekah) benar-benar akan melalui (bekas-bekas) mereka di waktu pagi,"},{"number":138,"text":"وَبِٱلَّيْلِ أَفَلَا تَعْقِلُونَ","translation_en":"And at night. Then will you not use reason?","translation_id":"dan di waktu malam. Maka apakah kamu tidak memikirkan?"},{"number":139,"text":"وَإِنَّ يُونُسَ لَمِنَ ٱلْمُرْسَلِينَ","translation_en":"And indeed, Jonah was among the messengers.","translation_id":"Sesungguhnya Yunus benar-benar salah seorang rasul,"},{"number":140,"text":"إِذْ أَبَقَ إِلَى ٱلْفُلْكِ ٱلْمَشْحُونِ","translation_en":"[Mention] when he ran away to the laden ship.","translation_id":"(ingatlah) ketika ia lari, ke kapal yang penuh muatan,"},{"number":141,"text":"فَسَاهَمَ فَكَانَ مِنَ ٱلْمُدْحَضِينَ","translation_en":"And he drew lots and was among the losers.","translation_id":"kemudian ia ikut berundi lalu dia termasuk orang-orang yang kalah dalam undian."},{"number":142,"text":"فَٱلْتَقَمَهُ ٱلْحُوتُ وَهُوَ مُلِيمٌ","translation_en":"Then the fish swallowed him, while he was blameworthy.","translation_id":"Maka ia ditelan oleh ikan besar dalam keadaan tercela."},{"number":143,"text":"فَلَوْلَآ أَنَّهُۥ كَانَ مِنَ ٱلْمُسَبِّحِينَ","translation_en":"And had he not been of those who exalt Allah,","translation_id":"Maka kalau sekiranya dia tidak termasuk orang-orang yang banyak mengingat Allah,"},{"number":144,"text":"لَلَبِثَ فِى بَطْنِهِۦٓ إِلَىٰ يَوْمِ يُبْعَثُونَ","translation_en":"He would have remained inside its belly until the Day they are resurrected.","translation_id":"niscaya ia akan tetap tinggal di perut ikan itu sampai hari berbangkit."},{"number":145,"text":"فَنَبَذْنَٰهُ بِٱلْعَرَآءِ وَهُوَ سَقِيمٌ","translation_en":"But We threw him onto the open shore while he was ill.","translation_id":"Kemudian Kami lemparkan dia ke daerah yang tandus, sedang ia dalam keadaan sakit."},{"number":146,"text":"وَأَنۢبَتْنَا عَلَيْهِ شَجَرَةً مِّن يَقْطِينٍ","translation_en":"And We caused to grow over him a gourd vine.","translation_id":"Dan Kami tumbuhkan untuk dia sebatang pohon dari jenis labu."},{"number":147,"text":"وَأَرْسَلْنَٰهُ إِلَىٰ مِا۟ئَةِ أَلْفٍ أَوْ يَزِيدُونَ","translation_en":"And We sent him to [his people of] a hundred thousand or more.","translation_id":"Dan Kami utus dia kepada seratus ribu orang atau lebih."},{"number":148,"text":"فَـَٔامَنُوا۟ فَمَتَّعْنَٰهُمْ إِلَىٰ حِينٍ","translation_en":"And they believed, so We gave them enjoyment [of life] for a time.","translation_id":"Lalu mereka beriman, karena itu Kami anugerahkan kenikmatan hidup kepada mereka hingga waktu yang tertentu."},{"number":149,"text":"فَٱسْتَفْتِهِمْ أَلِرَبِّكَ ٱلْبَنَاتُ وَلَهُمُ ٱلْبَنُونَ","translation_en":"So inquire of them, [O Muhammad], \"Does your Lord have daughters while they have sons?","translation_id":"Tanyakanlah (ya Muhammad) kepada mereka (orang-orang kafir Mekah): \"Apakah untuk Tuhanmu anak-anak perempuan dan untuk mereka anak laki-laki,"},{"number":150,"text":"أَمْ خَلَقْنَا ٱلْمَلَٰٓئِكَةَ إِنَٰثًا وَهُمْ شَٰهِدُونَ","translation_en":"Or did We create the angels as females while they were witnesses?\"","translation_id":"atau apakah Kami menciptakan malaikat-malaikat berupa perempuan dan mereka menyaksikan(nya)?"},{"number":151,"text":"أَلَآ إِنَّهُم مِّنْ إِفْكِهِمْ لَيَقُولُونَ","translation_en":"Unquestionably, it is out of their [invented] falsehood that they say,","translation_id":"Ketahuilah bahwa sesungguhnya mereka dengan kebohongannya benar-benar mengatakan:"},{"number":152,"text":"وَلَدَ ٱللَّهُ وَإِنَّهُمْ لَكَٰذِبُونَ","translation_en":"\" Allah has begotten,\" and indeed, they are liars.","translation_id":"\"Allah beranak\". Dan sesungguhnya mereka benar-benar orang yang berdusta."},{"number":153,"text":"أَصْطَفَى ٱلْبَنَاتِ عَلَى ٱلْبَنِينَ","translation_en":"Has He chosen daughters over sons?","translation_id":"Apakah Tuhan memilih (mengutamakan) anak-anak perempuan daripada anak laki-laki?"},{"number":154,"text":"مَا لَكُمْ كَيْفَ تَحْكُمُونَ","translation_en":"What is [wrong] with you? How do you make judgement?","translation_id":"Apakah yang terjadi padamu? Bagaimana (caranya) kamu menetapkan?"},{"number":155,"text":"أَفَلَا تَذَكَّرُونَ","translation_en":"Then will you not be reminded?","translation_id":"Maka apakah kamu tidak memikirkan?"},{"number":156,"text":"أَمْ لَكُمْ سُلْطَٰنٌ مُّبِينٌ","translation_en":"Or do you have a clear authority?","translation_id":"Atau apakah kamu mempunyai bukti yang nyata?"},{"number":157,"text":"فَأْتُوا۟ بِكِتَٰبِكُمْ إِن كُنتُمْ صَٰدِقِينَ","translation_en":"Then produce your scripture, if you should be truthful.","translation_id":"Maka bawalah kitabmu jika kamu memang orang-orang yang benar."},{"number":158,"text":"وَجَعَلُوا۟ بَيْنَهُۥ وَبَيْنَ ٱلْجِنَّةِ نَسَبًا وَلَقَدْ عَلِمَتِ ٱلْجِنَّةُ إِنَّهُمْ لَمُحْضَرُونَ","translation_en":"And they have claimed between Him and the jinn a lineage, but the jinn have already known that they [who made such claims] will be brought to [punishment].","translation_id":"Dan mereka adakan (hubungan) nasab antara Allah dan antara jin. Dan sesungguhnya jin mengetahui bahwa mereka benar-benar akan diseret (ke neraka),"},{"number":159,"text":"سُبْحَٰنَ ٱللَّهِ عَمَّا يَصِفُونَ","translation_en":"Exalted is Allah above what they describe,","translation_id":"Maha Suci Allah dari apa yang mereka sifatkan,"},{"number":160,"text":"إِلَّا عِبَادَ ٱللَّهِ ٱلْمُخْلَصِينَ","translation_en":"Except the chosen servants of Allah [who do not share in that sin].","translation_id":"Kecuali hamba-hamba Allah yang dibersihkan dari (dosa)."},{"number":161,"text":"فَإِنَّكُمْ وَمَا تَعْبُدُونَ","translation_en":"So indeed, you [disbelievers] and whatever you worship,","translation_id":"Maka sesungguhnya kamu dan apa-apa yang kamu sembah itu,"},{"number":162,"text":"مَآ أَنتُمْ عَلَيْهِ بِفَٰتِنِينَ","translation_en":"You cannot tempt [anyone] away from Him","translation_id":"Sekali-kali tidak dapat menyesatkan (seseorang) terhadap Allah,"},{"number":163,"text":"إِلَّا مَنْ هُوَ صَالِ ٱلْجَحِيمِ","translation_en":"Except he who is to [enter and] burn in the Hellfire.","translation_id":"kecuali orang-orang yang akan masuk neraka yang menyala."},{"number":164,"text":"وَمَا مِنَّآ إِلَّا لَهُۥ مَقَامٌ مَّعْلُومٌ","translation_en":"[The angels say], \"There is not among us any except that he has a known position.","translation_id":"Tiada seorangpun di antara kami (malaikat) melainkan mempunyai kedudukan yang tertentu,"},{"number":165,"text":"وَإِنَّا لَنَحْنُ ٱلصَّآفُّونَ","translation_en":"And indeed, we are those who line up [for prayer].","translation_id":"dan sesungguhnya kami benar-benar bershaf-shaf (dalam menunaikan perintah Allah)."},{"number":166,"text":"وَإِنَّا لَنَحْنُ ٱلْمُسَبِّحُونَ","translation_en":"And indeed, we are those who exalt Allah.\"","translation_id":"Dan sesungguhnya kami benar-benar bertasbih (kepada Allah)."},{"number":167,"text":"وَإِن كَانُوا۟ لَيَقُولُونَ","translation_en":"And indeed, the disbelievers used to say,","translation_id":"Sesungguhnya mereka benar-benar akan berkata:"},{"number":168,"text":"لَوْ أَنَّ عِندَنَا ذِكْرًا مِّنَ ٱلْأَوَّلِينَ","translation_en":"\"If we had a message from [those of] the former peoples,","translation_id":"\"Kalau sekiranya di sksi kami ada sebuah kitab dari (kitab-kitab yang diturunkan) kepada orang-orang dahulu,"},{"number":169,"text":"لَكُنَّا عِبَادَ ٱللَّهِ ٱلْمُخْلَصِينَ","translation_en":"We would have been the chosen servants of Allah.\"","translation_id":"benar-benar kami akan jadi hamba Allah yang dibersihkan (dari dosa)\"."},{"number":170,"text":"فَكَفَرُوا۟ بِهِۦ فَسَوْفَ يَعْلَمُونَ","translation_en":"But they disbelieved in it, so they are going to know.","translation_id":"Tetapi mereka mengingkarinya (Al Quran); maka kelak mereka akan mengetahui (akibat keingkarannya itu)."},{"number":171,"text":"وَلَقَدْ سَبَقَتْ كَلِمَتُنَا لِعِبَادِنَا ٱلْمُرْسَلِينَ","translation_en":"And Our word has already preceded for Our servants, the messengers,","translation_id":"Dan sesungguhnya telah tetap janji Kami kepada hamba-hamba Kami yang menjadi rasul,"},{"number":172,"text":"إِنَّهُمْ لَهُمُ ٱلْمَنصُورُونَ","translation_en":"[That] indeed, they would be those given victory","translation_id":"(yaitu) sesungguhnya mereka itulah yang pasti mendapat pertolongan."},{"number":173,"text":"وَإِنَّ جُندَنَا لَهُمُ ٱلْغَٰلِبُونَ","translation_en":"And [that] indeed, Our soldiers will be those who overcome.","translation_id":"Dan sesungguhnya tentara Kami itulah yang pasti menang,"},{"number":174,"text":"فَتَوَلَّ عَنْهُمْ حَتَّىٰ حِينٍ","translation_en":"So, [O Muhammad], leave them for a time.","translation_id":"Maka berpalinglah kamu (Muhammad) dari mereka sampai suatu ketika."},{"number":175,"text":"وَأَبْصِرْهُمْ فَسَوْفَ يُبْصِرُونَ","translation_en":"And see [what will befall] them, for they are going to see.","translation_id":"Dan lihatlah mereka, maka kelak mereka akan melihat (azab itu)."},{"number":176,"text":"أَفَبِعَذَابِنَا يَسْتَعْجِلُونَ","translation_en":"Then for Our punishment are they impatient?","translation_id":"Maka apakah mereka meminta supaya siksa Kami disegerakan?"},{"number":177,"text":"فَإِذَا نَزَلَ بِسَاحَتِهِمْ فَسَآءَ صَبَاحُ ٱلْمُنذَرِينَ","translation_en":"But when it descends in their territory, then evil is the morning of those who were warned.","translation_id":"Maka apabila siksaan itu turun dihalaman mereka, maka amat buruklah pagi hari yang dialami oleh orang-orang yang diperingatkan itu."},{"number":178,"text":"وَتَوَلَّ عَنْهُمْ حَتَّىٰ حِينٍ","translation_en":"And leave them for a time.","translation_id":"Dan berpalinglah kamu dari mereka hingga suatu ketika."},{"number":179,"text":"وَأَبْصِرْ فَسَوْفَ يُبْصِرُونَ","translation_en":"And see, for they are going to see.","translation_id":"Dan lihatlah, maka kelak mereka juga akan melihat."},{"number":180,"text":"سُبْحَٰنَ رَبِّكَ رَبِّ ٱلْعِزَّةِ عَمَّا يَصِفُونَ","translation_en":"Exalted is your Lord, the Lord of might, above what they describe.","translation_id":"Maha Suci Tuhanmu Yang mempunyai keperkasaan dari apa yang mereka katakan."},{"number":181,"text":"وَسَلَٰمٌ عَلَى ٱلْمُرْسَلِينَ","translation_en":"And peace upon the messengers.","translation_id":"Dan kesejahteraan dilimpahkan atas para rasul."},{"number":182,"text":"وَٱلْحَمْدُ لِلَّهِ رَبِّ ٱلْعَٰلَمِينَ","translation_en":"And praise to Allah, Lord of the worlds.","translation_id":"Dan segala puji bagi Allah Tuhan seru sekalian alam."}]}