{"number":39,"name":"سورة الزمر","transliteration_en":"Az-Zumar","translation_en":"The Groups","total_verses":75,"revelation_type":"Meccan","verses":[{"number":1,"text":"بِسْمِ ٱللَّهِ ٱلرَّحْمَٰنِ ٱلرَّحِيمِ تَنزِيلُ ٱلْكِتَٰبِ مِنَ ٱللَّهِ ٱلْعَزِيزِ ٱلْحَكِيمِ","translation_en":"The revelation of the Qur'an is from Allah, the Exalted in Might, the Wise.","translation_id":"Kitab (Al Quran ini) diturunkan oleh Allah Yang Maha Perkasa lagi Maha Bijaksana."},{"number":2,"text":"إِنَّآ أَنزَلْنَآ إِلَيْكَ ٱلْكِتَٰبَ بِٱلْحَقِّ فَٱعْبُدِ ٱللَّهَ مُخْلِصًا لَّهُ ٱلدِّينَ","translation_en":"Indeed, We have sent down to you the Book, [O Muhammad], in truth. So worship Allah, [being] sincere to Him in religion.","translation_id":"Sesunguhnya Kami menurunkan kepadamu Kitab (Al Quran) dengan (membawa) kebenaran. Maka sembahlah Allah dengan memurnikan ketaatan kepada-Nya."},{"number":3,"text":"أَلَا لِلَّهِ ٱلدِّينُ ٱلْخَالِصُ وَٱلَّذِينَ ٱتَّخَذُوا۟ مِن دُونِهِۦٓ أَوْلِيَآءَ مَا نَعْبُدُهُمْ إِلَّا لِيُقَرِّبُونَآ إِلَى ٱللَّهِ زُلْفَىٰٓ إِنَّ ٱللَّهَ يَحْكُمُ بَيْنَهُمْ فِى مَا هُمْ فِيهِ يَخْتَلِفُونَ إِنَّ ٱللَّهَ لَا يَهْدِى مَنْ هُوَ كَٰذِبٌ كَفَّارٌ","translation_en":"Unquestionably, for Allah is the pure religion. And those who take protectors besides Him [say], \"We only worship them that they may bring us nearer to Allah in position.\" Indeed, Allah will judge between them concerning that over which they differ. Indeed, Allah does not guide he who is a liar and [confirmed] disbeliever.","translation_id":"Ingatlah, hanya kepunyaan Allah-lah agama yang bersih (dari syirik). Dan orang-orang yang mengambil pelindung selain Allah (berkata): \"Kami tidak menyembah mereka melainkan supaya mereka mendekatkan kami kepada Allah dengan sedekat-dekatnya\". Sesungguhnya Allah akan memutuskan di antara mereka tentang apa yang mereka berselisih padanya. Sesungguhnya Allah tidak menunjuki orang-orang yang pendusta dan sangat ingkar."},{"number":4,"text":"لَّوْ أَرَادَ ٱللَّهُ أَن يَتَّخِذَ وَلَدًا لَّٱصْطَفَىٰ مِمَّا يَخْلُقُ مَا يَشَآءُ سُبْحَٰنَهُۥ هُوَ ٱللَّهُ ٱلْوَٰحِدُ ٱلْقَهَّارُ","translation_en":"If Allah had intended to take a son, He could have chosen from what He creates whatever He willed. Exalted is He; He is Allah, the One, the Prevailing.","translation_id":"Kalau sekiranya Allah hendak mengambil anak, tentu Dia akan memilih apa yang dikehendaki-Nya di antara ciptaan-ciptaan yang telah diciptakan-Nya. Maha Suci Allah. Dialah Allah Yang Maha Esa lagi Maha Mengalahkan."},{"number":5,"text":"خَلَقَ ٱلسَّمَٰوَٰتِ وَٱلْأَرْضَ بِٱلْحَقِّ يُكَوِّرُ ٱلَّيْلَ عَلَى ٱلنَّهَارِ وَيُكَوِّرُ ٱلنَّهَارَ عَلَى ٱلَّيْلِ وَسَخَّرَ ٱلشَّمْسَ وَٱلْقَمَرَ كُلٌّ يَجْرِى لِأَجَلٍ مُّسَمًّى أَلَا هُوَ ٱلْعَزِيزُ ٱلْغَفَّٰرُ","translation_en":"He created the heavens and earth in truth. He wraps the night over the day and wraps the day over the night and has subjected the sun and the moon, each running [its course] for a specified term. Unquestionably, He is the Exalted in Might, the Perpetual Forgiver.","translation_id":"Dia menciptakan langit dan bumi dengan (tujuan) yang benar; Dia menutupkan malam atas siang dan menutupkan siang atas malam dan menundukkan matahari dan bulan, masing-masing berjalan menurut waktu yang ditentukan. Ingatlah Dialah Yang Maha Perkasa lagi Maha Pengampun."},{"number":6,"text":"خَلَقَكُم مِّن نَّفْسٍ وَٰحِدَةٍ ثُمَّ جَعَلَ مِنْهَا زَوْجَهَا وَأَنزَلَ لَكُم مِّنَ ٱلْأَنْعَٰمِ ثَمَٰنِيَةَ أَزْوَٰجٍ يَخْلُقُكُمْ فِى بُطُونِ أُمَّهَٰتِكُمْ خَلْقًا مِّنۢ بَعْدِ خَلْقٍ فِى ظُلُمَٰتٍ ثَلَٰثٍ ذَٰلِكُمُ ٱللَّهُ رَبُّكُمْ لَهُ ٱلْمُلْكُ لَآ إِلَٰهَ إِلَّا هُوَ فَأَنَّىٰ تُصْرَفُونَ","translation_en":"He created you from one soul. Then He made from it its mate, and He produced for you from the grazing livestock eight mates. He creates you in the wombs of your mothers, creation after creation, within three darknesses. That is Allah, your Lord; to Him belongs dominion. There is no deity except Him, so how are you averted?","translation_id":"Dia menciptakan kamu dari seorang diri kemudian Dia jadikan daripadanya isterinya dan Dia menurunkan untuk kamu delapan ekor yang berpasangan dari binatang ternak. Dia menjadikan kamu dalam perut ibumu kejadian demi kejadian dalam tiga kegelapan. Yang (berbuat) demikian itu adalah Allah, Tuhan kamu, Tuhan Yang mempunyai kerajaan. Tidak ada Tuhan selain Dia; maka bagaimana kamu dapat dipalingkan?"},{"number":7,"text":"إِن تَكْفُرُوا۟ فَإِنَّ ٱللَّهَ غَنِىٌّ عَنكُمْ وَلَا يَرْضَىٰ لِعِبَادِهِ ٱلْكُفْرَ وَإِن تَشْكُرُوا۟ يَرْضَهُ لَكُمْ وَلَا تَزِرُ وَازِرَةٌ وِزْرَ أُخْرَىٰ ثُمَّ إِلَىٰ رَبِّكُم مَّرْجِعُكُمْ فَيُنَبِّئُكُم بِمَا كُنتُمْ تَعْمَلُونَ إِنَّهُۥ عَلِيمٌۢ بِذَاتِ ٱلصُّدُورِ","translation_en":"If you disbelieve - indeed, Allah is Free from need of you. And He does not approve for His servants disbelief. And if you are grateful, He approves it for you; and no bearer of burdens will bear the burden of another. Then to your Lord is your return, and He will inform you about what you used to do. Indeed, He is Knowing of that within the breasts.","translation_id":"Jika kamu kafir maka sesungguhnya Allah tidak memerlukan (iman)mu dan Dia tidak meridhai kekafiran bagi hamba-Nya; dan jika kamu bersyukur, niscaya Dia meridhai bagimu kesyukuranmu itu; dan seorang yang berdosa tidak akan memikul dosa orang lain. Kemudian kepada Tuhanmulah kembalimu lalu Dia memberitakan kepadamu apa yang telah kamu kerjakan. Sesungguhnya Dia Maha Mengetahui apa yang tersimpan dalam (dada)mu."},{"number":8,"text":"وَإِذَا مَسَّ ٱلْإِنسَٰنَ ضُرٌّ دَعَا رَبَّهُۥ مُنِيبًا إِلَيْهِ ثُمَّ إِذَا خَوَّلَهُۥ نِعْمَةً مِّنْهُ نَسِىَ مَا كَانَ يَدْعُوٓا۟ إِلَيْهِ مِن قَبْلُ وَجَعَلَ لِلَّهِ أَندَادًا لِّيُضِلَّ عَن سَبِيلِهِۦ قُلْ تَمَتَّعْ بِكُفْرِكَ قَلِيلًا إِنَّكَ مِنْ أَصْحَٰبِ ٱلنَّارِ","translation_en":"And when adversity touches man, he calls upon his Lord, turning to Him [alone]; then when He bestows on him a favor from Himself, he forgets Him whom he called upon before, and he attributes to Allah equals to mislead [people] from His way. Say, \"Enjoy your disbelief for a little; indeed, you are of the companions of the Fire.\"","translation_id":"Dan apabila manusia itu ditimpa kemudharatan, dia memohon (pertolongan) kepada Tuhannya dengan kembali kepada-Nya; kemudian apabila Tuhan memberikan nikmat-Nya kepadanya lupalah dia akan kemudharatan yang pernah dia berdoa (kepada Allah) untuk (menghilangkannya) sebelum itu, dan dia mengada-adakan sekutu-sekutu bagi Allah untuk menyesatkan (manusia) dari jalan-Nya. Katakanlah: \"Bersenang-senanglah dengan kekafiranmu itu sementara waktu; sesungguhnya kamu termasuk penghuni neraka\"."},{"number":9,"text":"أَمَّنْ هُوَ قَٰنِتٌ ءَانَآءَ ٱلَّيْلِ سَاجِدًا وَقَآئِمًا يَحْذَرُ ٱلْءَاخِرَةَ وَيَرْجُوا۟ رَحْمَةَ رَبِّهِۦ قُلْ هَلْ يَسْتَوِى ٱلَّذِينَ يَعْلَمُونَ وَٱلَّذِينَ لَا يَعْلَمُونَ إِنَّمَا يَتَذَكَّرُ أُو۟لُوا۟ ٱلْأَلْبَٰبِ","translation_en":"Is one who is devoutly obedient during periods of the night, prostrating and standing [in prayer], fearing the Hereafter and hoping for the mercy of his Lord, [like one who does not]? Say, \"Are those who know equal to those who do not know?\" Only they will remember [who are] people of understanding.","translation_id":"(Apakah kamu hai orang musyrik yang lebih beruntung) ataukah orang yang beribadat di waktu-waktu malam dengan sujud dan berdiri, sedang ia takut kepada (azab) akhirat dan mengharapkan rahmat Tuhannya? Katakanlah: \"Adakah sama orang-orang yang mengetahui dengan orang-orang yang tidak mengetahui?\" Sesungguhnya orang yang berakallah yang dapat menerima pelajaran."},{"number":10,"text":"قُلْ يَٰعِبَادِ ٱلَّذِينَ ءَامَنُوا۟ ٱتَّقُوا۟ رَبَّكُمْ لِلَّذِينَ أَحْسَنُوا۟ فِى هَٰذِهِ ٱلدُّنْيَا حَسَنَةٌ وَأَرْضُ ٱللَّهِ وَٰسِعَةٌ إِنَّمَا يُوَفَّى ٱلصَّٰبِرُونَ أَجْرَهُم بِغَيْرِ حِسَابٍ","translation_en":"Say, \"O My servants who have believed, fear your Lord. For those who do good in this world is good, and the earth of Allah is spacious. Indeed, the patient will be given their reward without account.\"","translation_id":"Katakanlah: \"Hai hamba-hamba-Ku yang beriman. bertakwalah kepada Tuhanmu\". Orang-orang yang berbuat baik di dunia ini memperoleh kebaikan. Dan bumi Allah itu adalah luas. Sesungguhnya hanya orang-orang yang bersabarlah Yang dicukupkan pahala mereka tanpa batas."},{"number":11,"text":"قُلْ إِنِّىٓ أُمِرْتُ أَنْ أَعْبُدَ ٱللَّهَ مُخْلِصًا لَّهُ ٱلدِّينَ","translation_en":"Say, [O Muhammad], \"Indeed, I have been commanded to worship Allah, [being] sincere to Him in religion.","translation_id":"Katakanlah: \"Sesungguhnya aku diperintahkan supaya menyembah Allah dengan memurnikan ketaatan kepada-Nya dalam (menjalankan) agama."},{"number":12,"text":"وَأُمِرْتُ لِأَنْ أَكُونَ أَوَّلَ ٱلْمُسْلِمِينَ","translation_en":"And I have been commanded to be the first [among you] of the Muslims.\"","translation_id":"Dan aku diperintahkan supaya menjadi orang yang pertama-tama berserah diri\"."},{"number":13,"text":"قُلْ إِنِّىٓ أَخَافُ إِنْ عَصَيْتُ رَبِّى عَذَابَ يَوْمٍ عَظِيمٍ","translation_en":"Say, \"Indeed I fear, if I should disobey my Lord, the punishment of a tremendous Day.\"","translation_id":"Katakanlah: \"Sesungguhnya aku takut akan siksaan hari yang besar jika aku durhaka kepada Tuhanku\"."},{"number":14,"text":"قُلِ ٱللَّهَ أَعْبُدُ مُخْلِصًا لَّهُۥ دِينِى","translation_en":"Say, \"Allah [alone] do I worship, sincere to Him in my religion,","translation_id":"Katakanlah: \"Hanya Allah saja Yang aku sembah dengan memurnikan ketaatan kepada-Nya dalam (menjalankan) agamaku\"."},{"number":15,"text":"فَٱعْبُدُوا۟ مَا شِئْتُم مِّن دُونِهِۦ قُلْ إِنَّ ٱلْخَٰسِرِينَ ٱلَّذِينَ خَسِرُوٓا۟ أَنفُسَهُمْ وَأَهْلِيهِمْ يَوْمَ ٱلْقِيَٰمَةِ أَلَا ذَٰلِكَ هُوَ ٱلْخُسْرَانُ ٱلْمُبِينُ","translation_en":"So worship what you will besides Him.\" Say, \"Indeed, the losers are the ones who will lose themselves and their families on the Day of Resurrection. Unquestionably, that is the manifest loss.\"","translation_id":"Maka sembahlah olehmu (hai orang-orang musyrik) apa yang kamu kehendaki selain Dia. Katakanlah: \"Sesungguhnya orang-orang yang rugi ialah orang-orang yang merugikan diri mereka sendiri dan keluarganya pada hari kiamat\". Ingatlah yang demikian itu adalah kerugian yang nyata."},{"number":16,"text":"لَهُم مِّن فَوْقِهِمْ ظُلَلٌ مِّنَ ٱلنَّارِ وَمِن تَحْتِهِمْ ظُلَلٌ ذَٰلِكَ يُخَوِّفُ ٱللَّهُ بِهِۦ عِبَادَهُۥ يَٰعِبَادِ فَٱتَّقُونِ","translation_en":"They will have canopies of fire above them and below them, canopies. By that Allah threatens His servants. O My servants, then fear Me.","translation_id":"Bagi mereka lapisan-lapisan dari api di atas mereka dan di bawah merekapun lapisan-lapisan (dari api). Demikianlah Allah mempertakuti hamba-hamba-Nya dengan azab itu. Maka bertakwalah kepada-Ku hai hamba-hamba-Ku."},{"number":17,"text":"وَٱلَّذِينَ ٱجْتَنَبُوا۟ ٱلطَّٰغُوتَ أَن يَعْبُدُوهَا وَأَنَابُوٓا۟ إِلَى ٱللَّهِ لَهُمُ ٱلْبُشْرَىٰ فَبَشِّرْ عِبَادِ","translation_en":"But those who have avoided Taghut, lest they worship it, and turned back to Allah - for them are good tidings. So give good tidings to My servants","translation_id":"Dan orang-orang yang menjauhi thaghut (yaitu) tidak menyembahnya dan kembali kepada Allah, bagi mereka berita gembira; sebab itu sampaikanlah berita itu kepada hamba-hamba-Ku,"},{"number":18,"text":"ٱلَّذِينَ يَسْتَمِعُونَ ٱلْقَوْلَ فَيَتَّبِعُونَ أَحْسَنَهُۥٓ أُو۟لَٰٓئِكَ ٱلَّذِينَ هَدَىٰهُمُ ٱللَّهُ وَأُو۟لَٰٓئِكَ هُمْ أُو۟لُوا۟ ٱلْأَلْبَٰبِ","translation_en":"Who listen to speech and follow the best of it. Those are the ones Allah has guided, and those are people of understanding.","translation_id":"yang mendengarkan perkataan lalu mengikuti apa yang paling baik di antaranya. Mereka itulah orang-orang yang telah diberi Allah petunjuk dan mereka itulah orang-orang yang mempunyai akal."},{"number":19,"text":"أَفَمَنْ حَقَّ عَلَيْهِ كَلِمَةُ ٱلْعَذَابِ أَفَأَنتَ تُنقِذُ مَن فِى ٱلنَّارِ","translation_en":"Then, is one who has deserved the decree of punishment [to be guided]? Then, can you save one who is in the Fire?","translation_id":"Apakah (kamu hendak merubah nasib) orang-orang yang telah pasti ketentuan azab atasnya? Apakah kamu akan menyelamatkan orang yang berada dalam api neraka?"},{"number":20,"text":"لَٰكِنِ ٱلَّذِينَ ٱتَّقَوْا۟ رَبَّهُمْ لَهُمْ غُرَفٌ مِّن فَوْقِهَا غُرَفٌ مَّبْنِيَّةٌ تَجْرِى مِن تَحْتِهَا ٱلْأَنْهَٰرُ وَعْدَ ٱللَّهِ لَا يُخْلِفُ ٱللَّهُ ٱلْمِيعَادَ","translation_en":"But those who have feared their Lord - for them are chambers, above them chambers built high, beneath which rivers flow. [This is] the promise of Allah. Allah does not fail in [His] promise.","translation_id":"Tetapi orang-orang yang bertakwa kepada Tuhannya mereka mendapat tempat-tempat yang tinggi, di atasnya dibangun pula tempat-tempat yang tinggi yang di bawahnya mengalir sungai-sungai. Allah telah berjanji dengan sebenar-benarnya. Allah tidak akan memungkiri janji-Nya."},{"number":21,"text":"أَلَمْ تَرَ أَنَّ ٱللَّهَ أَنزَلَ مِنَ ٱلسَّمَآءِ مَآءً فَسَلَكَهُۥ يَنَٰبِيعَ فِى ٱلْأَرْضِ ثُمَّ يُخْرِجُ بِهِۦ زَرْعًا مُّخْتَلِفًا أَلْوَٰنُهُۥ ثُمَّ يَهِيجُ فَتَرَىٰهُ مُصْفَرًّا ثُمَّ يَجْعَلُهُۥ حُطَٰمًا إِنَّ فِى ذَٰلِكَ لَذِكْرَىٰ لِأُو۟لِى ٱلْأَلْبَٰبِ","translation_en":"Do you not see that Allah sends down rain from the sky and makes it flow as springs [and rivers] in the earth; then He produces thereby crops of varying colors; then they dry and you see them turned yellow; then He makes them [scattered] debris. Indeed in that is a reminder for those of understanding.","translation_id":"Apakah kamu tidak memperhatikan, bahwa sesungguhnya Allah menurunkan air dari langit, maka diaturnya menjadi sumber-sumber air di bumi kemudian ditumbuhkan-Nya dengan air itu tanam-tanaman yang bermacam-macam warnanya, lalu menjadi kering lalu kamu melihatnya kekuning-kuningan, kemudian dijadikan-Nya hancur berderai-derai. Sesungguhnya pada yang demikian itu benar-benar terdapat pelajaran bagi orang-orang yang mempunyai akal."},{"number":22,"text":"أَفَمَن شَرَحَ ٱللَّهُ صَدْرَهُۥ لِلْإِسْلَٰمِ فَهُوَ عَلَىٰ نُورٍ مِّن رَّبِّهِۦ فَوَيْلٌ لِّلْقَٰسِيَةِ قُلُوبُهُم مِّن ذِكْرِ ٱللَّهِ أُو۟لَٰٓئِكَ فِى ضَلَٰلٍ مُّبِينٍ","translation_en":"So is one whose breast Allah has expanded to [accept] Islam and he is upon a light from his Lord [like one whose heart rejects it]? Then woe to those whose hearts are hardened against the remembrance of Allah. Those are in manifest error.","translation_id":"Maka apakah orang-orang yang dibukakan Allah hatinya untuk (menerima) agama Islam lalu ia mendapat cahaya dari Tuhannya (sama dengan orang yang membatu hatinya)? Maka kecelakaan yang besarlah bagi mereka yang telah membatu hatinya untuk mengingat Allah. Mereka itu dalam kesesatan yang nyata."},{"number":23,"text":"ٱللَّهُ نَزَّلَ أَحْسَنَ ٱلْحَدِيثِ كِتَٰبًا مُّتَشَٰبِهًا مَّثَانِىَ تَقْشَعِرُّ مِنْهُ جُلُودُ ٱلَّذِينَ يَخْشَوْنَ رَبَّهُمْ ثُمَّ تَلِينُ جُلُودُهُمْ وَقُلُوبُهُمْ إِلَىٰ ذِكْرِ ٱللَّهِ ذَٰلِكَ هُدَى ٱللَّهِ يَهْدِى بِهِۦ مَن يَشَآءُ وَمَن يُضْلِلِ ٱللَّهُ فَمَا لَهُۥ مِنْ هَادٍ","translation_en":"Allah has sent down the best statement: a consistent Book wherein is reiteration. The skins shiver therefrom of those who fear their Lord; then their skins and their hearts relax at the remembrance of Allah. That is the guidance of Allah by which He guides whom He wills. And one whom Allah leaves astray - for him there is no guide.","translation_id":"Allah telah menurunkan perkataan yang paling baik (yaitu) Al Quran yang serupa (mutu ayat-ayatnya) lagi berulang-ulang, gemetar karenanya kulit orang-orang yang takut kepada Tuhannya, kemudian menjadi tenang kulit dan hati mereka di waktu mengingat Allah. Itulah petunjuk Allah, dengan kitab itu Dia menunjuki siapa yang dikehendaki-Nya. Dan barangsiapa yang disesatkan Allah, niscaya tak ada baginya seorang pemimpinpun."},{"number":24,"text":"أَفَمَن يَتَّقِى بِوَجْهِهِۦ سُوٓءَ ٱلْعَذَابِ يَوْمَ ٱلْقِيَٰمَةِ وَقِيلَ لِلظَّٰلِمِينَ ذُوقُوا۟ مَا كُنتُمْ تَكْسِبُونَ","translation_en":"Then is he who will shield with his face the worst of the punishment on the Day of Resurrection [like one secure from it]? And it will be said to the wrongdoers, \"Taste what you used to earn.\"","translation_id":"Maka apakah orang-orang yang menoleh dengan mukanya menghindari azab yang buruk pada hari kiamat (sama dengan orang mukmin yang tidak kena azab)? Dan dikatakan kepada orang-orang yang zalim: \"Rasakanlah olehmu balasan apa yang telah kamu kerjakan\"."},{"number":25,"text":"كَذَّبَ ٱلَّذِينَ مِن قَبْلِهِمْ فَأَتَىٰهُمُ ٱلْعَذَابُ مِنْ حَيْثُ لَا يَشْعُرُونَ","translation_en":"Those before them denied, and punishment came upon them from where they did not perceive.","translation_id":"Orang-orang yang sebelum mereka telah mendustakan (rasul-rasul), maka datanglah kepada mereka azab dari arah yang tidak mereka sangka."},{"number":26,"text":"فَأَذَاقَهُمُ ٱللَّهُ ٱلْخِزْىَ فِى ٱلْحَيَوٰةِ ٱلدُّنْيَا وَلَعَذَابُ ٱلْءَاخِرَةِ أَكْبَرُ لَوْ كَانُوا۟ يَعْلَمُونَ","translation_en":"So Allah made them taste disgrace in worldly life. But the punishment of the Hereafter is greater, if they only knew.","translation_id":"Maka Allah merasakan kepada mereka kehinaan pada kehidupan dunia. Dan sesungguhnya azab pada hari akhirat lebih besar kalau mereka mengetahui."},{"number":27,"text":"وَلَقَدْ ضَرَبْنَا لِلنَّاسِ فِى هَٰذَا ٱلْقُرْءَانِ مِن كُلِّ مَثَلٍ لَّعَلَّهُمْ يَتَذَكَّرُونَ","translation_en":"And We have certainly presented for the people in this Qur'an from every [kind of] example - that they might remember.","translation_id":"Sesungguhnya telah Kami buatkan bagi manusia dalam Al Quran ini setiap macam perumpamaan supaya mereka dapat pelajaran."},{"number":28,"text":"قُرْءَانًا عَرَبِيًّا غَيْرَ ذِى عِوَجٍ لَّعَلَّهُمْ يَتَّقُونَ","translation_en":"[It is] an Arabic Qur'an, without any deviance that they might become righteous.","translation_id":"(Ialah) Al Quran dalam bahasa Arab yang tidak ada kebengkokan (di dalamnya) supaya mereka bertakwa."},{"number":29,"text":"ضَرَبَ ٱللَّهُ مَثَلًا رَّجُلًا فِيهِ شُرَكَآءُ مُتَشَٰكِسُونَ وَرَجُلًا سَلَمًا لِّرَجُلٍ هَلْ يَسْتَوِيَانِ مَثَلًا ٱلْحَمْدُ لِلَّهِ بَلْ أَكْثَرُهُمْ لَا يَعْلَمُونَ","translation_en":"Allah presents an example: a slave owned by quarreling partners and another belonging exclusively to one man - are they equal in comparison? Praise be to Allah! But most of them do not know.","translation_id":"Allah membuat perumpamaan (yaitu) seorang laki-laki (budak) yang dimiliki oleh beberapa orang yang berserikat yang dalam perselisihan dan seorang budak yang menjadi milik penuh dari seorang laki-laki (saja); Adakah kedua budak itu sama halnya? Segala puji bagi Allah tetapi kebanyakan mereka tidak mengetahui."},{"number":30,"text":"إِنَّكَ مَيِّتٌ وَإِنَّهُم مَّيِّتُونَ","translation_en":"Indeed, you are to die, and indeed, they are to die.","translation_id":"Sesungguhnya kamu akan mati dan sesungguhnya mereka akan mati (pula)."},{"number":31,"text":"ثُمَّ إِنَّكُمْ يَوْمَ ٱلْقِيَٰمَةِ عِندَ رَبِّكُمْ تَخْتَصِمُونَ","translation_en":"Then indeed you, on the Day of Resurrection, before your Lord, will dispute.","translation_id":"Kemudian sesungguhnya kamu pada hari kiamat akan berbantah-bantah di hadapan Tuhanmu."},{"number":32,"text":"فَمَنْ أَظْلَمُ مِمَّن كَذَبَ عَلَى ٱللَّهِ وَكَذَّبَ بِٱلصِّدْقِ إِذْ جَآءَهُۥٓ أَلَيْسَ فِى جَهَنَّمَ مَثْوًى لِّلْكَٰفِرِينَ","translation_en":"So who is more unjust than one who lies about Allah and denies the truth when it has come to him? Is there not in Hell a residence for the disbelievers?","translation_id":"Maka siapakah yang lebih zalim daripada orang yang membuat-buat dusta terhadap Allah dan mendustakan kebenaran ketika datang kepadanya? Bukankah di neraka Jahannam tersedia tempat tinggal bagi orang-orang yang kafir?"},{"number":33,"text":"وَٱلَّذِى جَآءَ بِٱلصِّدْقِ وَصَدَّقَ بِهِۦٓ أُو۟لَٰٓئِكَ هُمُ ٱلْمُتَّقُونَ","translation_en":"And the one who has brought the truth and [they who] believed in it - those are the righteous.","translation_id":"Dan orang yang membawa kebenaran (Muhammad) dan membenarkannya, mereka itulah orang-orang yang bertakwa."},{"number":34,"text":"لَهُم مَّا يَشَآءُونَ عِندَ رَبِّهِمْ ذَٰلِكَ جَزَآءُ ٱلْمُحْسِنِينَ","translation_en":"They will have whatever they desire with their Lord. That is the reward of the doers of good -","translation_id":"Mereka memperoleh apa yang mereka kehendaki pada sisi Tuhan mereka. Demikianlah balasan orang-orang yang berbuat baik,"},{"number":35,"text":"لِيُكَفِّرَ ٱللَّهُ عَنْهُمْ أَسْوَأَ ٱلَّذِى عَمِلُوا۟ وَيَجْزِيَهُمْ أَجْرَهُم بِأَحْسَنِ ٱلَّذِى كَانُوا۟ يَعْمَلُونَ","translation_en":"That Allah may remove from them the worst of what they did and reward them their due for the best of what they used to do.","translation_id":"agar Allah akan menutupi (mengampuni) bagi mereka perbuatan yang paling buruk yang mereka kerjakan dan membalas mereka dengan upah yang lebih baik dari apa yang telah mereka kerjakan."},{"number":36,"text":"أَلَيْسَ ٱللَّهُ بِكَافٍ عَبْدَهُۥ وَيُخَوِّفُونَكَ بِٱلَّذِينَ مِن دُونِهِۦ وَمَن يُضْلِلِ ٱللَّهُ فَمَا لَهُۥ مِنْ هَادٍ","translation_en":"Is not Allah sufficient for His Servant [Prophet Muhammad]? And [yet], they threaten you with those [they worship] other than Him. And whoever Allah leaves astray - for him there is no guide.","translation_id":"Bukankah Allah cukup untuk melindungi hamba-hamba-Nya. Dan mereka mempertakuti kamu dengan (sembahan-sembahan) yang selain Allah? Dan siapa yang disesatkan Allah maka tidak seorangpun pemberi petunjuk baginya."},{"number":37,"text":"وَمَن يَهْدِ ٱللَّهُ فَمَا لَهُۥ مِن مُّضِلٍّ أَلَيْسَ ٱللَّهُ بِعَزِيزٍ ذِى ٱنتِقَامٍ","translation_en":"And whoever Allah guides - for him there is no misleader. Is not Allah Exalted in Might and Owner of Retribution?","translation_id":"Dan barangsiapa yang diberi petunjuk oleh Allah, maka tidak seorangpun yang dapat menyesatkannya. Bukankah Allah Maha Perkasa lagi mempunyai (kekuasaan untuk) mengazab?"},{"number":38,"text":"وَلَئِن سَأَلْتَهُم مَّنْ خَلَقَ ٱلسَّمَٰوَٰتِ وَٱلْأَرْضَ لَيَقُولُنَّ ٱللَّهُ قُلْ أَفَرَءَيْتُم مَّا تَدْعُونَ مِن دُونِ ٱللَّهِ إِنْ أَرَادَنِىَ ٱللَّهُ بِضُرٍّ هَلْ هُنَّ كَٰشِفَٰتُ ضُرِّهِۦٓ أَوْ أَرَادَنِى بِرَحْمَةٍ هَلْ هُنَّ مُمْسِكَٰتُ رَحْمَتِهِۦ قُلْ حَسْبِىَ ٱللَّهُ عَلَيْهِ يَتَوَكَّلُ ٱلْمُتَوَكِّلُونَ","translation_en":"And if you asked them, \"Who created the heavens and the earth?\" they would surely say, \"Allah.\" Say, \"Then have you considered what you invoke besides Allah? If Allah intended me harm, are they removers of His harm; or if He intended me mercy, are they withholders of His mercy?\" Say, \"Sufficient for me is Allah; upon Him [alone] rely the [wise] reliers.\"","translation_id":"Dan sungguh jika kamu bertanya kepada mereka: \"Siapakah yang menciptakan langit dan bumi?\", niscaya mereka menjawab: \"Allah\". Katakanlah: \"Maka terangkanlah kepadaku tentang apa yang kamu seru selain Allah, jika Allah hendak mendatangkan kemudharatan kepadaku, apakah berhala-berhalamu itu dapat menghilangkan kemudharatan itu, atau jika Allah hendak memberi rahmat kepadaku, apakah mereka dapat menahan rahmat-Nya?. Katakanlah: \"Cukuplah Allah bagiku\". Kepada-Nya-lah bertawakkal orang-orang yang berserah diri."},{"number":39,"text":"قُلْ يَٰقَوْمِ ٱعْمَلُوا۟ عَلَىٰ مَكَانَتِكُمْ إِنِّى عَٰمِلٌ فَسَوْفَ تَعْلَمُونَ","translation_en":"Say, \"O my people, work according to your position, [for] indeed, I am working; and you are going to know","translation_id":"Katakanlah: \"Hai kaumku, bekerjalah sesuai dengan keadaanmu, sesungguhnya aku akan bekerja (pula), maka kelak kamu akan mengetahui,"},{"number":40,"text":"مَن يَأْتِيهِ عَذَابٌ يُخْزِيهِ وَيَحِلُّ عَلَيْهِ عَذَابٌ مُّقِيمٌ","translation_en":"To whom will come a torment disgracing him and on whom will descend an enduring punishment.\"","translation_id":"siapa yang akan mendapat siksa yang menghinakannya dan lagi ditimpa oleh azab yang kekal\"."},{"number":41,"text":"إِنَّآ أَنزَلْنَا عَلَيْكَ ٱلْكِتَٰبَ لِلنَّاسِ بِٱلْحَقِّ فَمَنِ ٱهْتَدَىٰ فَلِنَفْسِهِۦ وَمَن ضَلَّ فَإِنَّمَا يَضِلُّ عَلَيْهَا وَمَآ أَنتَ عَلَيْهِم بِوَكِيلٍ","translation_en":"Indeed, We sent down to you the Book for the people in truth. So whoever is guided - it is for [the benefit of] his soul; and whoever goes astray only goes astray to its detriment. And you are not a manager over them.","translation_id":"Sesungguhnya Kami menurunkan kepadamu Al Kitab (Al Quran) untuk manusia dengan membawa kebenaran; siapa yang mendapat petunjuk maka (petunjuk itu) untuk dirinya sendiri, dan siapa yang sesat maka sesungguhnya dia semata-mata sesat buat (kerugian) dirinya sendiri, dan kamu sekali-kali bukanlah orang yang bertanggung jawab terhadap mereka."},{"number":42,"text":"ٱللَّهُ يَتَوَفَّى ٱلْأَنفُسَ حِينَ مَوْتِهَا وَٱلَّتِى لَمْ تَمُتْ فِى مَنَامِهَا فَيُمْسِكُ ٱلَّتِى قَضَىٰ عَلَيْهَا ٱلْمَوْتَ وَيُرْسِلُ ٱلْأُخْرَىٰٓ إِلَىٰٓ أَجَلٍ مُّسَمًّى إِنَّ فِى ذَٰلِكَ لَءَايَٰتٍ لِّقَوْمٍ يَتَفَكَّرُونَ","translation_en":"Allah takes the souls at the time of their death, and those that do not die [He takes] during their sleep. Then He keeps those for which He has decreed death and releases the others for a specified term. Indeed in that are signs for a people who give thought.","translation_id":"Allah memegang jiwa (orang) ketika matinya dan (memegang) jiwa (orang) yang belum mati di waktu tidurnya; maka Dia tahanlah jiwa (orang) yang telah Dia tetapkan kematiannya dan Dia melepaskan jiwa yang lain sampai waktu yang ditetapkan. Sesungguhnya pada yang demikian itu terdapat tanda-tanda kekuasaan Allah bagi kaum yang berfikir."},{"number":43,"text":"أَمِ ٱتَّخَذُوا۟ مِن دُونِ ٱللَّهِ شُفَعَآءَ قُلْ أَوَلَوْ كَانُوا۟ لَا يَمْلِكُونَ شَيْـًٔا وَلَا يَعْقِلُونَ","translation_en":"Or have they taken other than Allah as intercessors? Say, \"Even though they do not possess [power over] anything, nor do they reason?\"","translation_id":"Bahkan mereka mengambil pemberi syafa'at selain Allah. Katakanlah: \"Dan apakah (kamu mengambilnya juga) meskipun mereka tidak memiliki sesuatupun dan tidak berakal?\""},{"number":44,"text":"قُل لِّلَّهِ ٱلشَّفَٰعَةُ جَمِيعًا لَّهُۥ مُلْكُ ٱلسَّمَٰوَٰتِ وَٱلْأَرْضِ ثُمَّ إِلَيْهِ تُرْجَعُونَ","translation_en":"Say, \"To Allah belongs [the right to allow] intercession entirely. To Him belongs the dominion of the heavens and the earth. Then to Him you will be returned.\"","translation_id":"Katakanlah: \"Hanya kepunyaan Allah syafa'at itu semuanya. Kepunyaan-Nya kerajaan langit dan bumi. Kemudian kepada-Nya-lah kamu dikembalikan\""},{"number":45,"text":"وَإِذَا ذُكِرَ ٱللَّهُ وَحْدَهُ ٱشْمَأَزَّتْ قُلُوبُ ٱلَّذِينَ لَا يُؤْمِنُونَ بِٱلْءَاخِرَةِ وَإِذَا ذُكِرَ ٱلَّذِينَ مِن دُونِهِۦٓ إِذَا هُمْ يَسْتَبْشِرُونَ","translation_en":"And when Allah is mentioned alone, the hearts of those who do not believe in the Hereafter shrink with aversion, but when those [worshipped] other than Him are mentioned, immediately they rejoice.","translation_id":"Dan apabila hanya nama Allah saja disebut, kesallah hati orang-orang yang tidak beriman kepada kehidupan akhirat; dan apabila nama sembahan-sembahan selain Allah yang disebut, tiba-tiba mereka bergirang hati."},{"number":46,"text":"قُلِ ٱللَّهُمَّ فَاطِرَ ٱلسَّمَٰوَٰتِ وَٱلْأَرْضِ عَٰلِمَ ٱلْغَيْبِ وَٱلشَّهَٰدَةِ أَنتَ تَحْكُمُ بَيْنَ عِبَادِكَ فِى مَا كَانُوا۟ فِيهِ يَخْتَلِفُونَ","translation_en":"Say, \"O Allah, Creator of the heavens and the earth, Knower of the unseen and the witnessed, You will judge between your servants concerning that over which they used to differ.\"","translation_id":"Katakanlah: \"Wahai Allah, Pencipta langit dan bumi, Yang mengetahui barang ghaib dan yang nyata, Engkaulah Yang memutuskan antara hamba-hamba-Mu tentang apa yang selalu mereka memperselisihkannya\"."},{"number":47,"text":"وَلَوْ أَنَّ لِلَّذِينَ ظَلَمُوا۟ مَا فِى ٱلْأَرْضِ جَمِيعًا وَمِثْلَهُۥ مَعَهُۥ لَٱفْتَدَوْا۟ بِهِۦ مِن سُوٓءِ ٱلْعَذَابِ يَوْمَ ٱلْقِيَٰمَةِ وَبَدَا لَهُم مِّنَ ٱللَّهِ مَا لَمْ يَكُونُوا۟ يَحْتَسِبُونَ","translation_en":"And if those who did wrong had all that is in the earth entirely and the like of it with it, they would [attempt to] ransom themselves thereby from the worst of the punishment on the Day of Resurrection. And there will appear to them from Allah that which they had not taken into account.","translation_id":"Dan sekiranya orang-orang yang zalim mempunyai apa yang ada di bumi semuanya dan (ada pula) sebanyak itu besertanya, niscaya mereka akan menebus dirinya dengan itu dari siksa yang buruk pada hari kiamat. Dan jelaslah bagi mereka azab dari Allah yang belum pernah mereka perkirakan."},{"number":48,"text":"وَبَدَا لَهُمْ سَيِّـَٔاتُ مَا كَسَبُوا۟ وَحَاقَ بِهِم مَّا كَانُوا۟ بِهِۦ يَسْتَهْزِءُونَ","translation_en":"And there will appear to them the evils they had earned, and they will be enveloped by what they used to ridicule.","translation_id":"Dan (jelaslah) bagi mereka akibat buruk dari apa yang telah mereka perbuat dan mereka diliputi oleh pembalasan yang mereka dahulu selalu memperolok-olokkannya."},{"number":49,"text":"فَإِذَا مَسَّ ٱلْإِنسَٰنَ ضُرٌّ دَعَانَا ثُمَّ إِذَا خَوَّلْنَٰهُ نِعْمَةً مِّنَّا قَالَ إِنَّمَآ أُوتِيتُهُۥ عَلَىٰ عِلْمٍۭ بَلْ هِىَ فِتْنَةٌ وَلَٰكِنَّ أَكْثَرَهُمْ لَا يَعْلَمُونَ","translation_en":"And when adversity touches man, he calls upon Us; then when We bestow on him a favor from Us, he says, \"I have only been given it because of [my] knowledge.\" Rather, it is a trial, but most of them do not know.","translation_id":"Maka apabila manusia ditimpa bahaya ia menyeru Kami, kemudian apabila Kami berikan kepadanya nikmat dari Kami ia berkata: \"Sesungguhnya aku diberi nikmat itu hanyalah karena kepintaranku\". Sebenarnya itu adalah ujian, tetapi kebanyakan mereka itu tidak mengetahui."},{"number":50,"text":"قَدْ قَالَهَا ٱلَّذِينَ مِن قَبْلِهِمْ فَمَآ أَغْنَىٰ عَنْهُم مَّا كَانُوا۟ يَكْسِبُونَ","translation_en":"Those before them had already said it, but they were not availed by what they used to earn.","translation_id":"Sungguh orang-orang yang sebelum mereka (juga) telah mengatakan itu pula, maka tiadalah berguna bagi mereka apa yang dahulu mereka usahakan."},{"number":51,"text":"فَأَصَابَهُمْ سَيِّـَٔاتُ مَا كَسَبُوا۟ وَٱلَّذِينَ ظَلَمُوا۟ مِنْ هَٰٓؤُلَآءِ سَيُصِيبُهُمْ سَيِّـَٔاتُ مَا كَسَبُوا۟ وَمَا هُم بِمُعْجِزِينَ","translation_en":"And the evil consequences of what they earned struck them. And those who have wronged of these [people] will be afflicted by the evil consequences of what they earned; and they will not cause failure.","translation_id":"Maka mereka ditimpa oleh akibat buruk dari apa yang mereka usahakan. Dan orang-orang yang zalim di antara mereka akan ditimpa akibat buruk dari usahanya dan mereka tidak dapat melepaskan diri."},{"number":52,"text":"أَوَلَمْ يَعْلَمُوٓا۟ أَنَّ ٱللَّهَ يَبْسُطُ ٱلرِّزْقَ لِمَن يَشَآءُ وَيَقْدِرُ إِنَّ فِى ذَٰلِكَ لَءَايَٰتٍ لِّقَوْمٍ يُؤْمِنُونَ","translation_en":"Do they not know that Allah extends provision for whom He wills and restricts [it]? Indeed in that are signs for a people who believe.","translation_id":"Dan tidakkah mereka mengetahui bahwa Allah melapangkan rezeki dan menyempitkannya bagi siapa yang dikehendaki-Nya? Sesungguhnya pada yang demikian itu terdapat tanda-tanda kekuasaan Allah bagi kaum yang beriman."},{"number":53,"text":"قُلْ يَٰعِبَادِىَ ٱلَّذِينَ أَسْرَفُوا۟ عَلَىٰٓ أَنفُسِهِمْ لَا تَقْنَطُوا۟ مِن رَّحْمَةِ ٱللَّهِ إِنَّ ٱللَّهَ يَغْفِرُ ٱلذُّنُوبَ جَمِيعًا إِنَّهُۥ هُوَ ٱلْغَفُورُ ٱلرَّحِيمُ","translation_en":"Say, \"O My servants who have transgressed against themselves [by sinning], do not despair of the mercy of Allah. Indeed, Allah forgives all sins. Indeed, it is He who is the Forgiving, the Merciful.\"","translation_id":"Katakanlah: \"Hai hamba-hamba-Ku yang malampaui batas terhadap diri mereka sendiri, janganlah kamu berputus asa dari rahmat Allah. Sesungguhnya Allah mengampuni dosa-dosa semuanya. Sesungguhnya Dialah Yang Maha Pengampun lagi Maha Penyayang."},{"number":54,"text":"وَأَنِيبُوٓا۟ إِلَىٰ رَبِّكُمْ وَأَسْلِمُوا۟ لَهُۥ مِن قَبْلِ أَن يَأْتِيَكُمُ ٱلْعَذَابُ ثُمَّ لَا تُنصَرُونَ","translation_en":"And return [in repentance] to your Lord and submit to Him before the punishment comes upon you; then you will not be helped.","translation_id":"Dan kembalilah kamu kepada Tuhanmu, dan berserah dirilah kepada-Nya sebelum datang azab kepadamu kemudian kamu tidak dapat ditolong (lagi)."},{"number":55,"text":"وَٱتَّبِعُوٓا۟ أَحْسَنَ مَآ أُنزِلَ إِلَيْكُم مِّن رَّبِّكُم مِّن قَبْلِ أَن يَأْتِيَكُمُ ٱلْعَذَابُ بَغْتَةً وَأَنتُمْ لَا تَشْعُرُونَ","translation_en":"And follow the best of what was revealed to you from your Lord before the punishment comes upon you suddenly while you do not perceive,","translation_id":"Dan ikutilah sebaik-baik apa yang telah diturunkan kepadamu dari Tuhanmu sebelum datang azab kepadamu dengan tiba-tiba, sedang kamu tidak menyadarinya,"},{"number":56,"text":"أَن تَقُولَ نَفْسٌ يَٰحَسْرَتَىٰ عَلَىٰ مَا فَرَّطتُ فِى جَنۢبِ ٱللَّهِ وَإِن كُنتُ لَمِنَ ٱلسَّٰخِرِينَ","translation_en":"Lest a soul should say, \"Oh [how great is] my regret over what I neglected in regard to Allah and that I was among the mockers.\"","translation_id":"supaya jangan ada orang yang mengatakan: \"Amat besar penyesalanku atas kelalaianku dalam (menunaikan kewajiban) terhadap Allah, sedang aku sesungguhnya termasuk orang-orang yang memperolok-olokkan (agama Allah),"},{"number":57,"text":"أَوْ تَقُولَ لَوْ أَنَّ ٱللَّهَ هَدَىٰنِى لَكُنتُ مِنَ ٱلْمُتَّقِينَ","translation_en":"Or [lest] it say, \"If only Allah had guided me, I would have been among the righteous.\"","translation_id":"atau supaya jangan ada yang berkata: 'Kalau sekiranya Allah memberi petunjuk kepadaku tentulah aku termasuk orang-orang yang bertakwa'."},{"number":58,"text":"أَوْ تَقُولَ حِينَ تَرَى ٱلْعَذَابَ لَوْ أَنَّ لِى كَرَّةً فَأَكُونَ مِنَ ٱلْمُحْسِنِينَ","translation_en":"Or [lest] it say when it sees the punishment, \"If only I had another turn so I could be among the doers of good.\"","translation_id":"Atau supaya jangan ada yang berkata ketika ia melihat azab 'Kalau sekiranya aku dapat kemnbali (ke dunia), niscaya aku akan termasuk orang-orang berbuat baik'."},{"number":59,"text":"بَلَىٰ قَدْ جَآءَتْكَ ءَايَٰتِى فَكَذَّبْتَ بِهَا وَٱسْتَكْبَرْتَ وَكُنتَ مِنَ ٱلْكَٰفِرِينَ","translation_en":"But yes, there had come to you My verses, but you denied them and were arrogant, and you were among the disbelievers.","translation_id":"(Bukan demikian) sebenarya telah datang keterangan-keterangan-Ku kepadamu lalu kamu mendustakannya dan kamu menyombongkan diri dan adalah kamu termasuk orang-orang yang kafir\"."},{"number":60,"text":"وَيَوْمَ ٱلْقِيَٰمَةِ تَرَى ٱلَّذِينَ كَذَبُوا۟ عَلَى ٱللَّهِ وُجُوهُهُم مُّسْوَدَّةٌ أَلَيْسَ فِى جَهَنَّمَ مَثْوًى لِّلْمُتَكَبِّرِينَ","translation_en":"And on the Day of Resurrection you will see those who lied about Allah [with] their faces blackened. Is there not in Hell a residence for the arrogant?","translation_id":"Dan pada hari kiamat kamu akan melihat orang-orang yang berbuat dusta terhadap Allah, mukanya menjadi hitam. Bukankah dalam neraka Jahannam itu ada tempat bagi orang-orang yang menyombongkan diri?"},{"number":61,"text":"وَيُنَجِّى ٱللَّهُ ٱلَّذِينَ ٱتَّقَوْا۟ بِمَفَازَتِهِمْ لَا يَمَسُّهُمُ ٱلسُّوٓءُ وَلَا هُمْ يَحْزَنُونَ","translation_en":"And Allah will save those who feared Him by their attainment; no evil will touch them, nor will they grieve.","translation_id":"Dan Allah menyelamatkan orang-orang yang bertakwa karena kemenangan mereka, mereka tiada disentuh oleh azab (neraka dan tidak pula) mereka berduka cita."},{"number":62,"text":"ٱللَّهُ خَٰلِقُ كُلِّ شَىْءٍ وَهُوَ عَلَىٰ كُلِّ شَىْءٍ وَكِيلٌ","translation_en":"Allah is the Creator of all things, and He is, over all things, Disposer of affairs.","translation_id":"Allah menciptakan segala sesuatu dan Dia memelihara segala sesuatu."},{"number":63,"text":"لَّهُۥ مَقَالِيدُ ٱلسَّمَٰوَٰتِ وَٱلْأَرْضِ وَٱلَّذِينَ كَفَرُوا۟ بِـَٔايَٰتِ ٱللَّهِ أُو۟لَٰٓئِكَ هُمُ ٱلْخَٰسِرُونَ","translation_en":"To Him belong the keys of the heavens and the earth. And they who disbelieve in the verses of Allah - it is those who are the losers.","translation_id":"Kepunyaan-Nya-lah kunci-kunci (perbendaharaan) langit dan bumi. Dan orang-orang yang kafir terhadap ayat-ayat Allah, mereka itulah orang-orang yang merugi."},{"number":64,"text":"قُلْ أَفَغَيْرَ ٱللَّهِ تَأْمُرُوٓنِّىٓ أَعْبُدُ أَيُّهَا ٱلْجَٰهِلُونَ","translation_en":"Say, [O Muhammad], \"Is it other than Allah that you order me to worship, O ignorant ones?\"","translation_id":"Katakanlah: \"Maka apakah kamu menyuruh aku menyembah selain Allah, hai orang-orang yang tidak berpengetahuan?\""},{"number":65,"text":"وَلَقَدْ أُوحِىَ إِلَيْكَ وَإِلَى ٱلَّذِينَ مِن قَبْلِكَ لَئِنْ أَشْرَكْتَ لَيَحْبَطَنَّ عَمَلُكَ وَلَتَكُونَنَّ مِنَ ٱلْخَٰسِرِينَ","translation_en":"And it was already revealed to you and to those before you that if you should associate [anything] with Allah, your work would surely become worthless, and you would surely be among the losers.\"","translation_id":"Dan sesungguhnya telah diwahyukan kepadamu dan kepada (nabi-nabi) yang sebelummu. \"Jika kamu mempersekutukan (Tuhan), niscaya akan hapuslah amalmu dan tentulah kamu termasuk orang-orang yang merugi."},{"number":66,"text":"بَلِ ٱللَّهَ فَٱعْبُدْ وَكُن مِّنَ ٱلشَّٰكِرِينَ","translation_en":"Rather, worship [only] Allah and be among the grateful.","translation_id":"Karena itu, maka hendaklah Allah saja kamu sembah dan hendaklah kamu termasuk orang-orang yang bersyukur\"."},{"number":67,"text":"وَمَا قَدَرُوا۟ ٱللَّهَ حَقَّ قَدْرِهِۦ وَٱلْأَرْضُ جَمِيعًا قَبْضَتُهُۥ يَوْمَ ٱلْقِيَٰمَةِ وَٱلسَّمَٰوَٰتُ مَطْوِيَّٰتٌۢ بِيَمِينِهِۦ سُبْحَٰنَهُۥ وَتَعَٰلَىٰ عَمَّا يُشْرِكُونَ","translation_en":"They have not appraised Allah with true appraisal, while the earth entirely will be [within] His grip on the Day of Resurrection, and the heavens will be folded in His right hand. Exalted is He and high above what they associate with Him.","translation_id":"Dan mereka tidak mengagungkan Allah dengan pengagungan yang semestinya padahal bumi seluruhnya dalam genggaman-Nya pada hari kiamat dan langit digulung dengan tangan kanan-Nya. Maha Suci Tuhan dan Maha Tinggi Dia dari apa yang mereka persekutukan."},{"number":68,"text":"وَنُفِخَ فِى ٱلصُّورِ فَصَعِقَ مَن فِى ٱلسَّمَٰوَٰتِ وَمَن فِى ٱلْأَرْضِ إِلَّا مَن شَآءَ ٱللَّهُ ثُمَّ نُفِخَ فِيهِ أُخْرَىٰ فَإِذَا هُمْ قِيَامٌ يَنظُرُونَ","translation_en":"And the Horn will be blown, and whoever is in the heavens and whoever is on the earth will fall dead except whom Allah wills. Then it will be blown again, and at once they will be standing, looking on.","translation_id":"Dan ditiuplah sangkakala, maka matilah siapa yang di langit dan di bumi kecuali siapa yang dikehendaki Allah. Kemudian ditiup sangkakala itu sekali lagi maka tiba-tiba mereka berdiri menunggu (putusannya masing-masing)."},{"number":69,"text":"وَأَشْرَقَتِ ٱلْأَرْضُ بِنُورِ رَبِّهَا وَوُضِعَ ٱلْكِتَٰبُ وَجِا۟ىٓءَ بِٱلنَّبِيِّۦنَ وَٱلشُّهَدَآءِ وَقُضِىَ بَيْنَهُم بِٱلْحَقِّ وَهُمْ لَا يُظْلَمُونَ","translation_en":"And the earth will shine with the light of its Lord, and the record [of deeds] will be placed, and the prophets and the witnesses will be brought, and it will be judged between them in truth, and they will not be wronged.","translation_id":"Dan terang benderanglah bumi (padang mahsyar) dengan cahaya (keadilan) Tuhannya; dan diberikanlah buku (perhitungan perbuatan masing-masing) dan didatangkanlah para nabi dan saksi-saksi dan diberi keputusan di antara mereka dengan adil, sedang mereka tidak dirugikan."},{"number":70,"text":"وَوُفِّيَتْ كُلُّ نَفْسٍ مَّا عَمِلَتْ وَهُوَ أَعْلَمُ بِمَا يَفْعَلُونَ","translation_en":"And every soul will be fully compensated [for] what it did; and He is most knowing of what they do.","translation_id":"Dan disempurnakan bagi tiap-tiap jiwa (balasan) apa yang telah dikerjakannya dan Dia lebih mengetahui apa yang mereka kerjakan."},{"number":71,"text":"وَسِيقَ ٱلَّذِينَ كَفَرُوٓا۟ إِلَىٰ جَهَنَّمَ زُمَرًا حَتَّىٰٓ إِذَا جَآءُوهَا فُتِحَتْ أَبْوَٰبُهَا وَقَالَ لَهُمْ خَزَنَتُهَآ أَلَمْ يَأْتِكُمْ رُسُلٌ مِّنكُمْ يَتْلُونَ عَلَيْكُمْ ءَايَٰتِ رَبِّكُمْ وَيُنذِرُونَكُمْ لِقَآءَ يَوْمِكُمْ هَٰذَا قَالُوا۟ بَلَىٰ وَلَٰكِنْ حَقَّتْ كَلِمَةُ ٱلْعَذَابِ عَلَى ٱلْكَٰفِرِينَ","translation_en":"And those who disbelieved will be driven to Hell in groups until, when they reach it, its gates are opened and its keepers will say, \"Did there not come to you messengers from yourselves, reciting to you the verses of your Lord and warning you of the meeting of this Day of yours?\" They will say, \"Yes, but the word of punishment has come into effect upon the disbelievers.","translation_id":"Orang-orang kafir dibawa ke neraka Jahannam berombong-rombongan. Sehingga apabila mereka sampai ke neraka itu dibukakanlah pintu-pintunya dan berkatalah kepada mereka penjaga-penjaganya: \"Apakah belum pernah datang kepadamu rasul-rasul di antaramu yang membacakan kepadamu ayat-ayat Tuhanmu dan memperingatkan kepadamu akan pertemuan dengan hari ini?\" Mereka menjawab: \"Benar (telah datang)\". Tetapi telah pasti berlaku ketetapan azab terhadap orang-orang yang kafir."},{"number":72,"text":"قِيلَ ٱدْخُلُوٓا۟ أَبْوَٰبَ جَهَنَّمَ خَٰلِدِينَ فِيهَا فَبِئْسَ مَثْوَى ٱلْمُتَكَبِّرِينَ","translation_en":"[To them] it will be said, \"Enter the gates of Hell to abide eternally therein, and wretched is the residence of the arrogant.\"","translation_id":"Dikatakan (kepada mereka): \"Masukilah pintu-pintu neraka Jahannam itu, sedang kamu kekal di dalamnya\" Maka neraka Jahannam itulah seburuk-buruk tempat bagi orang-orang yang menyombongkan diri."},{"number":73,"text":"وَسِيقَ ٱلَّذِينَ ٱتَّقَوْا۟ رَبَّهُمْ إِلَى ٱلْجَنَّةِ زُمَرًا حَتَّىٰٓ إِذَا جَآءُوهَا وَفُتِحَتْ أَبْوَٰبُهَا وَقَالَ لَهُمْ خَزَنَتُهَا سَلَٰمٌ عَلَيْكُمْ طِبْتُمْ فَٱدْخُلُوهَا خَٰلِدِينَ","translation_en":"But those who feared their Lord will be driven to Paradise in groups until, when they reach it while its gates have been opened and its keepers say, \"Peace be upon you; you have become pure; so enter it to abide eternally therein,\" [they will enter].","translation_id":"Dan orang-orang yang bertakwa kepada Tuhan dibawa ke dalam surga berombong-rombongan (pula). Sehingga apabila mereka sampai ke surga itu sedang pintu-pintunya telah terbuka dan berkatalah kepada mereka penjaga-penjaganya: \"Kesejahteraan (dilimpahkan) atasmu. Berbahagialah kamu! maka masukilah surga ini, sedang kamu kekal di dalamnya\"."},{"number":74,"text":"وَقَالُوا۟ ٱلْحَمْدُ لِلَّهِ ٱلَّذِى صَدَقَنَا وَعْدَهُۥ وَأَوْرَثَنَا ٱلْأَرْضَ نَتَبَوَّأُ مِنَ ٱلْجَنَّةِ حَيْثُ نَشَآءُ فَنِعْمَ أَجْرُ ٱلْعَٰمِلِينَ","translation_en":"And they will say, \"Praise to Allah, who has fulfilled for us His promise and made us inherit the earth [so] we may settle in Paradise wherever we will. And excellent is the reward of [righteous] workers.\"","translation_id":"Dan mereka mengucapkan: \"Segala puji bagi Allah yang telah memenuhi janji-Nya kepada kami dan telah (memberi) kepada kami tempat ini sedang kami (diperkenankan) menempati tempat dalam surga di mana saja yang kami kehendaki; maka surga itulah sebaik-baik balasan bagi orang-orang yang beramal\"."},{"number":75,"text":"وَتَرَى ٱلْمَلَٰٓئِكَةَ حَآفِّينَ مِنْ حَوْلِ ٱلْعَرْشِ يُسَبِّحُونَ بِحَمْدِ رَبِّهِمْ وَقُضِىَ بَيْنَهُم بِٱلْحَقِّ وَقِيلَ ٱلْحَمْدُ لِلَّهِ رَبِّ ٱلْعَٰلَمِينَ","translation_en":"And you will see the angels surrounding the Throne, exalting [Allah] with praise of their Lord. And it will be judged between them in truth, and it will be said, \"[All] praise to Allah, Lord of the worlds.\"","translation_id":"Dan kamu (Muhammad) akan melihat malaikat-mmlaikat berlingkar di sekeliling 'Arsy bertasbih sambil memuji Tuhannya; dan diberi putusan di antara hamba-hamba Allah dengan adil dan diucapkan: \"Segala puji bagi Allah, Tuhan semesta alam\"."}]}