{"number":40,"name":"سورة غافر","transliteration_en":"Ghafir","translation_en":"The Forgiver","total_verses":85,"revelation_type":"Meccan","verses":[{"number":1,"text":"بِسْمِ ٱللَّهِ ٱلرَّحْمَٰنِ ٱلرَّحِيمِ حمٓ","translation_en":"Ha, Meem.","translation_id":"Haa Miim."},{"number":2,"text":"تَنزِيلُ ٱلْكِتَٰبِ مِنَ ٱللَّهِ ٱلْعَزِيزِ ٱلْعَلِيمِ","translation_en":"The revelation of the Book is from Allah, the Exalted in Might, the Knowing.","translation_id":"Diturunkan Kitab ini (Al Quran) dari Allah Yang Maha Perkasa lagi Maha Mengetahui,"},{"number":3,"text":"غَافِرِ ٱلذَّنۢبِ وَقَابِلِ ٱلتَّوْبِ شَدِيدِ ٱلْعِقَابِ ذِى ٱلطَّوْلِ لَآ إِلَٰهَ إِلَّا هُوَ إِلَيْهِ ٱلْمَصِيرُ","translation_en":"The forgiver of sin, acceptor of repentance, severe in punishment, owner of abundance. There is no deity except Him; to Him is the destination.","translation_id":"Yang Mengampuni dosa dan Menerima taubat lagi keras hukuman-Nya. Yang mempunyai karunia. Tiada Tuhan (yang berhak disembah) selain Dia. Hanya kepada-Nya-lah kembali (semua makhluk)."},{"number":4,"text":"مَا يُجَٰدِلُ فِىٓ ءَايَٰتِ ٱللَّهِ إِلَّا ٱلَّذِينَ كَفَرُوا۟ فَلَا يَغْرُرْكَ تَقَلُّبُهُمْ فِى ٱلْبِلَٰدِ","translation_en":"No one disputes concerning the signs of Allah except those who disbelieve, so be not deceived by their [uninhibited] movement throughout the land.","translation_id":"Tidak ada yang memperdebatkan tentang ayat-ayat Allah, kecuali orang-orang yang kafir. Karena itu janganlah pulang balik mereka dengan bebas dari suatu kota ke kota yang lain memperdayakan kamu."},{"number":5,"text":"كَذَّبَتْ قَبْلَهُمْ قَوْمُ نُوحٍ وَٱلْأَحْزَابُ مِنۢ بَعْدِهِمْ وَهَمَّتْ كُلُّ أُمَّةٍۭ بِرَسُولِهِمْ لِيَأْخُذُوهُ وَجَٰدَلُوا۟ بِٱلْبَٰطِلِ لِيُدْحِضُوا۟ بِهِ ٱلْحَقَّ فَأَخَذْتُهُمْ فَكَيْفَ كَانَ عِقَابِ","translation_en":"The people of Noah denied before them and the [disbelieving] factions after them, and every nation intended [a plot] for their messenger to seize him, and they disputed by [using] falsehood to [attempt to] invalidate thereby the truth. So I seized them, and how [terrible] was My penalty.","translation_id":"Sebelum mereka, kaum Nuh dan golongan-golongan yang bersekutu sesudah mereka telah mendustakan (rasul) dan tiap-tiap umat telah merencanakan makar terhadap rasul mereka untuk menawannya dan mereka membantah dengan (alasan) yang batil untuk melenyapkan kebenaran dengan yang batil itu; karena itu Aku azab mereka. Maka betapa (pedihnya) azab-Ku?"},{"number":6,"text":"وَكَذَٰلِكَ حَقَّتْ كَلِمَتُ رَبِّكَ عَلَى ٱلَّذِينَ كَفَرُوٓا۟ أَنَّهُمْ أَصْحَٰبُ ٱلنَّارِ","translation_en":"And thus has the word of your Lord come into effect upon those who disbelieved that they are companions of the Fire.","translation_id":"Dan demikianlah telah pasti berlaku ketetapan azab Tuhanmu terhadap orang-orang kafir, karena sesungguhnya mereka adalah penghuni neraka."},{"number":7,"text":"ٱلَّذِينَ يَحْمِلُونَ ٱلْعَرْشَ وَمَنْ حَوْلَهُۥ يُسَبِّحُونَ بِحَمْدِ رَبِّهِمْ وَيُؤْمِنُونَ بِهِۦ وَيَسْتَغْفِرُونَ لِلَّذِينَ ءَامَنُوا۟ رَبَّنَا وَسِعْتَ كُلَّ شَىْءٍ رَّحْمَةً وَعِلْمًا فَٱغْفِرْ لِلَّذِينَ تَابُوا۟ وَٱتَّبَعُوا۟ سَبِيلَكَ وَقِهِمْ عَذَابَ ٱلْجَحِيمِ","translation_en":"Those [angels] who carry the Throne and those around it exalt [Allah] with praise of their Lord and believe in Him and ask forgiveness for those who have believed, [saying], \"Our Lord, You have encompassed all things in mercy and knowledge, so forgive those who have repented and followed Your way and protect them from the punishment of Hellfire.","translation_id":"(Malaikat-malaikat) yang memikul 'Arsy dan malaikat yang berada di sekelilingnya bertasbih memuji Tuhannya dan mereka beriman kepada-Nya serta memintakan ampun bagi orang-orang yang beriman (seraya mengucapkan): \"Ya Tuhan kami, rahmat dan ilmu Engkau meliputi segala sesuatu, maka berilah ampunan kepada orang-orang yang bertaubat dan mengikuti jalan Engkau dan peliharalah mereka dari siksaan neraka yang menyala-nyala,"},{"number":8,"text":"رَبَّنَا وَأَدْخِلْهُمْ جَنَّٰتِ عَدْنٍ ٱلَّتِى وَعَدتَّهُمْ وَمَن صَلَحَ مِنْ ءَابَآئِهِمْ وَأَزْوَٰجِهِمْ وَذُرِّيَّٰتِهِمْ إِنَّكَ أَنتَ ٱلْعَزِيزُ ٱلْحَكِيمُ","translation_en":"Our Lord, and admit them to gardens of perpetual residence which You have promised them and whoever was righteous among their fathers, their spouses and their offspring. Indeed, it is You who is the Exalted in Might, the Wise.","translation_id":"ya Tuhan kami, dan masukkanlah mereka ke dalam surga 'Adn yang telah Engkau janjikan kepada mereka dan orang-orang yang saleh di antara bapak-bapak mereka, dan isteri-isteri mereka, dan keturunan mereka semua. Sesungguhnya Engkaulah Yang Maha Perkasa lagi Maha Bijaksana,"},{"number":9,"text":"وَقِهِمُ ٱلسَّيِّـَٔاتِ وَمَن تَقِ ٱلسَّيِّـَٔاتِ يَوْمَئِذٍ فَقَدْ رَحِمْتَهُۥ وَذَٰلِكَ هُوَ ٱلْفَوْزُ ٱلْعَظِيمُ","translation_en":"And protect them from the evil consequences [of their deeds]. And he whom You protect from evil consequences that Day - You will have given him mercy. And that is the great attainment.\"","translation_id":"dan peliharalah mereka dari (balasan) kejahatan. Dan orang-orang yang Engkau pelihara dari (pembalasan) kejahatan pada hari itu maka sesungguhnya telah Engkau anugerahkan rahmat kepadanya dan itulah kemenangan yang besar\"."},{"number":10,"text":"إِنَّ ٱلَّذِينَ كَفَرُوا۟ يُنَادَوْنَ لَمَقْتُ ٱللَّهِ أَكْبَرُ مِن مَّقْتِكُمْ أَنفُسَكُمْ إِذْ تُدْعَوْنَ إِلَى ٱلْإِيمَٰنِ فَتَكْفُرُونَ","translation_en":"Indeed, those who disbelieve will be addressed, \"The hatred of Allah for you was [even] greater than your hatred of yourselves [this Day in Hell] when you were invited to faith, but you refused.\"","translation_id":"Sesungguhnya orang-orang yang kafir diserukan kepada mereka (pada hari kiamat): \"Sesungguhnya kebencian Allah (kepadamu) lebih besar daripada kebencianmu kepada dirimu sendiri karena kamu diseru untuk beriman lalu kamu kafir\"."},{"number":11,"text":"قَالُوا۟ رَبَّنَآ أَمَتَّنَا ٱثْنَتَيْنِ وَأَحْيَيْتَنَا ٱثْنَتَيْنِ فَٱعْتَرَفْنَا بِذُنُوبِنَا فَهَلْ إِلَىٰ خُرُوجٍ مِّن سَبِيلٍ","translation_en":"They will say, \"Our Lord, You made us lifeless twice and gave us life twice, and we have confessed our sins. So is there to an exit any way?\"","translation_id":"Mereka menjawab: \"Ya Tuhan kami Engkau telah mematikan kami dua kali dan telah menghidupkan kami dua kali (pula), lalu kami mengakui dosa-dosa kami. Maka adakah sesuatu jalan (bagi kami) untuk keluar (dari neraka)?\""},{"number":12,"text":"ذَٰلِكُم بِأَنَّهُۥٓ إِذَا دُعِىَ ٱللَّهُ وَحْدَهُۥ كَفَرْتُمْ وَإِن يُشْرَكْ بِهِۦ تُؤْمِنُوا۟ فَٱلْحُكْمُ لِلَّهِ ٱلْعَلِىِّ ٱلْكَبِيرِ","translation_en":"[They will be told], \"That is because, when Allah was called upon alone, you disbelieved; but if others were associated with Him, you believed. So the judgement is with Allah, the Most High, the Grand.\"","translation_id":"Yang demikian itu adalah karena kamu kafir apabila Allah saja disembah. Dan kamu percaya apabila Allah dipersekutukan. Maka putusan (sekarang ini) adalah pada Allah Yang Maha Tinggi lagi Maha Besar."},{"number":13,"text":"هُوَ ٱلَّذِى يُرِيكُمْ ءَايَٰتِهِۦ وَيُنَزِّلُ لَكُم مِّنَ ٱلسَّمَآءِ رِزْقًا وَمَا يَتَذَكَّرُ إِلَّا مَن يُنِيبُ","translation_en":"It is He who shows you His signs and sends down to you from the sky, provision. But none will remember except he who turns back [in repentance].","translation_id":"Dialah yang memperlihatkan kepadamu tanda-tanda (kekuasaan)-Nya dan menurunkan untukmu rezeki dari langit. Dan tiadalah mendapat pelajaran kecuali orang-orang yang kembali (kepada Allah)."},{"number":14,"text":"فَٱدْعُوا۟ ٱللَّهَ مُخْلِصِينَ لَهُ ٱلدِّينَ وَلَوْ كَرِهَ ٱلْكَٰفِرُونَ","translation_en":"So invoke Allah, [being] sincere to Him in religion, although the disbelievers dislike it.","translation_id":"Maka sembahlah Allah dengan memurnikan ibadat kepada-Nya, meskipun orang-orang kafir tidak menyukai(nya)."},{"number":15,"text":"رَفِيعُ ٱلدَّرَجَٰتِ ذُو ٱلْعَرْشِ يُلْقِى ٱلرُّوحَ مِنْ أَمْرِهِۦ عَلَىٰ مَن يَشَآءُ مِنْ عِبَادِهِۦ لِيُنذِرَ يَوْمَ ٱلتَّلَاقِ","translation_en":"[He is] the Exalted above [all] degrees, Owner of the Throne; He places the inspiration of His command upon whom He wills of His servants to warn of the Day of Meeting.","translation_id":"(Dialah) Yang Maha Tinggi derajat-Nya, Yang mempunyai 'Arsy, Yang mengutus Jibril dengan (membawa) perintah-Nya kepada siapa yang dikehendaki-Nya di antara hamba-hamba-Nya, supaya dia memperingatkan (manusia) tentang hari pertemuan (hari kiamat)."},{"number":16,"text":"يَوْمَ هُم بَٰرِزُونَ لَا يَخْفَىٰ عَلَى ٱللَّهِ مِنْهُمْ شَىْءٌ لِّمَنِ ٱلْمُلْكُ ٱلْيَوْمَ لِلَّهِ ٱلْوَٰحِدِ ٱلْقَهَّارِ","translation_en":"The Day they come forth nothing concerning them will be concealed from Allah. To whom belongs [all] sovereignty this Day? To Allah, the One, the Prevailing.","translation_id":"(Yaitu) hari (ketika) mereka keluar (dari kubur); tiada suatupun dari keadaan mereka yang tersembunyi bagi Allah. (Lalu Allah berfirman): \"Kepunyaan siapakah kerajaan pada hari ini?\" Kepunyaan Allah Yang Maha Esa lagi Maha Mengalahkan."},{"number":17,"text":"ٱلْيَوْمَ تُجْزَىٰ كُلُّ نَفْسٍۭ بِمَا كَسَبَتْ لَا ظُلْمَ ٱلْيَوْمَ إِنَّ ٱللَّهَ سَرِيعُ ٱلْحِسَابِ","translation_en":"This Day every soul will be recompensed for what it earned. No injustice today! Indeed, Allah is swift in account.","translation_id":"Pada hari ini tiap-tiap jiwa diberi balasan dengan apa yang diusahakannya. Tidak ada yang dirugikan pada hari ini. Sesungguhnya Allah amat cepat hisabnya."},{"number":18,"text":"وَأَنذِرْهُمْ يَوْمَ ٱلْءَازِفَةِ إِذِ ٱلْقُلُوبُ لَدَى ٱلْحَنَاجِرِ كَٰظِمِينَ مَا لِلظَّٰلِمِينَ مِنْ حَمِيمٍ وَلَا شَفِيعٍ يُطَاعُ","translation_en":"And warn them, [O Muhammad], of the Approaching Day, when hearts are at the throats, filled [with distress]. For the wrongdoers there will be no devoted friend and no intercessor [who is] obeyed.","translation_id":"Berilah mereka peringatan dengan hari yang dekat (hari kiamat yaitu) ketika hati (menyesak) sampai di kerongkongan dengan menahan kesedihan. Orang-orang yang zalim tidak mempunyai teman setia seorangpun dan tidak (pula) mempunyai seorang pemberi syafa'at yang diterima syafa'atnya."},{"number":19,"text":"يَعْلَمُ خَآئِنَةَ ٱلْأَعْيُنِ وَمَا تُخْفِى ٱلصُّدُورُ","translation_en":"He knows that which deceives the eyes and what the breasts conceal.","translation_id":"Dia mengetahui (pandangan) mata yang khianat dan apa yang disembunyikan oleh hati."},{"number":20,"text":"وَٱللَّهُ يَقْضِى بِٱلْحَقِّ وَٱلَّذِينَ يَدْعُونَ مِن دُونِهِۦ لَا يَقْضُونَ بِشَىْءٍ إِنَّ ٱللَّهَ هُوَ ٱلسَّمِيعُ ٱلْبَصِيرُ","translation_en":"And Allah judges with truth, while those they invoke besides Him judge not with anything. Indeed, Allah - He is the Hearing, the Seeing.","translation_id":"Dan Allah menghukum dengan keadilan. Dan sembahan-sembahan yang mereka sembah selain Allah tiada dapat menghukum dengan sesuatu apapun. Sesungguhnya Allah Dialah Yang Maha Mendengar lagi Maha Melihat."},{"number":21,"text":"أَوَلَمْ يَسِيرُوا۟ فِى ٱلْأَرْضِ فَيَنظُرُوا۟ كَيْفَ كَانَ عَٰقِبَةُ ٱلَّذِينَ كَانُوا۟ مِن قَبْلِهِمْ كَانُوا۟ هُمْ أَشَدَّ مِنْهُمْ قُوَّةً وَءَاثَارًا فِى ٱلْأَرْضِ فَأَخَذَهُمُ ٱللَّهُ بِذُنُوبِهِمْ وَمَا كَانَ لَهُم مِّنَ ٱللَّهِ مِن وَاقٍ","translation_en":"Have they not traveled through the land and observed how was the end of those who were before them? They were greater than them in strength and in impression on the land, but Allah seized them for their sins. And they had not from Allah any protector.","translation_id":"Dan apakah mereka tidak mengadakan perjalanan di muka bumi, lalu memperhatikan betapa kesudahan orang-orang yang sebelum mereka. Mereka itu adalah lebih hebat kekuatannya daripada mereka dan (lebih banyak) bekas-bekas mereka di muka bumi, maka Allah mengazab mereka disebabkan dosa-dosa mereka. Dan mereka tidak mempunyai seorang pelindung dari azab Allah."},{"number":22,"text":"ذَٰلِكَ بِأَنَّهُمْ كَانَت تَّأْتِيهِمْ رُسُلُهُم بِٱلْبَيِّنَٰتِ فَكَفَرُوا۟ فَأَخَذَهُمُ ٱللَّهُ إِنَّهُۥ قَوِىٌّ شَدِيدُ ٱلْعِقَابِ","translation_en":"That was because their messengers were coming to them with clear proofs, but they disbelieved, so Allah seized them. Indeed, He is Powerful and severe in punishment.","translation_id":"Yang demiklan itu adalah karena telah datang kepada mereka rasul-rasul mereka dengan membawa bukti-bukti yang nyata lalu mereka kafir; maka Allah mengazab mereka. Sesungguhnya Dia Maha Kuat lagi Maha Keras hukuman-Nya."},{"number":23,"text":"وَلَقَدْ أَرْسَلْنَا مُوسَىٰ بِـَٔايَٰتِنَا وَسُلْطَٰنٍ مُّبِينٍ","translation_en":"And We did certainly send Moses with Our signs and a clear authority","translation_id":"Dan sesungguhnya telah Kami utus Musa dengan membawa ayat-ayat Kami dan keterangan yang nyata,"},{"number":24,"text":"إِلَىٰ فِرْعَوْنَ وَهَٰمَٰنَ وَقَٰرُونَ فَقَالُوا۟ سَٰحِرٌ كَذَّابٌ","translation_en":"To Pharaoh, Haman and Qarun; but they said, \"[He is] a magician and a liar.\"","translation_id":"kepada Fir'aun, Haman dan Qarun; maka mereka berkata: \"(Ia) adalah seorang ahli sihir yang pendusta\"."},{"number":25,"text":"فَلَمَّا جَآءَهُم بِٱلْحَقِّ مِنْ عِندِنَا قَالُوا۟ ٱقْتُلُوٓا۟ أَبْنَآءَ ٱلَّذِينَ ءَامَنُوا۟ مَعَهُۥ وَٱسْتَحْيُوا۟ نِسَآءَهُمْ وَمَا كَيْدُ ٱلْكَٰفِرِينَ إِلَّا فِى ضَلَٰلٍ","translation_en":"And when he brought them the truth from Us, they said, \"Kill the sons of those who have believed with him and keep their women alive.\" But the plan of the disbelievers is not except in error.","translation_id":"Maka tatkala Musa datang kepada mereka membawa kebenaran dari sisi Kami mereka berkata: \"Bunuhlah anak-anak orang-orang yang beriman bersama dengan dia dan biarkanlah hidup wanita-wanita mereka\". Dan tipu daya orang-orang kafir itu tak lain hanyalah sia-sia (belaka)."},{"number":26,"text":"وَقَالَ فِرْعَوْنُ ذَرُونِىٓ أَقْتُلْ مُوسَىٰ وَلْيَدْعُ رَبَّهُۥٓ إِنِّىٓ أَخَافُ أَن يُبَدِّلَ دِينَكُمْ أَوْ أَن يُظْهِرَ فِى ٱلْأَرْضِ ٱلْفَسَادَ","translation_en":"And Pharaoh said, \"Let me kill Moses and let him call upon his Lord. Indeed, I fear that he will change your religion or that he will cause corruption in the land.\"","translation_id":"Dan berkata Fir'aun (kepada pembesar-pembesarnya): \"Biarkanlah aku membunuh Musa dan hendaklah ia memohon kepada Tuhannya, karena sesungguhnya aku khawatir dia akan menukar agamamu atau menimbulkan kerusakan di muka bumi\"."},{"number":27,"text":"وَقَالَ مُوسَىٰٓ إِنِّى عُذْتُ بِرَبِّى وَرَبِّكُم مِّن كُلِّ مُتَكَبِّرٍ لَّا يُؤْمِنُ بِيَوْمِ ٱلْحِسَابِ","translation_en":"But Moses said, \"Indeed, I have sought refuge in my Lord and your Lord from every arrogant one who does not believe in the Day of Account.\"","translation_id":"Dan Musa berkata: \"Sesungguhnya aku berlindung kepada Tuhanku dan Tuhanmu dari setiap orang yang menyombongkan diri yang tidak beriman kepada hari berhisab\"."},{"number":28,"text":"وَقَالَ رَجُلٌ مُّؤْمِنٌ مِّنْ ءَالِ فِرْعَوْنَ يَكْتُمُ إِيمَٰنَهُۥٓ أَتَقْتُلُونَ رَجُلًا أَن يَقُولَ رَبِّىَ ٱللَّهُ وَقَدْ جَآءَكُم بِٱلْبَيِّنَٰتِ مِن رَّبِّكُمْ وَإِن يَكُ كَٰذِبًا فَعَلَيْهِ كَذِبُهُۥ وَإِن يَكُ صَادِقًا يُصِبْكُم بَعْضُ ٱلَّذِى يَعِدُكُمْ إِنَّ ٱللَّهَ لَا يَهْدِى مَنْ هُوَ مُسْرِفٌ كَذَّابٌ","translation_en":"And a believing man from the family of Pharaoh who concealed his faith said, \"Do you kill a man [merely] because he says, 'My Lord is Allah' while he has brought you clear proofs from your Lord? And if he should be lying, then upon him is [the consequence of] his lie; but if he should be truthful, there will strike you some of what he promises you. Indeed, Allah does not guide one who is a transgressor and a liar.","translation_id":"Dan seorang laki-laki yang beriman di antara pengikut-pengikut Fir'aun yang menyembunyikan imannya berkata: \"Apakah kamu akan membunuh seorang laki-laki karena dia menyatakan: \"Tuhanku ialah Allah padahal dia telah datang kepadamu dengan membawa keterangan-keterangan dari Tuhanmu. Dan jika ia seorang pendusta maka dialah yang menanggung (dosa) dustanya itu; dan jika ia seorang yang benar niscaya sebagian (bencana) yang diancamkannya kepadamu akan menimpamu\". Sesungguhnya Allah tidak menunjuki orang-orang yang melampaui batas lagi pendusta."},{"number":29,"text":"يَٰقَوْمِ لَكُمُ ٱلْمُلْكُ ٱلْيَوْمَ ظَٰهِرِينَ فِى ٱلْأَرْضِ فَمَن يَنصُرُنَا مِنۢ بَأْسِ ٱللَّهِ إِن جَآءَنَا قَالَ فِرْعَوْنُ مَآ أُرِيكُمْ إِلَّا مَآ أَرَىٰ وَمَآ أَهْدِيكُمْ إِلَّا سَبِيلَ ٱلرَّشَادِ","translation_en":"O my people, sovereignty is yours today, [your being] dominant in the land. But who would protect us from the punishment of Allah if it came to us?\" Pharaoh said, \"I do not show you except what I see, and I do not guide you except to the way of right conduct.\"","translation_id":"(Musa berkata): \"Hai kaumku, untukmulah kerajaan pada hari ini dengan berkuasa di muka bumi. Siapakah yang akan menolong kita dari azab Allah jika azab itu menimpa kita!\" Fir'aun berkata: \"Aku tidak mengemukakan kepadamu, melainkan apa yang aku pandang baik; dan aku tiada menunjukkan kepadamu selain jalan yang benar\"."},{"number":30,"text":"وَقَالَ ٱلَّذِىٓ ءَامَنَ يَٰقَوْمِ إِنِّىٓ أَخَافُ عَلَيْكُم مِّثْلَ يَوْمِ ٱلْأَحْزَابِ","translation_en":"And he who believed said, \"O my people, indeed I fear for you [a fate] like the day of the companies -","translation_id":"Dan orang yang beriman itu berkata: \"Hai kaumku, sesungguhnya aku khawatir kamu akan ditimpa (bencana) seperti peristiwa kehancuran golongan yang bersekutu."},{"number":31,"text":"مِثْلَ دَأْبِ قَوْمِ نُوحٍ وَعَادٍ وَثَمُودَ وَٱلَّذِينَ مِنۢ بَعْدِهِمْ وَمَا ٱللَّهُ يُرِيدُ ظُلْمًا لِّلْعِبَادِ","translation_en":"Like the custom of the people of Noah and of 'Aad and Thamud and those after them. And Allah wants no injustice for [His] servants.","translation_id":"(Yakni) seperti keadaan kaum Nuh, 'Aad, Tsamud dan orang-orang yang datang sesudah mereka. Dan Allah tidak menghendaki berbuat kezaliman terhadap hamba-hamba-Nya."},{"number":32,"text":"وَيَٰقَوْمِ إِنِّىٓ أَخَافُ عَلَيْكُمْ يَوْمَ ٱلتَّنَادِ","translation_en":"And O my people, indeed I fear for you the Day of Calling -","translation_id":"Hai kaumku, sesungguhnya aku khawatir terhadapmu akan siksaan hari panggil-memanggil."},{"number":33,"text":"يَوْمَ تُوَلُّونَ مُدْبِرِينَ مَا لَكُم مِّنَ ٱللَّهِ مِنْ عَاصِمٍ وَمَن يُضْلِلِ ٱللَّهُ فَمَا لَهُۥ مِنْ هَادٍ","translation_en":"The Day you will turn your backs fleeing; there is not for you from Allah any protector. And whoever Allah leaves astray - there is not for him any guide.","translation_id":"(yaitu) hari (ketika) kamu (lari) berpaling ke belakang, tidak ada bagimu seorangpun yang menyelamatkan kamu dari (azab) Allah, dan siapa yang disesatkan Allah, niscaya tidak ada baginya seorangpun yang akan memberi petunjuk."},{"number":34,"text":"وَلَقَدْ جَآءَكُمْ يُوسُفُ مِن قَبْلُ بِٱلْبَيِّنَٰتِ فَمَا زِلْتُمْ فِى شَكٍّ مِّمَّا جَآءَكُم بِهِۦ حَتَّىٰٓ إِذَا هَلَكَ قُلْتُمْ لَن يَبْعَثَ ٱللَّهُ مِنۢ بَعْدِهِۦ رَسُولًا كَذَٰلِكَ يُضِلُّ ٱللَّهُ مَنْ هُوَ مُسْرِفٌ مُّرْتَابٌ","translation_en":"And Joseph had already come to you before with clear proofs, but you remained in doubt of that which he brought to you, until when he died, you said, 'Never will Allah send a messenger after him.' Thus does Allah leave astray he who is a transgressor and skeptic.\"","translation_id":"Dan sesungguhnya telah datang Yusuf kepadamu dengan membawa keterangan-keterangan, tetapi kamu senantiasa dalam keraguan tentang apa yang dibawanya kepadamu, hingga ketika dia meninggal, kamu berkata: \"Allah tidak akan mengirim seorang (rasulpun) sesudahnya. Demikianlah Allah menyesatkan orang-orang yang melampaui batas dan ragu-ragu."},{"number":35,"text":"ٱلَّذِينَ يُجَٰدِلُونَ فِىٓ ءَايَٰتِ ٱللَّهِ بِغَيْرِ سُلْطَٰنٍ أَتَىٰهُمْ كَبُرَ مَقْتًا عِندَ ٱللَّهِ وَعِندَ ٱلَّذِينَ ءَامَنُوا۟ كَذَٰلِكَ يَطْبَعُ ٱللَّهُ عَلَىٰ كُلِّ قَلْبِ مُتَكَبِّرٍ جَبَّارٍ","translation_en":"Those who dispute concerning the signs of Allah without an authority having come to them - great is hatred [of them] in the sight of Allah and in the sight of those who have believed. Thus does Allah seal over every heart [belonging to] an arrogant tyrant.","translation_id":"(Yaitu) orang-orang yang memperdebatkan ayat-ayat Allah tanpa alasan yang sampai kepada mereka. Amat besar kemurkaan (bagi mereka) di sisi Allah dan di sisi orang-orang yang beriman. Demikianlah Allah mengunci mati hati orang yang sombong dan sewenang-wenang."},{"number":36,"text":"وَقَالَ فِرْعَوْنُ يَٰهَٰمَٰنُ ٱبْنِ لِى صَرْحًا لَّعَلِّىٓ أَبْلُغُ ٱلْأَسْبَٰبَ","translation_en":"And Pharaoh said, \"O Haman, construct for me a tower that I might reach the ways -","translation_id":"Dan berkatalah Fir'aun: \"Hai Haman, buatkanlah bagiku sebuah bangunan yang tinggi supaya aku sampai ke pintu-pintu,"},{"number":37,"text":"أَسْبَٰبَ ٱلسَّمَٰوَٰتِ فَأَطَّلِعَ إِلَىٰٓ إِلَٰهِ مُوسَىٰ وَإِنِّى لَأَظُنُّهُۥ كَٰذِبًا وَكَذَٰلِكَ زُيِّنَ لِفِرْعَوْنَ سُوٓءُ عَمَلِهِۦ وَصُدَّ عَنِ ٱلسَّبِيلِ وَمَا كَيْدُ فِرْعَوْنَ إِلَّا فِى تَبَابٍ","translation_en":"The ways into the heavens - so that I may look at the deity of Moses; but indeed, I think he is a liar.\" And thus was made attractive to Pharaoh the evil of his deed, and he was averted from the [right] way. And the plan of Pharaoh was not except in ruin.","translation_id":"(yaitu) pintu-pintu langit, supaya aku dapat melihat Tuhan Musa dan sesungguhnya aku memandangnya seorang pendusta\". Demikianlah dijadikan Fir'aun memandang baik perbuatan yang buruk itu, dan dia dihalangi dari jalan (yang benar); dan tipu daya Fir'aun itu tidak lain hanyalah membawa kerugian."},{"number":38,"text":"وَقَالَ ٱلَّذِىٓ ءَامَنَ يَٰقَوْمِ ٱتَّبِعُونِ أَهْدِكُمْ سَبِيلَ ٱلرَّشَادِ","translation_en":"And he who believed said, \"O my people, follow me, I will guide you to the way of right conduct.","translation_id":"Orang yang beriman itu berkata: \"Hai kaumku, ikutilah aku, aku akan menunjukkan kepadamu jalan yang benar."},{"number":39,"text":"يَٰقَوْمِ إِنَّمَا هَٰذِهِ ٱلْحَيَوٰةُ ٱلدُّنْيَا مَتَٰعٌ وَإِنَّ ٱلْءَاخِرَةَ هِىَ دَارُ ٱلْقَرَارِ","translation_en":"O my people, this worldly life is only [temporary] enjoyment, and indeed, the Hereafter - that is the home of [permanent] settlement.","translation_id":"Hai kaumku, sesungguhnya kehidupan dunia ini hanyalah kesenangan (sementara) dan sesungguhnya akhirat itulah negeri yang kekal."},{"number":40,"text":"مَنْ عَمِلَ سَيِّئَةً فَلَا يُجْزَىٰٓ إِلَّا مِثْلَهَا وَمَنْ عَمِلَ صَٰلِحًا مِّن ذَكَرٍ أَوْ أُنثَىٰ وَهُوَ مُؤْمِنٌ فَأُو۟لَٰٓئِكَ يَدْخُلُونَ ٱلْجَنَّةَ يُرْزَقُونَ فِيهَا بِغَيْرِ حِسَابٍ","translation_en":"Whoever does an evil deed will not be recompensed except by the like thereof; but whoever does righteousness, whether male or female, while he is a believer - those will enter Paradise, being given provision therein without account.","translation_id":"Barangsiapa mengerjakan perbuatan jahat, maka dia tidak akan dibalasi melainkan sebanding dengan kejahatan itu. Dan barangsiapa mengerjakan amal yang saleh baik laki-laki maupun perempuan sedang ia dalam keadaan beriman, maka mereka akan masuk surga, mereka diberi rezeki di dalamnya tanpa hisab."},{"number":41,"text":"وَيَٰقَوْمِ مَا لِىٓ أَدْعُوكُمْ إِلَى ٱلنَّجَوٰةِ وَتَدْعُونَنِىٓ إِلَى ٱلنَّارِ","translation_en":"And O my people, how is it that I invite you to salvation while you invite me to the Fire?","translation_id":"Hai kaumku, bagaimanakah kamu, aku menyeru kamu kepada keselamatan, tetapi kamu menyeru aku ke neraka?"},{"number":42,"text":"تَدْعُونَنِى لِأَكْفُرَ بِٱللَّهِ وَأُشْرِكَ بِهِۦ مَا لَيْسَ لِى بِهِۦ عِلْمٌ وَأَنَا۠ أَدْعُوكُمْ إِلَى ٱلْعَزِيزِ ٱلْغَفَّٰرِ","translation_en":"You invite me to disbelieve in Allah and associate with Him that of which I have no knowledge, and I invite you to the Exalted in Might, the Perpetual Forgiver.","translation_id":"(Kenapa) kamu menyeruku supaya kafir kepada Allah dan mempersekutukan-Nya dengan apa yang tidak kuketahui padahal aku menyeru kamu (beriman) kepada Yang Maha Perkasa lagi Maha Pengampun?"},{"number":43,"text":"لَا جَرَمَ أَنَّمَا تَدْعُونَنِىٓ إِلَيْهِ لَيْسَ لَهُۥ دَعْوَةٌ فِى ٱلدُّنْيَا وَلَا فِى ٱلْءَاخِرَةِ وَأَنَّ مَرَدَّنَآ إِلَى ٱللَّهِ وَأَنَّ ٱلْمُسْرِفِينَ هُمْ أَصْحَٰبُ ٱلنَّارِ","translation_en":"Assuredly, that to which you invite me has no [response to a] supplication in this world or in the Hereafter; and indeed, our return is to Allah, and indeed, the transgressors will be companions of the Fire.","translation_id":"Sudah pasti bahwa apa yang kamu seru supaya aku (beriman) kepadanya tidak dapat memperkenankan seruan apapun baik di dunia maupun di akhirat. Dan sesungguhnya kita kembali kepada Allah dan sesungguhnya orang-orang yang melampaui batas, mereka itulah penghuni neraka."},{"number":44,"text":"فَسَتَذْكُرُونَ مَآ أَقُولُ لَكُمْ وَأُفَوِّضُ أَمْرِىٓ إِلَى ٱللَّهِ إِنَّ ٱللَّهَ بَصِيرٌۢ بِٱلْعِبَادِ","translation_en":"And you will remember what I [now] say to you, and I entrust my affair to Allah. Indeed, Allah is Seeing of [His] servants.\"","translation_id":"Kelak kamu akan ingat kepada apa yang kukatakan kepada kamu. Dan aku menyerahkan urusanku kepada Allah. Sesungguhnya Allah Maha Melihat akan hamba-hamba-Nya\"."},{"number":45,"text":"فَوَقَىٰهُ ٱللَّهُ سَيِّـَٔاتِ مَا مَكَرُوا۟ وَحَاقَ بِـَٔالِ فِرْعَوْنَ سُوٓءُ ٱلْعَذَابِ","translation_en":"So Allah protected him from the evils they plotted, and the people of Pharaoh were enveloped by the worst of punishment -","translation_id":"Maka Allah memeliharanya dari kejahatan tipu daya mereka, dan Fir'aun beserta kaumnya dikepung oleh azab yang amat buruk."},{"number":46,"text":"ٱلنَّارُ يُعْرَضُونَ عَلَيْهَا غُدُوًّا وَعَشِيًّا وَيَوْمَ تَقُومُ ٱلسَّاعَةُ أَدْخِلُوٓا۟ ءَالَ فِرْعَوْنَ أَشَدَّ ٱلْعَذَابِ","translation_en":"The Fire, they are exposed to it morning and evening. And the Day the Hour appears [it will be said], \"Make the people of Pharaoh enter the severest punishment.\"","translation_id":"Kepada mereka dinampakkan neraka pada pagi dan petang, dan pada hari terjadinya Kiamat. (Dikatakan kepada malaikat): \"Masukkanlah Fir'aun dan kaumnya ke dalam azab yang sangat keras\"."},{"number":47,"text":"وَإِذْ يَتَحَآجُّونَ فِى ٱلنَّارِ فَيَقُولُ ٱلضُّعَفَٰٓؤُا۟ لِلَّذِينَ ٱسْتَكْبَرُوٓا۟ إِنَّا كُنَّا لَكُمْ تَبَعًا فَهَلْ أَنتُم مُّغْنُونَ عَنَّا نَصِيبًا مِّنَ ٱلنَّارِ","translation_en":"And [mention] when they will argue within the Fire, and the weak will say to those who had been arrogant, \"Indeed, we were [only] your followers, so will you relieve us of a share of the Fire?\"","translation_id":"Dan (ingatlah), ketika mereka berbantah-bantah dalam neraka, maka orang-orang yang lemah berkata kepada orang-orang yang menyombongkan diri: \"Sesungguhnya kami adalah pengikut-pengikutmu, maka dapatkah kamu menghindarkan dari kami sebahagian azab api neraka?\""},{"number":48,"text":"قَالَ ٱلَّذِينَ ٱسْتَكْبَرُوٓا۟ إِنَّا كُلٌّ فِيهَآ إِنَّ ٱللَّهَ قَدْ حَكَمَ بَيْنَ ٱلْعِبَادِ","translation_en":"Those who had been arrogant will say, \"Indeed, all [of us] are in it. Indeed, Allah has judged between the servants.\"","translation_id":"Orang-orang yang menyombongkan diri menjawab: \"Sesungguhnya kita semua sama-sama dalam neraka karena sesungguhnya Allah telah menetapkan keputusan antara hamba-hamba-(Nya)\"."},{"number":49,"text":"وَقَالَ ٱلَّذِينَ فِى ٱلنَّارِ لِخَزَنَةِ جَهَنَّمَ ٱدْعُوا۟ رَبَّكُمْ يُخَفِّفْ عَنَّا يَوْمًا مِّنَ ٱلْعَذَابِ","translation_en":"And those in the Fire will say to the keepers of Hell, \"Supplicate your Lord to lighten for us a day from the punishment.\"","translation_id":"Dan orang-orang yang berada dalam neraka berkata kepada penjaga-penjaga neraka Jahannam: \"Mohonkanlah kepada Tuhanmu supaya Dia meringankan azab dari kami barang sehari\"."},{"number":50,"text":"قَالُوٓا۟ أَوَلَمْ تَكُ تَأْتِيكُمْ رُسُلُكُم بِٱلْبَيِّنَٰتِ قَالُوا۟ بَلَىٰ قَالُوا۟ فَٱدْعُوا۟ وَمَا دُعَٰٓؤُا۟ ٱلْكَٰفِرِينَ إِلَّا فِى ضَلَٰلٍ","translation_en":"They will say, \"Did there not come to you your messengers with clear proofs?\" They will say, \"Yes.\" They will reply, \"Then supplicate [yourselves], but the supplication of the disbelievers is not except in error.\"","translation_id":"Penjaga Jahannam berkata: \"Dan apakah belum datang kepada kamu rasul-rasulmu dengan membawa keterangan-keterangan?\" Mereka menjawab: \"Benar, sudah datang\". Penjaga-penjaga Jahannam berkata: \"Berdoalah kamu\". Dan doa orang-orang kafir itu hanyalah sia-sia belaka."},{"number":51,"text":"إِنَّا لَنَنصُرُ رُسُلَنَا وَٱلَّذِينَ ءَامَنُوا۟ فِى ٱلْحَيَوٰةِ ٱلدُّنْيَا وَيَوْمَ يَقُومُ ٱلْأَشْهَٰدُ","translation_en":"Indeed, We will support Our messengers and those who believe during the life of this world and on the Day when the witnesses will stand -","translation_id":"Sesungguhnya Kami menolong rasul-rasul Kami dan orang-orang yang beriman dalam kehidupan dunia dan pada hari berdirinya saksi-saksi (hari kiamat),"},{"number":52,"text":"يَوْمَ لَا يَنفَعُ ٱلظَّٰلِمِينَ مَعْذِرَتُهُمْ وَلَهُمُ ٱللَّعْنَةُ وَلَهُمْ سُوٓءُ ٱلدَّارِ","translation_en":"The Day their excuse will not benefit the wrongdoers, and they will have the curse, and they will have the worst home.","translation_id":"(yaitu) hari yang tidak berguna bagi orang-orang zalim permintaan maafnya dan bagi merekalah laknat dan bagi merekalah tempat tinggal yang buruk."},{"number":53,"text":"وَلَقَدْ ءَاتَيْنَا مُوسَى ٱلْهُدَىٰ وَأَوْرَثْنَا بَنِىٓ إِسْرَٰٓءِيلَ ٱلْكِتَٰبَ","translation_en":"And We had certainly given Moses guidance, and We caused the Children of Israel to inherit the Scripture","translation_id":"Dan sesungguhnya telah Kami berikan petunjuk kepada Musa; dan Kami wariskan Taurat kepada Bani Israil,"},{"number":54,"text":"هُدًى وَذِكْرَىٰ لِأُو۟لِى ٱلْأَلْبَٰبِ","translation_en":"As guidance and a reminder for those of understanding.","translation_id":"untuk menjadi petunjuk dan peringatan bagi orang-orang yang berfikir."},{"number":55,"text":"فَٱصْبِرْ إِنَّ وَعْدَ ٱللَّهِ حَقٌّ وَٱسْتَغْفِرْ لِذَنۢبِكَ وَسَبِّحْ بِحَمْدِ رَبِّكَ بِٱلْعَشِىِّ وَٱلْإِبْكَٰرِ","translation_en":"So be patient, [O Muhammad]. Indeed, the promise of Allah is truth. And ask forgiveness for your sin and exalt [Allah] with praise of your Lord in the evening and the morning.","translation_id":"Maka bersabarlah kamu, karena sesungguhnya janji Allah itu benar, dan mohonlah ampunan untuk dosamu dan bertasbihlah seraya memuji Tuhanmu pada waktu petang dan pagi."},{"number":56,"text":"إِنَّ ٱلَّذِينَ يُجَٰدِلُونَ فِىٓ ءَايَٰتِ ٱللَّهِ بِغَيْرِ سُلْطَٰنٍ أَتَىٰهُمْ إِن فِى صُدُورِهِمْ إِلَّا كِبْرٌ مَّا هُم بِبَٰلِغِيهِ فَٱسْتَعِذْ بِٱللَّهِ إِنَّهُۥ هُوَ ٱلسَّمِيعُ ٱلْبَصِيرُ","translation_en":"Indeed, those who dispute concerning the signs of Allah without [any] authority having come to them - there is not within their breasts except pride, [the extent of] which they cannot reach. So seek refuge in Allah. Indeed, it is He who is the Hearing, the Seeing.","translation_id":"Sesungguhhnya orang-orang yang memperdebatkan tentang ayat-ayat Allah tanpa alasan yang sampai kepada mereka tidak ada dalam dada mereka melainkan hanyalah (keinginan akan) kebesaran yang mereka sekali-kali tiada akan mencapainya, maka mintalah perlindungan kepada Allah. Sesungguhnya Dia Maha Mendengar lagi Maha Melihat."},{"number":57,"text":"لَخَلْقُ ٱلسَّمَٰوَٰتِ وَٱلْأَرْضِ أَكْبَرُ مِنْ خَلْقِ ٱلنَّاسِ وَلَٰكِنَّ أَكْثَرَ ٱلنَّاسِ لَا يَعْلَمُونَ","translation_en":"The creation of the heavens and earth is greater than the creation of mankind, but most of the people do not know.","translation_id":"Sesungguhnya penciptaan langit dan bumi lebih besar daripada penciptaan manusia akan tetapi kebanyakan manusia tidak mengetahui."},{"number":58,"text":"وَمَا يَسْتَوِى ٱلْأَعْمَىٰ وَٱلْبَصِيرُ وَٱلَّذِينَ ءَامَنُوا۟ وَعَمِلُوا۟ ٱلصَّٰلِحَٰتِ وَلَا ٱلْمُسِىٓءُ قَلِيلًا مَّا تَتَذَكَّرُونَ","translation_en":"And not equal are the blind and the seeing, nor are those who believe and do righteous deeds and the evildoer. Little do you remember.","translation_id":"Dan tidaklah sama orang yang buta dengan orang yang melihat, dan tidaklah (pula sama) orang-orang yang beriman serta mengerjakan amal saleh dengan orang-orang yang durhaka. Sedikit sekali kamu mengambil pelajaran."},{"number":59,"text":"إِنَّ ٱلسَّاعَةَ لَءَاتِيَةٌ لَّا رَيْبَ فِيهَا وَلَٰكِنَّ أَكْثَرَ ٱلنَّاسِ لَا يُؤْمِنُونَ","translation_en":"Indeed, the Hour is coming - no doubt about it - but most of the people do not believe.","translation_id":"Sesungguhnya hari kiamat pasti akan datang, tidak ada keraguan tentangnya, akan tetapi kebanyakan manusia tiada beriman."},{"number":60,"text":"وَقَالَ رَبُّكُمُ ٱدْعُونِىٓ أَسْتَجِبْ لَكُمْ إِنَّ ٱلَّذِينَ يَسْتَكْبِرُونَ عَنْ عِبَادَتِى سَيَدْخُلُونَ جَهَنَّمَ دَاخِرِينَ","translation_en":"And your Lord says, \"Call upon Me; I will respond to you.\" Indeed, those who disdain My worship will enter Hell [rendered] contemptible.","translation_id":"Dan Tuhanmu berfirman: \"Berdoalah kepada-Ku, niscaya akan Kuperkenankan bagimu. Sesungguhnya orang-orang yang menyombongkan diri dari menyembah-Ku akan masuk neraka Jahannam dalam keadaan hina dina\"."},{"number":61,"text":"ٱللَّهُ ٱلَّذِى جَعَلَ لَكُمُ ٱلَّيْلَ لِتَسْكُنُوا۟ فِيهِ وَٱلنَّهَارَ مُبْصِرًا إِنَّ ٱللَّهَ لَذُو فَضْلٍ عَلَى ٱلنَّاسِ وَلَٰكِنَّ أَكْثَرَ ٱلنَّاسِ لَا يَشْكُرُونَ","translation_en":"It is Allah who made for you the night that you may rest therein and the day giving sight. Indeed, Allah is full of bounty to the people, but most of the people are not grateful.","translation_id":"Allah-lah yang menjadikan malam untuk kamu supaya kamu beristirahat padanya; dan menjadikan siang terang benderang. Sesungguhnya Allah benar-benar mempunyal karunia yang dilimpahkan atas manusia, akan tetapi kebanyakan manusia tidak bersyukur."},{"number":62,"text":"ذَٰلِكُمُ ٱللَّهُ رَبُّكُمْ خَٰلِقُ كُلِّ شَىْءٍ لَّآ إِلَٰهَ إِلَّا هُوَ فَأَنَّىٰ تُؤْفَكُونَ","translation_en":"That is Allah, your Lord, Creator of all things; there is no deity except Him, so how are you deluded?","translation_id":"Yang demikian itu adalah Allah, Tuhanmu, Pencipta segala sesuatu, tiada Tuhan (yang berhak disembah) melainkan Dia; maka bagaimanakah kamu dapat dipalingkan?"},{"number":63,"text":"كَذَٰلِكَ يُؤْفَكُ ٱلَّذِينَ كَانُوا۟ بِـَٔايَٰتِ ٱللَّهِ يَجْحَدُونَ","translation_en":"Thus were those [before you] deluded who were rejecting the signs of Allah.","translation_id":"Seperti demikianlah dipalingkan orang-orang yang selalu mengingkari ayat-ayat Allah."},{"number":64,"text":"ٱللَّهُ ٱلَّذِى جَعَلَ لَكُمُ ٱلْأَرْضَ قَرَارًا وَٱلسَّمَآءَ بِنَآءً وَصَوَّرَكُمْ فَأَحْسَنَ صُوَرَكُمْ وَرَزَقَكُم مِّنَ ٱلطَّيِّبَٰتِ ذَٰلِكُمُ ٱللَّهُ رَبُّكُمْ فَتَبَارَكَ ٱللَّهُ رَبُّ ٱلْعَٰلَمِينَ","translation_en":"It is Allah who made for you the earth a place of settlement and the sky a ceiling and formed you and perfected your forms and provided you with good things. That is Allah, your Lord; then blessed is Allah, Lord of the worlds.","translation_id":"Allah-lah yang menjadikan bumi bagi kamu tempat menetap dan langit sebagai atap, dan membentuk kamu lalu membaguskan rupamu serta memberi kamu rezeki dengan sebahagian yang baik-baik. Yang demikian itu adalah Allah Tuhanmu, Maha Agung Allah, Tuhan semesta alam."},{"number":65,"text":"هُوَ ٱلْحَىُّ لَآ إِلَٰهَ إِلَّا هُوَ فَٱدْعُوهُ مُخْلِصِينَ لَهُ ٱلدِّينَ ٱلْحَمْدُ لِلَّهِ رَبِّ ٱلْعَٰلَمِينَ","translation_en":"He is the Ever-Living; there is no deity except Him, so call upon Him, [being] sincere to Him in religion. [All] praise is [due] to Allah, Lord of the worlds.","translation_id":"Dialah Yang hidup kekal, tiada Tuhan (yang berhak disembah) melainkan Dia; maka sembahlah Dia dengan memurnikan ibadat kepada-Nya. Segala puji bagi Allah Tuhan semesta alam."},{"number":66,"text":"قُلْ إِنِّى نُهِيتُ أَنْ أَعْبُدَ ٱلَّذِينَ تَدْعُونَ مِن دُونِ ٱللَّهِ لَمَّا جَآءَنِىَ ٱلْبَيِّنَٰتُ مِن رَّبِّى وَأُمِرْتُ أَنْ أُسْلِمَ لِرَبِّ ٱلْعَٰلَمِينَ","translation_en":"Say, [O Muhammad], \"Indeed, I have been forbidden to worship those you call upon besides Allah once the clear proofs have come to me from my Lord, and I have been commanded to submit to the Lord of the worlds.\"","translation_id":"Katakanlah (ya Muhammad): \"Sesungguhnya aku dilarang menyembah sembahan yang kamu sembah selain Allah setelah datang kepadaku keterangan-keterangan dari Tuhanku; dan aku diperintahkan supaya tunduk patuh kepada Tuhan semesta alam."},{"number":67,"text":"هُوَ ٱلَّذِى خَلَقَكُم مِّن تُرَابٍ ثُمَّ مِن نُّطْفَةٍ ثُمَّ مِنْ عَلَقَةٍ ثُمَّ يُخْرِجُكُمْ طِفْلًا ثُمَّ لِتَبْلُغُوٓا۟ أَشُدَّكُمْ ثُمَّ لِتَكُونُوا۟ شُيُوخًا وَمِنكُم مَّن يُتَوَفَّىٰ مِن قَبْلُ وَلِتَبْلُغُوٓا۟ أَجَلًا مُّسَمًّى وَلَعَلَّكُمْ تَعْقِلُونَ","translation_en":"It is He who created you from dust, then from a sperm-drop, then from a clinging clot; then He brings you out as a child; then [He develops you] that you reach your [time of] maturity, then [further] that you become elders. And among you is he who is taken in death before [that], so that you reach a specified term; and perhaps you will use reason.","translation_id":"Dialah yang menciptakan kamu dari tanah kemudian dari setetes mani, sesudah itu dari segumpal darah, kemudian dilahirkannya kamu sebagai seorang anak, kemudian (kamu dibiarkan hidup) supaya kamu sampai kepada masa (dewasa), kemudian (dibiarkan kamu hidup lagi) sampai tua, di antara kamu ada yang diwafatkan sebelum itu. (Kami perbuat demikian) supaya kamu sampai kepada ajal yang ditentukan dan supaya kamu memahami(nya)."},{"number":68,"text":"هُوَ ٱلَّذِى يُحْىِۦ وَيُمِيتُ فَإِذَا قَضَىٰٓ أَمْرًا فَإِنَّمَا يَقُولُ لَهُۥ كُن فَيَكُونُ","translation_en":"He it is who gives life and causes death; and when He decrees a matter, He but says to it, \"Be,\" and it is.","translation_id":"Dialah yang menghidupkan dan mematikan, maka apabila Dia menetapkan sesuatu urusan, Dia hanya bekata kepadanya: \"Jadilah\", maka jadilah ia."},{"number":69,"text":"أَلَمْ تَرَ إِلَى ٱلَّذِينَ يُجَٰدِلُونَ فِىٓ ءَايَٰتِ ٱللَّهِ أَنَّىٰ يُصْرَفُونَ","translation_en":"Do you not consider those who dispute concerning the signs of Allah - how are they averted?","translation_id":"Apakah kamu tidak melihat kepada orang-orang yang membantah ayat-ayat Allah? Bagaimanakah mereka dapat dipalingkan?"},{"number":70,"text":"ٱلَّذِينَ كَذَّبُوا۟ بِٱلْكِتَٰبِ وَبِمَآ أَرْسَلْنَا بِهِۦ رُسُلَنَا فَسَوْفَ يَعْلَمُونَ","translation_en":"Those who deny the Book and that with which We sent Our messengers - they are going to know,","translation_id":"(Yaitu) orang-orang yang mendustakan Al Kitab (Al Quran) dan wahyu yang dibawa oleh rasul-rasul Kami yang telah Kami utus. Kelak mereka akan mengetahui,"},{"number":71,"text":"إِذِ ٱلْأَغْلَٰلُ فِىٓ أَعْنَٰقِهِمْ وَٱلسَّلَٰسِلُ يُسْحَبُونَ","translation_en":"When the shackles are around their necks and the chains; they will be dragged","translation_id":"ketika belenggu dan rantai dipasang di leher mereka, seraya mereka diseret,"},{"number":72,"text":"فِى ٱلْحَمِيمِ ثُمَّ فِى ٱلنَّارِ يُسْجَرُونَ","translation_en":"In boiling water; then in the Fire they will be filled [with flame].","translation_id":"ke dalam air yang sangat panas, kemudian mereka dibakar dalam api,"},{"number":73,"text":"ثُمَّ قِيلَ لَهُمْ أَيْنَ مَا كُنتُمْ تُشْرِكُونَ","translation_en":"Then it will be said to them, \"Where is that which you used to associate [with Him in worship]","translation_id":"kemudian dikatakan kepada mereka: \"Manakah berhala-berhala yang selalu kamu persekutukan,"},{"number":74,"text":"مِن دُونِ ٱللَّهِ قَالُوا۟ ضَلُّوا۟ عَنَّا بَل لَّمْ نَكُن نَّدْعُوا۟ مِن قَبْلُ شَيْـًٔا كَذَٰلِكَ يُضِلُّ ٱللَّهُ ٱلْكَٰفِرِينَ","translation_en":"Other than Allah?\" They will say, \"They have departed from us; rather, we did not used to invoke previously anything.\" Thus does Allah put astray the disbelievers.","translation_id":"(yang kamu sembah) selain Allah?\" Mereka menjawab: \"Mereka telah hilang lenyap dari kami, bahkan kami dahulu tiada pernah menyembah sesuatu\". Seperti demikianlah Allah menyesatkan orang-orang kafir."},{"number":75,"text":"ذَٰلِكُم بِمَا كُنتُمْ تَفْرَحُونَ فِى ٱلْأَرْضِ بِغَيْرِ ٱلْحَقِّ وَبِمَا كُنتُمْ تَمْرَحُونَ","translation_en":"[The angels will say], \"That was because you used to exult upon the earth without right and you used to behave insolently.","translation_id":"Yang demikian itu disebabkan karena kamu bersuka ria di muka bumi dengan tidak benar dan karena kamu selalu bersuka ria (dalam kemaksiatan)."},{"number":76,"text":"ٱدْخُلُوٓا۟ أَبْوَٰبَ جَهَنَّمَ خَٰلِدِينَ فِيهَا فَبِئْسَ مَثْوَى ٱلْمُتَكَبِّرِينَ","translation_en":"Enter the gates of Hell to abide eternally therein, and wretched is the residence of the arrogant.\"","translation_id":"(Dikatakan kepada mereka): \"Masuklah kamu ke pintu-pintu neraka Jahannam, sedang kamu kekal di dalamnya. Maka itulah seburuk-buruk tempat bagi orang-orang yang sombong\"."},{"number":77,"text":"فَٱصْبِرْ إِنَّ وَعْدَ ٱللَّهِ حَقٌّ فَإِمَّا نُرِيَنَّكَ بَعْضَ ٱلَّذِى نَعِدُهُمْ أَوْ نَتَوَفَّيَنَّكَ فَإِلَيْنَا يُرْجَعُونَ","translation_en":"So be patient, [O Muhammad]; indeed, the promise of Allah is truth. And whether We show you some of what We have promised them or We take you in death, it is to Us they will be returned.","translation_id":"Maka bersabarlah kamu, sesungguhnya janji Allah adalah benar; maka meskipun Kami perlihatkan kepadamu sebagian siksa yang Kami ancamkan kepada mereka ataupun Kami wafatkan kamu (sebelum ajal menimpa mereka), namun kepada Kami sajalah mereka dikembalikan."},{"number":78,"text":"وَلَقَدْ أَرْسَلْنَا رُسُلًا مِّن قَبْلِكَ مِنْهُم مَّن قَصَصْنَا عَلَيْكَ وَمِنْهُم مَّن لَّمْ نَقْصُصْ عَلَيْكَ وَمَا كَانَ لِرَسُولٍ أَن يَأْتِىَ بِـَٔايَةٍ إِلَّا بِإِذْنِ ٱللَّهِ فَإِذَا جَآءَ أَمْرُ ٱللَّهِ قُضِىَ بِٱلْحَقِّ وَخَسِرَ هُنَالِكَ ٱلْمُبْطِلُونَ","translation_en":"And We have already sent messengers before you. Among them are those [whose stories] We have related to you, and among them are those [whose stories] We have not related to you. And it was not for any messenger to bring a sign [or verse] except by permission of Allah. So when the command of Allah comes, it will be concluded in truth, and the falsifiers will thereupon lose [all].","translation_id":"Dan sesungguhnya telah Kami utus beberapa orang rasul sebelum kamu, di antara mereka ada yang Kami ceritakan kepadamu dan di antara mereka ada (pula) yang tidak Kami ceritakan kepadamu. Tidak dapat bagi seorang rasul membawa suatu mukjizat, melainkan dengan seizin Allah; maka apabila telah datang perintah Allah, diputuskan (semua perkara) dengan adil. Dan ketika itu rugilah orang-orang yang berpegang kepada yang batil."},{"number":79,"text":"ٱللَّهُ ٱلَّذِى جَعَلَ لَكُمُ ٱلْأَنْعَٰمَ لِتَرْكَبُوا۟ مِنْهَا وَمِنْهَا تَأْكُلُونَ","translation_en":"It is Allah who made for you the grazing animals upon which you ride, and some of them you eat.","translation_id":"Allahlah yang menjadikan binatang ternak untuk kamu, sebagiannya untuk kamu kendarai dan sebagiannya untuk kamu makan."},{"number":80,"text":"وَلَكُمْ فِيهَا مَنَٰفِعُ وَلِتَبْلُغُوا۟ عَلَيْهَا حَاجَةً فِى صُدُورِكُمْ وَعَلَيْهَا وَعَلَى ٱلْفُلْكِ تُحْمَلُونَ","translation_en":"And for you therein are [other] benefits and that you may realize upon them a need which is in your breasts; and upon them and upon ships you are carried.","translation_id":"Dan (ada lagi) manfaat-manfaat yang lain pada binatang ternak itu untuk kamu dan supaya kamu mencapai suatu keperluan yang tersimpan dalam hati dengan mengendarainya. Dan kamu dapat diangkut dengan mengendarai binatang-binatang itu dan dengan mengendarai bahtera."},{"number":81,"text":"وَيُرِيكُمْ ءَايَٰتِهِۦ فَأَىَّ ءَايَٰتِ ٱللَّهِ تُنكِرُونَ","translation_en":"And He shows you His signs. So which of the signs of Allah do you deny?","translation_id":"Dan Dia memperlihatkan kepada kamu tanda-tanda (kekuasaan-Nya); maka tanda-tanda (kekuasaan) Allah yang manakah yang kamu ingkari?"},{"number":82,"text":"أَفَلَمْ يَسِيرُوا۟ فِى ٱلْأَرْضِ فَيَنظُرُوا۟ كَيْفَ كَانَ عَٰقِبَةُ ٱلَّذِينَ مِن قَبْلِهِمْ كَانُوٓا۟ أَكْثَرَ مِنْهُمْ وَأَشَدَّ قُوَّةً وَءَاثَارًا فِى ٱلْأَرْضِ فَمَآ أَغْنَىٰ عَنْهُم مَّا كَانُوا۟ يَكْسِبُونَ","translation_en":"Have they not traveled through the land and observed how was the end of those before them? They were more numerous than themselves and greater in strength and in impression on the land, but they were not availed by what they used to earn.","translation_id":"Maka apakah mereka tiada mengadakan perjalanan di muka bumi lalu memperhatikan betapa kesudahan orang-orang yang sebelum mereka. Adalah orang-orang yang sebelum mereka itu lebih hebat kekuatannya dan (lebih banyak) bekas-bekas mereka di muka bumi, maka apa yang mereka usahakan itu tidak dapat menolong mereka."},{"number":83,"text":"فَلَمَّا جَآءَتْهُمْ رُسُلُهُم بِٱلْبَيِّنَٰتِ فَرِحُوا۟ بِمَا عِندَهُم مِّنَ ٱلْعِلْمِ وَحَاقَ بِهِم مَّا كَانُوا۟ بِهِۦ يَسْتَهْزِءُونَ","translation_en":"And when their messengers came to them with clear proofs, they [merely] rejoiced in what they had of knowledge, but they were enveloped by what they used to ridicule.","translation_id":"Maka tatkala datang kepada mereka rasul-rasul (yang diutus kepada) mereka dengan membawa ketarangan-keterangan, mereka merasa senang dengan pengetahuan yang ada pada mereka dan mereka dikepung oleh azab Allah yang selalu mereka perolok-olokkan itu."},{"number":84,"text":"فَلَمَّا رَأَوْا۟ بَأْسَنَا قَالُوٓا۟ ءَامَنَّا بِٱللَّهِ وَحْدَهُۥ وَكَفَرْنَا بِمَا كُنَّا بِهِۦ مُشْرِكِينَ","translation_en":"And when they saw Our punishment, they said,\" We believe in Allah alone and disbelieve in that which we used to associate with Him.\"","translation_id":"Maka tatkala mereka melihat azab Kami, mereka berkata: \"Kami beriman hanya kepada Allah saja, dan kami kafir kepada sembahan-sembahan yang telah kami persekutukan dengan Allah\"."},{"number":85,"text":"فَلَمْ يَكُ يَنفَعُهُمْ إِيمَٰنُهُمْ لَمَّا رَأَوْا۟ بَأْسَنَا سُنَّتَ ٱللَّهِ ٱلَّتِى قَدْ خَلَتْ فِى عِبَادِهِۦ وَخَسِرَ هُنَالِكَ ٱلْكَٰفِرُونَ","translation_en":"But never did their faith benefit them once they saw Our punishment. [It is] the established way of Allah which has preceded among His servants. And the disbelievers thereupon lost [all].","translation_id":"Maka iman mereka tiada berguna bagi mereka tatkala mereka telah melihat siksa Kami. Itulah sunnah Allah yang telah berlaku terhadap hamba-hamba-Nya. Dan di waktu itu binasalah orang-orang kafir."}]}