{"number":41,"name":"سورة فصلت","transliteration_en":"Fussilat","translation_en":"Explained in detail","total_verses":54,"revelation_type":"Meccan","verses":[{"number":1,"text":"بِسْمِ ٱللَّهِ ٱلرَّحْمَٰنِ ٱلرَّحِيمِ حمٓ","translation_en":"Ha, Meem.","translation_id":"Haa Miim."},{"number":2,"text":"تَنزِيلٌ مِّنَ ٱلرَّحْمَٰنِ ٱلرَّحِيمِ","translation_en":"[This is] a revelation from the Entirely Merciful, the Especially Merciful -","translation_id":"Diturunkan dari Tuhan Yang Maha Pemurah lagi Maha Penyayang."},{"number":3,"text":"كِتَٰبٌ فُصِّلَتْ ءَايَٰتُهُۥ قُرْءَانًا عَرَبِيًّا لِّقَوْمٍ يَعْلَمُونَ","translation_en":"A Book whose verses have been detailed, an Arabic Qur'an for a people who know,","translation_id":"Kitab yang dijelaskan ayat-ayatnya, yakni bacaan dalam bahasa Arab, untuk kaum yang mengetahui,"},{"number":4,"text":"بَشِيرًا وَنَذِيرًا فَأَعْرَضَ أَكْثَرُهُمْ فَهُمْ لَا يَسْمَعُونَ","translation_en":"As a giver of good tidings and a warner; but most of them turn away, so they do not hear.","translation_id":"yang membawa berita gembira dan yang membawa peringatan, tetapi kebanyakan mereka berpaling, tidak mau mendengarkan."},{"number":5,"text":"وَقَالُوا۟ قُلُوبُنَا فِىٓ أَكِنَّةٍ مِّمَّا تَدْعُونَآ إِلَيْهِ وَفِىٓ ءَاذَانِنَا وَقْرٌ وَمِنۢ بَيْنِنَا وَبَيْنِكَ حِجَابٌ فَٱعْمَلْ إِنَّنَا عَٰمِلُونَ","translation_en":"And they say, \"Our hearts are within coverings from that to which you invite us, and in our ears is deafness, and between us and you is a partition, so work; indeed, we are working.\"","translation_id":"Mereka berkata: \"Hati kami berada dalam tutupan (yang menutupi) apa yang kamu seru kami kepadanya dan telinga kami ada sumbatan dan antara kami dan kamu ada dinding, maka bekerjalah kamu; sesungguhnya kami bekerja (pula)\"."},{"number":6,"text":"قُلْ إِنَّمَآ أَنَا۠ بَشَرٌ مِّثْلُكُمْ يُوحَىٰٓ إِلَىَّ أَنَّمَآ إِلَٰهُكُمْ إِلَٰهٌ وَٰحِدٌ فَٱسْتَقِيمُوٓا۟ إِلَيْهِ وَٱسْتَغْفِرُوهُ وَوَيْلٌ لِّلْمُشْرِكِينَ","translation_en":"Say, O [Muhammad], \"I am only a man like you to whom it has been revealed that your god is but one God; so take a straight course to Him and seek His forgiveness.\" And woe to those who associate others with Allah -","translation_id":"Katakanlah: \"Bahwasanya aku hanyalah seorang manusia seperti kamu, diwahyukan kepadaku bahwasanya Tuhan kamu adalah Tuhan yang Maha Esa, maka tetaplah pada jalan yang lurus menuju kepada-Nya dan mohonlah ampun kepada-Nya. Dan kecelakaan besarlah bagi orang-orang yang mempersekutukan-Nya,"},{"number":7,"text":"ٱلَّذِينَ لَا يُؤْتُونَ ٱلزَّكَوٰةَ وَهُم بِٱلْءَاخِرَةِ هُمْ كَٰفِرُونَ","translation_en":"Those who do not give zakah, and in the Hereafter they are disbelievers.","translation_id":"(yaitu) orang-orang yang tidak menunaikan zakat dan mereka kafir akan adanya (kehidupan) akhirat."},{"number":8,"text":"إِنَّ ٱلَّذِينَ ءَامَنُوا۟ وَعَمِلُوا۟ ٱلصَّٰلِحَٰتِ لَهُمْ أَجْرٌ غَيْرُ مَمْنُونٍ","translation_en":"Indeed, those who believe and do righteous deeds - for them is a reward uninterrupted.","translation_id":"Sesungguhnya orang-orang yang beriman dan beramal saleh, mereka mendapat pahala yang tiada putus-putusnya\"."},{"number":9,"text":"قُلْ أَئِنَّكُمْ لَتَكْفُرُونَ بِٱلَّذِى خَلَقَ ٱلْأَرْضَ فِى يَوْمَيْنِ وَتَجْعَلُونَ لَهُۥٓ أَندَادًا ذَٰلِكَ رَبُّ ٱلْعَٰلَمِينَ","translation_en":"Say, \"Do you indeed disbelieve in He who created the earth in two days and attribute to Him equals? That is the Lord of the worlds.\"","translation_id":"Katakanlah: \"Sesungguhnya patutkah kamu kafir kepada Yang menciptakan bumi dalam dua masa dan kamu adakan sekutu-sekutu bagi-Nya? (Yang bersifat) demikian itu adalah Rabb semesta alam\"."},{"number":10,"text":"وَجَعَلَ فِيهَا رَوَٰسِىَ مِن فَوْقِهَا وَبَٰرَكَ فِيهَا وَقَدَّرَ فِيهَآ أَقْوَٰتَهَا فِىٓ أَرْبَعَةِ أَيَّامٍ سَوَآءً لِّلسَّآئِلِينَ","translation_en":"And He placed on the earth firmly set mountains over its surface, and He blessed it and determined therein its [creatures'] sustenance in four days without distinction - for [the information] of those who ask.","translation_id":"Dan dia menciptakan di bumi itu gunung-gunung yang kokoh di atasnya. Dia memberkahinya dan Dia menentukan padanya kadar makanan-makanan (penghuni)nya dalam empat masa. (Penjelasan itu sebagai jawaban) bagi orang-orang yang bertanya."},{"number":11,"text":"ثُمَّ ٱسْتَوَىٰٓ إِلَى ٱلسَّمَآءِ وَهِىَ دُخَانٌ فَقَالَ لَهَا وَلِلْأَرْضِ ٱئْتِيَا طَوْعًا أَوْ كَرْهًا قَالَتَآ أَتَيْنَا طَآئِعِينَ","translation_en":"Then He directed Himself to the heaven while it was smoke and said to it and to the earth, \"Come [into being], willingly or by compulsion.\" They said, \"We have come willingly.\"","translation_id":"Kemudian Dia menuju kepada penciptaan langit dan langit itu masih merupakan asap, lalu Dia berkata kepadanya dan kepada bumi: \"Datanglah kamu keduanya menurut perintah-Ku dengan suka hati atau terpaksa\". Keduanya menjawab: \"Kami datang dengan suka hati\"."},{"number":12,"text":"فَقَضَىٰهُنَّ سَبْعَ سَمَٰوَاتٍ فِى يَوْمَيْنِ وَأَوْحَىٰ فِى كُلِّ سَمَآءٍ أَمْرَهَا وَزَيَّنَّا ٱلسَّمَآءَ ٱلدُّنْيَا بِمَصَٰبِيحَ وَحِفْظًا ذَٰلِكَ تَقْدِيرُ ٱلْعَزِيزِ ٱلْعَلِيمِ","translation_en":"And He completed them as seven heavens within two days and inspired in each heaven its command. And We adorned the nearest heaven with lamps and as protection. That is the determination of the Exalted in Might, the Knowing.","translation_id":"Maka Dia menjadikannya tujuh langit dalam dua masa. Dia mewahyukan pada tiap-tiap langit urusannya. Dan Kami hiasi langit yang dekat dengan bintang-bintang yang cemerlang dan Kami memeliharanya dengan sebaik-baiknya. Demikianlah ketentuan Yang Maha Perkasa lagi Maha Mengetahui."},{"number":13,"text":"فَإِنْ أَعْرَضُوا۟ فَقُلْ أَنذَرْتُكُمْ صَٰعِقَةً مِّثْلَ صَٰعِقَةِ عَادٍ وَثَمُودَ","translation_en":"But if they turn away, then say, \"I have warned you of a thunderbolt like the thunderbolt [that struck] 'Aad and Thamud.","translation_id":"Jika mereka berpaling maka katakanlah: \"Aku telah memperingatkan kamu dengan petir, seperti petir yang menimpa kaum 'Aad dan Tsamud\"."},{"number":14,"text":"إِذْ جَآءَتْهُمُ ٱلرُّسُلُ مِنۢ بَيْنِ أَيْدِيهِمْ وَمِنْ خَلْفِهِمْ أَلَّا تَعْبُدُوٓا۟ إِلَّا ٱللَّهَ قَالُوا۟ لَوْ شَآءَ رَبُّنَا لَأَنزَلَ مَلَٰٓئِكَةً فَإِنَّا بِمَآ أُرْسِلْتُم بِهِۦ كَٰفِرُونَ","translation_en":"[That occurred] when the messengers had come to them before them and after them, [saying], \"Worship not except Allah.\" They said, \"If our Lord had willed, He would have sent down the angels, so indeed we, in that with which you have been sent, are disbelievers.\"","translation_id":"Ketika para rasul datang kepada mereka dari depan dan belakang mereka (dengan menyerukan): \"Janganlah kamu menyembah selain Allah\". Mereka menjawab: \"Kalau Tuhan kami menghendaki tentu Dia akan menurunkan malaikat-malaikat-Nya, maka sesungguhnya kami kafir kepada wahyu yang kamu diutus membawanya\"."},{"number":15,"text":"فَأَمَّا عَادٌ فَٱسْتَكْبَرُوا۟ فِى ٱلْأَرْضِ بِغَيْرِ ٱلْحَقِّ وَقَالُوا۟ مَنْ أَشَدُّ مِنَّا قُوَّةً أَوَلَمْ يَرَوْا۟ أَنَّ ٱللَّهَ ٱلَّذِى خَلَقَهُمْ هُوَ أَشَدُّ مِنْهُمْ قُوَّةً وَكَانُوا۟ بِـَٔايَٰتِنَا يَجْحَدُونَ","translation_en":"As for 'Aad, they were arrogant upon the earth without right and said, \"Who is greater than us in strength?\" Did they not consider that Allah who created them was greater than them in strength? But they were rejecting Our signs.","translation_id":"Adapun kaum 'Aad maka mereka menyombongkan diri di muka bumi tanpa alasan yang benar dan berkata: \"Siapakah yang lebih besar kekuatannya dari kami?\" Dan apakah mereka itu tidak memperhatikan bahwa Allah Yang menciptakan mereka adalah lebih besar kekuatan-Nya daripada mereka? Dan adalah mereka mengingkari tanda-tanda (kekuatan) Kami."},{"number":16,"text":"فَأَرْسَلْنَا عَلَيْهِمْ رِيحًا صَرْصَرًا فِىٓ أَيَّامٍ نَّحِسَاتٍ لِّنُذِيقَهُمْ عَذَابَ ٱلْخِزْىِ فِى ٱلْحَيَوٰةِ ٱلدُّنْيَا وَلَعَذَابُ ٱلْءَاخِرَةِ أَخْزَىٰ وَهُمْ لَا يُنصَرُونَ","translation_en":"So We sent upon them a screaming wind during days of misfortune to make them taste the punishment of disgrace in the worldly life; but the punishment of the Hereafter is more disgracing, and they will not be helped.","translation_id":"Maka Kami meniupkan angin yang amat gemuruh kepada mereka dalam beberapa hari yang sial, karena Kami hendak merasakan kepada mereka itu siksaan yang menghinakan dalam kehidupan dunia. Dan Sesungguhnya siksa akhirat lebih menghinakan sedang mereka tidak diberi pertolongan."},{"number":17,"text":"وَأَمَّا ثَمُودُ فَهَدَيْنَٰهُمْ فَٱسْتَحَبُّوا۟ ٱلْعَمَىٰ عَلَى ٱلْهُدَىٰ فَأَخَذَتْهُمْ صَٰعِقَةُ ٱلْعَذَابِ ٱلْهُونِ بِمَا كَانُوا۟ يَكْسِبُونَ","translation_en":"And as for Thamud, We guided them, but they preferred blindness over guidance, so the thunderbolt of humiliating punishment seized them for what they used to earn.","translation_id":"Dan adapun kaum Tsamud, maka mereka telah Kami beri petunjuk tetapi mereka lebih menyukai buta (kesesatan) daripada petunjuk, maka mereka disambar petir azab yang menghinakan disebabkan apa yang telah mereka kerjakan."},{"number":18,"text":"وَنَجَّيْنَا ٱلَّذِينَ ءَامَنُوا۟ وَكَانُوا۟ يَتَّقُونَ","translation_en":"And We saved those who believed and used to fear Allah.","translation_id":"Dan Kami selamatkan orang-orang yang beriman dan mereka adalah orang-orang yang bertakwa."},{"number":19,"text":"وَيَوْمَ يُحْشَرُ أَعْدَآءُ ٱللَّهِ إِلَى ٱلنَّارِ فَهُمْ يُوزَعُونَ","translation_en":"And [mention, O Muhammad], the Day when the enemies of Allah will be gathered to the Fire while they are [driven] assembled in rows,","translation_id":"Dan (ingatlah) hari (ketika) musuh-musuh Allah di giring ke dalam neraka, lalu mereka dikumpulkan semuanya."},{"number":20,"text":"حَتَّىٰٓ إِذَا مَا جَآءُوهَا شَهِدَ عَلَيْهِمْ سَمْعُهُمْ وَأَبْصَٰرُهُمْ وَجُلُودُهُم بِمَا كَانُوا۟ يَعْمَلُونَ","translation_en":"Until, when they reach it, their hearing and their eyes and their skins will testify against them of what they used to do.","translation_id":"Sehingga apabila mereka sampai ke neraka, pendengaran, penglihatan dan kulit mereka menjadi saksi terhadap mereka tentang apa yang telah mereka kerjakan."},{"number":21,"text":"وَقَالُوا۟ لِجُلُودِهِمْ لِمَ شَهِدتُّمْ عَلَيْنَا قَالُوٓا۟ أَنطَقَنَا ٱللَّهُ ٱلَّذِىٓ أَنطَقَ كُلَّ شَىْءٍ وَهُوَ خَلَقَكُمْ أَوَّلَ مَرَّةٍ وَإِلَيْهِ تُرْجَعُونَ","translation_en":"And they will say to their skins, \"Why have you testified against us?\" They will say, \"We were made to speak by Allah, who has made everything speak; and He created you the first time, and to Him you are returned.","translation_id":"Dan mereka berkata kepada kulit mereka: \"Mengapa kamu menjadi saksi terhadap kami?\" Kulit mereka menjawab: \"Allah yang menjadikan segala sesuatu pandai berkata telah menjadikan kami pandai (pula) berkata, dan Dialah yang menciptakan kamu pada kali pertama dan hanya kepada-Nya lah kamu dikembalikan\"."},{"number":22,"text":"وَمَا كُنتُمْ تَسْتَتِرُونَ أَن يَشْهَدَ عَلَيْكُمْ سَمْعُكُمْ وَلَآ أَبْصَٰرُكُمْ وَلَا جُلُودُكُمْ وَلَٰكِن ظَنَنتُمْ أَنَّ ٱللَّهَ لَا يَعْلَمُ كَثِيرًا مِّمَّا تَعْمَلُونَ","translation_en":"And you were not covering yourselves, lest your hearing testify against you or your sight or your skins, but you assumed that Allah does not know much of what you do.","translation_id":"Kamu sekali-sekali tidak dapat bersembunyi dari kesaksian pendengaran, penglihatan dan kulitmu kepadamu bahkan kamu mengira bahwa Allah tidak mengetahui kebanyakan dari apa yang kamu kerjakan."},{"number":23,"text":"وَذَٰلِكُمْ ظَنُّكُمُ ٱلَّذِى ظَنَنتُم بِرَبِّكُمْ أَرْدَىٰكُمْ فَأَصْبَحْتُم مِّنَ ٱلْخَٰسِرِينَ","translation_en":"And that was your assumption which you assumed about your Lord. It has brought you to ruin, and you have become among the losers.\"","translation_id":"Dan yang demikian itu adalah prasangkamu yang telah kamu sangka kepada Tuhanmu, Dia telah membinasakan kamu, maka jadilah kamu termasuk orang-orang yang merugi."},{"number":24,"text":"فَإِن يَصْبِرُوا۟ فَٱلنَّارُ مَثْوًى لَّهُمْ وَإِن يَسْتَعْتِبُوا۟ فَمَا هُم مِّنَ ٱلْمُعْتَبِينَ","translation_en":"So [even] if they are patient, the Fire is a residence for them; and if they ask to appease [Allah], they will not be of those who are allowed to appease.","translation_id":"Jika mereka bersabar (menderita azab) maka nerakalah tempat diam mereka dan jika mereka mengemukakan alasan-alasan, maka tidaklah mereka termasuk orang-orang yang diterima alasannya."},{"number":25,"text":"وَقَيَّضْنَا لَهُمْ قُرَنَآءَ فَزَيَّنُوا۟ لَهُم مَّا بَيْنَ أَيْدِيهِمْ وَمَا خَلْفَهُمْ وَحَقَّ عَلَيْهِمُ ٱلْقَوْلُ فِىٓ أُمَمٍ قَدْ خَلَتْ مِن قَبْلِهِم مِّنَ ٱلْجِنِّ وَٱلْإِنسِ إِنَّهُمْ كَانُوا۟ خَٰسِرِينَ","translation_en":"And We appointed for them companions who made attractive to them what was before them and what was behind them [of sin], and the word has come into effect upon them among nations which had passed on before them of jinn and men. Indeed, they [all] were losers.","translation_id":"Dan Kami tetapkan bagi mereka teman-teman yang menjadikan mereka memandang bagus apa yang ada di hadapan dan di belakang mereka dan tetaplah atas mereka keputusan azab pada umat-umat yang terdahulu sebelum mereka dari jinn dan manusia, sesungguhnya mereka adalah orang-orang yang merugi."},{"number":26,"text":"وَقَالَ ٱلَّذِينَ كَفَرُوا۟ لَا تَسْمَعُوا۟ لِهَٰذَا ٱلْقُرْءَانِ وَٱلْغَوْا۟ فِيهِ لَعَلَّكُمْ تَغْلِبُونَ","translation_en":"And those who disbelieve say, \"Do not listen to this Qur'an and speak noisily during [the recitation of] it that perhaps you will overcome.\"","translation_id":"Dan orang-orang yang kafir berkata: \"Janganlah kamu mendengar dengan sungguh-sungguh akan Al Quran ini dan buatlah hiruk-pikuk terhadapnya, supaya kamu dapat mengalahkan mereka\"."},{"number":27,"text":"فَلَنُذِيقَنَّ ٱلَّذِينَ كَفَرُوا۟ عَذَابًا شَدِيدًا وَلَنَجْزِيَنَّهُمْ أَسْوَأَ ٱلَّذِى كَانُوا۟ يَعْمَلُونَ","translation_en":"But We will surely cause those who disbelieve to taste a severe punishment, and We will surely recompense them for the worst of what they had been doing.","translation_id":"Maka sesungguhnya Kami akan merasakan azab yang keras kepada orang-orang kafir dan Kami akan memberi balasan kepada mereka dengan seburuk-buruk pembalasan bagi apa yang telah mereka kerjakan."},{"number":28,"text":"ذَٰلِكَ جَزَآءُ أَعْدَآءِ ٱللَّهِ ٱلنَّارُ لَهُمْ فِيهَا دَارُ ٱلْخُلْدِ جَزَآءًۢ بِمَا كَانُوا۟ بِـَٔايَٰتِنَا يَجْحَدُونَ","translation_en":"That is the recompense of the enemies of Allah - the Fire. For them therein is the home of eternity as recompense for what they, of Our verses, were rejecting.","translation_id":"Demikianlah balasan terhadap musuh-musuh Allah, (yaitu) neraka; mereka mendapat tempat tinggal yang kekal di dalamnya sebagai balasan atas keingkaran mereka terhadap ayat-ayat Kami."},{"number":29,"text":"وَقَالَ ٱلَّذِينَ كَفَرُوا۟ رَبَّنَآ أَرِنَا ٱلَّذَيْنِ أَضَلَّانَا مِنَ ٱلْجِنِّ وَٱلْإِنسِ نَجْعَلْهُمَا تَحْتَ أَقْدَامِنَا لِيَكُونَا مِنَ ٱلْأَسْفَلِينَ","translation_en":"And those who disbelieved will [then] say, \"Our Lord, show us those who misled us of the jinn and men [so] we may put them under our feet that they will be among the lowest.\"","translation_id":"Dan orang-orang kafir berkata: \"Ya Rabb kami perlihatkanlah kepada kami dua jenis orang yang telah menyesatkan kami (yaitu) sebagian dari jinn dan manusia agar kami letakkan keduanya di bawah telapak kaki kami supaya kedua jenis itu menjadi orang-orang yang hina\"."},{"number":30,"text":"إِنَّ ٱلَّذِينَ قَالُوا۟ رَبُّنَا ٱللَّهُ ثُمَّ ٱسْتَقَٰمُوا۟ تَتَنَزَّلُ عَلَيْهِمُ ٱلْمَلَٰٓئِكَةُ أَلَّا تَخَافُوا۟ وَلَا تَحْزَنُوا۟ وَأَبْشِرُوا۟ بِٱلْجَنَّةِ ٱلَّتِى كُنتُمْ تُوعَدُونَ","translation_en":"Indeed, those who have said, \"Our Lord is Allah \" and then remained on a right course - the angels will descend upon them, [saying], \"Do not fear and do not grieve but receive good tidings of Paradise, which you were promised.","translation_id":"Sesungguhnya orang-orang yang mengatakan: \"Tuhan kami ialah Allah\" kemudian mereka meneguhkan pendirian mereka, maka malaikat akan turun kepada mereka dengan mengatakan: \"Janganlah kamu takut dan janganlah merasa sedih; dan gembirakanlah mereka dengan jannah yang telah dijanjikan Allah kepadamu\"."},{"number":31,"text":"نَحْنُ أَوْلِيَآؤُكُمْ فِى ٱلْحَيَوٰةِ ٱلدُّنْيَا وَفِى ٱلْءَاخِرَةِ وَلَكُمْ فِيهَا مَا تَشْتَهِىٓ أَنفُسُكُمْ وَلَكُمْ فِيهَا مَا تَدَّعُونَ","translation_en":"We [angels] were your allies in worldly life and [are so] in the Hereafter. And you will have therein whatever your souls desire, and you will have therein whatever you request [or wish]","translation_id":"Kamilah pelindung-pelindungmu dalam kehidupan dunia dan akhirat; di dalamnya kamu memperoleh apa yang kamu inginkan dan memperoleh (pula) di dalamnya apa yang kamu minta."},{"number":32,"text":"نُزُلًا مِّنْ غَفُورٍ رَّحِيمٍ","translation_en":"As accommodation from a [Lord who is] Forgiving and Merciful.\"","translation_id":"Sebagai hidangan (bagimu) dari Tuhan Yang Maha Pengampun lagi Maha Penyayang."},{"number":33,"text":"وَمَنْ أَحْسَنُ قَوْلًا مِّمَّن دَعَآ إِلَى ٱللَّهِ وَعَمِلَ صَٰلِحًا وَقَالَ إِنَّنِى مِنَ ٱلْمُسْلِمِينَ","translation_en":"And who is better in speech than one who invites to Allah and does righteousness and says, \"Indeed, I am of the Muslims.\"","translation_id":"Siapakah yang lebih baik perkataannya daripada orang yang menyeru kepada Allah, mengerjakan amal yang saleh, dan berkata: \"Sesungguhnya aku termasuk orang-orang yang menyerah diri?\""},{"number":34,"text":"وَلَا تَسْتَوِى ٱلْحَسَنَةُ وَلَا ٱلسَّيِّئَةُ ٱدْفَعْ بِٱلَّتِى هِىَ أَحْسَنُ فَإِذَا ٱلَّذِى بَيْنَكَ وَبَيْنَهُۥ عَدَٰوَةٌ كَأَنَّهُۥ وَلِىٌّ حَمِيمٌ","translation_en":"And not equal are the good deed and the bad. Repel [evil] by that [deed] which is better; and thereupon the one whom between you and him is enmity [will become] as though he was a devoted friend.","translation_id":"Dan tidaklah sama kebaikan dan kejahatan. Tolaklah (kejahatan itu) dengan cara yang lebih baik, maka tiba-tiba orang yang antaramu dan antara dia ada permusuhan seolah-olah telah menjadi teman yang sangat setia."},{"number":35,"text":"وَمَا يُلَقَّىٰهَآ إِلَّا ٱلَّذِينَ صَبَرُوا۟ وَمَا يُلَقَّىٰهَآ إِلَّا ذُو حَظٍّ عَظِيمٍ","translation_en":"But none is granted it except those who are patient, and none is granted it except one having a great portion [of good].","translation_id":"Sifat-sifat yang baik itu tidak dianugerahkan melainkan kepada orang-orang yang sabar dan tidak dianugerahkan melainkan kepada orang-orang yang mempunyai keuntungan yang besar."},{"number":36,"text":"وَإِمَّا يَنزَغَنَّكَ مِنَ ٱلشَّيْطَٰنِ نَزْغٌ فَٱسْتَعِذْ بِٱللَّهِ إِنَّهُۥ هُوَ ٱلسَّمِيعُ ٱلْعَلِيمُ","translation_en":"And if there comes to you from Satan an evil suggestion, then seek refuge in Allah. Indeed, He is the Hearing, the Knowing.","translation_id":"Dan jika syetan mengganggumu dengan suatu gangguan, maka mohonlah perlindungan kepada Allah. Sesungguhnya Dialah yang Maha Mendengar lagi Maha Mengetahui."},{"number":37,"text":"وَمِنْ ءَايَٰتِهِ ٱلَّيْلُ وَٱلنَّهَارُ وَٱلشَّمْسُ وَٱلْقَمَرُ لَا تَسْجُدُوا۟ لِلشَّمْسِ وَلَا لِلْقَمَرِ وَٱسْجُدُوا۟ لِلَّهِ ٱلَّذِى خَلَقَهُنَّ إِن كُنتُمْ إِيَّاهُ تَعْبُدُونَ","translation_en":"And of His signs are the night and day and the sun and moon. Do not prostrate to the sun or to the moon, but prostate to Allah, who created them, if it should be Him that you worship.","translation_id":"Dan di antara tanda-tanda kekuasaan-Nya ialah malam, siang, matahari dan bulan. Janganlah sembah matahari maupun bulan, tapi sembahlah Allah Yang menciptakannya, Jika Ialah yang kamu hendak sembah."},{"number":38,"text":"فَإِنِ ٱسْتَكْبَرُوا۟ فَٱلَّذِينَ عِندَ رَبِّكَ يُسَبِّحُونَ لَهُۥ بِٱلَّيْلِ وَٱلنَّهَارِ وَهُمْ لَا يَسْـَٔمُونَ","translation_en":"But if they are arrogant - then those who are near your Lord exalt Him by night and by day, and they do not become weary.","translation_id":"Jika mereka menyombongkan diri, maka mereka (malaikat) yang di sisi Tuhanmu bertasbih kepada-Nya di malam dan siang hari, sedang mereka tidak jemu-jemu."},{"number":39,"text":"وَمِنْ ءَايَٰتِهِۦٓ أَنَّكَ تَرَى ٱلْأَرْضَ خَٰشِعَةً فَإِذَآ أَنزَلْنَا عَلَيْهَا ٱلْمَآءَ ٱهْتَزَّتْ وَرَبَتْ إِنَّ ٱلَّذِىٓ أَحْيَاهَا لَمُحْىِ ٱلْمَوْتَىٰٓ إِنَّهُۥ عَلَىٰ كُلِّ شَىْءٍ قَدِيرٌ","translation_en":"And of His signs is that you see the earth stilled, but when We send down upon it rain, it quivers and grows. Indeed, He who has given it life is the Giver of Life to the dead. Indeed, He is over all things competent.","translation_id":"Dan di antara tanda-tanda-Nya (Ialah) bahwa kau lihat bumi kering dan gersang, maka apabila Kami turunkan air di atasnya, niscaya ia bergerak dan subur. Sesungguhnya Tuhan Yang menghidupkannya, Pastilah dapat menghidupkan yang mati. Sesungguhnya Dia Maha Kuasa atas segala sesuatu."},{"number":40,"text":"إِنَّ ٱلَّذِينَ يُلْحِدُونَ فِىٓ ءَايَٰتِنَا لَا يَخْفَوْنَ عَلَيْنَآ أَفَمَن يُلْقَىٰ فِى ٱلنَّارِ خَيْرٌ أَم مَّن يَأْتِىٓ ءَامِنًا يَوْمَ ٱلْقِيَٰمَةِ ٱعْمَلُوا۟ مَا شِئْتُمْ إِنَّهُۥ بِمَا تَعْمَلُونَ بَصِيرٌ","translation_en":"Indeed, those who inject deviation into Our verses are not concealed from Us. So, is he who is cast into the Fire better or he who comes secure on the Day of Resurrection? Do whatever you will; indeed, He is Seeing of what you do.","translation_id":"Sesungguhnya orang-orang yang mengingkari ayat-ayat Kami, mereka tidak tersembunyi dari Kami. Maka apakah orang-orang yang dilemparkan ke dalam neraka lebih baik, ataukah orang-orang yang datang dengan aman sentosa pada hari Kiamat? Perbuatlah apa yang kamu kehendaki; Sesungguhnya Dia Maha Melihat apa yang kamu kerjakan."},{"number":41,"text":"إِنَّ ٱلَّذِينَ كَفَرُوا۟ بِٱلذِّكْرِ لَمَّا جَآءَهُمْ وَإِنَّهُۥ لَكِتَٰبٌ عَزِيزٌ","translation_en":"Indeed, those who disbelieve in the message after it has come to them... And indeed, it is a mighty Book.","translation_id":"Sesungguhnya orang-orang yang mengingkari Al Quran ketika Al Quran itu datang kepada mereka, (mereka itu pasti akan celaka), dan sesungguhnya Al Quran itu adalah kitab yang mulia."},{"number":42,"text":"لَّا يَأْتِيهِ ٱلْبَٰطِلُ مِنۢ بَيْنِ يَدَيْهِ وَلَا مِنْ خَلْفِهِۦ تَنزِيلٌ مِّنْ حَكِيمٍ حَمِيدٍ","translation_en":"Falsehood cannot approach it from before it or from behind it; [it is] a revelation from a [Lord who is] Wise and Praiseworthy.","translation_id":"Yang tidak datang kepadanya (Al Quran) kebatilan baik dari depan maupun dari belakangnya, yang diturunkan dari Rabb Yang Maha Bijaksana lagi Maha Terpuji."},{"number":43,"text":"مَّا يُقَالُ لَكَ إِلَّا مَا قَدْ قِيلَ لِلرُّسُلِ مِن قَبْلِكَ إِنَّ رَبَّكَ لَذُو مَغْفِرَةٍ وَذُو عِقَابٍ أَلِيمٍ","translation_en":"Nothing is said to you, [O Muhammad], except what was already said to the messengers before you. Indeed, your Lord is a possessor of forgiveness and a possessor of painful penalty.","translation_id":"Tidaklah ada yang dikatakan (oleh orang-orang kafir) kepadamu itu selain apa yang sesungguhnya telah dikatakan kepada rasul-rasul sebelum kamu. Sesungguhnya Rabb-mu benar-benar mempunyai ampunan dan hukuman yang pedih."},{"number":44,"text":"وَلَوْ جَعَلْنَٰهُ قُرْءَانًا أَعْجَمِيًّا لَّقَالُوا۟ لَوْلَا فُصِّلَتْ ءَايَٰتُهُۥٓ ءَا۬عْجَمِىٌّ وَعَرَبِىٌّ قُلْ هُوَ لِلَّذِينَ ءَامَنُوا۟ هُدًى وَشِفَآءٌ وَٱلَّذِينَ لَا يُؤْمِنُونَ فِىٓ ءَاذَانِهِمْ وَقْرٌ وَهُوَ عَلَيْهِمْ عَمًى أُو۟لَٰٓئِكَ يُنَادَوْنَ مِن مَّكَانٍۭ بَعِيدٍ","translation_en":"And if We had made it a non-Arabic Qur'an, they would have said, \"Why are its verses not explained in detail [in our language]? Is it a foreign [recitation] and an Arab [messenger]?\" Say, \"It is, for those who believe, a guidance and cure.\" And those who do not believe - in their ears is deafness, and it is upon them blindness. Those are being called from a distant place.","translation_id":"Dan jikalau Kami jadikan Al Quran itu suatu bacaan dalam bahasa selain Arab, tentulah mereka mengatakan: \"Mengapa tidak dijelaskan ayat-ayatnya?\" Apakah (patut Al Quran) dalam bahasa asing sedang (rasul adalah orang) Arab? Katakanlah: \"Al Quran itu adalah petunjuk dan penawar bagi orang-orang mukmin. Dan orang-orang yang tidak beriman pada telinga mereka ada sumbatan, sedang Al Quran itu suatu kegelapan bagi mereka. Mereka itu adalah (seperti) yang dipanggil dari tempat yang jauh\"."},{"number":45,"text":"وَلَقَدْ ءَاتَيْنَا مُوسَى ٱلْكِتَٰبَ فَٱخْتُلِفَ فِيهِ وَلَوْلَا كَلِمَةٌ سَبَقَتْ مِن رَّبِّكَ لَقُضِىَ بَيْنَهُمْ وَإِنَّهُمْ لَفِى شَكٍّ مِّنْهُ مُرِيبٍ","translation_en":"And We had already given Moses the Scripture, but it came under disagreement. And if not for a word that preceded from your Lord, it would have been concluded between them. And indeed they are, concerning the Qur'an, in disquieting doubt.","translation_id":"Dan sesungguhnya telah Kami berikan kepada Musa Taurat lalu diperselisihkan tentang Taurat itu. Kalau tidak ada keputusan yang telah terdahulu dari Rabb-mu, tentulah orang-orang kafir itu sudah dibinasakan. Dan Sesungguhnya mereka terhadap Al Quran benar-benar dalam keragu-raguan yang membingungkan."},{"number":46,"text":"مَّنْ عَمِلَ صَٰلِحًا فَلِنَفْسِهِۦ وَمَنْ أَسَآءَ فَعَلَيْهَا وَمَا رَبُّكَ بِظَلَّٰمٍ لِّلْعَبِيدِ","translation_en":"Whoever does righteousness - it is for his [own] soul; and whoever does evil [does so] against it. And your Lord is not ever unjust to [His] servants.","translation_id":"Barangsiapa yang mengerjakan amal yang saleh maka (pahalanya) untuk dirinya sendiri dan barangsiapa mengerjakan perbuatan jahat, maka (dosanya) untuk dirinya sendiri; dan sekali-kali tidaklah Rabb-mu menganiaya hamba-hamba-Nya."},{"number":47,"text":"إِلَيْهِ يُرَدُّ عِلْمُ ٱلسَّاعَةِ وَمَا تَخْرُجُ مِن ثَمَرَٰتٍ مِّنْ أَكْمَامِهَا وَمَا تَحْمِلُ مِنْ أُنثَىٰ وَلَا تَضَعُ إِلَّا بِعِلْمِهِۦ وَيَوْمَ يُنَادِيهِمْ أَيْنَ شُرَكَآءِى قَالُوٓا۟ ءَاذَنَّٰكَ مَا مِنَّا مِن شَهِيدٍ","translation_en":"To him [alone] is attributed knowledge of the Hour. And fruits emerge not from their coverings nor does a female conceive or give birth except with His knowledge. And the Day He will call to them, \"Where are My 'partners'?\" they will say, \"We announce to You that there is [no longer] among us any witness [to that].\"","translation_id":"Kepada-Nya-lah dikembalikan pengetahuan tentang hari Kiamat. Dan tidak ada buah-buahan keluar dari kelopaknya dan tidak seorang perempuanpun mengandung dan tidak (pula) melahirkan, melainkan dengan sepengetahuan-Nya. Pada hari Tuhan memanggil mereka: \"Dimanakah sekutu-sekutu-Ku itu?\", mereka menjawab: \"Kami nyatakan kepada Engkau bahwa tidak ada seorangpun di antara kami yang memberi kesaksian (bahwa Engkau punya sekutu)\"."},{"number":48,"text":"وَضَلَّ عَنْهُم مَّا كَانُوا۟ يَدْعُونَ مِن قَبْلُ وَظَنُّوا۟ مَا لَهُم مِّن مَّحِيصٍ","translation_en":"And lost from them will be those they were invoking before, and they will be certain that they have no place of escape.","translation_id":"Dan hilang lenyaplah dari mereka apa yang selalu mereka sembah dahulu, dan mereka yakin bahwa tidak ada bagi mereka satu jalan keluarpun."},{"number":49,"text":"لَّا يَسْـَٔمُ ٱلْإِنسَٰنُ مِن دُعَآءِ ٱلْخَيْرِ وَإِن مَّسَّهُ ٱلشَّرُّ فَيَـُٔوسٌ قَنُوطٌ","translation_en":"Man is not weary of supplication for good [things], but if evil touches him, he is hopeless and despairing.","translation_id":"Manusia tidak jemu memohon kebaikan, dan jika mereka ditimpa malapetaka dia menjadi putus asa lagi putus harapan."},{"number":50,"text":"وَلَئِنْ أَذَقْنَٰهُ رَحْمَةً مِّنَّا مِنۢ بَعْدِ ضَرَّآءَ مَسَّتْهُ لَيَقُولَنَّ هَٰذَا لِى وَمَآ أَظُنُّ ٱلسَّاعَةَ قَآئِمَةً وَلَئِن رُّجِعْتُ إِلَىٰ رَبِّىٓ إِنَّ لِى عِندَهُۥ لَلْحُسْنَىٰ فَلَنُنَبِّئَنَّ ٱلَّذِينَ كَفَرُوا۟ بِمَا عَمِلُوا۟ وَلَنُذِيقَنَّهُم مِّنْ عَذَابٍ غَلِيظٍ","translation_en":"And if We let him taste mercy from Us after an adversity which has touched him, he will surely say, \"This is [due] to me, and I do not think the Hour will occur; and [even] if I should be returned to my Lord, indeed, for me there will be with Him the best.\" But We will surely inform those who disbelieved about what they did, and We will surely make them taste a massive punishment.","translation_id":"Dan jika Kami merasakan kepadanya sesuatu rahmat dari Kami sesudah dia ditimpa kesusahan, pastilah dia berkata: \"Ini adalah hakku, dan aku tidak yakin bahwa hari Kiamat itu akan datang. Dan jika aku dikembalikan kepada Tuhanku maka sesungguhnya aku akan memperoleh kebaikan pada sisi-Nya\". Maka Kami benar-benar akan memberitakan kepada orang-orang kafir apa yang telah mereka kerjakan dan akan Kami rasakan kepada mereka azab yang keras."},{"number":51,"text":"وَإِذَآ أَنْعَمْنَا عَلَى ٱلْإِنسَٰنِ أَعْرَضَ وَنَـَٔا بِجَانِبِهِۦ وَإِذَا مَسَّهُ ٱلشَّرُّ فَذُو دُعَآءٍ عَرِيضٍ","translation_en":"And when We bestow favor upon man, he turns away and distances himself; but when evil touches him, then he is full of extensive supplication.","translation_id":"Dan apabila Kami memberikan nikmat kepada manusia, ia berpaling dan menjauhkan diri; tetapi apabila ia ditimpa malapetaka, maka ia banyak berdoa."},{"number":52,"text":"قُلْ أَرَءَيْتُمْ إِن كَانَ مِنْ عِندِ ٱللَّهِ ثُمَّ كَفَرْتُم بِهِۦ مَنْ أَضَلُّ مِمَّنْ هُوَ فِى شِقَاقٍۭ بَعِيدٍ","translation_en":"Say, \"Have you considered: if the Qur'an is from Allah and you disbelieved in it, who would be more astray than one who is in extreme dissension?\"","translation_id":"Katakanlah: \"Bagaimana pendapatmu jika (Al Quran) itu datang dari sisi Allah, kemudian kamu mengingkarinya. Siapakah yang lebih sesat daripada orang yang selalu berada dalam penyimpangan yang jauh?\""},{"number":53,"text":"سَنُرِيهِمْ ءَايَٰتِنَا فِى ٱلْءَافَاقِ وَفِىٓ أَنفُسِهِمْ حَتَّىٰ يَتَبَيَّنَ لَهُمْ أَنَّهُ ٱلْحَقُّ أَوَلَمْ يَكْفِ بِرَبِّكَ أَنَّهُۥ عَلَىٰ كُلِّ شَىْءٍ شَهِيدٌ","translation_en":"We will show them Our signs in the horizons and within themselves until it becomes clear to them that it is the truth. But is it not sufficient concerning your Lord that He is, over all things, a Witness?","translation_id":"Kami akan memperlihatkan kepada mereka tanda-tanda (kekuasaan) Kami di segala wilayah bumi dan pada diri mereka sendiri, hingga jelas bagi mereka bahwa Al Quran itu adalah benar. Tiadakah cukup bahwa sesungguhnya Tuhanmu menjadi saksi atas segala sesuatu?"},{"number":54,"text":"أَلَآ إِنَّهُمْ فِى مِرْيَةٍ مِّن لِّقَآءِ رَبِّهِمْ أَلَآ إِنَّهُۥ بِكُلِّ شَىْءٍ مُّحِيطٌۢ","translation_en":"Unquestionably, they are in doubt about the meeting with their Lord. Unquestionably He is, of all things, encompassing.","translation_id":"Ingatlah bahwa sesungguhnya mereka adalah dalam keraguan tentang pertemuan dengan Tuhan mereka. Ingatlah bahwa sesungguhnya Dia Maha Meliputi segala sesuatu."}]}