{"number":42,"name":"سورة الشورى","transliteration_en":"Ash-Shura","translation_en":"Consultation","total_verses":53,"revelation_type":"Meccan","verses":[{"number":1,"text":"بِسْمِ ٱللَّهِ ٱلرَّحْمَٰنِ ٱلرَّحِيمِ حمٓ","translation_en":"Ha, Meem.","translation_id":"Haa Miim."},{"number":2,"text":"عٓسٓقٓ","translation_en":"'Ayn, Seen, Qaf.","translation_id":"'Ain Siin Qaaf."},{"number":3,"text":"كَذَٰلِكَ يُوحِىٓ إِلَيْكَ وَإِلَى ٱلَّذِينَ مِن قَبْلِكَ ٱللَّهُ ٱلْعَزِيزُ ٱلْحَكِيمُ","translation_en":"Thus has He revealed to you, [O Muhammad], and to those before you - Allah, the Exalted in Might, the Wise.","translation_id":"Demikianlah Allah Yang Maha Perkasa lagi Maha Bijaksana, mewahyukan kepada kamu dan kepada orang-orang sebelum kamu."},{"number":4,"text":"لَهُۥ مَا فِى ٱلسَّمَٰوَٰتِ وَمَا فِى ٱلْأَرْضِ وَهُوَ ٱلْعَلِىُّ ٱلْعَظِيمُ","translation_en":"To Him belongs whatever is in the heavens and whatever is in the earth, and He is the Most High, the Most Great.","translation_id":"Kepunyaan-Nya-lah apa yang ada di langit dan apa yang ada di bumi. Dan Dialah yang Maha Tinggi lagi Maha Besar."},{"number":5,"text":"تَكَادُ ٱلسَّمَٰوَٰتُ يَتَفَطَّرْنَ مِن فَوْقِهِنَّ وَٱلْمَلَٰٓئِكَةُ يُسَبِّحُونَ بِحَمْدِ رَبِّهِمْ وَيَسْتَغْفِرُونَ لِمَن فِى ٱلْأَرْضِ أَلَآ إِنَّ ٱللَّهَ هُوَ ٱلْغَفُورُ ٱلرَّحِيمُ","translation_en":"The heavens almost break from above them, and the angels exalt [Allah] with praise of their Lord and ask forgiveness for those on earth. Unquestionably, it is Allah who is the Forgiving, the Merciful.","translation_id":"Hampir saja langit itu pecah dari sebelah atas (karena kebesaran Tuhan) dan malaikat-malaikat bertasbih serta memuji Tuhan-nya dan memohonkan ampun bagi orang-orang yang ada di bumi. Ingatlah, bahwa sesungguhnya Allah Dialah Yang Maha Pengampun lagi Penyayang."},{"number":6,"text":"وَٱلَّذِينَ ٱتَّخَذُوا۟ مِن دُونِهِۦٓ أَوْلِيَآءَ ٱللَّهُ حَفِيظٌ عَلَيْهِمْ وَمَآ أَنتَ عَلَيْهِم بِوَكِيلٍ","translation_en":"And those who take as allies other than Him - Allah is [yet] Guardian over them; and you, [O Muhammad], are not over them a manager.","translation_id":"Dan orang-orang yang mengambil pelindung-pelindung selain Allah, Allah mengawasi (perbuatan) mereka; dan kamu (ya Muhammad) bukanlah orang yang diserahi mengawasi mereka."},{"number":7,"text":"وَكَذَٰلِكَ أَوْحَيْنَآ إِلَيْكَ قُرْءَانًا عَرَبِيًّا لِّتُنذِرَ أُمَّ ٱلْقُرَىٰ وَمَنْ حَوْلَهَا وَتُنذِرَ يَوْمَ ٱلْجَمْعِ لَا رَيْبَ فِيهِ فَرِيقٌ فِى ٱلْجَنَّةِ وَفَرِيقٌ فِى ٱلسَّعِيرِ","translation_en":"And thus We have revealed to you an Arabic Qur'an that you may warn the Mother of Cities [Makkah] and those around it and warn of the Day of Assembly, about which there is no doubt. A party will be in Paradise and a party in the Blaze.","translation_id":"Demikianlah Kami wahyukan kepadamu Al Quran dalam bahasa Arab, supaya kamu memberi peringatan kepada ummul Qura (penduduk Mekah) dan penduduk (negeri-negeri) sekelilingnya serta memberi peringatan (pula) tentang hari berkumpul (kiamat) yang tidak ada keraguan padanya. Segolongan masuk surga, dan segolongan masuk Jahannam."},{"number":8,"text":"وَلَوْ شَآءَ ٱللَّهُ لَجَعَلَهُمْ أُمَّةً وَٰحِدَةً وَلَٰكِن يُدْخِلُ مَن يَشَآءُ فِى رَحْمَتِهِۦ وَٱلظَّٰلِمُونَ مَا لَهُم مِّن وَلِىٍّ وَلَا نَصِيرٍ","translation_en":"And if Allah willed, He could have made them [of] one religion, but He admits whom He wills into His mercy. And the wrongdoers have not any protector or helper.","translation_id":"Dan kalau Allah menghendaki niscaya Allah menjadikan mereka satu umat (saja), tetapi Dia memasukkan orang-orang yang dikehendaki-Nya ke dalam rahmat-Nya. Dan orang-orang yang zalim tidak ada bagi mereka seorang pelindungpun dan tidak pula seorang penolong."},{"number":9,"text":"أَمِ ٱتَّخَذُوا۟ مِن دُونِهِۦٓ أَوْلِيَآءَ فَٱللَّهُ هُوَ ٱلْوَلِىُّ وَهُوَ يُحْىِ ٱلْمَوْتَىٰ وَهُوَ عَلَىٰ كُلِّ شَىْءٍ قَدِيرٌ","translation_en":"Or have they taken protectors [or allies] besides him? But Allah - He is the Protector, and He gives life to the dead, and He is over all things competent.","translation_id":"Atau patutkah mereka mengambil pelindung-pelindung selain Allah? Maka Allah, Dialah pelindung (yang sebenarnya) dan Dia menghidupkan orang-orang yang mati, dan Dia adalah Maha Kuasa atas segala sesuatu."},{"number":10,"text":"وَمَا ٱخْتَلَفْتُمْ فِيهِ مِن شَىْءٍ فَحُكْمُهُۥٓ إِلَى ٱللَّهِ ذَٰلِكُمُ ٱللَّهُ رَبِّى عَلَيْهِ تَوَكَّلْتُ وَإِلَيْهِ أُنِيبُ","translation_en":"And in anything over which you disagree - its ruling is [to be referred] to Allah. [Say], \"That is Allah, my Lord; upon Him I have relied, and to Him I turn back.\"","translation_id":"Tentang sesuatu apapun kamu berselisih, maka putusannya (terserah) kepada Allah. (Yang mempunyai sifat-sifat demikian) itulah Allah Tuhanku. Kepada-Nya lah aku bertawakkal dan kepada-Nya-lah aku kembali."},{"number":11,"text":"فَاطِرُ ٱلسَّمَٰوَٰتِ وَٱلْأَرْضِ جَعَلَ لَكُم مِّنْ أَنفُسِكُمْ أَزْوَٰجًا وَمِنَ ٱلْأَنْعَٰمِ أَزْوَٰجًا يَذْرَؤُكُمْ فِيهِ لَيْسَ كَمِثْلِهِۦ شَىْءٌ وَهُوَ ٱلسَّمِيعُ ٱلْبَصِيرُ","translation_en":"[He is] Creator of the heavens and the earth. He has made for you from yourselves, mates, and among the cattle, mates; He multiplies you thereby. There is nothing like unto Him, and He is the Hearing, the Seeing.","translation_id":"(Dia) Pencipta langit dan bumi. Dia menjadikan bagi kamu dari jenis kamu sendiri pasangan-pasangan dan dari jenis binatang ternak pasangan-pasangan (pula), dijadikan-Nya kamu berkembang biak dengan jalan itu. Tidak ada sesuatupun yang serupa dengan Dia, dan Dialah yang Maha Mendengar dan Melihat."},{"number":12,"text":"لَهُۥ مَقَالِيدُ ٱلسَّمَٰوَٰتِ وَٱلْأَرْضِ يَبْسُطُ ٱلرِّزْقَ لِمَن يَشَآءُ وَيَقْدِرُ إِنَّهُۥ بِكُلِّ شَىْءٍ عَلِيمٌ","translation_en":"To Him belong the keys of the heavens and the earth. He extends provision for whom He wills and restricts [it]. Indeed He is, of all things, Knowing.","translation_id":"Kepunyaan-Nya-lah perbendaharaan langit dan bumi; Dia melapangkan rezeki bagi siapa yang dikehendaki-Nya dan menyempitkan(nya). Sesungguhnya Dia Maha Mengetahui segala sesuatu."},{"number":13,"text":"شَرَعَ لَكُم مِّنَ ٱلدِّينِ مَا وَصَّىٰ بِهِۦ نُوحًا وَٱلَّذِىٓ أَوْحَيْنَآ إِلَيْكَ وَمَا وَصَّيْنَا بِهِۦٓ إِبْرَٰهِيمَ وَمُوسَىٰ وَعِيسَىٰٓ أَنْ أَقِيمُوا۟ ٱلدِّينَ وَلَا تَتَفَرَّقُوا۟ فِيهِ كَبُرَ عَلَى ٱلْمُشْرِكِينَ مَا تَدْعُوهُمْ إِلَيْهِ ٱللَّهُ يَجْتَبِىٓ إِلَيْهِ مَن يَشَآءُ وَيَهْدِىٓ إِلَيْهِ مَن يُنِيبُ","translation_en":"He has ordained for you of religion what He enjoined upon Noah and that which We have revealed to you, [O Muhammad], and what We enjoined upon Abraham and Moses and Jesus - to establish the religion and not be divided therein. Difficult for those who associate others with Allah is that to which you invite them. Allah chooses for Himself whom He wills and guides to Himself whoever turns back [to Him].","translation_id":"Dia telah mensyari'atkan bagi kamu tentang agama apa yang telah diwasiatkan-Nya kepada Nuh dan apa yang telah Kami wahyukan kepadamu dan apa yang telah Kami wasiatkan kepada Ibrahim, Musa dan Isa yaitu: Tegakkanlah agama dan janganlah kamu berpecah belah tentangnya. Amat berat bagi orang-orang musyrik agama yang kamu seru mereka kepadanya. Allah menarik kepada agama itu orang yang dikehendaki-Nya dan memberi petunjuk kepada (agama)-Nya orang yang kembali (kepada-Nya)."},{"number":14,"text":"وَمَا تَفَرَّقُوٓا۟ إِلَّا مِنۢ بَعْدِ مَا جَآءَهُمُ ٱلْعِلْمُ بَغْيًۢا بَيْنَهُمْ وَلَوْلَا كَلِمَةٌ سَبَقَتْ مِن رَّبِّكَ إِلَىٰٓ أَجَلٍ مُّسَمًّى لَّقُضِىَ بَيْنَهُمْ وَإِنَّ ٱلَّذِينَ أُورِثُوا۟ ٱلْكِتَٰبَ مِنۢ بَعْدِهِمْ لَفِى شَكٍّ مِّنْهُ مُرِيبٍ","translation_en":"And they did not become divided until after knowledge had come to them - out of jealous animosity between themselves. And if not for a word that preceded from your Lord [postponing the penalty] until a specified time, it would have been concluded between them. And indeed, those who were granted inheritance of the Scripture after them are, concerning it, in disquieting doubt.","translation_id":"Dan mereka (ahli kitab) tidak berpecah belah, kecuali setelah datang pada mereka ilmu pengetahuan, karena kedengkian di antara mereka. Kalau tidaklah karena sesuatu ketetapan yang telah ada dari Tuhanmu dahulunya (untuk menangguhkan azab) sampai kepada waktu yang ditentukan, pastilah mereka telah dibinasakan. Dan sesungguhnya orang-orang yang diwariskan kepada mereka Al-Kitab (Taurat dan Injil) sesudah mereka, benar-benar berada dalam keraguan yang menggoncangkan tentang kitab itu."},{"number":15,"text":"فَلِذَٰلِكَ فَٱدْعُ وَٱسْتَقِمْ كَمَآ أُمِرْتَ وَلَا تَتَّبِعْ أَهْوَآءَهُمْ وَقُلْ ءَامَنتُ بِمَآ أَنزَلَ ٱللَّهُ مِن كِتَٰبٍ وَأُمِرْتُ لِأَعْدِلَ بَيْنَكُمُ ٱللَّهُ رَبُّنَا وَرَبُّكُمْ لَنَآ أَعْمَٰلُنَا وَلَكُمْ أَعْمَٰلُكُمْ لَا حُجَّةَ بَيْنَنَا وَبَيْنَكُمُ ٱللَّهُ يَجْمَعُ بَيْنَنَا وَإِلَيْهِ ٱلْمَصِيرُ","translation_en":"So to that [religion of Allah] invite, [O Muhammad], and remain on a right course as you are commanded and do not follow their inclinations but say, \"I have believed in what Allah has revealed of the Qur'an, and I have been commanded to do justice among you. Allah is our Lord and your Lord. For us are our deeds, and for you your deeds. There is no [need for] argument between us and you. Allah will bring us together, and to Him is the [final] destination.\"","translation_id":"Maka karena itu serulah (mereka kepada agama ini) dan tetaplah sebagai mana diperintahkan kepadamu dan janganlah mengikuti hawa nafsu mereka dan katakanlah: \"Aku beriman kepada semua Kitab yang diturunkan Allah dan aku diperintahkan supaya berlaku adil diantara kamu. Allah-lah Tuhan kami dan Tuhan kamu. Bagi kami amal-amal kami dan bagi kamu amal-amal kamu. Tidak ada pertengkaran antara kami dan kamu, Allah mengumpulkan antara kita dan kepada-Nya-lah kembali (kita)\"."},{"number":16,"text":"وَٱلَّذِينَ يُحَآجُّونَ فِى ٱللَّهِ مِنۢ بَعْدِ مَا ٱسْتُجِيبَ لَهُۥ حُجَّتُهُمْ دَاحِضَةٌ عِندَ رَبِّهِمْ وَعَلَيْهِمْ غَضَبٌ وَلَهُمْ عَذَابٌ شَدِيدٌ","translation_en":"And those who argue concerning Allah after He has been responded to - their argument is invalid with their Lord, and upon them is [His] wrath, and for them is a severe punishment.","translation_id":"Dan orang-orang yang membantah (agama) Allah sesudah agama itu diterima maka bantahan mereka itu sia-sia saja, di sisi Tuhan mereka. Mereka mendapat kemurkaan (Allah) dan bagi mereka azab yang sangat keras."},{"number":17,"text":"ٱللَّهُ ٱلَّذِىٓ أَنزَلَ ٱلْكِتَٰبَ بِٱلْحَقِّ وَٱلْمِيزَانَ وَمَا يُدْرِيكَ لَعَلَّ ٱلسَّاعَةَ قَرِيبٌ","translation_en":"It is Allah who has sent down the Book in truth and [also] the balance. And what will make you perceive? Perhaps the Hour is near.","translation_id":"Allah-lah yang menurunkan kitab dengan (membawa) kebenaran dan (menurunkan) neraca (keadilan). Dan tahukah kamu, boleh jadi hari kiamat itu (sudah) dekat?"},{"number":18,"text":"يَسْتَعْجِلُ بِهَا ٱلَّذِينَ لَا يُؤْمِنُونَ بِهَا وَٱلَّذِينَ ءَامَنُوا۟ مُشْفِقُونَ مِنْهَا وَيَعْلَمُونَ أَنَّهَا ٱلْحَقُّ أَلَآ إِنَّ ٱلَّذِينَ يُمَارُونَ فِى ٱلسَّاعَةِ لَفِى ضَلَٰلٍۭ بَعِيدٍ","translation_en":"Those who do not believe in it are impatient for it, but those who believe are fearful of it and know that it is the truth. Unquestionably, those who dispute concerning the Hour are in extreme error.","translation_id":"Orang-orang yang tidak beriman kepada hari kiamat meminta supaya hari itu segera didatangkan dan orang-orang yang beriman merasa takut kepadanya dan mereka yakin bahwa kiamat itu adalah benar (akan terjadi). Ketahuilah bahwa sesungguhnya orang-orang yang membantah tentang terjadinya kiamat itu benar-benar dalam kesesatan yang jauh."},{"number":19,"text":"ٱللَّهُ لَطِيفٌۢ بِعِبَادِهِۦ يَرْزُقُ مَن يَشَآءُ وَهُوَ ٱلْقَوِىُّ ٱلْعَزِيزُ","translation_en":"Allah is Subtle with His servants; He gives provisions to whom He wills. And He is the Powerful, the Exalted in Might.","translation_id":"Allah Maha lembut terhadap hamba-hamba-Nya; Dia memberi rezeki kepada yang di kehendaki-Nya dan Dialah Yang Maha Kuat lagi Maha Perkasa."},{"number":20,"text":"مَن كَانَ يُرِيدُ حَرْثَ ٱلْءَاخِرَةِ نَزِدْ لَهُۥ فِى حَرْثِهِۦ وَمَن كَانَ يُرِيدُ حَرْثَ ٱلدُّنْيَا نُؤْتِهِۦ مِنْهَا وَمَا لَهُۥ فِى ٱلْءَاخِرَةِ مِن نَّصِيبٍ","translation_en":"Whoever desires the harvest of the Hereafter - We increase for him in his harvest. And whoever desires the harvest of this world - We give him thereof, but there is not for him in the Hereafter any share.","translation_id":"Barang siapa yang menghendaki keuntungan di akhirat akan Kami tambah keuntungan itu baginya dan barang siapa yang menghendaki keuntungan di dunia Kami berikan kepadanya sebagian dari keuntungan dunia dan tidak ada baginya suatu bahagianpun di akhirat."},{"number":21,"text":"أَمْ لَهُمْ شُرَكَٰٓؤُا۟ شَرَعُوا۟ لَهُم مِّنَ ٱلدِّينِ مَا لَمْ يَأْذَنۢ بِهِ ٱللَّهُ وَلَوْلَا كَلِمَةُ ٱلْفَصْلِ لَقُضِىَ بَيْنَهُمْ وَإِنَّ ٱلظَّٰلِمِينَ لَهُمْ عَذَابٌ أَلِيمٌ","translation_en":"Or have they other deities who have ordained for them a religion to which Allah has not consented? But if not for the decisive word, it would have been concluded between them. And indeed, the wrongdoers will have a painful punishment.","translation_id":"Apakah mereka mempunyai sembahan-sembahan selain Allah yang mensyariatkan untuk mereka agama yang tidak diizinkan Allah? Sekiranya tak ada ketetapan yang menentukan (dari Allah) tentulah mereka telah dibinasakan. Dan sesungguhnya orang-orang yang zalim itu akan memperoleh azab yang amat pedih."},{"number":22,"text":"تَرَى ٱلظَّٰلِمِينَ مُشْفِقِينَ مِمَّا كَسَبُوا۟ وَهُوَ وَاقِعٌۢ بِهِمْ وَٱلَّذِينَ ءَامَنُوا۟ وَعَمِلُوا۟ ٱلصَّٰلِحَٰتِ فِى رَوْضَاتِ ٱلْجَنَّاتِ لَهُم مَّا يَشَآءُونَ عِندَ رَبِّهِمْ ذَٰلِكَ هُوَ ٱلْفَضْلُ ٱلْكَبِيرُ","translation_en":"You will see the wrongdoers fearful of what they have earned, and it will [certainly] befall them. And those who have believed and done righteous deeds will be in lush regions of the gardens [in Paradise] having whatever they will in the presence of their Lord. That is what is the great bounty.","translation_id":"Kamu lihat orang-orang yang zalim sangat ketakutan karena kejahatan-kejahatan yang telah mereka kerjakan, sedang siksaan menimpa mereka. Dan orang-orang yang beriman serta mengerjakan amal saleh (berada) di dalam taman-taman surga, mereka memperoleh apa yang mereka kehendaki di sisi Tuhan mereka. Yang demikian itu adalah karunia yang besar."},{"number":23,"text":"ذَٰلِكَ ٱلَّذِى يُبَشِّرُ ٱللَّهُ عِبَادَهُ ٱلَّذِينَ ءَامَنُوا۟ وَعَمِلُوا۟ ٱلصَّٰلِحَٰتِ قُل لَّآ أَسْـَٔلُكُمْ عَلَيْهِ أَجْرًا إِلَّا ٱلْمَوَدَّةَ فِى ٱلْقُرْبَىٰ وَمَن يَقْتَرِفْ حَسَنَةً نَّزِدْ لَهُۥ فِيهَا حُسْنًا إِنَّ ٱللَّهَ غَفُورٌ شَكُورٌ","translation_en":"It is that of which Allah gives good tidings to His servants who believe and do righteous deeds. Say, [O Muhammad], \"I do not ask you for this message any payment [but] only good will through kinship.\" And whoever commits a good deed - We will increase for him good therein. Indeed, Allah is Forgiving and Appreciative.","translation_id":"Itulah (karunia) yang (dengan itu) Allah menggembirakan hamba-hamba-Nya yang beriman dan mengerjakan amal yang saleh. Katakanlah: \"Aku tidak meminta kepadamu sesuatu upahpun atas seruanku kecuali kasih sayang dalam kekeluargaan\". Dan siapa yang mengerjakan kebaikan akan Kami tambahkan baginya kebaikan pada kebaikannya itu. Sesungguhnya Allah Maha Pengampun lagi Maha Mensyukuri."},{"number":24,"text":"أَمْ يَقُولُونَ ٱفْتَرَىٰ عَلَى ٱللَّهِ كَذِبًا فَإِن يَشَإِ ٱللَّهُ يَخْتِمْ عَلَىٰ قَلْبِكَ وَيَمْحُ ٱللَّهُ ٱلْبَٰطِلَ وَيُحِقُّ ٱلْحَقَّ بِكَلِمَٰتِهِۦٓ إِنَّهُۥ عَلِيمٌۢ بِذَاتِ ٱلصُّدُورِ","translation_en":"Or do they say, \"He has invented about Allah a lie\"? But if Allah willed, He could seal over your heart. And Allah eliminates falsehood and establishes the truth by His words. Indeed, He is Knowing of that within the breasts.","translation_id":"Bahkan mereka mengatakan: \"Dia (Muhammad) telah mengada-adakan dusta terhadap Allah\". Maka jika Allah menghendaki niscaya Dia mengunci mati hatimu; dan Allah menghapuskan yang batil dan membenarkan yang hak dengan kalimat-kalimat-Nya (Al Quran). Sesungguhnya Dia Maha Mengetahui segala isi hati."},{"number":25,"text":"وَهُوَ ٱلَّذِى يَقْبَلُ ٱلتَّوْبَةَ عَنْ عِبَادِهِۦ وَيَعْفُوا۟ عَنِ ٱلسَّيِّـَٔاتِ وَيَعْلَمُ مَا تَفْعَلُونَ","translation_en":"And it is He who accepts repentance from his servants and pardons misdeeds, and He knows what you do.","translation_id":"Dan Dialah yang menerima taubat dari hamba-hamba-Nya dan memaafkan kesalahan-kesalahan dan mengetahui apa yang kamu kerjakan,"},{"number":26,"text":"وَيَسْتَجِيبُ ٱلَّذِينَ ءَامَنُوا۟ وَعَمِلُوا۟ ٱلصَّٰلِحَٰتِ وَيَزِيدُهُم مِّن فَضْلِهِۦ وَٱلْكَٰفِرُونَ لَهُمْ عَذَابٌ شَدِيدٌ","translation_en":"And He answers [the supplication of] those who have believed and done righteous deeds and increases [for] them from His bounty. But the disbelievers will have a severe punishment.","translation_id":"dan Dia memperkenankan (doa) orang-orang yang beriman serta mengerjakan amal yang saleh dan menambah (pahala) kepada mereka dari karunia-Nya. Dan orang-orang yang kafir bagi mereka azab yang sangat keras."},{"number":27,"text":"وَلَوْ بَسَطَ ٱللَّهُ ٱلرِّزْقَ لِعِبَادِهِۦ لَبَغَوْا۟ فِى ٱلْأَرْضِ وَلَٰكِن يُنَزِّلُ بِقَدَرٍ مَّا يَشَآءُ إِنَّهُۥ بِعِبَادِهِۦ خَبِيرٌۢ بَصِيرٌ","translation_en":"And if Allah had extended [excessively] provision for His servants, they would have committed tyranny throughout the earth. But He sends [it] down in an amount which He wills. Indeed He is, of His servants, Acquainted and Seeing.","translation_id":"Dan jikalau Allah melapangkan rezeki kepada hamba-hamba-Nya tentulah mereka akan melampaui batas di muka bumi, tetapi Allah menurunkan apa yang dikehendaki-Nya dengan ukuran. Sesungguhnya Dia Maha Mengetahui (keadaan) hamba-hamba-Nya lagi Maha Melihat."},{"number":28,"text":"وَهُوَ ٱلَّذِى يُنَزِّلُ ٱلْغَيْثَ مِنۢ بَعْدِ مَا قَنَطُوا۟ وَيَنشُرُ رَحْمَتَهُۥ وَهُوَ ٱلْوَلِىُّ ٱلْحَمِيدُ","translation_en":"And it is He who sends down the rain after they had despaired and spreads His mercy. And He is the Protector, the Praiseworthy.","translation_id":"Dan Dialah Yang menurunkan hujan sesudah mereka berputus asa dan menyebarkan rahmat-Nya. Dan Dialah Yang Maha Pelindung lagi Maha Terpuji."},{"number":29,"text":"وَمِنْ ءَايَٰتِهِۦ خَلْقُ ٱلسَّمَٰوَٰتِ وَٱلْأَرْضِ وَمَا بَثَّ فِيهِمَا مِن دَآبَّةٍ وَهُوَ عَلَىٰ جَمْعِهِمْ إِذَا يَشَآءُ قَدِيرٌ","translation_en":"And of his signs is the creation of the heavens and earth and what He has dispersed throughout them of creatures. And He, for gathering them when He wills, is competent.","translation_id":"Di antara (ayat-ayat) tanda-tanda-Nya ialah menciptakan langit dan bumi dan makhluk-makhluk yang melata Yang Dia sebarkan pada keduanya. Dan Dia Maha Kuasa mengumpulkan semuanya apabila dikehendaki-Nya."},{"number":30,"text":"وَمَآ أَصَٰبَكُم مِّن مُّصِيبَةٍ فَبِمَا كَسَبَتْ أَيْدِيكُمْ وَيَعْفُوا۟ عَن كَثِيرٍ","translation_en":"And whatever strikes you of disaster - it is for what your hands have earned; but He pardons much.","translation_id":"Dan apa saja musibah yang menimpa kamu maka adalah disebabkan oleh perbuatan tanganmu sendiri, dan Allah memaafkan sebagian besar (dari kesalahan-kesalahanmu)."},{"number":31,"text":"وَمَآ أَنتُم بِمُعْجِزِينَ فِى ٱلْأَرْضِ وَمَا لَكُم مِّن دُونِ ٱللَّهِ مِن وَلِىٍّ وَلَا نَصِيرٍ","translation_en":"And you will not cause failure [to Allah] upon the earth. And you have not besides Allah any protector or helper.","translation_id":"Dan kamu tidak dapat melepaskan diri (dari azab Allah) di muka bumi, dan kamu tidak memperoleh seorang pelindung dan tidak pula penolong selain Allah."},{"number":32,"text":"وَمِنْ ءَايَٰتِهِ ٱلْجَوَارِ فِى ٱلْبَحْرِ كَٱلْأَعْلَٰمِ","translation_en":"And of His signs are the ships in the sea, like mountains.","translation_id":"Dan di antara tanda-tanda kekuasaan-Nya ialah kapal-kapal di tengah (yang berlayar) di laut seperti gunung-gunung."},{"number":33,"text":"إِن يَشَأْ يُسْكِنِ ٱلرِّيحَ فَيَظْلَلْنَ رَوَاكِدَ عَلَىٰ ظَهْرِهِۦٓ إِنَّ فِى ذَٰلِكَ لَءَايَٰتٍ لِّكُلِّ صَبَّارٍ شَكُورٍ","translation_en":"If He willed, He could still the wind, and they would remain motionless on its surface. Indeed in that are signs for everyone patient and grateful.","translation_id":"Jika Dia menghendaki, Dia akan menenangkan angin, maka jadilah kapal-kapal itu terhenti di permukaan laut. Sesungguhnya pada yang demikian itu terdapat tanda-tanda (kekuasaannya) bagi setiap orang yang banyak bersabar dan banyak bersyukur,"},{"number":34,"text":"أَوْ يُوبِقْهُنَّ بِمَا كَسَبُوا۟ وَيَعْفُ عَن كَثِيرٍ","translation_en":"Or He could destroy them for what they earned; but He pardons much.","translation_id":"atau kapal-kapal itu dibinasakan-Nya karena perbuatan mereka atau Dia memberi maaf sebagian besar (dari mereka)."},{"number":35,"text":"وَيَعْلَمَ ٱلَّذِينَ يُجَٰدِلُونَ فِىٓ ءَايَٰتِنَا مَا لَهُم مِّن مَّحِيصٍ","translation_en":"And [that is so] those who dispute concerning Our signs may know that for them there is no place of escape.","translation_id":"Dan supaya orang-orang yang membantah ayat-ayat (kekuasaan) Kami mengetahui bahwa mereka sekali-kali tidak akan memperoleh jalan ke luar (dari siksaan)."},{"number":36,"text":"فَمَآ أُوتِيتُم مِّن شَىْءٍ فَمَتَٰعُ ٱلْحَيَوٰةِ ٱلدُّنْيَا وَمَا عِندَ ٱللَّهِ خَيْرٌ وَأَبْقَىٰ لِلَّذِينَ ءَامَنُوا۟ وَعَلَىٰ رَبِّهِمْ يَتَوَكَّلُونَ","translation_en":"So whatever thing you have been given - it is but [for] enjoyment of the worldly life. But what is with Allah is better and more lasting for those who have believed and upon their Lord rely","translation_id":"Maka sesuatu yang diberikan kepadamu, itu adalah kenikmatan hidup di dunia; dan yang ada pada sisi Allah lebih baik dan lebih kekal bagi orang-orang yang beriman, dan hanya kepada Tuhan mereka, mereka bertawakkal."},{"number":37,"text":"وَٱلَّذِينَ يَجْتَنِبُونَ كَبَٰٓئِرَ ٱلْإِثْمِ وَٱلْفَوَٰحِشَ وَإِذَا مَا غَضِبُوا۟ هُمْ يَغْفِرُونَ","translation_en":"And those who avoid the major sins and immoralities, and when they are angry, they forgive,","translation_id":"Dan (bagi) orang-orang yang menjauhi dosa-dosa besar dan perbuatan-perbuatan keji, dan apabila mereka marah mereka memberi maaf."},{"number":38,"text":"وَٱلَّذِينَ ٱسْتَجَابُوا۟ لِرَبِّهِمْ وَأَقَامُوا۟ ٱلصَّلَوٰةَ وَأَمْرُهُمْ شُورَىٰ بَيْنَهُمْ وَمِمَّا رَزَقْنَٰهُمْ يُنفِقُونَ","translation_en":"And those who have responded to their lord and established prayer and whose affair is [determined by] consultation among themselves, and from what We have provided them, they spend.","translation_id":"Dan (bagi) orang-orang yang menerima (mematuhi) seruan Tuhannya dan mendirikan shalat, sedang urusan mereka (diputuskan) dengan musyawarat antara mereka; dan mereka menafkahkan sebagian dari rezeki yang Kami berikan kepada mereka."},{"number":39,"text":"وَٱلَّذِينَ إِذَآ أَصَابَهُمُ ٱلْبَغْىُ هُمْ يَنتَصِرُونَ","translation_en":"And those who, when tyranny strikes them, they defend themselves,","translation_id":"Dan ( bagi) orang-orang yang apabila mereka diperlakukan dengan zalim mereka membela diri."},{"number":40,"text":"وَجَزَٰٓؤُا۟ سَيِّئَةٍ سَيِّئَةٌ مِّثْلُهَا فَمَنْ عَفَا وَأَصْلَحَ فَأَجْرُهُۥ عَلَى ٱللَّهِ إِنَّهُۥ لَا يُحِبُّ ٱلظَّٰلِمِينَ","translation_en":"And the retribution for an evil act is an evil one like it, but whoever pardons and makes reconciliation - his reward is [due] from Allah. Indeed, He does not like wrongdoers.","translation_id":"Dan balasan suatu kejahatan adalah kejahatan yang serupa, maka barang siapa memaafkan dan berbuat baik maka pahalanya atas (tanggungan) Allah. Sesungguhnya Dia tidak menyukai orang-orang yang zalim."},{"number":41,"text":"وَلَمَنِ ٱنتَصَرَ بَعْدَ ظُلْمِهِۦ فَأُو۟لَٰٓئِكَ مَا عَلَيْهِم مِّن سَبِيلٍ","translation_en":"And whoever avenges himself after having been wronged - those have not upon them any cause [for blame].","translation_id":"Dan sesungguhnya orang-orang yang membela diri sesudah teraniaya, tidak ada satu dosapun terhadap mereka."},{"number":42,"text":"إِنَّمَا ٱلسَّبِيلُ عَلَى ٱلَّذِينَ يَظْلِمُونَ ٱلنَّاسَ وَيَبْغُونَ فِى ٱلْأَرْضِ بِغَيْرِ ٱلْحَقِّ أُو۟لَٰٓئِكَ لَهُمْ عَذَابٌ أَلِيمٌ","translation_en":"The cause is only against the ones who wrong the people and tyrannize upon the earth without right. Those will have a painful punishment.","translation_id":"Sesungguhnya dosa itu atas orang-orang yang berbuat zalim kepada manusia dan melampaui batas di muka bumi tanpa hak. Mereka itu mendapat azab yang pedih."},{"number":43,"text":"وَلَمَن صَبَرَ وَغَفَرَ إِنَّ ذَٰلِكَ لَمِنْ عَزْمِ ٱلْأُمُورِ","translation_en":"And whoever is patient and forgives - indeed, that is of the matters [requiring] determination.","translation_id":"Tetapi orang yang bersabar dan memaafkan, sesungguhnya (perbuatan) yang demikian itu termasuk hal-hal yang diutamakan."},{"number":44,"text":"وَمَن يُضْلِلِ ٱللَّهُ فَمَا لَهُۥ مِن وَلِىٍّ مِّنۢ بَعْدِهِۦ وَتَرَى ٱلظَّٰلِمِينَ لَمَّا رَأَوُا۟ ٱلْعَذَابَ يَقُولُونَ هَلْ إِلَىٰ مَرَدٍّ مِّن سَبِيلٍ","translation_en":"And he whom Allah sends astray - for him there is no protector beyond Him. And you will see the wrongdoers, when they see the punishment, saying, \"Is there for return [to the former world] any way?\"","translation_id":"Dan siapa yang disesatkan Allah maka tidak ada baginya seorang pemimpinpun sesudah itu. Dan kamu akan melihat orang-orang yang zalim ketika mereka melihat azab berkata: \"Adakah kiranya jalan untuk kembali (ke dunia)?\""},{"number":45,"text":"وَتَرَىٰهُمْ يُعْرَضُونَ عَلَيْهَا خَٰشِعِينَ مِنَ ٱلذُّلِّ يَنظُرُونَ مِن طَرْفٍ خَفِىٍّ وَقَالَ ٱلَّذِينَ ءَامَنُوٓا۟ إِنَّ ٱلْخَٰسِرِينَ ٱلَّذِينَ خَسِرُوٓا۟ أَنفُسَهُمْ وَأَهْلِيهِمْ يَوْمَ ٱلْقِيَٰمَةِ أَلَآ إِنَّ ٱلظَّٰلِمِينَ فِى عَذَابٍ مُّقِيمٍ","translation_en":"And you will see them being exposed to the Fire, humbled from humiliation, looking from [behind] a covert glance. And those who had believed will say, \"Indeed, the [true] losers are the ones who lost themselves and their families on the Day of Resurrection. Unquestionably, the wrongdoers are in an enduring punishment.\"","translation_id":"Dan kamu akan melihat mereka dihadapkan ke neraka dalam keadaan tunduk karena (merasa) hina, mereka melihat dengan pandangan yang lesu. Dan orang-orang yang beriman berkata: \"Sesungguhnya orang-orang yang merugi ialah orang-orang yang kehilangan diri mereka sendiri dan (kehilangan) keluarga mereka pada hari kiamat. Ingatlah, sesungguhnya orang-orang yang zalim itu berada dalam azab yang kekal."},{"number":46,"text":"وَمَا كَانَ لَهُم مِّنْ أَوْلِيَآءَ يَنصُرُونَهُم مِّن دُونِ ٱللَّهِ وَمَن يُضْلِلِ ٱللَّهُ فَمَا لَهُۥ مِن سَبِيلٍ","translation_en":"And there will not be for them any allies to aid them other than Allah. And whoever Allah sends astray - for him there is no way.","translation_id":"Dan mereka sekali-kali tidak mempunyai pelindung-pelindung yang dapat menolong mereka selain Allah. Dan siapa yang disesatkan Allah maka tidaklah ada baginya satu jalanpun (untuk mendapat petunjuk)."},{"number":47,"text":"ٱسْتَجِيبُوا۟ لِرَبِّكُم مِّن قَبْلِ أَن يَأْتِىَ يَوْمٌ لَّا مَرَدَّ لَهُۥ مِنَ ٱللَّهِ مَا لَكُم مِّن مَّلْجَإٍ يَوْمَئِذٍ وَمَا لَكُم مِّن نَّكِيرٍ","translation_en":"Respond to your Lord before a Day comes from Allah of which there is no repelling. No refuge will you have that day, nor for you will there be any denial.","translation_id":"Patuhilah seruan Tuhanmu sebelum datang dari Allah suatu hari yang tidak dapat ditolak kedatangannya. Kamu tidak memperoleh tempat berlindung pada hari itu dan tidak (pula) dapat mengingkari (dosa-dosamu)."},{"number":48,"text":"فَإِنْ أَعْرَضُوا۟ فَمَآ أَرْسَلْنَٰكَ عَلَيْهِمْ حَفِيظًا إِنْ عَلَيْكَ إِلَّا ٱلْبَلَٰغُ وَإِنَّآ إِذَآ أَذَقْنَا ٱلْإِنسَٰنَ مِنَّا رَحْمَةً فَرِحَ بِهَا وَإِن تُصِبْهُمْ سَيِّئَةٌۢ بِمَا قَدَّمَتْ أَيْدِيهِمْ فَإِنَّ ٱلْإِنسَٰنَ كَفُورٌ","translation_en":"But if they turn away - then We have not sent you, [O Muhammad], over them as a guardian; upon you is only [the duty of] notification. And indeed, when We let man taste mercy from us, he rejoices in it; but if evil afflicts him for what his hands have put forth, then indeed, man is ungrateful.","translation_id":"Jika mereka berpaling maka Kami tidak mengutus kamu sebagai pengawas bagi mereka. Kewajibanmu tidak lain hanyalah menyampaikan (risalah). Sesungguhnya apabila Kami merasakan kepada manusia sesuatu rahmat dari Kami dia bergembira ria karena rahmat itu. Dan jika mereka ditimpa kesusahan disebabkan perbuatan tangan mereka sendiri (niscaya mereka ingkar) karena sesungguhnya manusia itu amat ingkar (kepada nikmat)."},{"number":49,"text":"لِّلَّهِ مُلْكُ ٱلسَّمَٰوَٰتِ وَٱلْأَرْضِ يَخْلُقُ مَا يَشَآءُ يَهَبُ لِمَن يَشَآءُ إِنَٰثًا وَيَهَبُ لِمَن يَشَآءُ ٱلذُّكُورَ","translation_en":"To Allah belongs the dominion of the heavens and the earth; He creates what he wills. He gives to whom He wills female [children], and He gives to whom He wills males.","translation_id":"Kepunyaan Allah-lah kerajaan langit dan bumi, Dia menciptakan apa yang Dia kehendaki. Dia memberikan anak-anak perempuan kepada siapa yang Dia kehendaki dan memberikan anak-anak lelaki kepada siapa yang Dia kehendaki,"},{"number":50,"text":"أَوْ يُزَوِّجُهُمْ ذُكْرَانًا وَإِنَٰثًا وَيَجْعَلُ مَن يَشَآءُ عَقِيمًا إِنَّهُۥ عَلِيمٌ قَدِيرٌ","translation_en":"Or He makes them [both] males and females, and He renders whom He wills barren. Indeed, He is Knowing and Competent.","translation_id":"atau Dia menganugerahkan kedua jenis laki-laki dan perempuan (kepada siapa) yang dikehendaki-Nya, dan Dia menjadikan mandul siapa yang Dia kehendaki. Sesungguhnya Dia Maha Mengetahui lagi Maha Kuasa."},{"number":51,"text":"وَمَا كَانَ لِبَشَرٍ أَن يُكَلِّمَهُ ٱللَّهُ إِلَّا وَحْيًا أَوْ مِن وَرَآئِ حِجَابٍ أَوْ يُرْسِلَ رَسُولًا فَيُوحِىَ بِإِذْنِهِۦ مَا يَشَآءُ إِنَّهُۥ عَلِىٌّ حَكِيمٌ","translation_en":"And it is not for any human being that Allah should speak to him except by revelation or from behind a partition or that He sends a messenger to reveal, by His permission, what He wills. Indeed, He is Most High and Wise.","translation_id":"Dan tidak mungkin bagi seorang manusiapun bahwa Allah berkata-kata dengan dia kecuali dengan perantaraan wahyu atau dibelakang tabir atau dengan mengutus seorang utusan (malaikat) lalu diwahyukan kepadanya dengan seizin-Nya apa yang Dia kehendaki. Sesungguhnya Dia Maha Tinggi lagi Maha Bijaksana."},{"number":52,"text":"وَكَذَٰلِكَ أَوْحَيْنَآ إِلَيْكَ رُوحًا مِّنْ أَمْرِنَا مَا كُنتَ تَدْرِى مَا ٱلْكِتَٰبُ وَلَا ٱلْإِيمَٰنُ وَلَٰكِن جَعَلْنَٰهُ نُورًا نَّهْدِى بِهِۦ مَن نَّشَآءُ مِنْ عِبَادِنَا وَإِنَّكَ لَتَهْدِىٓ إِلَىٰ صِرَٰطٍ مُّسْتَقِيمٍ","translation_en":"And thus We have revealed to you an inspiration of Our command. You did not know what is the Book or [what is] faith, but We have made it a light by which We guide whom We will of Our servants. And indeed, [O Muhammad], you guide to a straight path -","translation_id":"Dan demikianlah Kami wahyukan kepadamu wahyu (Al Quran) dengan perintah Kami. Sebelumnya kamu tidaklah mengetahui apakah Al Kitab (Al Quran) dan tidak pula mengetahui apakah iman itu, tetapi Kami menjadikan Al Quran itu cahaya, yang Kami tunjuki dengan dia siapa yang kami kehendaki di antara hamba-hamba Kami. Dan sesungguhnya kamu benar-benar memberi petunjuk kepada jalan yang lurus."},{"number":53,"text":"صِرَٰطِ ٱللَّهِ ٱلَّذِى لَهُۥ مَا فِى ٱلسَّمَٰوَٰتِ وَمَا فِى ٱلْأَرْضِ أَلَآ إِلَى ٱللَّهِ تَصِيرُ ٱلْأُمُورُ","translation_en":"The path of Allah, to whom belongs whatever is in the heavens and whatever is on the earth. Unquestionably, to Allah do [all] matters evolve.","translation_id":"(Yaitu) jalan Allah yang kepunyaan-Nya segala apa yang ada di langit dan apa yang ada di bumi. Ingatlah, bahwa kepada Allah-lah kembali semua urusan."}]}