{"number":43,"name":"سورة الزخرف","transliteration_en":"Az-Zukhruf","translation_en":"Ornaments of gold","total_verses":89,"revelation_type":"Meccan","verses":[{"number":1,"text":"بِسْمِ ٱللَّهِ ٱلرَّحْمَٰنِ ٱلرَّحِيمِ حمٓ","translation_en":"Ha, Meem.","translation_id":"Haa Miim."},{"number":2,"text":"وَٱلْكِتَٰبِ ٱلْمُبِينِ","translation_en":"By the clear Book,","translation_id":"Demi Kitab (Al Quran) yang menerangkan."},{"number":3,"text":"إِنَّا جَعَلْنَٰهُ قُرْءَٰنًا عَرَبِيًّا لَّعَلَّكُمْ تَعْقِلُونَ","translation_en":"Indeed, We have made it an Arabic Qur'an that you might understand.","translation_id":"Sesungguhnya Kami menjadikan Al Quran dalam bahasa Arab supaya kamu memahami(nya)."},{"number":4,"text":"وَإِنَّهُۥ فِىٓ أُمِّ ٱلْكِتَٰبِ لَدَيْنَا لَعَلِىٌّ حَكِيمٌ","translation_en":"And indeed it is, in the Mother of the Book with Us, exalted and full of wisdom.","translation_id":"Dan sesungguhnya Al Quran itu dalam induk Al Kitab (Lauh Mahfuzh) di sisi Kami, adalah benar-benar tinggi (nilainya) dan amat banyak mengandung hikmah."},{"number":5,"text":"أَفَنَضْرِبُ عَنكُمُ ٱلذِّكْرَ صَفْحًا أَن كُنتُمْ قَوْمًا مُّسْرِفِينَ","translation_en":"Then should We turn the message away, disregarding you, because you are a transgressing people?","translation_id":"Maka apakah Kami akan berhenti menurunkan Al Quran kepadamu, karena kamu adalah kaum yang melampaui batas?"},{"number":6,"text":"وَكَمْ أَرْسَلْنَا مِن نَّبِىٍّ فِى ٱلْأَوَّلِينَ","translation_en":"And how many a prophet We sent among the former peoples,","translation_id":"Berapa banyaknya nabi-nabi yang telah Kami utus kepada umat-umat yang terdahulu."},{"number":7,"text":"وَمَا يَأْتِيهِم مِّن نَّبِىٍّ إِلَّا كَانُوا۟ بِهِۦ يَسْتَهْزِءُونَ","translation_en":"But there would not come to them a prophet except that they used to ridicule him.","translation_id":"Dan tiada seorang nabipun datang kepada mereka melainkan mereka selalu memperolok-olokkannya."},{"number":8,"text":"فَأَهْلَكْنَآ أَشَدَّ مِنْهُم بَطْشًا وَمَضَىٰ مَثَلُ ٱلْأَوَّلِينَ","translation_en":"And We destroyed greater than them in [striking] power, and the example of the former peoples has preceded.","translation_id":"Maka telah Kami binasakan orang-orang yang lebih besar kekuatannya dari mereka itu (musyrikin Mekah) dan telah terdahulu (tersebut dalam Al Quran) perumpamaan umat-umat masa dahulu."},{"number":9,"text":"وَلَئِن سَأَلْتَهُم مَّنْ خَلَقَ ٱلسَّمَٰوَٰتِ وَٱلْأَرْضَ لَيَقُولُنَّ خَلَقَهُنَّ ٱلْعَزِيزُ ٱلْعَلِيمُ","translation_en":"And if you should ask them, \"Who has created the heavens and the earth?\" they would surely say, \"They were created by the Exalted in Might, the Knowing.\"","translation_id":"Dan sungguh jika kamu tanyakan kepada mereka: \"Siapakah yang menciptakan langit dan bumi?\", niscaya mereka akan menjawab: \"Semuanya diciptakan oleh Yang Maha Perkasa lagi Maha Mengetahui\"."},{"number":10,"text":"ٱلَّذِى جَعَلَ لَكُمُ ٱلْأَرْضَ مَهْدًا وَجَعَلَ لَكُمْ فِيهَا سُبُلًا لَّعَلَّكُمْ تَهْتَدُونَ","translation_en":"[The one] who has made for you the earth a bed and made for you upon it roads that you might be guided","translation_id":"Yang menjadikan bumi untuk kamu sebagai tempat menetap dan Dia membuat jalan-jalan di atas bumi untuk kamu supaya kamu mendapat petunjuk."},{"number":11,"text":"وَٱلَّذِى نَزَّلَ مِنَ ٱلسَّمَآءِ مَآءًۢ بِقَدَرٍ فَأَنشَرْنَا بِهِۦ بَلْدَةً مَّيْتًا كَذَٰلِكَ تُخْرَجُونَ","translation_en":"And who sends down rain from the sky in measured amounts, and We revive thereby a dead land - thus will you be brought forth -","translation_id":"Dan Yang menurunkan air dari langit menurut kadar (yang diperlukan) lalu Kami hidupkan dengan air itu negeri yang mati, seperti itulah kamu akan dikeluarkan (dari dalam kubur)."},{"number":12,"text":"وَٱلَّذِى خَلَقَ ٱلْأَزْوَٰجَ كُلَّهَا وَجَعَلَ لَكُم مِّنَ ٱلْفُلْكِ وَٱلْأَنْعَٰمِ مَا تَرْكَبُونَ","translation_en":"And who created the species, all of them, and has made for you of ships and animals those which you mount.","translation_id":"Dan Yang menciptakan semua yang berpasang-pasangan dan menjadikan untukmu kapal dan binatang ternak yang kamu tunggangi."},{"number":13,"text":"لِتَسْتَوُۥا۟ عَلَىٰ ظُهُورِهِۦ ثُمَّ تَذْكُرُوا۟ نِعْمَةَ رَبِّكُمْ إِذَا ٱسْتَوَيْتُمْ عَلَيْهِ وَتَقُولُوا۟ سُبْحَٰنَ ٱلَّذِى سَخَّرَ لَنَا هَٰذَا وَمَا كُنَّا لَهُۥ مُقْرِنِينَ","translation_en":"That you may settle yourselves upon their backs and then remember the favor of your Lord when you have settled upon them and say. \"Exalted is He who has subjected this to us, and we could not have [otherwise] subdued it.","translation_id":"Supaya kamu duduk di atas punggungnya kemudian kamu ingat nikmat Tuhanmu apabila kamu telah duduk di atasnya; dan supaya kamu mengucapkan: \"Maha Suci Tuhan yang telah menundukkan semua ini bagi kami padahal kami sebelumnya tidak mampu menguasainya,"},{"number":14,"text":"وَإِنَّآ إِلَىٰ رَبِّنَا لَمُنقَلِبُونَ","translation_en":"And indeed we, to our Lord, will [surely] return.\"","translation_id":"dan sesungguhnya kami akan kembali kepada Tuhan kami\"."},{"number":15,"text":"وَجَعَلُوا۟ لَهُۥ مِنْ عِبَادِهِۦ جُزْءًا إِنَّ ٱلْإِنسَٰنَ لَكَفُورٌ مُّبِينٌ","translation_en":"But they have attributed to Him from His servants a portion. Indeed, man is clearly ungrateful.","translation_id":"Dan mereka menjadikan sebahagian dari hamba-hamba-Nya sebagai bahagian daripada-Nya. Sesungguhnya manusia itu benar-benar pengingkar yang nyata (terhadap rahmat Allah)."},{"number":16,"text":"أَمِ ٱتَّخَذَ مِمَّا يَخْلُقُ بَنَاتٍ وَأَصْفَىٰكُم بِٱلْبَنِينَ","translation_en":"Or has He taken, out of what He has created, daughters and chosen you for [having] sons?","translation_id":"Patutkah Dia mengambil anak perempuan dari yang diciptakan-Nya dan Dia mengkhususkan buat kamu anak laki-laki."},{"number":17,"text":"وَإِذَا بُشِّرَ أَحَدُهُم بِمَا ضَرَبَ لِلرَّحْمَٰنِ مَثَلًا ظَلَّ وَجْهُهُۥ مُسْوَدًّا وَهُوَ كَظِيمٌ","translation_en":"And when one of them is given good tidings of that which he attributes to the Most Merciful in comparison, his face becomes dark, and he suppresses grief.","translation_id":"Padahal apabila salah seorang di antara mereka diberi kabar gembira dengan apa yang dijadikan sebagai misal bagi Allah Yang Maha Pemurah; jadilah mukanya hitam pekat sedang dia amat menahan sedih."},{"number":18,"text":"أَوَمَن يُنَشَّؤُا۟ فِى ٱلْحِلْيَةِ وَهُوَ فِى ٱلْخِصَامِ غَيْرُ مُبِينٍ","translation_en":"So is one brought up in ornaments while being during conflict unevident [attributed to Allah]?","translation_id":"Dan apakah patut (menjadi anak Allah) orang yang dibesarkan dalam keadaan berperhiasan sedang dia tidak dapat memberi alasan yang terang dalam pertengkaran."},{"number":19,"text":"وَجَعَلُوا۟ ٱلْمَلَٰٓئِكَةَ ٱلَّذِينَ هُمْ عِبَٰدُ ٱلرَّحْمَٰنِ إِنَٰثًا أَشَهِدُوا۟ خَلْقَهُمْ سَتُكْتَبُ شَهَٰدَتُهُمْ وَيُسْـَٔلُونَ","translation_en":"And they have made the angels, who are servants of the Most Merciful, females. Did they witness their creation? Their testimony will be recorded, and they will be questioned.","translation_id":"Dan mereka menjadikan malaikat-malaikat yang mereka itu adalah hamba-hamba Allah Yang Maha Pemurah sebagai orang-orang perempuan. Apakah mereka menyaksikan penciptaan malaika-malaikat itu? Kelak akan dituliskan persaksian mereka dan mereka akan dimintai pertanggung-jawaban."},{"number":20,"text":"وَقَالُوا۟ لَوْ شَآءَ ٱلرَّحْمَٰنُ مَا عَبَدْنَٰهُم مَّا لَهُم بِذَٰلِكَ مِنْ عِلْمٍ إِنْ هُمْ إِلَّا يَخْرُصُونَ","translation_en":"And they said, \"If the Most Merciful had willed, we would not have worshipped them.\" They have of that no knowledge. They are not but falsifying.","translation_id":"Dan mereka berkata: \"Jikalau Allah Yang Maha Pemurah menghendaki tentulah kami tidak menyembah mereka (malaikat)\". Mereka tidak mempunyai pengetahuan sedikitpun tentang itu, mereka tidak lain hanyalah menduga-duga belaka."},{"number":21,"text":"أَمْ ءَاتَيْنَٰهُمْ كِتَٰبًا مِّن قَبْلِهِۦ فَهُم بِهِۦ مُسْتَمْسِكُونَ","translation_en":"Or have We given them a book before the Qur'an to which they are adhering?","translation_id":"Atau adakah Kami memberikan sebuah kitab kepada mereka sebelum Al Quran, lalu mereka berpegang dengan kitab itu?"},{"number":22,"text":"بَلْ قَالُوٓا۟ إِنَّا وَجَدْنَآ ءَابَآءَنَا عَلَىٰٓ أُمَّةٍ وَإِنَّا عَلَىٰٓ ءَاثَٰرِهِم مُّهْتَدُونَ","translation_en":"Rather, they say, \"Indeed, we found our fathers upon a religion, and we are in their footsteps [rightly] guided.\"","translation_id":"Bahkan mereka berkata: \"Sesungguhnya kami mendapati bapak-bapak kami menganut suatu agama, dan sesungguhnya kami orang-orang yang mendapat petunjuk dengan (mengikuti) jejak mereka\"."},{"number":23,"text":"وَكَذَٰلِكَ مَآ أَرْسَلْنَا مِن قَبْلِكَ فِى قَرْيَةٍ مِّن نَّذِيرٍ إِلَّا قَالَ مُتْرَفُوهَآ إِنَّا وَجَدْنَآ ءَابَآءَنَا عَلَىٰٓ أُمَّةٍ وَإِنَّا عَلَىٰٓ ءَاثَٰرِهِم مُّقْتَدُونَ","translation_en":"And similarly, We did not send before you any warner into a city except that its affluent said, \"Indeed, we found our fathers upon a religion, and we are, in their footsteps, following.\"","translation_id":"Dan demikianlah, Kami tidak mengutus sebelum kamu seorang pemberi peringatanpun dalam suatu negeri, melainkan orang-orang yang hidup mewah di negeri itu berkata: \"Sesungguhnya kami mendapati bapak-bapak kami menganut suatu agama dan sesungguhnya kami adalah pengikut jejak-jejak mereka\"."},{"number":24,"text":"قَٰلَ أَوَلَوْ جِئْتُكُم بِأَهْدَىٰ مِمَّا وَجَدتُّمْ عَلَيْهِ ءَابَآءَكُمْ قَالُوٓا۟ إِنَّا بِمَآ أُرْسِلْتُم بِهِۦ كَٰفِرُونَ","translation_en":"[Each warner] said, \"Even if I brought you better guidance than that [religion] upon which you found your fathers?\" They said, \"Indeed we, in that with which you were sent, are disbelievers.\"","translation_id":"(Rasul itu) berkata: \"Apakah (kamu akan mengikutinya juga) sekalipun aku membawa untukmu (agama) yang lebih (nyata) memberi petunjuk daripada apa yang kamu dapati bapak-bapakmu menganutnya?\" Mereka menjawab: \"Sesungguhnya kami mengingkari agama yang kamu diutus untuk menyampaikannya\"."},{"number":25,"text":"فَٱنتَقَمْنَا مِنْهُمْ فَٱنظُرْ كَيْفَ كَانَ عَٰقِبَةُ ٱلْمُكَذِّبِينَ","translation_en":"So we took retribution from them; then see how was the end of the deniers.","translation_id":"Maka Kami binasakan mereka maka perhatikanlah bagaimana kesudahan orang-orang yang mendustakan itu."},{"number":26,"text":"وَإِذْ قَالَ إِبْرَٰهِيمُ لِأَبِيهِ وَقَوْمِهِۦٓ إِنَّنِى بَرَآءٌ مِّمَّا تَعْبُدُونَ","translation_en":"And [mention, O Muhammad], when Abraham said to his father and his people, \"Indeed, I am disassociated from that which you worship","translation_id":"Dan ingatlah ketika Ibrahim berkata kepada bapaknya dan kaumnya: \"Sesungguhnya aku tidak bertanggung jawab terhadap apa yang kamu sembah,"},{"number":27,"text":"إِلَّا ٱلَّذِى فَطَرَنِى فَإِنَّهُۥ سَيَهْدِينِ","translation_en":"Except for He who created me; and indeed, He will guide me.\"","translation_id":"tetapi (aku menyembah) Tuhan Yang menjadikanku; karena sesungguhnya Dia akan memberi hidayah kepadaku\"."},{"number":28,"text":"وَجَعَلَهَا كَلِمَةًۢ بَاقِيَةً فِى عَقِبِهِۦ لَعَلَّهُمْ يَرْجِعُونَ","translation_en":"And he made it a word remaining among his descendants that they might return [to it].","translation_id":"Dan (lbrahim a. s.) menjadikan kalimat tauhid itu kalimat yang kekal pada keturunannya supaya mereka kembali kepada kalimat tauhid itu."},{"number":29,"text":"بَلْ مَتَّعْتُ هَٰٓؤُلَآءِ وَءَابَآءَهُمْ حَتَّىٰ جَآءَهُمُ ٱلْحَقُّ وَرَسُولٌ مُّبِينٌ","translation_en":"However, I gave enjoyment to these [people of Makkah] and their fathers until there came to them the truth and a clear Messenger.","translation_id":"Tetapi Aku telah memberikan kenikmatan hidup kepada mereka dan bapak-bapak mereka sehingga datanglah kepada mereka kebenaran (Al Quran) dan seorang rasul yang memberi penjelasan."},{"number":30,"text":"وَلَمَّا جَآءَهُمُ ٱلْحَقُّ قَالُوا۟ هَٰذَا سِحْرٌ وَإِنَّا بِهِۦ كَٰفِرُونَ","translation_en":"But when the truth came to them, they said, \"This is magic, and indeed we are, concerning it, disbelievers.\"","translation_id":"Dan tatkala kebenaran (Al Quran) itu datang kepada mereka, mereka berkata: \"Ini adalah sihir dan sesungguhnya kami adalah orang-orang yang mengingkarinya\"."},{"number":31,"text":"وَقَالُوا۟ لَوْلَا نُزِّلَ هَٰذَا ٱلْقُرْءَانُ عَلَىٰ رَجُلٍ مِّنَ ٱلْقَرْيَتَيْنِ عَظِيمٍ","translation_en":"And they said, \"Why was this Qur'an not sent down upon a great man from [one of] the two cities?\"","translation_id":"Dan mereka berkata: \"Mengapa Al Quran ini tidak diturunkan kepada seorang besar dari salah satu dua negeri (Mekah dan Thaif) ini?\""},{"number":32,"text":"أَهُمْ يَقْسِمُونَ رَحْمَتَ رَبِّكَ نَحْنُ قَسَمْنَا بَيْنَهُم مَّعِيشَتَهُمْ فِى ٱلْحَيَوٰةِ ٱلدُّنْيَا وَرَفَعْنَا بَعْضَهُمْ فَوْقَ بَعْضٍ دَرَجَٰتٍ لِّيَتَّخِذَ بَعْضُهُم بَعْضًا سُخْرِيًّا وَرَحْمَتُ رَبِّكَ خَيْرٌ مِّمَّا يَجْمَعُونَ","translation_en":"Do they distribute the mercy of your Lord? It is We who have apportioned among them their livelihood in the life of this world and have raised some of them above others in degrees [of rank] that they may make use of one another for service. But the mercy of your Lord is better than whatever they accumulate.","translation_id":"Apakah mereka yang membagi-bagi rahmat Tuhanmu? Kami telah menentukan antara mereka penghidupan mereka dalam kehidupan dunia, dan kami telah meninggikan sebahagian mereka atas sebagian yang lain beberapa derajat, agar sebagian mereka dapat mempergunakan sebagian yang lain. Dan rahmat Tuhanmu lebih baik dari apa yang mereka kumpulkan."},{"number":33,"text":"وَلَوْلَآ أَن يَكُونَ ٱلنَّاسُ أُمَّةً وَٰحِدَةً لَّجَعَلْنَا لِمَن يَكْفُرُ بِٱلرَّحْمَٰنِ لِبُيُوتِهِمْ سُقُفًا مِّن فِضَّةٍ وَمَعَارِجَ عَلَيْهَا يَظْهَرُونَ","translation_en":"And if it were not that the people would become one community [of disbelievers], We would have made for those who disbelieve in the Most Merciful - for their houses - ceilings and stairways of silver upon which to mount","translation_id":"Dan sekiranya bukan karena hendak menghindari manusia menjadi umat yang satu (dalam kekafiran), tentulah kami buatkan bagi orang-orang yang kafir kepada Tuhan Yang Maha Pemurah loteng-loteng perak bagi rumah mereka dan (juga) tangga-tangga (perak) yang mereka menaikinya."},{"number":34,"text":"وَلِبُيُوتِهِمْ أَبْوَٰبًا وَسُرُرًا عَلَيْهَا يَتَّكِـُٔونَ","translation_en":"And for their houses - doors and couches [of silver] upon which to recline","translation_id":"Dan (Kami buatkan pula) pintu-pintu (perak) bagi rumah-rumah mereka dan (begitu pula) dipan-dipan yang mereka bertelekan atasnya."},{"number":35,"text":"وَزُخْرُفًا وَإِن كُلُّ ذَٰلِكَ لَمَّا مَتَٰعُ ٱلْحَيَوٰةِ ٱلدُّنْيَا وَٱلْءَاخِرَةُ عِندَ رَبِّكَ لِلْمُتَّقِينَ","translation_en":"And gold ornament. But all that is not but the enjoyment of worldly life. And the Hereafter with your Lord is for the righteous.","translation_id":"Dan (Kami buatkan pula) perhiasan-perhiasan (dari emas untuk mereka). Dan semuanya itu tidak lain hanyalah kesenangan kehidupan dunia, dan kehidupan akhirat itu di sisi Tuhanmu adalah bagi orang-orang yang bertakwa."},{"number":36,"text":"وَمَن يَعْشُ عَن ذِكْرِ ٱلرَّحْمَٰنِ نُقَيِّضْ لَهُۥ شَيْطَٰنًا فَهُوَ لَهُۥ قَرِينٌ","translation_en":"And whoever is blinded from remembrance of the Most Merciful - We appoint for him a devil, and he is to him a companion.","translation_id":"Barangsiapa yang berpaling dari pengajaran Tuhan Yang Maha Pemurah (Al Quran), kami adakan baginya syaitan (yang menyesatkan) maka syaitan itulah yang menjadi teman yang selalu menyertainya."},{"number":37,"text":"وَإِنَّهُمْ لَيَصُدُّونَهُمْ عَنِ ٱلسَّبِيلِ وَيَحْسَبُونَ أَنَّهُم مُّهْتَدُونَ","translation_en":"And indeed, the devils avert them from the way [of guidance] while they think that they are [rightly] guided","translation_id":"Dan sesungguhnya syaitan-syaitan itu benar-benar menghalangi mereka dari jalan yang benar dan mereka menyangka bahwa mereka mendapat petunjuk."},{"number":38,"text":"حَتَّىٰٓ إِذَا جَآءَنَا قَالَ يَٰلَيْتَ بَيْنِى وَبَيْنَكَ بُعْدَ ٱلْمَشْرِقَيْنِ فَبِئْسَ ٱلْقَرِينُ","translation_en":"Until, when he comes to Us [at Judgement], he says [to his companion], \"Oh, I wish there was between me and you the distance between the east and west - how wretched a companion.\"","translation_id":"Sehingga apabila orang-orang yang berpaling itu datang kepada kami (di hari kiamat) dia berkata: \"Aduhai, semoga (jarak) antaraku dan kamu seperti jarak antara masyrik dan maghrib, maka syaitan itu adalah sejahat-jahat teman (yang menyertai manusia)\"."},{"number":39,"text":"وَلَن يَنفَعَكُمُ ٱلْيَوْمَ إِذ ظَّلَمْتُمْ أَنَّكُمْ فِى ٱلْعَذَابِ مُشْتَرِكُونَ","translation_en":"And never will it benefit you that Day, when you have wronged, that you are [all] sharing in the punishment.","translation_id":"(Harapanmu itu) sekali-kali tidak akan memberi manfaat kepadamu di hari itu karena kamu telah menganiaya (dirimu sendiri). Sesungguhnya kamu bersekutu dalam azab itu."},{"number":40,"text":"أَفَأَنتَ تُسْمِعُ ٱلصُّمَّ أَوْ تَهْدِى ٱلْعُمْىَ وَمَن كَانَ فِى ضَلَٰلٍ مُّبِينٍ","translation_en":"Then will you make the deaf hear, [O Muhammad], or guide the blind or he who is in clear error?","translation_id":"Maka apakah kamu dapat menjadikan orang yang pekak bisa mendengar atau (dapatkah) kamu memberi petunjuk kepada orang yang buta (hatinya) dan kepada orang yang tetap dalam kesesatan yang nyata?"},{"number":41,"text":"فَإِمَّا نَذْهَبَنَّ بِكَ فَإِنَّا مِنْهُم مُّنتَقِمُونَ","translation_en":"And whether [or not] We take you away [in death], indeed, We will take retribution upon them.","translation_id":"Sungguh, jika Kami mewafatkan kamu (sebelum kamu mencapai kemenangan) maka sesungguhnya Kami akan menyiksa mereka (di akhirat)."},{"number":42,"text":"أَوْ نُرِيَنَّكَ ٱلَّذِى وَعَدْنَٰهُمْ فَإِنَّا عَلَيْهِم مُّقْتَدِرُونَ","translation_en":"Or whether [or not] We show you that which We have promised them, indeed, We are Perfect in Ability.","translation_id":"Atau Kami memperlihatkan kepadamu (azab) yang telah Kami ancamkan kepada mereka. Maka sesungguhnya Kami berkuasa atas mereka."},{"number":43,"text":"فَٱسْتَمْسِكْ بِٱلَّذِىٓ أُوحِىَ إِلَيْكَ إِنَّكَ عَلَىٰ صِرَٰطٍ مُّسْتَقِيمٍ","translation_en":"So adhere to that which is revealed to you. Indeed, you are on a straight path.","translation_id":"Maka berpegang teguhlah kamu kepada agama yang telah diwahyukan kepadamu. Sesungguhnya kamu berada di atas jalan yang lurus."},{"number":44,"text":"وَإِنَّهُۥ لَذِكْرٌ لَّكَ وَلِقَوْمِكَ وَسَوْفَ تُسْـَٔلُونَ","translation_en":"And indeed, it is a remembrance for you and your people, and you [all] are going to be questioned.","translation_id":"Dan sesungguhnya Al Quran itu benar-benar adalah suatu kemuliaan besar bagimu dan bagi kaummu dan kelak kamu akan diminta pertanggungan jawab."},{"number":45,"text":"وَسْـَٔلْ مَنْ أَرْسَلْنَا مِن قَبْلِكَ مِن رُّسُلِنَآ أَجَعَلْنَا مِن دُونِ ٱلرَّحْمَٰنِ ءَالِهَةً يُعْبَدُونَ","translation_en":"And ask those We sent before you of Our messengers; have We made besides the Most Merciful deities to be worshipped?","translation_id":"Dan tanyakanlah kepada rasul-rasul Kami yang telah Kami utus sebelum kamu: \"Adakah Kami menentukan tuhan-tuhan untuk disembah selain Allah Yang Maha Pemurah?\""},{"number":46,"text":"وَلَقَدْ أَرْسَلْنَا مُوسَىٰ بِـَٔايَٰتِنَآ إِلَىٰ فِرْعَوْنَ وَمَلَإِي۟هِۦ فَقَالَ إِنِّى رَسُولُ رَبِّ ٱلْعَٰلَمِينَ","translation_en":"And certainly did We send Moses with Our signs to Pharaoh and his establishment, and he said, \"Indeed, I am the messenger of the Lord of the worlds.\"","translation_id":"Dan sesunguhnya Kami telah mengutus Musa dengan membawa mukjizat-mukjizat Kami kepada Fir'aun dan pemuka-pemuka kaumnya. Maka Musa berkata: \"Sesungguhnya aku adalah utusan dari Tuhan seru sekalian alam\"."},{"number":47,"text":"فَلَمَّا جَآءَهُم بِـَٔايَٰتِنَآ إِذَا هُم مِّنْهَا يَضْحَكُونَ","translation_en":"But when he brought them Our signs, at once they laughed at them.","translation_id":"Maka tatkala dia datang kepada mereka dengan membawa mukjizat-mukjizat Kami dengan serta merta mereka mentertawakannya."},{"number":48,"text":"وَمَا نُرِيهِم مِّنْ ءَايَةٍ إِلَّا هِىَ أَكْبَرُ مِنْ أُخْتِهَا وَأَخَذْنَٰهُم بِٱلْعَذَابِ لَعَلَّهُمْ يَرْجِعُونَ","translation_en":"And We showed them not a sign except that it was greater than its sister, and We seized them with affliction that perhaps they might return [to faith].","translation_id":"Dan tidaklah Kami perlihatkan kepada mereka sesuatu mukjizat kecuali mukjizat itu lebih besar dari mukjizat-mukjizat yang sebelumnya. Dan Kami timpakan kepada mereka azab supaya mereka kembali (ke jalan yang benar)."},{"number":49,"text":"وَقَالُوا۟ يَٰٓأَيُّهَ ٱلسَّاحِرُ ٱدْعُ لَنَا رَبَّكَ بِمَا عَهِدَ عِندَكَ إِنَّنَا لَمُهْتَدُونَ","translation_en":"And they said [to Moses], \"O magician, invoke for us your Lord by what He has promised you. Indeed, we will be guided.\"","translation_id":"Dan mereka berkata: \"Hai ahli sihir, berdoalah kepada Tuhanmu untuk (melepaskan) kami sesuai dengan apa yang telah dijanjikan-Nya kepadamu; sesungguhnya kami (jika doamu dikabulkan) benar-benar akan menjadi orang yang mendapat petunjuk."},{"number":50,"text":"فَلَمَّا كَشَفْنَا عَنْهُمُ ٱلْعَذَابَ إِذَا هُمْ يَنكُثُونَ","translation_en":"But when We removed from them the affliction, at once they broke their word.","translation_id":"Maka tatkala Kami hilangkan azab itu dari mereka, dengan serta merta mereka memungkiri (janjinya)."},{"number":51,"text":"وَنَادَىٰ فِرْعَوْنُ فِى قَوْمِهِۦ قَالَ يَٰقَوْمِ أَلَيْسَ لِى مُلْكُ مِصْرَ وَهَٰذِهِ ٱلْأَنْهَٰرُ تَجْرِى مِن تَحْتِىٓ أَفَلَا تُبْصِرُونَ","translation_en":"And Pharaoh called out among his people; he said, \"O my people, does not the kingdom of Egypt belong to me, and these rivers flowing beneath me; then do you not see?","translation_id":"Dan Fir'aun berseru kepada kaumnya (seraya) berkata: \"Hai kaumku, bukankah kerajaan Mesir ini kepunyaanku dan (bukankah) sungai-sungai ini mengalir di bawahku; maka apakah kamu tidak melihat(nya)?"},{"number":52,"text":"أَمْ أَنَا۠ خَيْرٌ مِّنْ هَٰذَا ٱلَّذِى هُوَ مَهِينٌ وَلَا يَكَادُ يُبِينُ","translation_en":"Or am I [not] better than this one who is insignificant and hardly makes himself clear?","translation_id":"Bukankah aku lebih baik dari orang yang hina ini dan yang hampir tidak dapat menjelaskan (perkataannya)?"},{"number":53,"text":"فَلَوْلَآ أُلْقِىَ عَلَيْهِ أَسْوِرَةٌ مِّن ذَهَبٍ أَوْ جَآءَ مَعَهُ ٱلْمَلَٰٓئِكَةُ مُقْتَرِنِينَ","translation_en":"Then why have there not been placed upon him bracelets of gold or come with him the angels in conjunction?\"","translation_id":"Mengapa tidak dipakaikan kepadanya gelang dari emas atau malaikat datang bersama-sama dia untuk mengiringkannya?\""},{"number":54,"text":"فَٱسْتَخَفَّ قَوْمَهُۥ فَأَطَاعُوهُ إِنَّهُمْ كَانُوا۟ قَوْمًا فَٰسِقِينَ","translation_en":"So he bluffed his people, and they obeyed him. Indeed, they were [themselves] a people defiantly disobedient [of Allah].","translation_id":"Maka Fir'aun mempengaruhi kaumnya (dengan perkataan itu) lalu mereka patuh kepadanya. Karena sesungguhnya mereka adalah kaum yang fasik."},{"number":55,"text":"فَلَمَّآ ءَاسَفُونَا ٱنتَقَمْنَا مِنْهُمْ فَأَغْرَقْنَٰهُمْ أَجْمَعِينَ","translation_en":"And when they angered Us, We took retribution from them and drowned them all.","translation_id":"Maka tatkala mereka membuat Kami murka, Kami menghukum mereka lalu kami tenggelamkan mereka semuanya (di laut),"},{"number":56,"text":"فَجَعَلْنَٰهُمْ سَلَفًا وَمَثَلًا لِّلْءَاخِرِينَ","translation_en":"And We made them a precedent and an example for the later peoples.","translation_id":"dan Kami jadikan mereka sebagai pelajaran dan contoh bagi orang-orang yang kemudian."},{"number":57,"text":"وَلَمَّا ضُرِبَ ٱبْنُ مَرْيَمَ مَثَلًا إِذَا قَوْمُكَ مِنْهُ يَصِدُّونَ","translation_en":"And when the son of Mary was presented as an example, immediately your people laughed aloud.","translation_id":"Dan tatkala putra Maryam (Isa) dijadikan perumpamnaan tiba-tiba kaummu (Quraisy) bersorak karenanya."},{"number":58,"text":"وَقَالُوٓا۟ ءَأَٰلِهَتُنَا خَيْرٌ أَمْ هُوَ مَا ضَرَبُوهُ لَكَ إِلَّا جَدَلًۢا بَلْ هُمْ قَوْمٌ خَصِمُونَ","translation_en":"And they said, \"Are your gods better, or is he?\" They did not present the comparison except for [mere] argument. But, [in fact], they are a people prone to dispute.","translation_id":"Dan mereka berkata: \"Manakah yang lebih baik tuhan-tuhan kami atau dia (Isa)?\" Mereka tidak memberikan perumpamaan itu kepadamu melainkan dengan maksud membantah saja, sebenarnya mereka adalah kaum yang suka bertengkar."},{"number":59,"text":"إِنْ هُوَ إِلَّا عَبْدٌ أَنْعَمْنَا عَلَيْهِ وَجَعَلْنَٰهُ مَثَلًا لِّبَنِىٓ إِسْرَٰٓءِيلَ","translation_en":"Jesus was not but a servant upon whom We bestowed favor, and We made him an example for the Children of Israel.","translation_id":"Isa tidak lain hanyalah seorang hamba yang Kami berikan kepadanya nikmat (kenabian) dan Kami jadikan dia sebagai tanda bukti (kekuasaan Allah) untuk Bani lsrail"},{"number":60,"text":"وَلَوْ نَشَآءُ لَجَعَلْنَا مِنكُم مَّلَٰٓئِكَةً فِى ٱلْأَرْضِ يَخْلُفُونَ","translation_en":"And if We willed, We could have made [instead] of you angels succeeding [one another] on the earth.","translation_id":"Dan kalau Kami kehendaki benar-benar Kami jadikan sebagai gantimu di muka bumi malaikat-malaikat yang turun temurun."},{"number":61,"text":"وَإِنَّهُۥ لَعِلْمٌ لِّلسَّاعَةِ فَلَا تَمْتَرُنَّ بِهَا وَٱتَّبِعُونِ هَٰذَا صِرَٰطٌ مُّسْتَقِيمٌ","translation_en":"And indeed, Jesus will be [a sign for] knowledge of the Hour, so be not in doubt of it, and follow Me. This is a straight path.","translation_id":"Dan sesungguhnya Isa itu benar-benar memberikan pengetahuan tentang hari kiamat. Karena itu janganlah kamu ragu-ragu tentang kiamat itu dan ikutilah Aku. Inilah jalan yang lurus."},{"number":62,"text":"وَلَا يَصُدَّنَّكُمُ ٱلشَّيْطَٰنُ إِنَّهُۥ لَكُمْ عَدُوٌّ مُّبِينٌ","translation_en":"And never let Satan avert you. Indeed, he is to you a clear enemy.","translation_id":"Dan janganlah kamu sekali-kali dipalingkan oleh syaitan; sesungguhnya syaitan itu musuh yang nyata bagimu."},{"number":63,"text":"وَلَمَّا جَآءَ عِيسَىٰ بِٱلْبَيِّنَٰتِ قَالَ قَدْ جِئْتُكُم بِٱلْحِكْمَةِ وَلِأُبَيِّنَ لَكُم بَعْضَ ٱلَّذِى تَخْتَلِفُونَ فِيهِ فَٱتَّقُوا۟ ٱللَّهَ وَأَطِيعُونِ","translation_en":"And when Jesus brought clear proofs, he said, \"I have come to you with wisdom and to make clear to you some of that over which you differ, so fear Allah and obey me.","translation_id":"Dan tatkala Isa datang membawa keterangan dia berkata: \"Sesungguhnya aku datang kepadamu dengan membawa hikmat dan untuk menjelaskan kepadamu sebagian dari apa yang kamu berselisih tentangnya, maka bertakwalah kepada Allah dan taatlah (kepada)ku\"."},{"number":64,"text":"إِنَّ ٱللَّهَ هُوَ رَبِّى وَرَبُّكُمْ فَٱعْبُدُوهُ هَٰذَا صِرَٰطٌ مُّسْتَقِيمٌ","translation_en":"Indeed, Allah is my Lord and your Lord, so worship Him. This is a straight path.\"","translation_id":"Sesungguhnya Allah Dialah Tuhanku dan Tuhan kamu maka sembahlah Dia, ini adalah jalan yang lurus."},{"number":65,"text":"فَٱخْتَلَفَ ٱلْأَحْزَابُ مِنۢ بَيْنِهِمْ فَوَيْلٌ لِّلَّذِينَ ظَلَمُوا۟ مِنْ عَذَابِ يَوْمٍ أَلِيمٍ","translation_en":"But the denominations from among them differed [and separated], so woe to those who have wronged from the punishment of a painful Day.","translation_id":"Maka berselisihlah golongan-golongan (yang terdapat) di antara mereka, lalu kecelakaan yang besarlah bagi orang-orang yang zalim yakni siksaan hari yang pedih (kiamat)."},{"number":66,"text":"هَلْ يَنظُرُونَ إِلَّا ٱلسَّاعَةَ أَن تَأْتِيَهُم بَغْتَةً وَهُمْ لَا يَشْعُرُونَ","translation_en":"Are they waiting except for the Hour to come upon them suddenly while they perceive not?","translation_id":"Mereka tidak menunggu kecuali kedatangan hari kiamat kepada mereka dengan tiba-tiba sedang mereka tidak menyadarinya."},{"number":67,"text":"ٱلْأَخِلَّآءُ يَوْمَئِذٍۭ بَعْضُهُمْ لِبَعْضٍ عَدُوٌّ إِلَّا ٱلْمُتَّقِينَ","translation_en":"Close friends, that Day, will be enemies to each other, except for the righteous","translation_id":"Teman-teman akrab pada hari itu sebagiannya menjadi musuh bagi sebagian yang lain kecuali orang-orang yang bertakwa."},{"number":68,"text":"يَٰعِبَادِ لَا خَوْفٌ عَلَيْكُمُ ٱلْيَوْمَ وَلَآ أَنتُمْ تَحْزَنُونَ","translation_en":"[To whom Allah will say], \"O My servants, no fear will there be concerning you this Day, nor will you grieve,","translation_id":"\"Hai hamba-hamba-Ku, tiada kekhawatiran terhadapmu pada hari ini dan tidak pula kamu bersedih hati."},{"number":69,"text":"ٱلَّذِينَ ءَامَنُوا۟ بِـَٔايَٰتِنَا وَكَانُوا۟ مُسْلِمِينَ","translation_en":"[You] who believed in Our verses and were Muslims.","translation_id":"(Yaitu) orang-orang yang beriman kepada ayat-ayat Kami dan adalah mereka dahulu orang-orang yang berserah diri."},{"number":70,"text":"ٱدْخُلُوا۟ ٱلْجَنَّةَ أَنتُمْ وَأَزْوَٰجُكُمْ تُحْبَرُونَ","translation_en":"Enter Paradise, you and your kinds, delighted.\"","translation_id":"Masuklah kamu ke dalam surga, kamu dan isteri-isteri kamu digembirakan\"."},{"number":71,"text":"يُطَافُ عَلَيْهِم بِصِحَافٍ مِّن ذَهَبٍ وَأَكْوَابٍ وَفِيهَا مَا تَشْتَهِيهِ ٱلْأَنفُسُ وَتَلَذُّ ٱلْأَعْيُنُ وَأَنتُمْ فِيهَا خَٰلِدُونَ","translation_en":"Circulated among them will be plates and vessels of gold. And therein is whatever the souls desire and [what] delights the eyes, and you will abide therein eternally.","translation_id":"Diedarkan kepada mereka piring-piring dari emas, dan piala-piala dan di dalam surga itu terdapat segala apa yang diingini oleh hati dan sedap (dipandang) mata dan kamu kekal di dalamnya\"."},{"number":72,"text":"وَتِلْكَ ٱلْجَنَّةُ ٱلَّتِىٓ أُورِثْتُمُوهَا بِمَا كُنتُمْ تَعْمَلُونَ","translation_en":"And that is Paradise which you are made to inherit for what you used to do.","translation_id":"Dan itulah surga yang diwariskan kepada kamu disebabkan amal-amal yang dahulu kamu kerjakan."},{"number":73,"text":"لَكُمْ فِيهَا فَٰكِهَةٌ كَثِيرَةٌ مِّنْهَا تَأْكُلُونَ","translation_en":"For you therein is much fruit from which you will eat.","translation_id":"Di dalam surga itu ada buah-buahan yang banyak untukmu yang sebahagiannya kamu makan."},{"number":74,"text":"إِنَّ ٱلْمُجْرِمِينَ فِى عَذَابِ جَهَنَّمَ خَٰلِدُونَ","translation_en":"Indeed, the criminals will be in the punishment of Hell, abiding eternally.","translation_id":"Sesungguhnya orang-orang yang berdosa kekal di dalam azab neraka Jahannam."},{"number":75,"text":"لَا يُفَتَّرُ عَنْهُمْ وَهُمْ فِيهِ مُبْلِسُونَ","translation_en":"It will not be allowed to subside for them, and they, therein, are in despair.","translation_id":"Tidak diringankan azab itu dari mereka dan mereka di dalamnya berputus asa."},{"number":76,"text":"وَمَا ظَلَمْنَٰهُمْ وَلَٰكِن كَانُوا۟ هُمُ ٱلظَّٰلِمِينَ","translation_en":"And We did not wrong them, but it was they who were the wrongdoers.","translation_id":"Dan tidaklah Kami menganiaya mereka tetapi merekalah yang menganiaya diri mereka sendiri."},{"number":77,"text":"وَنَادَوْا۟ يَٰمَٰلِكُ لِيَقْضِ عَلَيْنَا رَبُّكَ قَالَ إِنَّكُم مَّٰكِثُونَ","translation_en":"And they will call, \"O Malik, let your Lord put an end to us!\" He will say, \"Indeed, you will remain.\"","translation_id":"Mereka berseru: \"Hai Malik biarlah Tuhanmu membunuh kami saja\". Dia menjawab: \"Kamu akan tetap tinggal (di neraka ini)\"."},{"number":78,"text":"لَقَدْ جِئْنَٰكُم بِٱلْحَقِّ وَلَٰكِنَّ أَكْثَرَكُمْ لِلْحَقِّ كَٰرِهُونَ","translation_en":"We had certainly brought you the truth, but most of you, to the truth, were averse.","translation_id":"Sesungguhnya Kami benar-benar telah memhawa kebenaran kepada kamu tetapi kebanyakan di antara kamu benci pada kebenaran itu."},{"number":79,"text":"أَمْ أَبْرَمُوٓا۟ أَمْرًا فَإِنَّا مُبْرِمُونَ","translation_en":"Or have they devised [some] affair? But indeed, We are devising [a plan].","translation_id":"Bahkan mereka telah menetapkan satu tipu daya (jahat), maka sesungguhnya Kami menetapkan pula."},{"number":80,"text":"أَمْ يَحْسَبُونَ أَنَّا لَا نَسْمَعُ سِرَّهُمْ وَنَجْوَىٰهُم بَلَىٰ وَرُسُلُنَا لَدَيْهِمْ يَكْتُبُونَ","translation_en":"Or do they think that We hear not their secrets and their private conversations? Yes, [We do], and Our messengers are with them recording.","translation_id":"Apakah mereka mengira, bahwa Kami tidak mendengar rahasia dan bisikan-bisikan mereka? Sebenarnya (Kami mendengar), dan utusan-utusan (malaikat-malaikat) Kami selalu mencatat di sisi mereka."},{"number":81,"text":"قُلْ إِن كَانَ لِلرَّحْمَٰنِ وَلَدٌ فَأَنَا۠ أَوَّلُ ٱلْعَٰبِدِينَ","translation_en":"Say, [O Muhammad], \"If the Most Merciful had a son, then I would be the first of [his] worshippers.\"","translation_id":"Katakanlah, jika benar Tuhan Yang Maha Pemurah mempunyai anak, maka akulah (Muhammad) orang yang mula-mula memuliakan (anak itu)."},{"number":82,"text":"سُبْحَٰنَ رَبِّ ٱلسَّمَٰوَٰتِ وَٱلْأَرْضِ رَبِّ ٱلْعَرْشِ عَمَّا يَصِفُونَ","translation_en":"Exalted is the Lord of the heavens and the earth, Lord of the Throne, above what they describe.","translation_id":"Maha Suci Tuhan Yang empunya langit dan bumi, Tuhan Yang empunya 'Arsy, dari apa yang mereka sifatkan itu."},{"number":83,"text":"فَذَرْهُمْ يَخُوضُوا۟ وَيَلْعَبُوا۟ حَتَّىٰ يُلَٰقُوا۟ يَوْمَهُمُ ٱلَّذِى يُوعَدُونَ","translation_en":"So leave them to converse vainly and amuse themselves until they meet their Day which they are promised.","translation_id":"Maka biarlah mereka tenggelam (dalam kesesatan) dan bermain-main sampai mereka menemui hari yang dijanjikan kepada mereka."},{"number":84,"text":"وَهُوَ ٱلَّذِى فِى ٱلسَّمَآءِ إِلَٰهٌ وَفِى ٱلْأَرْضِ إِلَٰهٌ وَهُوَ ٱلْحَكِيمُ ٱلْعَلِيمُ","translation_en":"And it is Allah who is [the only] deity in the heaven, and on the earth [the only] deity. And He is the Wise, the Knowing.","translation_id":"Dan Dialah Tuhan (Yang disembah) di langit dan Tuhan (Yang disembah) di bumi dan Dialah Yang Maha Bijaksana lagi Maha Mengetahui."},{"number":85,"text":"وَتَبَارَكَ ٱلَّذِى لَهُۥ مُلْكُ ٱلسَّمَٰوَٰتِ وَٱلْأَرْضِ وَمَا بَيْنَهُمَا وَعِندَهُۥ عِلْمُ ٱلسَّاعَةِ وَإِلَيْهِ تُرْجَعُونَ","translation_en":"And blessed is He to whom belongs the dominion of the heavens and the earth and whatever is between them and with whom is knowledge of the Hour and to whom you will be returned.","translation_id":"Dan Maha Suci Tuhan Yang mempunyai kerajaan langit dan bumi; dan apa yang ada di antara keduanya; dan di sisi-Nya-lah pengetahuan tentang hari kiamat dan hanya kepada-Nya-lah kamu dikembalikan."},{"number":86,"text":"وَلَا يَمْلِكُ ٱلَّذِينَ يَدْعُونَ مِن دُونِهِ ٱلشَّفَٰعَةَ إِلَّا مَن شَهِدَ بِٱلْحَقِّ وَهُمْ يَعْلَمُونَ","translation_en":"And those they invoke besides Him do not possess [power of] intercession; but only those who testify to the truth [can benefit], and they know.","translation_id":"Dan sembahan-sembahan yang mereka sembah selain Allah tidak dapat memberi syafa'at; akan tetapi (orang yang dapat memberi syafa'at ialah) orang yang mengakui yang hak (tauhid) dan mereka meyakini(nya)."},{"number":87,"text":"وَلَئِن سَأَلْتَهُم مَّنْ خَلَقَهُمْ لَيَقُولُنَّ ٱللَّهُ فَأَنَّىٰ يُؤْفَكُونَ","translation_en":"And if you asked them who created them, they would surely say, \"Allah.\" So how are they deluded?","translation_id":"Dan sungguh jika kamu bertanya kepada mereka: \"Siapakah yang menciptakan mereka, niscaya mereka menjawab: \"Allah\", maka bagaimanakah mereka dapat dipalingkan (dari menyembah Allah)?,"},{"number":88,"text":"وَقِيلِهِۦ يَٰرَبِّ إِنَّ هَٰٓؤُلَآءِ قَوْمٌ لَّا يُؤْمِنُونَ","translation_en":"And [Allah acknowledges] his saying, \"O my Lord, indeed these are a people who do not believe.\"","translation_id":"dan (Allah mengetabui) ucapan Muhammad: \"Ya Tuhanku, sesungguhnya mereka itu adalah kaum yang tidak beriman\"."},{"number":89,"text":"فَٱصْفَحْ عَنْهُمْ وَقُلْ سَلَٰمٌ فَسَوْفَ يَعْلَمُونَ","translation_en":"So turn aside from them and say, \"Peace.\" But they are going to know.","translation_id":"Maka berpalinglah (hai Muhammad) dari mereka dan katakanlah: \"Salam (selamat tinggal)\". Kelak mereka akan mengetahui (nasib mereka yang buruk)."}]}