{"number":45,"name":"سورة الجاثية","transliteration_en":"Al-Jaathiya","translation_en":"Crouching","total_verses":37,"revelation_type":"Meccan","verses":[{"number":1,"text":"بِسْمِ ٱللَّهِ ٱلرَّحْمَٰنِ ٱلرَّحِيمِ حمٓ","translation_en":"Ha, Meem.","translation_id":"Haa Miim"},{"number":2,"text":"تَنزِيلُ ٱلْكِتَٰبِ مِنَ ٱللَّهِ ٱلْعَزِيزِ ٱلْحَكِيمِ","translation_en":"The revelation of the Book is from Allah, the Exalted in Might, the Wise.","translation_id":"Kitab (ini) diturunkan dari Allah Yang Maha Perkasa lagi Maha Bijaksana."},{"number":3,"text":"إِنَّ فِى ٱلسَّمَٰوَٰتِ وَٱلْأَرْضِ لَءَايَٰتٍ لِّلْمُؤْمِنِينَ","translation_en":"Indeed, within the heavens and earth are signs for the believers.","translation_id":"Sesungguhnya pada langit dan bumi benar-benar terdapat tanda-tanda (kekuasaan Allah) untuk orang-orang yang beriman."},{"number":4,"text":"وَفِى خَلْقِكُمْ وَمَا يَبُثُّ مِن دَآبَّةٍ ءَايَٰتٌ لِّقَوْمٍ يُوقِنُونَ","translation_en":"And in the creation of yourselves and what He disperses of moving creatures are signs for people who are certain [in faith].","translation_id":"Dan pada penciptakan kamu dan pada binatang-binatang yang melata yang bertebaran (di muka bumi) terdapat tanda-tanda (kekuasaan Allah) untuk kaum yang meyakini,"},{"number":5,"text":"وَٱخْتِلَٰفِ ٱلَّيْلِ وَٱلنَّهَارِ وَمَآ أَنزَلَ ٱللَّهُ مِنَ ٱلسَّمَآءِ مِن رِّزْقٍ فَأَحْيَا بِهِ ٱلْأَرْضَ بَعْدَ مَوْتِهَا وَتَصْرِيفِ ٱلرِّيَٰحِ ءَايَٰتٌ لِّقَوْمٍ يَعْقِلُونَ","translation_en":"And [in] the alternation of night and day and [in] what Allah sends down from the sky of provision and gives life thereby to the earth after its lifelessness and [in His] directing of the winds are signs for a people who reason.","translation_id":"dan pada pergantian malam dan siang dan hujan yang diturunkan Allah dari langit lalu dihidupkan-Nya dengan air hujan itu bumi sesudah matinya; dan pada perkisaran angin terdapat tanda-tanda (kekuasaan Allah) bagi kaum yang berakal."},{"number":6,"text":"تِلْكَ ءَايَٰتُ ٱللَّهِ نَتْلُوهَا عَلَيْكَ بِٱلْحَقِّ فَبِأَىِّ حَدِيثٍۭ بَعْدَ ٱللَّهِ وَءَايَٰتِهِۦ يُؤْمِنُونَ","translation_en":"These are the verses of Allah which We recite to you in truth. Then in what statement after Allah and His verses will they believe?","translation_id":"Itulah ayat-ayat Allah yang Kami membacakannya kepadamu dengan sebenarnya; maka dengan perkataan manakah lagi mereka akan beriman sesudah (kalam) Allah dan keterangan-keterangan-Nya."},{"number":7,"text":"وَيْلٌ لِّكُلِّ أَفَّاكٍ أَثِيمٍ","translation_en":"Woe to every sinful liar","translation_id":"Kecelakaan besarlah bagi tiap-tiap orang yang banyak berdusta lagi banyak berdosa,"},{"number":8,"text":"يَسْمَعُ ءَايَٰتِ ٱللَّهِ تُتْلَىٰ عَلَيْهِ ثُمَّ يُصِرُّ مُسْتَكْبِرًا كَأَن لَّمْ يَسْمَعْهَا فَبَشِّرْهُ بِعَذَابٍ أَلِيمٍ","translation_en":"Who hears the verses of Allah recited to him, then persists arrogantly as if he had not heard them. So give him tidings of a painful punishment.","translation_id":"dia mendengar ayat-ayat Allah dibacakan kepadanya kemudian dia tetap menyombongkan diri seakan-akan dia tidak mendengarnya. Maka beri khabar gembiralah dia dengan azab yang pedih."},{"number":9,"text":"وَإِذَا عَلِمَ مِنْ ءَايَٰتِنَا شَيْـًٔا ٱتَّخَذَهَا هُزُوًا أُو۟لَٰٓئِكَ لَهُمْ عَذَابٌ مُّهِينٌ","translation_en":"And when he knows anything of Our verses, he takes them in ridicule. Those will have a humiliating punishment.","translation_id":"Dan apabila dia mengetahui barang sedikit tentang ayat-ayat Kami, maka ayat-ayat itu dijadikan olok-olok. Merekalah yang memperoleh azab yang menghinakan."},{"number":10,"text":"مِّن وَرَآئِهِمْ جَهَنَّمُ وَلَا يُغْنِى عَنْهُم مَّا كَسَبُوا۟ شَيْـًٔا وَلَا مَا ٱتَّخَذُوا۟ مِن دُونِ ٱللَّهِ أَوْلِيَآءَ وَلَهُمْ عَذَابٌ عَظِيمٌ","translation_en":"Before them is Hell, and what they had earned will not avail them at all nor what they had taken besides Allah as allies. And they will have a great punishment.","translation_id":"Di hadapan mereka neraka Jahannam dan tidak akan berguna bagi mereka sedikitpun apa yang telah mereka kerjakan, dan tidak pula berguna apa yang mereka jadikan sebagai sembahan-sembahan (mereka) dari selain Allah. Dan bagi mereka azab yang besar."},{"number":11,"text":"هَٰذَا هُدًى وَٱلَّذِينَ كَفَرُوا۟ بِـَٔايَٰتِ رَبِّهِمْ لَهُمْ عَذَابٌ مِّن رِّجْزٍ أَلِيمٌ","translation_en":"This [Qur'an] is guidance. And those who have disbelieved in the verses of their Lord will have a painful punishment of foul nature.","translation_id":"Ini (Al Quran) adalah petunjuk. Dan orang-orang yang kafir kepada ayat-ayat Tuhannya bagi mereka azab yaitu siksaan yang sangat pedih."},{"number":12,"text":"ٱللَّهُ ٱلَّذِى سَخَّرَ لَكُمُ ٱلْبَحْرَ لِتَجْرِىَ ٱلْفُلْكُ فِيهِ بِأَمْرِهِۦ وَلِتَبْتَغُوا۟ مِن فَضْلِهِۦ وَلَعَلَّكُمْ تَشْكُرُونَ","translation_en":"It is Allah who subjected to you the sea so that ships may sail upon it by His command and that you may seek of His bounty; and perhaps you will be grateful.","translation_id":"Allah-lah yang menundukkan lautan untukmu supaya kapal-kapal dapat berlayar padanya dengan seizin-Nya dan supaya kamu dapat mencari karunia -Nya dan mudah-mudahan kamu bersyukur."},{"number":13,"text":"وَسَخَّرَ لَكُم مَّا فِى ٱلسَّمَٰوَٰتِ وَمَا فِى ٱلْأَرْضِ جَمِيعًا مِّنْهُ إِنَّ فِى ذَٰلِكَ لَءَايَٰتٍ لِّقَوْمٍ يَتَفَكَّرُونَ","translation_en":"And He has subjected to you whatever is in the heavens and whatever is on the earth - all from Him. Indeed in that are signs for a people who give thought.","translation_id":"Dan Dia telah menundukkan untukmu apa yang di langit dan apa yang di bumi semuanya, (sebagai rahmat) daripada-Nya. Sesungguhnya pada yang demikian itu benar-benar terdapat tanda-tanda (kekuasaan Allah) bagi kaum yang berfikir."},{"number":14,"text":"قُل لِّلَّذِينَ ءَامَنُوا۟ يَغْفِرُوا۟ لِلَّذِينَ لَا يَرْجُونَ أَيَّامَ ٱللَّهِ لِيَجْزِىَ قَوْمًۢا بِمَا كَانُوا۟ يَكْسِبُونَ","translation_en":"Say, [O Muhammad], to those who have believed that they [should] forgive those who expect not the days of Allah so that He may recompense a people for what they used to earn.","translation_id":"Katakanlah kepada orang-orang yang beriman hendaklah mereka memaafkan orang-orang yang tiada takut hari-hari Allah karena Dia akan membalas sesuatu kaum terhadap apa yang telah mereka kerjakan."},{"number":15,"text":"مَنْ عَمِلَ صَٰلِحًا فَلِنَفْسِهِۦ وَمَنْ أَسَآءَ فَعَلَيْهَا ثُمَّ إِلَىٰ رَبِّكُمْ تُرْجَعُونَ","translation_en":"Whoever does a good deed - it is for himself; and whoever does evil - it is against the self. Then to your Lord you will be returned.","translation_id":"Barangsiapa yang mengerjakan amal saleh, maka itu adalah untuk dirinya sendiri, dan barangsiapa yang mengerjakan kejahatan, maka itu akan menimpa dirinya sendiri, kemudian kepada Tuhanmulah kamu dikembalikan."},{"number":16,"text":"وَلَقَدْ ءَاتَيْنَا بَنِىٓ إِسْرَٰٓءِيلَ ٱلْكِتَٰبَ وَٱلْحُكْمَ وَٱلنُّبُوَّةَ وَرَزَقْنَٰهُم مِّنَ ٱلطَّيِّبَٰتِ وَفَضَّلْنَٰهُمْ عَلَى ٱلْعَٰلَمِينَ","translation_en":"And We did certainly give the Children of Israel the Scripture and judgement and prophethood, and We provided them with good things and preferred them over the worlds.","translation_id":"Dan sesungguhnya telah Kami berikan kepada Bani Israil Al Kitab (Taurat), kekuasaan dan kenabian dan Kami berikan kepada mereka rezeki-rezeki yang baik dan Kami lebihkan mereka atas bangsa-bangsa (pada masanya)."},{"number":17,"text":"وَءَاتَيْنَٰهُم بَيِّنَٰتٍ مِّنَ ٱلْأَمْرِ فَمَا ٱخْتَلَفُوٓا۟ إِلَّا مِنۢ بَعْدِ مَا جَآءَهُمُ ٱلْعِلْمُ بَغْيًۢا بَيْنَهُمْ إِنَّ رَبَّكَ يَقْضِى بَيْنَهُمْ يَوْمَ ٱلْقِيَٰمَةِ فِيمَا كَانُوا۟ فِيهِ يَخْتَلِفُونَ","translation_en":"And We gave them clear proofs of the matter [of religion]. And they did not differ except after knowledge had come to them - out of jealous animosity between themselves. Indeed, your Lord will judge between them on the Day of Resurrection concerning that over which they used to differ.","translation_id":"Dan Kami berikan kepada mereka keterangan-keterangan yang nyata tentang urusan (agama); maka mereka tidak berselisih melainkan sesudah datang kepada mereka pengetahuan karena kedengkian yang ada di antara mereka. Sesungguhnya Tuhanmu akan memutuskan antara mereka pada hari kiamat terhadap apa yang mereka selalu berselisih padanya."},{"number":18,"text":"ثُمَّ جَعَلْنَٰكَ عَلَىٰ شَرِيعَةٍ مِّنَ ٱلْأَمْرِ فَٱتَّبِعْهَا وَلَا تَتَّبِعْ أَهْوَآءَ ٱلَّذِينَ لَا يَعْلَمُونَ","translation_en":"Then We put you, [O Muhammad], on an ordained way concerning the matter [of religion]; so follow it and do not follow the inclinations of those who do not know.","translation_id":"Kemudian Kami jadikan kamu berada di atas suatu syariat (peraturan) dari urusan (agama itu), maka ikutilah syariat itu dan janganlah kamu ikuti hawa nafsu orang-orang yang tidak mengetahui."},{"number":19,"text":"إِنَّهُمْ لَن يُغْنُوا۟ عَنكَ مِنَ ٱللَّهِ شَيْـًٔا وَإِنَّ ٱلظَّٰلِمِينَ بَعْضُهُمْ أَوْلِيَآءُ بَعْضٍ وَٱللَّهُ وَلِىُّ ٱلْمُتَّقِينَ","translation_en":"Indeed, they will never avail you against Allah at all. And indeed, the wrongdoers are allies of one another; but Allah is the protector of the righteous.","translation_id":"Sesungguhnya mereka sekali-kali tidak akan dapat menolak dari kamu sedikitpun dari siksaan Allah. Dan Sesungguhnya orang-orang yang zalim itu sebagian mereka menjadi penolong bagi sebagian yang lain, dan Allah adalah pelindung orang-orang yang bertakwa."},{"number":20,"text":"هَٰذَا بَصَٰٓئِرُ لِلنَّاسِ وَهُدًى وَرَحْمَةٌ لِّقَوْمٍ يُوقِنُونَ","translation_en":"This [Qur'an] is enlightenment for mankind and guidance and mercy for a people who are certain [in faith].","translation_id":"Al Quran ini adalah pedoman bagi manusia, petunjuk dan rahmat bagi kaum yang meyakini."},{"number":21,"text":"أَمْ حَسِبَ ٱلَّذِينَ ٱجْتَرَحُوا۟ ٱلسَّيِّـَٔاتِ أَن نَّجْعَلَهُمْ كَٱلَّذِينَ ءَامَنُوا۟ وَعَمِلُوا۟ ٱلصَّٰلِحَٰتِ سَوَآءً مَّحْيَاهُمْ وَمَمَاتُهُمْ سَآءَ مَا يَحْكُمُونَ","translation_en":"Or do those who commit evils think We will make them like those who have believed and done righteous deeds - [make them] equal in their life and their death? Evil is that which they judge.","translation_id":"Apakah orang-orang yang membuat kejahatan itu menyangka bahwa Kami akan menjadikan mereka seperti orang-orang yang beriman dan mengerjakan amal saleh, yaitu sama antara kehidupan dan kematian mereka? Amat buruklah apa yang mereka sangka itu."},{"number":22,"text":"وَخَلَقَ ٱللَّهُ ٱلسَّمَٰوَٰتِ وَٱلْأَرْضَ بِٱلْحَقِّ وَلِتُجْزَىٰ كُلُّ نَفْسٍۭ بِمَا كَسَبَتْ وَهُمْ لَا يُظْلَمُونَ","translation_en":"And Allah created the heavens and earth in truth and so that every soul may be recompensed for what it has earned, and they will not be wronged.","translation_id":"Dan Allah menciptakan langit dan bumi dengan tujuan yang benar dan agar dibalasi tiap-tiap diri terhadap apa yang dikerjakannya, dan mereka tidak akan dirugikan."},{"number":23,"text":"أَفَرَءَيْتَ مَنِ ٱتَّخَذَ إِلَٰهَهُۥ هَوَىٰهُ وَأَضَلَّهُ ٱللَّهُ عَلَىٰ عِلْمٍ وَخَتَمَ عَلَىٰ سَمْعِهِۦ وَقَلْبِهِۦ وَجَعَلَ عَلَىٰ بَصَرِهِۦ غِشَٰوَةً فَمَن يَهْدِيهِ مِنۢ بَعْدِ ٱللَّهِ أَفَلَا تَذَكَّرُونَ","translation_en":"Have you seen he who has taken as his god his [own] desire, and Allah has sent him astray due to knowledge and has set a seal upon his hearing and his heart and put over his vision a veil? So who will guide him after Allah? Then will you not be reminded?","translation_id":"Maka pernahkah kamu melihat orang yang menjadikan hawa nafsunya sebagai tuhannya dan Allah membiarkannya berdasarkan ilmu-Nya dan Allah telah mengunci mati pendengaran dan hatinya dan meletakkan tutupan atas penglihatannya? Maka siapakah yang akan memberinya petunjuk sesudah Allah (membiarkannya sesat). Maka mengapa kamu tidak mengambil pelajaran?"},{"number":24,"text":"وَقَالُوا۟ مَا هِىَ إِلَّا حَيَاتُنَا ٱلدُّنْيَا نَمُوتُ وَنَحْيَا وَمَا يُهْلِكُنَآ إِلَّا ٱلدَّهْرُ وَمَا لَهُم بِذَٰلِكَ مِنْ عِلْمٍ إِنْ هُمْ إِلَّا يَظُنُّونَ","translation_en":"And they say, \"There is not but our worldly life; we die and live, and nothing destroys us except time.\" And they have of that no knowledge; they are only assuming.","translation_id":"Dan mereka berkata: \"Kehidupan ini tidak lain hanyalah kehidupan di dunia saja, kita mati dan kita hidup dan tidak ada yang akan membinasakan kita selain masa\", dan mereka sekali-kali tidak mempunyai pengetahuan tentang itu, mereka tidak lain hanyalah menduga-duga saja."},{"number":25,"text":"وَإِذَا تُتْلَىٰ عَلَيْهِمْ ءَايَٰتُنَا بَيِّنَٰتٍ مَّا كَانَ حُجَّتَهُمْ إِلَّآ أَن قَالُوا۟ ٱئْتُوا۟ بِـَٔابَآئِنَآ إِن كُنتُمْ صَٰدِقِينَ","translation_en":"And when Our verses are recited to them as clear evidences, their argument is only that they say, \"Bring [back] our forefathers, if you should be truthful.\"","translation_id":"Dan apabila dibacakan kepada mereka ayat-ayat Kami yang jelas, tidak ada bantahan mereka selain dari mengatakan: \"Datangkanlah nenek moyang kami jika kamu adalah orang-orang yang benar\"."},{"number":26,"text":"قُلِ ٱللَّهُ يُحْيِيكُمْ ثُمَّ يُمِيتُكُمْ ثُمَّ يَجْمَعُكُمْ إِلَىٰ يَوْمِ ٱلْقِيَٰمَةِ لَا رَيْبَ فِيهِ وَلَٰكِنَّ أَكْثَرَ ٱلنَّاسِ لَا يَعْلَمُونَ","translation_en":"Say, \"Allah causes you to live, then causes you to die; then He will assemble you for the Day of Resurrection, about which there is no doubt, but most of the people do not know.\"","translation_id":"Katakanlah: \"Allah-lah yang menghidupkan kamu kemudian mematikan kamu, setelah itu mengumpulkan kamu pada hari kiamat yang tidak ada keraguan padanya; akan tetapi kebanyakan manusia tidak mengetahui."},{"number":27,"text":"وَلِلَّهِ مُلْكُ ٱلسَّمَٰوَٰتِ وَٱلْأَرْضِ وَيَوْمَ تَقُومُ ٱلسَّاعَةُ يَوْمَئِذٍ يَخْسَرُ ٱلْمُبْطِلُونَ","translation_en":"And to Allah belongs the dominion of the heavens and the earth. And the Day the Hour appears - that Day the falsifiers will lose.","translation_id":"Dan hanya kepunyaan Allah kerajaan langit dan bumi. Dan pada hari terjadinya kebangkitan, akan rugilah pada hari itu orang-orang yang mengerjakan kebathilan."},{"number":28,"text":"وَتَرَىٰ كُلَّ أُمَّةٍ جَاثِيَةً كُلُّ أُمَّةٍ تُدْعَىٰٓ إِلَىٰ كِتَٰبِهَا ٱلْيَوْمَ تُجْزَوْنَ مَا كُنتُمْ تَعْمَلُونَ","translation_en":"And you will see every nation kneeling [from fear]. Every nation will be called to its record [and told], \"Today you will be recompensed for what you used to do.","translation_id":"Dan (pada hari itu) kamu lihat tiap-tiap umat berlutut. Tiap-tiap umat dipanggil untuk (melihat) buku catatan amalnya. Pada hari itu kamu diberi balasan terhadap apa yang telah kamu kerjakan."},{"number":29,"text":"هَٰذَا كِتَٰبُنَا يَنطِقُ عَلَيْكُم بِٱلْحَقِّ إِنَّا كُنَّا نَسْتَنسِخُ مَا كُنتُمْ تَعْمَلُونَ","translation_en":"This, Our record, speaks about you in truth. Indeed, We were having transcribed whatever you used to do.\"","translation_id":"(Allah berfirman): \"Inilah kitab (catatan) Kami yang menuturkan terhadapmu dengan benar. Sesungguhnya Kami telah menyuruh mencatat apa yang telah kamu kerjakan\"."},{"number":30,"text":"فَأَمَّا ٱلَّذِينَ ءَامَنُوا۟ وَعَمِلُوا۟ ٱلصَّٰلِحَٰتِ فَيُدْخِلُهُمْ رَبُّهُمْ فِى رَحْمَتِهِۦ ذَٰلِكَ هُوَ ٱلْفَوْزُ ٱلْمُبِينُ","translation_en":"So as for those who believed and did righteous deeds, their Lord will admit them into His mercy. That is what is the clear attainment.","translation_id":"Adapun orang-orang yang beriman dan mengerjakan amal saleh maka Tuhan mereka memasukkan mereka ke dalam rahmat-Nya (surga). Itulah keberuntungan yang nyata."},{"number":31,"text":"وَأَمَّا ٱلَّذِينَ كَفَرُوٓا۟ أَفَلَمْ تَكُنْ ءَايَٰتِى تُتْلَىٰ عَلَيْكُمْ فَٱسْتَكْبَرْتُمْ وَكُنتُمْ قَوْمًا مُّجْرِمِينَ","translation_en":"But as for those who disbelieved, [it will be said], \"Were not Our verses recited to you, but you were arrogant and became a people of criminals?","translation_id":"Dan adapun orang-orang yang kafir (kepada mereka dikatakan): \"Maka apakah belum ada ayat-ayat-Ku yang dibacakan kepadamu lalu kamu menyombongkan diri dan kamu jadi kaum yang berbuat dosa?\""},{"number":32,"text":"وَإِذَا قِيلَ إِنَّ وَعْدَ ٱللَّهِ حَقٌّ وَٱلسَّاعَةُ لَا رَيْبَ فِيهَا قُلْتُم مَّا نَدْرِى مَا ٱلسَّاعَةُ إِن نَّظُنُّ إِلَّا ظَنًّا وَمَا نَحْنُ بِمُسْتَيْقِنِينَ","translation_en":"And when it was said, 'Indeed, the promise of Allah is truth and the Hour [is coming] - no doubt about it,' you said, 'We know not what is the Hour. We assume only assumption, and we are not convinced.' \"","translation_id":"Dan apabila dikatakan (kepadamu): \"Sesungguhnya janji Allah itu adalah benar dan hari berbangkit itu tidak ada keraguan padanya\", niscaya kamu menjawab: \"Kami tidak tahu apakah hari kiamat itu, kami sekali-kali tidak lain hanyalah menduga-duga saja dan kami sekali-kali tidak meyakini(nya)\"."},{"number":33,"text":"وَبَدَا لَهُمْ سَيِّـَٔاتُ مَا عَمِلُوا۟ وَحَاقَ بِهِم مَّا كَانُوا۟ بِهِۦ يَسْتَهْزِءُونَ","translation_en":"And the evil consequences of what they did will appear to them, and they will be enveloped by what they used to ridicule.","translation_id":"Dan nyatalah bagi mereka keburukan-keburukan dari apa yang mereka kerjakan dan mereka diliputi oleh (azab) yang mereka selalu memperolok-olokkannya."},{"number":34,"text":"وَقِيلَ ٱلْيَوْمَ نَنسَىٰكُمْ كَمَا نَسِيتُمْ لِقَآءَ يَوْمِكُمْ هَٰذَا وَمَأْوَىٰكُمُ ٱلنَّارُ وَمَا لَكُم مِّن نَّٰصِرِينَ","translation_en":"And it will be said, \"Today We will forget you as you forgot the meeting of this Day of yours, and your refuge is the Fire, and for you there are no helpers.","translation_id":"Dan dikatakan (kepada mereka): \"Pada hari ini Kami melupakan kamu sebagaimana kamu telah melupakan pertemuan (dengan) harimu ini dan tempat kembalimu ialah neraka dan kamu sekali-kali tidak memperoleh penolong\"."},{"number":35,"text":"ذَٰلِكُم بِأَنَّكُمُ ٱتَّخَذْتُمْ ءَايَٰتِ ٱللَّهِ هُزُوًا وَغَرَّتْكُمُ ٱلْحَيَوٰةُ ٱلدُّنْيَا فَٱلْيَوْمَ لَا يُخْرَجُونَ مِنْهَا وَلَا هُمْ يُسْتَعْتَبُونَ","translation_en":"That is because you took the verses of Allah in ridicule, and worldly life deluded you.\" So that Day they will not be removed from it, nor will they be asked to appease [Allah].","translation_id":"Yang demikian itu, karena sesungguhnya kamu menjadikan ayat-ayat Allah sebagai olok-olokan dan kamu telah ditipu oleh kehidupan dunia, maka pada hari ini mereka tidak dikeluarkan dari neraka dan tidak pula mereka diberi kesempatan untuk bertaubat."},{"number":36,"text":"فَلِلَّهِ ٱلْحَمْدُ رَبِّ ٱلسَّمَٰوَٰتِ وَرَبِّ ٱلْأَرْضِ رَبِّ ٱلْعَٰلَمِينَ","translation_en":"Then, to Allah belongs [all] praise - Lord of the heavens and Lord of the earth, Lord of the worlds.","translation_id":"Maka bagi Allah-lah segala puji, Tuhan langit dan Tuhan bumi, Tuhan semesta alam."},{"number":37,"text":"وَلَهُ ٱلْكِبْرِيَآءُ فِى ٱلسَّمَٰوَٰتِ وَٱلْأَرْضِ وَهُوَ ٱلْعَزِيزُ ٱلْحَكِيمُ","translation_en":"And to Him belongs [all] grandeur within the heavens and the earth, and He is the Exalted in Might, the Wise.","translation_id":"Dan bagi-Nya-lah keagungan di langit dan bumi, Dialah Yang Maha Perkasa lagi Maha Bijaksana."}]}