{"number":46,"name":"سورة الأحقاف","transliteration_en":"Al-Ahqaf","translation_en":"The Dunes","total_verses":35,"revelation_type":"Meccan","verses":[{"number":1,"text":"بِسْمِ ٱللَّهِ ٱلرَّحْمَٰنِ ٱلرَّحِيمِ حمٓ","translation_en":"Ha, Meem.","translation_id":"Haa Miim."},{"number":2,"text":"تَنزِيلُ ٱلْكِتَٰبِ مِنَ ٱللَّهِ ٱلْعَزِيزِ ٱلْحَكِيمِ","translation_en":"The revelation of the Book is from Allah, the Exalted in Might, the Wise.","translation_id":"Diturunkan Kitab ini dari Allah Yang Maha Perkasa lagi Maha Bijaksana."},{"number":3,"text":"مَا خَلَقْنَا ٱلسَّمَٰوَٰتِ وَٱلْأَرْضَ وَمَا بَيْنَهُمَآ إِلَّا بِٱلْحَقِّ وَأَجَلٍ مُّسَمًّى وَٱلَّذِينَ كَفَرُوا۟ عَمَّآ أُنذِرُوا۟ مُعْرِضُونَ","translation_en":"We did not create the heavens and earth and what is between them except in truth and [for] a specified term. But those who disbelieve, from that of which they are warned, are turning away.","translation_id":"Kami tiada menciptakan langit dan bumi dan apa yang ada antara keduanya melainkan dengan (tujuan) yang benar dan dalam waktu yang ditentukan. Dan orang-orang yang kafir berpaling dari apa yang diperingatkan kepada mereka."},{"number":4,"text":"قُلْ أَرَءَيْتُم مَّا تَدْعُونَ مِن دُونِ ٱللَّهِ أَرُونِى مَاذَا خَلَقُوا۟ مِنَ ٱلْأَرْضِ أَمْ لَهُمْ شِرْكٌ فِى ٱلسَّمَٰوَٰتِ ٱئْتُونِى بِكِتَٰبٍ مِّن قَبْلِ هَٰذَآ أَوْ أَثَٰرَةٍ مِّنْ عِلْمٍ إِن كُنتُمْ صَٰدِقِينَ","translation_en":"Say, [O Muhammad], \"Have you considered that which you invoke besides Allah? Show me what they have created of the earth; or did they have partnership in [creation of] the heavens? Bring me a scripture [revealed] before this or a [remaining] trace of knowledge, if you should be truthful.\"","translation_id":"Katakanlah: \"Terangkanlah kepadaku tentang apa yang kamu sembah selain Allah; perlihatkan kepada-Ku apakah yang telah mereka ciptakan dari bumi ini atau adakah mereka berserikat (dengan Allah) dalam (penciptaan) langit? Bawalah kepada-Ku Kitab yang sebelum (Al Quran) ini atau peninggalan dari pengetahuan (orang-orang dahulu), jika kamu adalah orang-orang yang benar\""},{"number":5,"text":"وَمَنْ أَضَلُّ مِمَّن يَدْعُوا۟ مِن دُونِ ٱللَّهِ مَن لَّا يَسْتَجِيبُ لَهُۥٓ إِلَىٰ يَوْمِ ٱلْقِيَٰمَةِ وَهُمْ عَن دُعَآئِهِمْ غَٰفِلُونَ","translation_en":"And who is more astray than he who invokes besides Allah those who will not respond to him until the Day of Resurrection, and they, of their invocation, are unaware.","translation_id":"Dan siapakah yang lebih sesat daripada orang yang menyembah sembahan-sembahan selain Allah yang tiada dapat memperkenankan (doa)nya sampai hari kiamat dan mereka lalai dari (memperhatikan) doa mereka?"},{"number":6,"text":"وَإِذَا حُشِرَ ٱلنَّاسُ كَانُوا۟ لَهُمْ أَعْدَآءً وَكَانُوا۟ بِعِبَادَتِهِمْ كَٰفِرِينَ","translation_en":"And when the people are gathered [that Day], they [who were invoked] will be enemies to them, and they will be deniers of their worship.","translation_id":"Dan apabila manusia dikumpulkan (pada hari kiamat) niscaya sembahan-sembahan itu menjadi musuh mereka dan mengingkari pemujaan-pemujaan mereka."},{"number":7,"text":"وَإِذَا تُتْلَىٰ عَلَيْهِمْ ءَايَٰتُنَا بَيِّنَٰتٍ قَالَ ٱلَّذِينَ كَفَرُوا۟ لِلْحَقِّ لَمَّا جَآءَهُمْ هَٰذَا سِحْرٌ مُّبِينٌ","translation_en":"And when Our verses are recited to them as clear evidences, those who disbelieve say of the truth when it has come to them, \"This is obvious magic.\"","translation_id":"Dan apabila dibacakan kepada mereka ayat-ayat Kami yang menjelaskan, berkatalah orang-orang yang mengingkari kebenaran ketika kebenaran itu datang kepada mereka: \"Ini adalah sihir yang nyata\"."},{"number":8,"text":"أَمْ يَقُولُونَ ٱفْتَرَىٰهُ قُلْ إِنِ ٱفْتَرَيْتُهُۥ فَلَا تَمْلِكُونَ لِى مِنَ ٱللَّهِ شَيْـًٔا هُوَ أَعْلَمُ بِمَا تُفِيضُونَ فِيهِ كَفَىٰ بِهِۦ شَهِيدًۢا بَيْنِى وَبَيْنَكُمْ وَهُوَ ٱلْغَفُورُ ٱلرَّحِيمُ","translation_en":"Or do they say, \"He has invented it?\" Say, \"If I have invented it, you will not possess for me [the power of protection] from Allah at all. He is most knowing of that in which you are involved. Sufficient is He as Witness between me and you, and He is the Forgiving the Merciful.\"","translation_id":"Bahkan mereka mengatakan: \"Dia (Muhammad) telah mengada-adakannya (Al Quran)\". Katakanlah: \"Jika aku mengada-adakannya, maka kamu tiada mempunyai kuasa sedikitpun mempertahankan aku dari (azab) Allah itu. Dia lebih mengetahui apa-apa yang kamu percakapkan tentang Al Quran itu. Cukuplah Dia menjadi saksi antaraku dan antaramu dan Dialah Yang Maha Pengampun lagi Maha Penyayang\"."},{"number":9,"text":"قُلْ مَا كُنتُ بِدْعًا مِّنَ ٱلرُّسُلِ وَمَآ أَدْرِى مَا يُفْعَلُ بِى وَلَا بِكُمْ إِنْ أَتَّبِعُ إِلَّا مَا يُوحَىٰٓ إِلَىَّ وَمَآ أَنَا۠ إِلَّا نَذِيرٌ مُّبِينٌ","translation_en":"Say, \"I am not something original among the messengers, nor do I know what will be done with me or with you. I only follow that which is revealed to me, and I am not but a clear warner.\"","translation_id":"Katakanlah: \"Aku bukanlah rasul yang pertama di antara rasul-rasul dan aku tidak mengetahui apa yang akan diperbuat terhadapku dan tidak (pula) terhadapmu. Aku tidak lain hanyalah mengikuti apa yang diwahyukan kepadaku dan aku tidak lain hanyalah seorang pemberi peringatan yang menjelaskan\"."},{"number":10,"text":"قُلْ أَرَءَيْتُمْ إِن كَانَ مِنْ عِندِ ٱللَّهِ وَكَفَرْتُم بِهِۦ وَشَهِدَ شَاهِدٌ مِّنۢ بَنِىٓ إِسْرَٰٓءِيلَ عَلَىٰ مِثْلِهِۦ فَـَٔامَنَ وَٱسْتَكْبَرْتُمْ إِنَّ ٱللَّهَ لَا يَهْدِى ٱلْقَوْمَ ٱلظَّٰلِمِينَ","translation_en":"Say, \"Have you considered: if the Qur'an was from Allah, and you disbelieved in it while a witness from the Children of Israel has testified to something similar and believed while you were arrogant...?\" Indeed, Allah does not guide the wrongdoing people.","translation_id":"Katakanlah: \"Terangkanlah kepadaku, bagaimanakah pendapatmu jika Al Quran itu datang dari sisi Allah, padahal kamu mengingkarinya dan seorang saksi dari Bani Israil mengakui (kebenaran) yang serupa dengan (yang tersebut dalam) Al Quran lalu dia beriman, sedang kamu menyombongkan diri. Sesungguhnya Allah tiada memberi petunjuk kepada orang-orang yang zalim\"."},{"number":11,"text":"وَقَالَ ٱلَّذِينَ كَفَرُوا۟ لِلَّذِينَ ءَامَنُوا۟ لَوْ كَانَ خَيْرًا مَّا سَبَقُونَآ إِلَيْهِ وَإِذْ لَمْ يَهْتَدُوا۟ بِهِۦ فَسَيَقُولُونَ هَٰذَآ إِفْكٌ قَدِيمٌ","translation_en":"And those who disbelieve say of those who believe, \"If it had [truly] been good, they would not have preceded us to it.\" And when they are not guided by it, they will say, \"This is an ancient falsehood.\"","translation_id":"Dan orang-orang kafir berkata kepada orang-orang yang beriman: \"Kalau sekiranya di (Al Quran) adalah suatu yang baik, tentulah mereka tiada mendahului kami (beriman) kepadanya. Dan karena mereka tidak mendapat petunjuk dengannya maka mereka akan berkata: \"Ini adalah dusta yang lama\"."},{"number":12,"text":"وَمِن قَبْلِهِۦ كِتَٰبُ مُوسَىٰٓ إِمَامًا وَرَحْمَةً وَهَٰذَا كِتَٰبٌ مُّصَدِّقٌ لِّسَانًا عَرَبِيًّا لِّيُنذِرَ ٱلَّذِينَ ظَلَمُوا۟ وَبُشْرَىٰ لِلْمُحْسِنِينَ","translation_en":"And before it was the scripture of Moses to lead and as a mercy. And this is a confirming Book in an Arabic tongue to warn those who have wronged and as good tidings to the doers of good.","translation_id":"Dan sebelum Al Quran itu telah ada kitab Musa sebagai petunjuk dan rahmat. Dan ini (Al Quran) adalah kitab yang membenarkannya dalam bahasa Arab untuk memberi peringatan kepada orang-orang yang zalim dan memberi kabar gembira kepada orang-orang yang berbuat baik."},{"number":13,"text":"إِنَّ ٱلَّذِينَ قَالُوا۟ رَبُّنَا ٱللَّهُ ثُمَّ ٱسْتَقَٰمُوا۟ فَلَا خَوْفٌ عَلَيْهِمْ وَلَا هُمْ يَحْزَنُونَ","translation_en":"Indeed, those who have said, \"Our Lord is Allah,\" and then remained on a right course - there will be no fear concerning them, nor will they grieve.","translation_id":"Sesungguhnya orang-orang yang mengatakan: \"Tuhan kami ialah Allah\", kemudian mereka tetap istiqamah maka tidak ada kekhawatiran terhadap mereka dan mereka tiada (pula) berduka cita."},{"number":14,"text":"أُو۟لَٰٓئِكَ أَصْحَٰبُ ٱلْجَنَّةِ خَٰلِدِينَ فِيهَا جَزَآءًۢ بِمَا كَانُوا۟ يَعْمَلُونَ","translation_en":"Those are the companions of Paradise, abiding eternally therein as reward for what they used to do.","translation_id":"Mereka itulah penghuni-penghuni surga, mereka kekal di dalamnya; sebagai balasan atas apa yang telah mereka kerjakan."},{"number":15,"text":"وَوَصَّيْنَا ٱلْإِنسَٰنَ بِوَٰلِدَيْهِ إِحْسَٰنًا حَمَلَتْهُ أُمُّهُۥ كُرْهًا وَوَضَعَتْهُ كُرْهًا وَحَمْلُهُۥ وَفِصَٰلُهُۥ ثَلَٰثُونَ شَهْرًا حَتَّىٰٓ إِذَا بَلَغَ أَشُدَّهُۥ وَبَلَغَ أَرْبَعِينَ سَنَةً قَالَ رَبِّ أَوْزِعْنِىٓ أَنْ أَشْكُرَ نِعْمَتَكَ ٱلَّتِىٓ أَنْعَمْتَ عَلَىَّ وَعَلَىٰ وَٰلِدَىَّ وَأَنْ أَعْمَلَ صَٰلِحًا تَرْضَىٰهُ وَأَصْلِحْ لِى فِى ذُرِّيَّتِىٓ إِنِّى تُبْتُ إِلَيْكَ وَإِنِّى مِنَ ٱلْمُسْلِمِينَ","translation_en":"And We have enjoined upon man, to his parents, good treatment. His mother carried him with hardship and gave birth to him with hardship, and his gestation and weaning [period] is thirty months. [He grows] until, when he reaches maturity and reaches [the age of] forty years, he says, \"My Lord, enable me to be grateful for Your favor which You have bestowed upon me and upon my parents and to work righteousness of which You will approve and make righteous for me my offspring. Indeed, I have repented to You, and indeed, I am of the Muslims.\"","translation_id":"Kami perintahkan kepada manusia supaya berbuat baik kepada dua orang ibu bapaknya, ibunya mengandungnya dengan susah payah, dan melahirkannya dengan susah payah (pula). Mengandungnya sampai menyapihnya adalah tiga puluh bulan, sehingga apabila dia telah dewasa dan umurnya sampai empat puluh tahun ia berdoa: \"Ya Tuhanku, tunjukilah aku untuk mensyukuri nikmat Engkau yang telah Engkau berikan kepadaku dan kepada ibu bapakku dan supaya aku dapat berbuat amal yang saleh yang Engkau ridhai; berilah kebaikan kepadaku dengan (memberi kebaikan) kepada anak cucuku. Sesungguhnya aku bertaubat kepada Engkau dan sesungguhnya aku termasuk orang-orang yang berserah diri\"."},{"number":16,"text":"أُو۟لَٰٓئِكَ ٱلَّذِينَ نَتَقَبَّلُ عَنْهُمْ أَحْسَنَ مَا عَمِلُوا۟ وَنَتَجَاوَزُ عَن سَيِّـَٔاتِهِمْ فِىٓ أَصْحَٰبِ ٱلْجَنَّةِ وَعْدَ ٱلصِّدْقِ ٱلَّذِى كَانُوا۟ يُوعَدُونَ","translation_en":"Those are the ones from whom We will accept the best of what they did and overlook their misdeeds, [their being] among the companions of Paradise. [That is] the promise of truth which they had been promised.","translation_id":"Mereka itulah orang-orang yang Kami terima dari mereka amal yang baik yang telah mereka kerjakan dan Kami ampuni kesalahan-kesalahan mereka, bersama penghuni-penghuni surga, sebagai janji yang benar yang telah dijanjikan kepada mereka."},{"number":17,"text":"وَٱلَّذِى قَالَ لِوَٰلِدَيْهِ أُفٍّ لَّكُمَآ أَتَعِدَانِنِىٓ أَنْ أُخْرَجَ وَقَدْ خَلَتِ ٱلْقُرُونُ مِن قَبْلِى وَهُمَا يَسْتَغِيثَانِ ٱللَّهَ وَيْلَكَ ءَامِنْ إِنَّ وَعْدَ ٱللَّهِ حَقٌّ فَيَقُولُ مَا هَٰذَآ إِلَّآ أَسَٰطِيرُ ٱلْأَوَّلِينَ","translation_en":"But one who says to his parents, \"Uff to you; do you promise me that I will be brought forth [from the earth] when generations before me have already passed on [into oblivion]?\" while they call to Allah for help [and to their son], \"Woe to you! Believe! Indeed, the promise of Allah is truth.\" But he says, \"This is not but legends of the former people\" -","translation_id":"Dan orang yang berkata kepada dua orang ibu bapaknya: \"Cis bagi kamu keduanya, apakah kamu keduanya memperingatkan kepadaku bahwa aku akan dibangkitkan, padahal sungguh telah berlalu beberapa umat sebelumku? lalu kedua ibu bapaknya itu memohon pertolongan kepada Allah seraya mengatakan: \"Celaka kamu, berimanlah! Sesungguhnya janji Allah adalah benar\". Lalu dia berkata: \"Ini tidak lain hanyalah dongengan orang-orang dahulu belaka\"."},{"number":18,"text":"أُو۟لَٰٓئِكَ ٱلَّذِينَ حَقَّ عَلَيْهِمُ ٱلْقَوْلُ فِىٓ أُمَمٍ قَدْ خَلَتْ مِن قَبْلِهِم مِّنَ ٱلْجِنِّ وَٱلْإِنسِ إِنَّهُمْ كَانُوا۟ خَٰسِرِينَ","translation_en":"Those are the ones upon whom the word has come into effect, [who will be] among nations which had passed on before them of jinn and men. Indeed, they [all] were losers.","translation_id":"Mereka itulah orang-orang yang telah pasti ketetapan (azab) atas mereka bersama umat-umat yang telah berlalu sebelum mereka dari jin dan manusia. Sesungguhnya mereka adalah orang-orang yang merugi."},{"number":19,"text":"وَلِكُلٍّ دَرَجَٰتٌ مِّمَّا عَمِلُوا۟ وَلِيُوَفِّيَهُمْ أَعْمَٰلَهُمْ وَهُمْ لَا يُظْلَمُونَ","translation_en":"And for all there are degrees [of reward and punishment] for what they have done, and [it is] so that He may fully compensate them for their deeds, and they will not be wronged.","translation_id":"Dan bagi masing-masing mereka derajat menurut apa yang telah mereka kerjakan dan agar Allah mencukupkan bagi mereka (balasan) pekerjaan-pekerjaan mereka sedang mereka tiada dirugikan."},{"number":20,"text":"وَيَوْمَ يُعْرَضُ ٱلَّذِينَ كَفَرُوا۟ عَلَى ٱلنَّارِ أَذْهَبْتُمْ طَيِّبَٰتِكُمْ فِى حَيَاتِكُمُ ٱلدُّنْيَا وَٱسْتَمْتَعْتُم بِهَا فَٱلْيَوْمَ تُجْزَوْنَ عَذَابَ ٱلْهُونِ بِمَا كُنتُمْ تَسْتَكْبِرُونَ فِى ٱلْأَرْضِ بِغَيْرِ ٱلْحَقِّ وَبِمَا كُنتُمْ تَفْسُقُونَ","translation_en":"And the Day those who disbelieved are exposed to the Fire [it will be said], \"You exhausted your pleasures during your worldly life and enjoyed them, so this Day you will be awarded the punishment of [extreme] humiliation because you were arrogant upon the earth without right and because you were defiantly disobedient.\"","translation_id":"Dan (ingatlah) hari (ketika) orang-orang kafir dihadapkan ke neraka (kepada mereka dikatakan): \"Kamu telah menghabiskan rezekimu yang baik dalam kehidupan duniawimu (saja) dan kamu telah bersenang-senang dengannya; maka pada hari ini kamu dibalasi dengan azab yang menghinakan karena kamu telah menyombongkan diri di muka bumi tanpa hak dan karena kamu telah fasik\"."},{"number":21,"text":"وَٱذْكُرْ أَخَا عَادٍ إِذْ أَنذَرَ قَوْمَهُۥ بِٱلْأَحْقَافِ وَقَدْ خَلَتِ ٱلنُّذُرُ مِنۢ بَيْنِ يَدَيْهِ وَمِنْ خَلْفِهِۦٓ أَلَّا تَعْبُدُوٓا۟ إِلَّا ٱللَّهَ إِنِّىٓ أَخَافُ عَلَيْكُمْ عَذَابَ يَوْمٍ عَظِيمٍ","translation_en":"And mention, [O Muhammad], the brother of 'Aad, when he warned his people in the [region of] al-Ahqaf - and warners had already passed on before him and after him - [saying], \"Do not worship except Allah. Indeed, I fear for you the punishment of a terrible day.\"","translation_id":"Dan ingatlah (Hud) saudara kaum 'Aad yaitu ketika dia memberi peringatan kepada kaumnya di Al Ahqaaf dan sesungguhnya telah terdahulu beberapa orang pemberi peringatan sebelumnya dan sesudahnya (dengan mengatakan): \"Janganlah kamu menyembah selain Allah, sesungguhnya aku khawatir kamu akan ditimpa azab hari yang besar\"."},{"number":22,"text":"قَالُوٓا۟ أَجِئْتَنَا لِتَأْفِكَنَا عَنْ ءَالِهَتِنَا فَأْتِنَا بِمَا تَعِدُنَآ إِن كُنتَ مِنَ ٱلصَّٰدِقِينَ","translation_en":"They said, \"Have you come to delude us away from our gods? Then bring us what you promise us, if you should be of the truthful.\"","translation_id":"Mereka menjawab: \"Apakah kamu datang kepada kami untuk memalingkan kami dari (menyembah) tuhan-tuhan kami? Maka datangkanlah kepada kami azab yang telah kamu ancamkan kepada kami jika kamu termasuk orang-orang yang benar\"."},{"number":23,"text":"قَالَ إِنَّمَا ٱلْعِلْمُ عِندَ ٱللَّهِ وَأُبَلِّغُكُم مَّآ أُرْسِلْتُ بِهِۦ وَلَٰكِنِّىٓ أَرَىٰكُمْ قَوْمًا تَجْهَلُونَ","translation_en":"He said, \"Knowledge [of its time] is only with Allah, and I convey to you that with which I was sent; but I see you [to be] a people behaving ignorantly.\"","translation_id":"Ia berkata: \"Sesungguhnya pengetahuan (tentang itu) hanya pada sisi Allah dan aku (hanya) menyampaikan kepadamu apa yang aku diutus dengan membawanya tetapi aku lihat kamu adalah kaum yang bodoh\"."},{"number":24,"text":"فَلَمَّا رَأَوْهُ عَارِضًا مُّسْتَقْبِلَ أَوْدِيَتِهِمْ قَالُوا۟ هَٰذَا عَارِضٌ مُّمْطِرُنَا بَلْ هُوَ مَا ٱسْتَعْجَلْتُم بِهِۦ رِيحٌ فِيهَا عَذَابٌ أَلِيمٌ","translation_en":"And when they saw it as a cloud approaching their valleys, they said, \"This is a cloud bringing us rain!\" Rather, it is that for which you were impatient: a wind, within it a painful punishment,","translation_id":"Maka tatkala mereka melihat azab itu berupa awan yang menuju ke lembah-lembah mereka, berkatalah mereka: \"Inilah awan yang akan menurunkan hujan kepada kami\". (Bukan!) bahkan itulah azab yang kamu minta supaya datang dengan segera (yaitu) angin yang mengandung azab yang pedih,"},{"number":25,"text":"تُدَمِّرُ كُلَّ شَىْءٍۭ بِأَمْرِ رَبِّهَا فَأَصْبَحُوا۟ لَا يُرَىٰٓ إِلَّا مَسَٰكِنُهُمْ كَذَٰلِكَ نَجْزِى ٱلْقَوْمَ ٱلْمُجْرِمِينَ","translation_en":"Destroying everything by command of its Lord. And they became so that nothing was seen [of them] except their dwellings. Thus do We recompense the criminal people.","translation_id":"yang menghancurkan segala sesuatu dengan perintah Tuhannya, maka jadilah mereka tidak ada yang kelihatan lagi kecuali (bekas-bekas) tempat tinggal mereka. Demikianlah Kami memberi balasan kepada kaum yang berdosa."},{"number":26,"text":"وَلَقَدْ مَكَّنَّٰهُمْ فِيمَآ إِن مَّكَّنَّٰكُمْ فِيهِ وَجَعَلْنَا لَهُمْ سَمْعًا وَأَبْصَٰرًا وَأَفْـِٔدَةً فَمَآ أَغْنَىٰ عَنْهُمْ سَمْعُهُمْ وَلَآ أَبْصَٰرُهُمْ وَلَآ أَفْـِٔدَتُهُم مِّن شَىْءٍ إِذْ كَانُوا۟ يَجْحَدُونَ بِـَٔايَٰتِ ٱللَّهِ وَحَاقَ بِهِم مَّا كَانُوا۟ بِهِۦ يَسْتَهْزِءُونَ","translation_en":"And We had certainly established them in such as We have not established you, and We made for them hearing and vision and hearts. But their hearing and vision and hearts availed them not from anything [of the punishment] when they were [continually] rejecting the signs of Allah; and they were enveloped by what they used to ridicule.","translation_id":"Dan sesungguhnya Kami telah meneguhkan kedudukan mereka dalam hal-hal yang Kami belum pernah meneguhkan kedudukanmu dalam hal itu dan Kami telah memberikan kepada mereka pendengaran, penglihatan dan hati; tetapi pendengaran, penglihatan dan hati mereka itu tidak berguna sedikit juapun bagi mereka, karena mereka selalu mengingkari ayat-ayat Allah dan mereka telah diliputi oleh siksa yang dahulu selalu mereka memperolok-olokkannya."},{"number":27,"text":"وَلَقَدْ أَهْلَكْنَا مَا حَوْلَكُم مِّنَ ٱلْقُرَىٰ وَصَرَّفْنَا ٱلْءَايَٰتِ لَعَلَّهُمْ يَرْجِعُونَ","translation_en":"And We have already destroyed what surrounds you of [those] cities, and We have diversified the signs [or verses] that perhaps they might return [from disbelief].","translation_id":"Dan sesungguhnya Kami telah membinasakan negeri-negeri di sekitarmu dan Kami telah mendatangkan tanda-tanda kebesaran Kami berulang-ulang supaya mereka kembali (bertaubat)."},{"number":28,"text":"فَلَوْلَا نَصَرَهُمُ ٱلَّذِينَ ٱتَّخَذُوا۟ مِن دُونِ ٱللَّهِ قُرْبَانًا ءَالِهَةًۢ بَلْ ضَلُّوا۟ عَنْهُمْ وَذَٰلِكَ إِفْكُهُمْ وَمَا كَانُوا۟ يَفْتَرُونَ","translation_en":"Then why did those they took besides Allah as deities by which to approach [Him] not aid them? But they had strayed from them. And that was their falsehood and what they were inventing.","translation_id":"Maka mengapa yang mereka sembah selain Allah sebagai Tuhan untuk mendekatkan diri (kepada Allah) tidak dapat menolong mereka. Bahkan tuhan-tuhan itu telah lenyap dari mereka? Itulah akibat kebohongan mereka dan apa yang dahulu mereka ada-adakan."},{"number":29,"text":"وَإِذْ صَرَفْنَآ إِلَيْكَ نَفَرًا مِّنَ ٱلْجِنِّ يَسْتَمِعُونَ ٱلْقُرْءَانَ فَلَمَّا حَضَرُوهُ قَالُوٓا۟ أَنصِتُوا۟ فَلَمَّا قُضِىَ وَلَّوْا۟ إِلَىٰ قَوْمِهِم مُّنذِرِينَ","translation_en":"And [mention, O Muhammad], when We directed to you a few of the jinn, listening to the Qur'an. And when they attended it, they said, \"Listen quietly.\" And when it was concluded, they went back to their people as warners.","translation_id":"Dan (ingatlah) ketika Kami hadapkan serombongan jin kepadamu yang mendengarkan Al Quran, maka tatkala mereka menghadiri pembacaan(nya) lalu mereka berkata: \"Diamlah kamu (untuk mendengarkannya)\". Ketika pembacaan telah selesai mereka kembali kepada kaumnya (untuk) memberi peringatan."},{"number":30,"text":"قَالُوا۟ يَٰقَوْمَنَآ إِنَّا سَمِعْنَا كِتَٰبًا أُنزِلَ مِنۢ بَعْدِ مُوسَىٰ مُصَدِّقًا لِّمَا بَيْنَ يَدَيْهِ يَهْدِىٓ إِلَى ٱلْحَقِّ وَإِلَىٰ طَرِيقٍ مُّسْتَقِيمٍ","translation_en":"They said, \"O our people, indeed we have heard a [recited] Book revealed after Moses confirming what was before it which guides to the truth and to a straight path.","translation_id":"Mereka berkata: \"Hai kaum kami, sesungguhnya kami telah mendengarkan kitab (Al Quran) yang telah diturunkan sesudah Musa yang membenarkan kitab-kitab yang sebelumnya lagi memimpin kepada kebenaran dan kepada jalan yang lurus."},{"number":31,"text":"يَٰقَوْمَنَآ أَجِيبُوا۟ دَاعِىَ ٱللَّهِ وَءَامِنُوا۟ بِهِۦ يَغْفِرْ لَكُم مِّن ذُنُوبِكُمْ وَيُجِرْكُم مِّنْ عَذَابٍ أَلِيمٍ","translation_en":"O our people, respond to the Messenger of Allah and believe in him; Allah will forgive for you your sins and protect you from a painful punishment.","translation_id":"Hai kaum kami, terimalah (seruan) orang yang menyeru kepada Allah dan berimanlah kepada-Nya, niscaya Allah akan mengampuni dosa-dosa kamu dan melepaskan kamu dari azab yang pedih."},{"number":32,"text":"وَمَن لَّا يُجِبْ دَاعِىَ ٱللَّهِ فَلَيْسَ بِمُعْجِزٍ فِى ٱلْأَرْضِ وَلَيْسَ لَهُۥ مِن دُونِهِۦٓ أَوْلِيَآءُ أُو۟لَٰٓئِكَ فِى ضَلَٰلٍ مُّبِينٍ","translation_en":"But he who does not respond to the Caller of Allah will not cause failure [to Him] upon earth, and he will not have besides Him any protectors. Those are in manifest error.\"","translation_id":"Dan orang yang tidak menerima (seruan) orang yang menyeru kepada Allah maka dia tidak akan melepaskan diri dari azab Allah di muka bumi dan tidak ada baginya pelindung selain Allah. Mereka itu dalam kesesatan yang nyata\"."},{"number":33,"text":"أَوَلَمْ يَرَوْا۟ أَنَّ ٱللَّهَ ٱلَّذِى خَلَقَ ٱلسَّمَٰوَٰتِ وَٱلْأَرْضَ وَلَمْ يَعْىَ بِخَلْقِهِنَّ بِقَٰدِرٍ عَلَىٰٓ أَن يُحْۦِىَ ٱلْمَوْتَىٰ بَلَىٰٓ إِنَّهُۥ عَلَىٰ كُلِّ شَىْءٍ قَدِيرٌ","translation_en":"Do they not see that Allah, who created the heavens and earth and did not fail in their creation, is able to give life to the dead? Yes. Indeed, He is over all things competent.","translation_id":"Dan apakah mereka tidak memperhatikan bahwa sesungguhnya Allah yang menciptakan langit dan bumi dan Dia tidak merasa payah karena menciptakannya, kuasa menghidupkan orang-orang mati? Ya (bahkan) sesungguhnya Dia Maha Kuasa atas segala sesuatu."},{"number":34,"text":"وَيَوْمَ يُعْرَضُ ٱلَّذِينَ كَفَرُوا۟ عَلَى ٱلنَّارِ أَلَيْسَ هَٰذَا بِٱلْحَقِّ قَالُوا۟ بَلَىٰ وَرَبِّنَا قَالَ فَذُوقُوا۟ ٱلْعَذَابَ بِمَا كُنتُمْ تَكْفُرُونَ","translation_en":"And the Day those who disbelieved are exposed to the Fire [it will be said], \"Is this not the truth?\" They will say, \"Yes, by our Lord.\" He will say, \"Then taste the punishment because you used to disbelieve.\"","translation_id":"Dan (ingatlah) hari (ketika) orang-orang kafir dihadapkan kepada neraka, (dikatakan kepada mereka): \"Bukankah (azab) ini benar?\" Mereka menjawab: \"Ya benar, demi Tuhan kami\". Allah berfirman \"Maka rasakanlah azab ini disebabkan kamu selalu ingkar\"."},{"number":35,"text":"فَٱصْبِرْ كَمَا صَبَرَ أُو۟لُوا۟ ٱلْعَزْمِ مِنَ ٱلرُّسُلِ وَلَا تَسْتَعْجِل لَّهُمْ كَأَنَّهُمْ يَوْمَ يَرَوْنَ مَا يُوعَدُونَ لَمْ يَلْبَثُوٓا۟ إِلَّا سَاعَةً مِّن نَّهَارٍۭ بَلَٰغٌ فَهَلْ يُهْلَكُ إِلَّا ٱلْقَوْمُ ٱلْفَٰسِقُونَ","translation_en":"So be patient, [O Muhammad], as were those of determination among the messengers and do not be impatient for them. It will be - on the Day they see that which they are promised - as though they had not remained [in the world] except an hour of a day. [This is] notification. And will [any] be destroyed except the defiantly disobedient people?","translation_id":"Maka bersabarlah kamu seperti orang-orang yang mempunyai keteguhan hati dari rasul-rasul telah bersabar dan janganlah kamu meminta disegerakan (azab) bagi mereka. Pada hari mereka melihat azab yang diancamkan kepada mereka (merasa) seolah-olah tidak tinggal (di dunia) melainkan sesaat pada siang hari. (Inilah) suatu pelajaran yang cukup, maka tidak dibinasakan melainkan kaum yang fasik."}]}