{"number":47,"name":"سورة محمد","transliteration_en":"Muhammad","translation_en":"Muhammad","total_verses":38,"revelation_type":"Medinan","verses":[{"number":1,"text":"بِسْمِ ٱللَّهِ ٱلرَّحْمَٰنِ ٱلرَّحِيمِ ٱلَّذِينَ كَفَرُوا۟ وَصَدُّوا۟ عَن سَبِيلِ ٱللَّهِ أَضَلَّ أَعْمَٰلَهُمْ","translation_en":"Those who disbelieve and avert [people] from the way of Allah - He will waste their deeds.","translation_id":"Orang-orang yang kafir dan menghalangi (manusia) dari jalan Allah, Allah menyesatkan perbuatan-perbuatan mereka."},{"number":2,"text":"وَٱلَّذِينَ ءَامَنُوا۟ وَعَمِلُوا۟ ٱلصَّٰلِحَٰتِ وَءَامَنُوا۟ بِمَا نُزِّلَ عَلَىٰ مُحَمَّدٍ وَهُوَ ٱلْحَقُّ مِن رَّبِّهِمْ كَفَّرَ عَنْهُمْ سَيِّـَٔاتِهِمْ وَأَصْلَحَ بَالَهُمْ","translation_en":"And those who believe and do righteous deeds and believe in what has been sent down upon Muhammad - and it is the truth from their Lord - He will remove from them their misdeeds and amend their condition.","translation_id":"Dan orang-orang mukmin dan beramal soleh serta beriman kepada apa yang diturunkan kepada Muhammad dan itulah yang haq dari Tuhan mereka, Allah menghapuskan kesalahan-kesalahan mereka dan memperbaiki keadaan mereka."},{"number":3,"text":"ذَٰلِكَ بِأَنَّ ٱلَّذِينَ كَفَرُوا۟ ٱتَّبَعُوا۟ ٱلْبَٰطِلَ وَأَنَّ ٱلَّذِينَ ءَامَنُوا۟ ٱتَّبَعُوا۟ ٱلْحَقَّ مِن رَّبِّهِمْ كَذَٰلِكَ يَضْرِبُ ٱللَّهُ لِلنَّاسِ أَمْثَٰلَهُمْ","translation_en":"That is because those who disbelieve follow falsehood, and those who believe follow the truth from their Lord. Thus does Allah present to the people their comparisons.","translation_id":"Yang demikian adalah karena sesungguhnya orang-orang kafir mengikuti yang bathil dan sesungguhnya orang-orang mukmin mengikuti yang haq dari Tuhan mereka. Demikianlah Allah membuat untuk manusia perbandingan-perbandingan bagi mereka."},{"number":4,"text":"فَإِذَا لَقِيتُمُ ٱلَّذِينَ كَفَرُوا۟ فَضَرْبَ ٱلرِّقَابِ حَتَّىٰٓ إِذَآ أَثْخَنتُمُوهُمْ فَشُدُّوا۟ ٱلْوَثَاقَ فَإِمَّا مَنًّۢا بَعْدُ وَإِمَّا فِدَآءً حَتَّىٰ تَضَعَ ٱلْحَرْبُ أَوْزَارَهَا ذَٰلِكَ وَلَوْ يَشَآءُ ٱللَّهُ لَٱنتَصَرَ مِنْهُمْ وَلَٰكِن لِّيَبْلُوَا۟ بَعْضَكُم بِبَعْضٍ وَٱلَّذِينَ قُتِلُوا۟ فِى سَبِيلِ ٱللَّهِ فَلَن يُضِلَّ أَعْمَٰلَهُمْ","translation_en":"So when you meet those who disbelieve [in battle], strike [their] necks until, when you have inflicted slaughter upon them, then secure their bonds, and either [confer] favor afterwards or ransom [them] until the war lays down its burdens. That [is the command]. And if Allah had willed, He could have taken vengeance upon them [Himself], but [He ordered armed struggle] to test some of you by means of others. And those who are killed in the cause of Allah - never will He waste their deeds.","translation_id":"Apabila kamu bertemu dengan orang-orang kafir (di medan perang) maka pancunglah batang leher mereka. Sehingga apabila kamu telah mengalahkan mereka maka tawanlah mereka dan sesudah itu kamu boleh membebaskan mereka atau menerima tebusan sampai perang berakhir. Demikianlah apabila Allah menghendaki niscaya Allah akan membinasakan mereka tetapi Allah hendak menguji sebahagian kamu dengan sebahagian yang lain. Dan orang-orang yang syahid pada jalan Allah, Allah tidak akan menyia-nyiakan amal mereka."},{"number":5,"text":"سَيَهْدِيهِمْ وَيُصْلِحُ بَالَهُمْ","translation_en":"He will guide them and amend their condition","translation_id":"Allah akan memberi pimpinan kepada mereka dan memperbaiki keadaan mereka,"},{"number":6,"text":"وَيُدْخِلُهُمُ ٱلْجَنَّةَ عَرَّفَهَا لَهُمْ","translation_en":"And admit them to Paradise, which He has made known to them.","translation_id":"dan memasukkan mereka ke dalam jannah yang telah diperkenankan-Nya kepada mereka."},{"number":7,"text":"يَٰٓأَيُّهَا ٱلَّذِينَ ءَامَنُوٓا۟ إِن تَنصُرُوا۟ ٱللَّهَ يَنصُرْكُمْ وَيُثَبِّتْ أَقْدَامَكُمْ","translation_en":"O you who have believed, if you support Allah, He will support you and plant firmly your feet.","translation_id":"Hai orang-orang mukmin, jika kamu menolong (agama) Allah, niscaya Dia akan menolongmu dan meneguhkan kedudukanmu."},{"number":8,"text":"وَٱلَّذِينَ كَفَرُوا۟ فَتَعْسًا لَّهُمْ وَأَضَلَّ أَعْمَٰلَهُمْ","translation_en":"But those who disbelieve - for them is misery, and He will waste their deeds.","translation_id":"Dan orang-orang yang kafir, maka kecelakaanlah bagi mereka dan Allah menyesatkan amal-amal mereka."},{"number":9,"text":"ذَٰلِكَ بِأَنَّهُمْ كَرِهُوا۟ مَآ أَنزَلَ ٱللَّهُ فَأَحْبَطَ أَعْمَٰلَهُمْ","translation_en":"That is because they disliked what Allah revealed, so He rendered worthless their deeds.","translation_id":"Yang demikian itu adalah karena Sesungguhnya mereka benci kepada apa yang diturunkan Allah (Al Quran) lalu Allah menghapuskan (pahala-pahala) amal-amal mereka."},{"number":10,"text":"أَفَلَمْ يَسِيرُوا۟ فِى ٱلْأَرْضِ فَيَنظُرُوا۟ كَيْفَ كَانَ عَٰقِبَةُ ٱلَّذِينَ مِن قَبْلِهِمْ دَمَّرَ ٱللَّهُ عَلَيْهِمْ وَلِلْكَٰفِرِينَ أَمْثَٰلُهَا","translation_en":"Have they not traveled through the land and seen how was the end of those before them? Allah destroyed [everything] over them, and for the disbelievers is something comparable.","translation_id":"Maka apakah mereka tidak mengadakan perjalanan di muka bumi sehingga mereka dapat memperhatikan bagaimana kesudahan orang-orang sebelum mereka; Allah telah menimpakan kebinasaan atas mereka dan orang-orang kafir akan menerima (akibat-akibat) seperti itu."},{"number":11,"text":"ذَٰلِكَ بِأَنَّ ٱللَّهَ مَوْلَى ٱلَّذِينَ ءَامَنُوا۟ وَأَنَّ ٱلْكَٰفِرِينَ لَا مَوْلَىٰ لَهُمْ","translation_en":"That is because Allah is the protector of those who have believed and because the disbelievers have no protector.","translation_id":"Yang demikian itu karena sesungguhnya Allah adalah pelindung orang-orang yang beriman dan karena sesungguhnya orang-orang kafir itu tidak mempunyai pelindung."},{"number":12,"text":"إِنَّ ٱللَّهَ يُدْخِلُ ٱلَّذِينَ ءَامَنُوا۟ وَعَمِلُوا۟ ٱلصَّٰلِحَٰتِ جَنَّٰتٍ تَجْرِى مِن تَحْتِهَا ٱلْأَنْهَٰرُ وَٱلَّذِينَ كَفَرُوا۟ يَتَمَتَّعُونَ وَيَأْكُلُونَ كَمَا تَأْكُلُ ٱلْأَنْعَٰمُ وَٱلنَّارُ مَثْوًى لَّهُمْ","translation_en":"Indeed, Allah will admit those who have believed and done righteous deeds to gardens beneath which rivers flow, but those who disbelieve enjoy themselves and eat as grazing livestock eat, and the Fire will be a residence for them.","translation_id":"Sesungguhnya Allah memasukkan orang-orang mukmin dan beramal saleh ke dalam jannah yang mengalir di bawahnya sungai-sungai. Dan orang-orang kafir bersenang-senang (di dunia) dan mereka makan seperti makannya binatang. Dan jahannam adalah tempat tinggal mereka."},{"number":13,"text":"وَكَأَيِّن مِّن قَرْيَةٍ هِىَ أَشَدُّ قُوَّةً مِّن قَرْيَتِكَ ٱلَّتِىٓ أَخْرَجَتْكَ أَهْلَكْنَٰهُمْ فَلَا نَاصِرَ لَهُمْ","translation_en":"And how many a city was stronger than your city [Makkah] which drove you out? We destroyed them; and there was no helper for them.","translation_id":"Dan betapa banyaknya negeri yang (penduduknya) lebih kuat dari pada (penduduk) negerimu (Muhammad) yang telah mengusirmu itu. Kami telah membinasakan mereka, maka tidak ada seorang penolongpun bagi mereka."},{"number":14,"text":"أَفَمَن كَانَ عَلَىٰ بَيِّنَةٍ مِّن رَّبِّهِۦ كَمَن زُيِّنَ لَهُۥ سُوٓءُ عَمَلِهِۦ وَٱتَّبَعُوٓا۟ أَهْوَآءَهُم","translation_en":"So is he who is on clear evidence from his Lord like him to whom the evil of his work has been made attractive and they follow their [own] desires?","translation_id":"Maka apakah orang yang berpegang pada keterangan yang datang dari Rabbnya sama dengan orang yang (shaitan) menjadikan dia memandang baik perbuatannya yang buruk itu dan mengikuti hawa nafsunya?"},{"number":15,"text":"مَّثَلُ ٱلْجَنَّةِ ٱلَّتِى وُعِدَ ٱلْمُتَّقُونَ فِيهَآ أَنْهَٰرٌ مِّن مَّآءٍ غَيْرِ ءَاسِنٍ وَأَنْهَٰرٌ مِّن لَّبَنٍ لَّمْ يَتَغَيَّرْ طَعْمُهُۥ وَأَنْهَٰرٌ مِّنْ خَمْرٍ لَّذَّةٍ لِّلشَّٰرِبِينَ وَأَنْهَٰرٌ مِّنْ عَسَلٍ مُّصَفًّى وَلَهُمْ فِيهَا مِن كُلِّ ٱلثَّمَرَٰتِ وَمَغْفِرَةٌ مِّن رَّبِّهِمْ كَمَنْ هُوَ خَٰلِدٌ فِى ٱلنَّارِ وَسُقُوا۟ مَآءً حَمِيمًا فَقَطَّعَ أَمْعَآءَهُمْ","translation_en":"Is the description of Paradise, which the righteous are promised, wherein are rivers of water unaltered, rivers of milk the taste of which never changes, rivers of wine delicious to those who drink, and rivers of purified honey, in which they will have from all [kinds of] fruits and forgiveness from their Lord, like [that of] those who abide eternally in the Fire and are given to drink scalding water that will sever their intestines?","translation_id":"(Apakah) perumpamaan (penghuni) jannah yang dijanjikan kepada orang-orang yang bertakwa yang di dalamnya ada sungai-sungai dari air yang tiada berubah rasa dan baunya, sungai-sungai dari air susu yang tidak berubah rasanya, sungai-sungai dari khamar yang lezat rasanya bagi peminumnya dan sungai-sungai dari madu yang disaring; dan mereka memperoleh di dalamnya segala macam buah-buahan dan ampunan dari Rabb mereka, sama dengan orang yang kekal dalam jahannam dan diberi minuman dengan air yang mendidih sehingga memotong ususnya?"},{"number":16,"text":"وَمِنْهُم مَّن يَسْتَمِعُ إِلَيْكَ حَتَّىٰٓ إِذَا خَرَجُوا۟ مِنْ عِندِكَ قَالُوا۟ لِلَّذِينَ أُوتُوا۟ ٱلْعِلْمَ مَاذَا قَالَ ءَانِفًا أُو۟لَٰٓئِكَ ٱلَّذِينَ طَبَعَ ٱللَّهُ عَلَىٰ قُلُوبِهِمْ وَٱتَّبَعُوٓا۟ أَهْوَآءَهُمْ","translation_en":"And among them, [O Muhammad], are those who listen to you, until when they depart from you, they say to those who were given knowledge, \"What has he said just now?\" Those are the ones of whom Allah has sealed over their hearts and who have followed their [own] desires.","translation_id":"Dan di antara mereka ada orang yang mendengarkan perkataanmu sehingga apabila mereka keluar dari sisimu orang-orang berkata kepada orang yang telah diberi ilmu pengetahuan (sahabat-sahabat Nabi): \"Apakah yang dikatakannya tadi?\" Mereka itulah orang-orang yang dikunci mati hati mereka oleh Allah dan mengikuti hawa nafsu mereka."},{"number":17,"text":"وَٱلَّذِينَ ٱهْتَدَوْا۟ زَادَهُمْ هُدًى وَءَاتَىٰهُمْ تَقْوَىٰهُمْ","translation_en":"And those who are guided - He increases them in guidance and gives them their righteousness.","translation_id":"Dan orang-orang yang mau menerima petunjuk, Allah menambah petunjuk kepada mereka dan memberikan balasan ketakwaannya."},{"number":18,"text":"فَهَلْ يَنظُرُونَ إِلَّا ٱلسَّاعَةَ أَن تَأْتِيَهُم بَغْتَةً فَقَدْ جَآءَ أَشْرَاطُهَا فَأَنَّىٰ لَهُمْ إِذَا جَآءَتْهُمْ ذِكْرَىٰهُمْ","translation_en":"Then do they await except that the Hour should come upon them unexpectedly? But already there have come [some of] its indications. Then what good to them, when it has come, will be their remembrance?","translation_id":"Maka tidaklah yang mereka tunggu-tunggu melainkan hari kiamat (yaitu) kedatangannya kepada mereka dengan tiba-tiba, karena sesungguhnya telah datang tanda-tandanya. Maka apakah faedahnya bagi mereka kesadaran mereka itu apabila Kiamat sudah datang?"},{"number":19,"text":"فَٱعْلَمْ أَنَّهُۥ لَآ إِلَٰهَ إِلَّا ٱللَّهُ وَٱسْتَغْفِرْ لِذَنۢبِكَ وَلِلْمُؤْمِنِينَ وَٱلْمُؤْمِنَٰتِ وَٱللَّهُ يَعْلَمُ مُتَقَلَّبَكُمْ وَمَثْوَىٰكُمْ","translation_en":"So know, [O Muhammad], that there is no deity except Allah and ask forgiveness for your sin and for the believing men and believing women. And Allah knows of your movement and your resting place.","translation_id":"Maka ketahuilah, bahwa sesungguhnya tidak ada Ilah (sesembahan, tuhan) selain Allah dan mohonlah ampunan bagi dosamu dan bagi (dosa) orang-orang mukmin, laki-laki dan perempuan. Dan Allah mengetahui tempat kamu berusaha dan tempat kamu tinggal."},{"number":20,"text":"وَيَقُولُ ٱلَّذِينَ ءَامَنُوا۟ لَوْلَا نُزِّلَتْ سُورَةٌ فَإِذَآ أُنزِلَتْ سُورَةٌ مُّحْكَمَةٌ وَذُكِرَ فِيهَا ٱلْقِتَالُ رَأَيْتَ ٱلَّذِينَ فِى قُلُوبِهِم مَّرَضٌ يَنظُرُونَ إِلَيْكَ نَظَرَ ٱلْمَغْشِىِّ عَلَيْهِ مِنَ ٱلْمَوْتِ فَأَوْلَىٰ لَهُمْ","translation_en":"Those who believe say, \"Why has a surah not been sent down? But when a precise surah is revealed and fighting is mentioned therein, you see those in whose hearts is hypocrisy looking at you with a look of one overcome by death. And more appropriate for them [would have been]","translation_id":"Dan orang-orang yang beriman berkata: \"Mengapa tiada diturunkan suatu surat?\" Maka apabila diturunkan suatu surat yang jelas maksudnya dan disebutkan di dalamnya (perintah) perang, kamu lihat orang-orang yang ada penyakit di dalam hatinya memandang kepadamu seperti pandangan orang yang pingsan karena takut mati, dan kecelakaanlah bagi mereka."},{"number":21,"text":"طَاعَةٌ وَقَوْلٌ مَّعْرُوفٌ فَإِذَا عَزَمَ ٱلْأَمْرُ فَلَوْ صَدَقُوا۟ ٱللَّهَ لَكَانَ خَيْرًا لَّهُمْ","translation_en":"Obedience and good words. And when the matter [of fighting] was determined, if they had been true to Allah, it would have been better for them.","translation_id":"Taat dan mengucapkan perkataan yang baik (adalah lebih baik bagi mereka). Apabila telah tetap perintah perang (mereka tidak menyukainya). Tetapi jikalau mereka benar (imannya) terhadap Allah, niscaya yang demikian itu lebih baik bagi mereka."},{"number":22,"text":"فَهَلْ عَسَيْتُمْ إِن تَوَلَّيْتُمْ أَن تُفْسِدُوا۟ فِى ٱلْأَرْضِ وَتُقَطِّعُوٓا۟ أَرْحَامَكُمْ","translation_en":"So would you perhaps, if you turned away, cause corruption on earth and sever your [ties of] relationship?","translation_id":"Maka apakah kiranya jika kamu berkuasa kamu akan membuat kerusakan di muka bumi dan memutuskan hubungan kekeluargaan?"},{"number":23,"text":"أُو۟لَٰٓئِكَ ٱلَّذِينَ لَعَنَهُمُ ٱللَّهُ فَأَصَمَّهُمْ وَأَعْمَىٰٓ أَبْصَٰرَهُمْ","translation_en":"Those [who do so] are the ones that Allah has cursed, so He deafened them and blinded their vision.","translation_id":"Mereka itulah orang-orang yang dilaknati Allah dan ditulikan-Nya telinga mereka dan dibutakan-Nya penglihatan mereka."},{"number":24,"text":"أَفَلَا يَتَدَبَّرُونَ ٱلْقُرْءَانَ أَمْ عَلَىٰ قُلُوبٍ أَقْفَالُهَآ","translation_en":"Then do they not reflect upon the Qur'an, or are there locks upon [their] hearts?","translation_id":"Maka apakah mereka tidak memperhatikan Al Quran ataukah hati mereka terkunci?"},{"number":25,"text":"إِنَّ ٱلَّذِينَ ٱرْتَدُّوا۟ عَلَىٰٓ أَدْبَٰرِهِم مِّنۢ بَعْدِ مَا تَبَيَّنَ لَهُمُ ٱلْهُدَى ٱلشَّيْطَٰنُ سَوَّلَ لَهُمْ وَأَمْلَىٰ لَهُمْ","translation_en":"Indeed, those who reverted back [to disbelief] after guidance had become clear to them - Satan enticed them and prolonged hope for them.","translation_id":"Sesungguhnya orang-orang yang kembali ke belakang (kepada kekafiran) sesudah petunjuk itu jelas bagi mereka, syaitan telah menjadikan mereka mudah (berbuat dosa) dan memanjangkan angan-angan mereka."},{"number":26,"text":"ذَٰلِكَ بِأَنَّهُمْ قَالُوا۟ لِلَّذِينَ كَرِهُوا۟ مَا نَزَّلَ ٱللَّهُ سَنُطِيعُكُمْ فِى بَعْضِ ٱلْأَمْرِ وَٱللَّهُ يَعْلَمُ إِسْرَارَهُمْ","translation_en":"That is because they said to those who disliked what Allah sent down, \"We will obey you in part of the matter.\" And Allah knows what they conceal.","translation_id":"Yang demikian itu karena sesungguhnya mereka (orang-orang munafik) itu berkata kepada orang-orang yang benci kepada apa yang diturunkan Allah (orang-orang Yahudi): \"Kami akan mematuhi kamu dalam beberapa urusan\", sedang Allah mengetahui rahasia mereka."},{"number":27,"text":"فَكَيْفَ إِذَا تَوَفَّتْهُمُ ٱلْمَلَٰٓئِكَةُ يَضْرِبُونَ وُجُوهَهُمْ وَأَدْبَٰرَهُمْ","translation_en":"Then how [will it be] when the angels take them in death, striking their faces and their backs?","translation_id":"Bagaimanakah (keadaan mereka) apabila malaikat mencabut nyawa mereka seraya memukul-mukul muka mereka dan punggung mereka?"},{"number":28,"text":"ذَٰلِكَ بِأَنَّهُمُ ٱتَّبَعُوا۟ مَآ أَسْخَطَ ٱللَّهَ وَكَرِهُوا۟ رِضْوَٰنَهُۥ فَأَحْبَطَ أَعْمَٰلَهُمْ","translation_en":"That is because they followed what angered Allah and disliked [what earns] His pleasure, so He rendered worthless their deeds.","translation_id":"Yang demikian itu adalah karena sesungguhnya mereka mengikuti apa yang menimbulkan kemurkaan Allah dan karena mereka membenci keridhaan-Nya, sebab itu Allah menghapus (pahala) amal-amal mereka."},{"number":29,"text":"أَمْ حَسِبَ ٱلَّذِينَ فِى قُلُوبِهِم مَّرَضٌ أَن لَّن يُخْرِجَ ٱللَّهُ أَضْغَٰنَهُمْ","translation_en":"Or do those in whose hearts is disease think that Allah would never expose their [feelings of] hatred?","translation_id":"Atau apakah orang-orang yang ada penyakit dalam hatinya mengira bahwa Allah tidak akan menampakkan kedengkian mereka?"},{"number":30,"text":"وَلَوْ نَشَآءُ لَأَرَيْنَٰكَهُمْ فَلَعَرَفْتَهُم بِسِيمَٰهُمْ وَلَتَعْرِفَنَّهُمْ فِى لَحْنِ ٱلْقَوْلِ وَٱللَّهُ يَعْلَمُ أَعْمَٰلَكُمْ","translation_en":"And if We willed, We could show them to you, and you would know them by their mark; but you will surely know them by the tone of [their] speech. And Allah knows your deeds.","translation_id":"Dan kalau Kami kehendaki, niscaya Kami tunjukkan mereka kepadamu sehingga kamu benar-benar dapat mengenal mereka dengan tanda-tandanya. Dan kamu benar-benar akan mengenal mereka dari kiasan-kiasan perkataan mereka dan Allah mengetahui perbuatan-perbuatan kamu."},{"number":31,"text":"وَلَنَبْلُوَنَّكُمْ حَتَّىٰ نَعْلَمَ ٱلْمُجَٰهِدِينَ مِنكُمْ وَٱلصَّٰبِرِينَ وَنَبْلُوَا۟ أَخْبَارَكُمْ","translation_en":"And We will surely test you until We make evident those who strive among you [for the cause of Allah] and the patient, and We will test your affairs.","translation_id":"Dan sesungguhnya Kami benar-benar akan menguji kamu agar Kami mengetahui orang-orang yang berjihad dan bersabar di antara kamu, dan agar Kami menyatakan (baik buruknya) hal ihwalmu."},{"number":32,"text":"إِنَّ ٱلَّذِينَ كَفَرُوا۟ وَصَدُّوا۟ عَن سَبِيلِ ٱللَّهِ وَشَآقُّوا۟ ٱلرَّسُولَ مِنۢ بَعْدِ مَا تَبَيَّنَ لَهُمُ ٱلْهُدَىٰ لَن يَضُرُّوا۟ ٱللَّهَ شَيْـًٔا وَسَيُحْبِطُ أَعْمَٰلَهُمْ","translation_en":"Indeed, those who disbelieved and averted [people] from the path of Allah and opposed the Messenger after guidance had become clear to them - never will they harm Allah at all, and He will render worthless their deeds.","translation_id":"Sesungguhnya orang-orang kafir dan (yang) menghalangi manusia dari jalan Allah serta memusuhi Rasul setelah petunjuk itu jelas bagi mereka, mereka tidak dapat memberi mudharat kepada Allah sedikitpun. Dan Allah akan menghapuskan (pahala) amal-amal mereka."},{"number":33,"text":"يَٰٓأَيُّهَا ٱلَّذِينَ ءَامَنُوٓا۟ أَطِيعُوا۟ ٱللَّهَ وَأَطِيعُوا۟ ٱلرَّسُولَ وَلَا تُبْطِلُوٓا۟ أَعْمَٰلَكُمْ","translation_en":"O you who have believed, obey Allah and obey the Messenger and do not invalidate your deeds.","translation_id":"Hai orang-orang yang beriman, taatilah Allah dan taatilah Rasul dan janganlah kamu merusakkan (pahala) amal-amalmu."},{"number":34,"text":"إِنَّ ٱلَّذِينَ كَفَرُوا۟ وَصَدُّوا۟ عَن سَبِيلِ ٱللَّهِ ثُمَّ مَاتُوا۟ وَهُمْ كُفَّارٌ فَلَن يَغْفِرَ ٱللَّهُ لَهُمْ","translation_en":"Indeed, those who disbelieved and averted [people] from the path of Allah and then died while they were disbelievers - never will Allah forgive them.","translation_id":"Sesungguhnya orang-orang kafir dan (yang) menghalangi manusia dari jalan Allah kemudian mereka mati dalam keadaan kafir, maka sekali-kali Allah tidak akan memberi ampun kepada mereka."},{"number":35,"text":"فَلَا تَهِنُوا۟ وَتَدْعُوٓا۟ إِلَى ٱلسَّلْمِ وَأَنتُمُ ٱلْأَعْلَوْنَ وَٱللَّهُ مَعَكُمْ وَلَن يَتِرَكُمْ أَعْمَٰلَكُمْ","translation_en":"So do not weaken and call for peace while you are superior; and Allah is with you and will never deprive you of [the reward of] your deeds.","translation_id":"Janganlah kamu lemah dan minta damai padahal kamulah yang di atas dan Allah pun bersamamu dan Dia sekali-kali tidak akan mengurangi pahala amal-amalmu."},{"number":36,"text":"إِنَّمَا ٱلْحَيَوٰةُ ٱلدُّنْيَا لَعِبٌ وَلَهْوٌ وَإِن تُؤْمِنُوا۟ وَتَتَّقُوا۟ يُؤْتِكُمْ أُجُورَكُمْ وَلَا يَسْـَٔلْكُمْ أَمْوَٰلَكُمْ","translation_en":"[This] worldly life is only amusement and diversion. And if you believe and fear Allah, He will give you your rewards and not ask you for your properties.","translation_id":"Sesungguhnya kehidupan dunia hanyalah permainan dan senda gurau. Dan jika kamu beriman dan bertakwa, Allah akan memberikan pahala kepadamu dan Dia tidak akan meminta harta-hartamu."},{"number":37,"text":"إِن يَسْـَٔلْكُمُوهَا فَيُحْفِكُمْ تَبْخَلُوا۟ وَيُخْرِجْ أَضْغَٰنَكُمْ","translation_en":"If He should ask you for them and press you, you would withhold, and He would expose your unwillingness.","translation_id":"Jika Dia meminta harta kepadamu lalu mendesak kamu (supaya memberikan semuanya) niscaya kamu akan kikir dan Dia akan menampakkan kedengkianmu."},{"number":38,"text":"هَٰٓأَنتُمْ هَٰٓؤُلَآءِ تُدْعَوْنَ لِتُنفِقُوا۟ فِى سَبِيلِ ٱللَّهِ فَمِنكُم مَّن يَبْخَلُ وَمَن يَبْخَلْ فَإِنَّمَا يَبْخَلُ عَن نَّفْسِهِۦ وَٱللَّهُ ٱلْغَنِىُّ وَأَنتُمُ ٱلْفُقَرَآءُ وَإِن تَتَوَلَّوْا۟ يَسْتَبْدِلْ قَوْمًا غَيْرَكُمْ ثُمَّ لَا يَكُونُوٓا۟ أَمْثَٰلَكُم","translation_en":"Here you are - those invited to spend in the cause of Allah - but among you are those who withhold [out of greed]. And whoever withholds only withholds [benefit] from himself; and Allah is the Free of need, while you are the needy. And if you turn away, He will replace you with another people; then they will not be the likes of you.","translation_id":"Ingatlah, kamu ini orang-orang yang diajak untuk menafkahkan (hartamu) pada jalan Allah. Maka di antara kamu ada yang kikir, dan siapa yang kikir sesungguhnya dia hanyalah kikir terhadap dirinya sendiri. Dan Allah-lah yang Maha Kaya sedangkan kamulah orang-orang yang berkehendak (kepada-Nya); dan jika kamu berpaling niscaya Dia akan mengganti (kamu) dengan kaum yang lain; dan mereka tidak akan seperti kamu ini."}]}