{"number":48,"name":"سورة الفتح","transliteration_en":"Al-Fath","translation_en":"The Victory","total_verses":29,"revelation_type":"Medinan","verses":[{"number":1,"text":"بِسْمِ ٱللَّهِ ٱلرَّحْمَٰنِ ٱلرَّحِيمِ إِنَّا فَتَحْنَا لَكَ فَتْحًا مُّبِينًا","translation_en":"Indeed, We have given you, [O Muhammad], a clear conquest","translation_id":"Sesungguhnya Kami telah memberikan kepadamu kemenangan yang nyata,"},{"number":2,"text":"لِّيَغْفِرَ لَكَ ٱللَّهُ مَا تَقَدَّمَ مِن ذَنۢبِكَ وَمَا تَأَخَّرَ وَيُتِمَّ نِعْمَتَهُۥ عَلَيْكَ وَيَهْدِيَكَ صِرَٰطًا مُّسْتَقِيمًا","translation_en":"That Allah may forgive for you what preceded of your sin and what will follow and complete His favor upon you and guide you to a straight path","translation_id":"supaya Allah memberi ampunan kepadamu terhadap dosamu yang telah lalu dan yang akan datang serta menyempurnakan nikmat-Nya atasmu dan memimpin kamu kepada jalan yang lurus,"},{"number":3,"text":"وَيَنصُرَكَ ٱللَّهُ نَصْرًا عَزِيزًا","translation_en":"And [that] Allah may aid you with a mighty victory.","translation_id":"dan supaya Allah menolongmu dengan pertolongan yang kuat (banyak)."},{"number":4,"text":"هُوَ ٱلَّذِىٓ أَنزَلَ ٱلسَّكِينَةَ فِى قُلُوبِ ٱلْمُؤْمِنِينَ لِيَزْدَادُوٓا۟ إِيمَٰنًا مَّعَ إِيمَٰنِهِمْ وَلِلَّهِ جُنُودُ ٱلسَّمَٰوَٰتِ وَٱلْأَرْضِ وَكَانَ ٱللَّهُ عَلِيمًا حَكِيمًا","translation_en":"It is He who sent down tranquillity into the hearts of the believers that they would increase in faith along with their [present] faith. And to Allah belong the soldiers of the heavens and the earth, and ever is Allah Knowing and Wise.","translation_id":"Dialah yang telah menurunkan ketenangan ke dalam hati orang-orang mukmin supaya keimanan mereka bertambah di samping keimanan mereka (yang telah ada). Dan kepunyaan Allah-lah tentara langit dan bumi dan adalah Allah Maha Mengetahui lagi Maha Bijaksana,"},{"number":5,"text":"لِّيُدْخِلَ ٱلْمُؤْمِنِينَ وَٱلْمُؤْمِنَٰتِ جَنَّٰتٍ تَجْرِى مِن تَحْتِهَا ٱلْأَنْهَٰرُ خَٰلِدِينَ فِيهَا وَيُكَفِّرَ عَنْهُمْ سَيِّـَٔاتِهِمْ وَكَانَ ذَٰلِكَ عِندَ ٱللَّهِ فَوْزًا عَظِيمًا","translation_en":"[And] that He may admit the believing men and the believing women to gardens beneath which rivers flow to abide therein eternally and remove from them their misdeeds - and ever is that, in the sight of Allah, a great attainment -","translation_id":"supaya Dia memasukkan orang-orang mukmin laki-laki dan perempuan ke dalam surga yang mengalir di bawahnya sungai-sungai, mereka kekal di dalamnya dan supaya Dia menutupi kesalahan-kesalahan mereka. Dan yang demikian itu adalah keberuntungan yang besar di sisi Allah,"},{"number":6,"text":"وَيُعَذِّبَ ٱلْمُنَٰفِقِينَ وَٱلْمُنَٰفِقَٰتِ وَٱلْمُشْرِكِينَ وَٱلْمُشْرِكَٰتِ ٱلظَّآنِّينَ بِٱللَّهِ ظَنَّ ٱلسَّوْءِ عَلَيْهِمْ دَآئِرَةُ ٱلسَّوْءِ وَغَضِبَ ٱللَّهُ عَلَيْهِمْ وَلَعَنَهُمْ وَأَعَدَّ لَهُمْ جَهَنَّمَ وَسَآءَتْ مَصِيرًا","translation_en":"And [that] He may punish the hypocrite men and hypocrite women, and the polytheist men and polytheist women - those who assume about Allah an assumption of evil nature. Upon them is a misfortune of evil nature; and Allah has become angry with them and has cursed them and prepared for them Hell, and evil it is as a destination.","translation_id":"dan supaya Dia mengazab orang-orang munafik laki-laki dan perempuan dan orang-orang musyrik laki-laki dan perempuan yang mereka itu berprasangka buruk terhadap Allah. Mereka akan mendapat giliran (kebinasaan) yang amat buruk dan Allah memurkai dan mengutuk mereka serta menyediakan bagi mereka neraka Jahannam. Dan (neraka Jahannam) itulah sejahat-jahat tempat kembali."},{"number":7,"text":"وَلِلَّهِ جُنُودُ ٱلسَّمَٰوَٰتِ وَٱلْأَرْضِ وَكَانَ ٱللَّهُ عَزِيزًا حَكِيمًا","translation_en":"And to Allah belong the soldiers of the heavens and the earth. And ever is Allah Exalted in Might and Wise.","translation_id":"Dan kepunyaan Allah-lah tentara langit dan bumi. Dan adalah Allah Maha Perkasa lagi Maha Bijaksana."},{"number":8,"text":"إِنَّآ أَرْسَلْنَٰكَ شَٰهِدًا وَمُبَشِّرًا وَنَذِيرًا","translation_en":"Indeed, We have sent you as a witness and a bringer of good tidings and a warner","translation_id":"Sesungguhnya Kami mengutus kamu sebagai saksi, pembawa berita gembira dan pemberi peringatan,"},{"number":9,"text":"لِّتُؤْمِنُوا۟ بِٱللَّهِ وَرَسُولِهِۦ وَتُعَزِّرُوهُ وَتُوَقِّرُوهُ وَتُسَبِّحُوهُ بُكْرَةً وَأَصِيلًا","translation_en":"That you [people] may believe in Allah and His Messenger and honor him and respect the Prophet and exalt Allah morning and afternoon.","translation_id":"supaya kamu sekalian beriman kepada Allah dan Rasul-Nya, menguatkan (agama)Nya, membesarkan-Nya. Dan bertasbih kepada-Nya di waktu pagi dan petang."},{"number":10,"text":"إِنَّ ٱلَّذِينَ يُبَايِعُونَكَ إِنَّمَا يُبَايِعُونَ ٱللَّهَ يَدُ ٱللَّهِ فَوْقَ أَيْدِيهِمْ فَمَن نَّكَثَ فَإِنَّمَا يَنكُثُ عَلَىٰ نَفْسِهِۦ وَمَنْ أَوْفَىٰ بِمَا عَٰهَدَ عَلَيْهُ ٱللَّهَ فَسَيُؤْتِيهِ أَجْرًا عَظِيمًا","translation_en":"Indeed, those who pledge allegiance to you, [O Muhammad] - they are actually pledging allegiance to Allah. The hand of Allah is over their hands. So he who breaks his word only breaks it to the detriment of himself. And he who fulfills that which he has promised Allah - He will give him a great reward.","translation_id":"Bahwasanya orang-orang yang berjanji setia kepada kamu sesungguhnya mereka berjanji setia kepada Allah. Tangan Allah di atas tangan mereka, maka barangsiapa yang melanggar janjinya niscaya akibat ia melanggar janji itu akan menimpa dirinya sendiri dan barangsiapa menepati janjinya kepada Allah maka Allah akan memberinya pahala yang besar."},{"number":11,"text":"سَيَقُولُ لَكَ ٱلْمُخَلَّفُونَ مِنَ ٱلْأَعْرَابِ شَغَلَتْنَآ أَمْوَٰلُنَا وَأَهْلُونَا فَٱسْتَغْفِرْ لَنَا يَقُولُونَ بِأَلْسِنَتِهِم مَّا لَيْسَ فِى قُلُوبِهِمْ قُلْ فَمَن يَمْلِكُ لَكُم مِّنَ ٱللَّهِ شَيْـًٔا إِنْ أَرَادَ بِكُمْ ضَرًّا أَوْ أَرَادَ بِكُمْ نَفْعًۢا بَلْ كَانَ ٱللَّهُ بِمَا تَعْمَلُونَ خَبِيرًۢا","translation_en":"Those who remained behind of the bedouins will say to you, \"Our properties and our families occupied us, so ask forgiveness for us.\" They say with their tongues what is not within their hearts. Say, \"Then who could prevent Allah at all if He intended for you harm or intended for you benefit? Rather, ever is Allah, with what you do, Acquainted.","translation_id":"Orang-orang Badwi yang tertinggal (tidak turut ke Hudaibiyah) akan mengatakan: \"Harta dan keluarga kami telah merintangi kami, maka mohonkanlah ampunan untuk kami\"; mereka mengucapkan dengan lidahnya apa yang tidak ada dalam hatinya. Katakanlah: \"Maka siapakah (gerangan) yang dapat menghalang-halangi kehendak Allah jika Dia menghendaki kemudharatan bagimu atau jika Dia menghendaki manfaat bagimu. Sebenarnya Allah Maha Mengetahui apa yang kamu kerjakan."},{"number":12,"text":"بَلْ ظَنَنتُمْ أَن لَّن يَنقَلِبَ ٱلرَّسُولُ وَٱلْمُؤْمِنُونَ إِلَىٰٓ أَهْلِيهِمْ أَبَدًا وَزُيِّنَ ذَٰلِكَ فِى قُلُوبِكُمْ وَظَنَنتُمْ ظَنَّ ٱلسَّوْءِ وَكُنتُمْ قَوْمًۢا بُورًا","translation_en":"But you thought that the Messenger and the believers would never return to their families, ever, and that was made pleasing in your hearts. And you assumed an assumption of evil and became a people ruined.\"","translation_id":"Tetapi kamu menyangka bahwa Rasul dan orang-orang mukmin tidak sekali-kali akan kembali kepada keluarga mereka selama-lamanya dan syaitan telah menjadikan kamu memandang baik dalam hatimu persangkaan itu, dan kamu telah menyangka dengan sangkaan yang buruk dan kamu menjadi kaum yang binasa."},{"number":13,"text":"وَمَن لَّمْ يُؤْمِنۢ بِٱللَّهِ وَرَسُولِهِۦ فَإِنَّآ أَعْتَدْنَا لِلْكَٰفِرِينَ سَعِيرًا","translation_en":"And whoever has not believed in Allah and His Messenger - then indeed, We have prepared for the disbelievers a Blaze.","translation_id":"Dan barangsiapa yang tidak beriman kepada Allah dan Rasul-Nya maka sesungguhnya Kami menyediakan untuk orang-orang yang kafir neraka yang bernyala-nyala."},{"number":14,"text":"وَلِلَّهِ مُلْكُ ٱلسَّمَٰوَٰتِ وَٱلْأَرْضِ يَغْفِرُ لِمَن يَشَآءُ وَيُعَذِّبُ مَن يَشَآءُ وَكَانَ ٱللَّهُ غَفُورًا رَّحِيمًا","translation_en":"And to Allah belongs the dominion of the heavens and the earth. He forgives whom He wills and punishes whom He wills. And ever is Allah Forgiving and Merciful.","translation_id":"Dan hanya kepunyaan Allah-lah kerajaan langit dan bumi. Dia memberikan ampun kepada siapa yang dikehendaki-Nya dan mengazab siapa yang dikehendaki-Nya. Dan Allah Maha Pengampun lagi Maha Penyayang."},{"number":15,"text":"سَيَقُولُ ٱلْمُخَلَّفُونَ إِذَا ٱنطَلَقْتُمْ إِلَىٰ مَغَانِمَ لِتَأْخُذُوهَا ذَرُونَا نَتَّبِعْكُمْ يُرِيدُونَ أَن يُبَدِّلُوا۟ كَلَٰمَ ٱللَّهِ قُل لَّن تَتَّبِعُونَا كَذَٰلِكُمْ قَالَ ٱللَّهُ مِن قَبْلُ فَسَيَقُولُونَ بَلْ تَحْسُدُونَنَا بَلْ كَانُوا۟ لَا يَفْقَهُونَ إِلَّا قَلِيلًا","translation_en":"Those who remained behind will say when you set out toward the war booty to take it, \"Let us follow you.\" They wish to change the words of Allah. Say, \"Never will you follow us. Thus did Allah say before.\" So they will say, \"Rather, you envy us.\" But [in fact] they were not understanding except a little.","translation_id":"Orang-orang Badwi yang tertinggal itu akan berkata apabila kamu berangkat untuk mengambil barang rampasan: \"Biarkanlah kami, niscaya kami mengikuti kamu\"; mereka hendak merubah janji Allah. Katakanlah: \"Kamu sekali-kali tidak (boleh) mengikuti kami; demikian Allah telah menetapkan sebelumnya\"; mereka akan mengatakan: \"Sebenarnya kamu dengki kepada kami\". Bahkan mereka tidak mengerti melainkan sedikit sekali."},{"number":16,"text":"قُل لِّلْمُخَلَّفِينَ مِنَ ٱلْأَعْرَابِ سَتُدْعَوْنَ إِلَىٰ قَوْمٍ أُو۟لِى بَأْسٍ شَدِيدٍ تُقَٰتِلُونَهُمْ أَوْ يُسْلِمُونَ فَإِن تُطِيعُوا۟ يُؤْتِكُمُ ٱللَّهُ أَجْرًا حَسَنًا وَإِن تَتَوَلَّوْا۟ كَمَا تَوَلَّيْتُم مِّن قَبْلُ يُعَذِّبْكُمْ عَذَابًا أَلِيمًا","translation_en":"Say to those who remained behind of the bedouins, \"You will be called to [face] a people of great military might; you may fight them, or they will submit. So if you obey, Allah will give you a good reward; but if you turn away as you turned away before, He will punish you with a painful punishment.\"","translation_id":"Katakanlah kepada orang-orang Badwi yang tertinggal: \"Kamu akan diajak untuk (memerangi) kaum yang mempunyai kekuatan yang besar, kamu akan memerangi mereka atau mereka menyerah (masuk Islam). Maka jika kamu patuhi (ajakan itu) niscaya Allah akan memberikan kepadamu pahala yang baik dan jika kamu berpaling sebagaimana kamu telah berpaling sebelumnya, niscaya Dia akan mengazab kamu dengan azab yang pedih\"."},{"number":17,"text":"لَّيْسَ عَلَى ٱلْأَعْمَىٰ حَرَجٌ وَلَا عَلَى ٱلْأَعْرَجِ حَرَجٌ وَلَا عَلَى ٱلْمَرِيضِ حَرَجٌ وَمَن يُطِعِ ٱللَّهَ وَرَسُولَهُۥ يُدْخِلْهُ جَنَّٰتٍ تَجْرِى مِن تَحْتِهَا ٱلْأَنْهَٰرُ وَمَن يَتَوَلَّ يُعَذِّبْهُ عَذَابًا أَلِيمًا","translation_en":"There is not upon the blind any guilt or upon the lame any guilt or upon the ill any guilt [for remaining behind]. And whoever obeys Allah and His Messenger - He will admit him to gardens beneath which rivers flow; but whoever turns away - He will punish him with a painful punishment.","translation_id":"Tiada dosa atas orang-orang yang buta dan atas orang yang pincang dan atas orang yang sakit (apabila tidak ikut berperang). Dan barangsiapa yang taat kepada Allah dan Rasul-Nya; niscaya Allah akan memasukkannya ke dalam surga yang mengalir di bawahnya sungai-sungai dan barang siapa yang berpaling niscaya akan diazab-Nya dengan azab yang pedih."},{"number":18,"text":"لَّقَدْ رَضِىَ ٱللَّهُ عَنِ ٱلْمُؤْمِنِينَ إِذْ يُبَايِعُونَكَ تَحْتَ ٱلشَّجَرَةِ فَعَلِمَ مَا فِى قُلُوبِهِمْ فَأَنزَلَ ٱلسَّكِينَةَ عَلَيْهِمْ وَأَثَٰبَهُمْ فَتْحًا قَرِيبًا","translation_en":"Certainly was Allah pleased with the believers when they pledged allegiance to you, [O Muhammad], under the tree, and He knew what was in their hearts, so He sent down tranquillity upon them and rewarded them with an imminent conquest","translation_id":"Sesungguhnya Allah telah ridha terhadap orang-orang mukmin ketika mereka berjanji setia kepadamu di bawah pohon, maka Allah mengetahui apa yang ada dalam hati mereka lalu menurunkan ketenangan atas mereka dan memberi balasan kepada mereka dengan kemenangan yang dekat (waktunya)."},{"number":19,"text":"وَمَغَانِمَ كَثِيرَةً يَأْخُذُونَهَا وَكَانَ ٱللَّهُ عَزِيزًا حَكِيمًا","translation_en":"And much war booty which they will take. And ever is Allah Exalted in Might and Wise.","translation_id":"Serta harta rampasan yang banyak yang dapat mereka ambil. Dan adalah Allah Maha Perkasa lagi Maha Bijaksana."},{"number":20,"text":"وَعَدَكُمُ ٱللَّهُ مَغَانِمَ كَثِيرَةً تَأْخُذُونَهَا فَعَجَّلَ لَكُمْ هَٰذِهِۦ وَكَفَّ أَيْدِىَ ٱلنَّاسِ عَنكُمْ وَلِتَكُونَ ءَايَةً لِّلْمُؤْمِنِينَ وَيَهْدِيَكُمْ صِرَٰطًا مُّسْتَقِيمًا","translation_en":"Allah has promised you much booty that you will take [in the future] and has hastened for you this [victory] and withheld the hands of people from you - that it may be a sign for the believers and [that] He may guide you to a straight path.","translation_id":"Allah menjanjikan kepada kamu harta rampasan yang banyak yang dapat kamu ambil, maka disegerakan-Nya harta rampasan ini untukmu dan Dia menahan tangan manusia dari (membinasakan)mu (agar kamu mensyukuri-Nya) dan agar hal itu menjadi bukti bagi orang-orang mukmin dan agar Dia menunjuki kamu kepada jalan yang lurus."},{"number":21,"text":"وَأُخْرَىٰ لَمْ تَقْدِرُوا۟ عَلَيْهَا قَدْ أَحَاطَ ٱللَّهُ بِهَا وَكَانَ ٱللَّهُ عَلَىٰ كُلِّ شَىْءٍ قَدِيرًا","translation_en":"And [He promises] other [victories] that you were [so far] unable to [realize] which Allah has already encompassed. And ever is Allah, over all things, competent.","translation_id":"Dan (telah menjanjikan pula kemenangan-kemenangan) yang lain (atas negeri-negeri) yang kamu belum dapat menguasainya yang sungguh Allah telah menentukan-Nya. Dan adalah Allah Maha Kuasa atas segala sesuatu."},{"number":22,"text":"وَلَوْ قَٰتَلَكُمُ ٱلَّذِينَ كَفَرُوا۟ لَوَلَّوُا۟ ٱلْأَدْبَٰرَ ثُمَّ لَا يَجِدُونَ وَلِيًّا وَلَا نَصِيرًا","translation_en":"And if those [Makkans] who disbelieve had fought you, they would have turned their backs [in flight]. Then they would not find a protector or a helper.","translation_id":"Dan sekiranya orang-orang kafir itu memerangi kamu pastilah mereka berbalik melarikan diri ke belakang (kalah) kemudian mereka tiada memperoleh pelindung dan tidak (pula) penolong."},{"number":23,"text":"سُنَّةَ ٱللَّهِ ٱلَّتِى قَدْ خَلَتْ مِن قَبْلُ وَلَن تَجِدَ لِسُنَّةِ ٱللَّهِ تَبْدِيلًا","translation_en":"[This is] the established way of Allah which has occurred before. And never will you find in the way of Allah any change.","translation_id":"Sebagai suatu sunnatullah yang telah berlaku sejak dahulu, kamu sekali-kali tiada akan menemukan perubahan bagi sunnatullah itu."},{"number":24,"text":"وَهُوَ ٱلَّذِى كَفَّ أَيْدِيَهُمْ عَنكُمْ وَأَيْدِيَكُمْ عَنْهُم بِبَطْنِ مَكَّةَ مِنۢ بَعْدِ أَنْ أَظْفَرَكُمْ عَلَيْهِمْ وَكَانَ ٱللَّهُ بِمَا تَعْمَلُونَ بَصِيرًا","translation_en":"And it is He who withheld their hands from you and your hands from them within [the area of] Makkah after He caused you to overcome them. And ever is Allah of what you do, Seeing.","translation_id":"Dan Dialah yang menahan tangan mereka dari (membinasakan) kamu dan (menahan) tangan kamu dari (membinasakan) mereka di tengah kota Mekah sesudah Allah memenangkan kamu atas mereka, dan adalah Allah Maha Melihat apa yang kamu kerjakan."},{"number":25,"text":"هُمُ ٱلَّذِينَ كَفَرُوا۟ وَصَدُّوكُمْ عَنِ ٱلْمَسْجِدِ ٱلْحَرَامِ وَٱلْهَدْىَ مَعْكُوفًا أَن يَبْلُغَ مَحِلَّهُۥ وَلَوْلَا رِجَالٌ مُّؤْمِنُونَ وَنِسَآءٌ مُّؤْمِنَٰتٌ لَّمْ تَعْلَمُوهُمْ أَن تَطَـُٔوهُمْ فَتُصِيبَكُم مِّنْهُم مَّعَرَّةٌۢ بِغَيْرِ عِلْمٍ لِّيُدْخِلَ ٱللَّهُ فِى رَحْمَتِهِۦ مَن يَشَآءُ لَوْ تَزَيَّلُوا۟ لَعَذَّبْنَا ٱلَّذِينَ كَفَرُوا۟ مِنْهُمْ عَذَابًا أَلِيمًا","translation_en":"They are the ones who disbelieved and obstructed you from al-Masjid al-Haram while the offering was prevented from reaching its place of sacrifice. And if not for believing men and believing women whom you did not know - that you might trample them and there would befall you because of them dishonor without [your] knowledge - [you would have been permitted to enter Makkah]. [This was so] that Allah might admit to His mercy whom He willed. If they had been apart [from them], We would have punished those who disbelieved among them with painful punishment","translation_id":"Merekalah orang-orang yang kafir yang menghalangi kamu dari (masuk) Masjidil Haram dan menghalangi hewan korban sampai ke tempat (penyembelihan)nya. Dan kalau tidaklah karena laki-laki yang mukmin dan perempuan-perempuan yang mukmin yang tiada kamu ketahui, bahwa kamu akan membunuh mereka yang menyebabkan kamu ditimpa kesusahan tanpa pengetahuanmu (tentulah Allah tidak akan menahan tanganmu dari membinasakan mereka). Supaya Allah memasukkan siapa yang dikehendaki-Nya ke dalam rahmat-Nya. Sekiranya mereka tidak bercampur-baur, tentulah Kami akan mengazab orang-orang yag kafir di antara mereka dengan azab yang pedih."},{"number":26,"text":"إِذْ جَعَلَ ٱلَّذِينَ كَفَرُوا۟ فِى قُلُوبِهِمُ ٱلْحَمِيَّةَ حَمِيَّةَ ٱلْجَٰهِلِيَّةِ فَأَنزَلَ ٱللَّهُ سَكِينَتَهُۥ عَلَىٰ رَسُولِهِۦ وَعَلَى ٱلْمُؤْمِنِينَ وَأَلْزَمَهُمْ كَلِمَةَ ٱلتَّقْوَىٰ وَكَانُوٓا۟ أَحَقَّ بِهَا وَأَهْلَهَا وَكَانَ ٱللَّهُ بِكُلِّ شَىْءٍ عَلِيمًا","translation_en":"When those who disbelieved had put into their hearts chauvinism - the chauvinism of the time of ignorance. But Allah sent down His tranquillity upon His Messenger and upon the believers and imposed upon them the word of righteousness, and they were more deserving of it and worthy of it. And ever is Allah, of all things, Knowing.","translation_id":"Ketika orang-orang kafir menanamkan dalam hati mereka kesombongan (yaitu) kesombongan jahiliyah lalu Allah menurunkan ketenangan kepada Rasul-Nya, dan kepada orang-orang mukmin dan Allah mewajibkan kepada mereka kalimat-takwa dan adalah mereka berhak dengan kalimat takwa itu dan patut memilikinya. Dan adalah Allah Maha Mengetahui segala sesuatu."},{"number":27,"text":"لَّقَدْ صَدَقَ ٱللَّهُ رَسُولَهُ ٱلرُّءْيَا بِٱلْحَقِّ لَتَدْخُلُنَّ ٱلْمَسْجِدَ ٱلْحَرَامَ إِن شَآءَ ٱللَّهُ ءَامِنِينَ مُحَلِّقِينَ رُءُوسَكُمْ وَمُقَصِّرِينَ لَا تَخَافُونَ فَعَلِمَ مَا لَمْ تَعْلَمُوا۟ فَجَعَلَ مِن دُونِ ذَٰلِكَ فَتْحًا قَرِيبًا","translation_en":"Certainly has Allah showed to His Messenger the vision in truth. You will surely enter al-Masjid al-Haram, if Allah wills, in safety, with your heads shaved and [hair] shortened, not fearing [anyone]. He knew what you did not know and has arranged before that a conquest near [at hand].","translation_id":"Sesungguhnya Allah akan membuktikan kepada Rasul-Nya, tentang kebenaran mimpinya dengan sebenarnya (yaitu) bahwa sesungguhnya kamu pasti akan memasuki Masjidil Haram, insya Allah dalam keadaan aman, dengan mencukur rambut kepala dan mengguntingnya, sedang kamu tidak merasa takut. Maka Allah mengetahui apa yang tiada kamu ketahui dan Dia memberikan sebelum itu kemenangan yang dekat."},{"number":28,"text":"هُوَ ٱلَّذِىٓ أَرْسَلَ رَسُولَهُۥ بِٱلْهُدَىٰ وَدِينِ ٱلْحَقِّ لِيُظْهِرَهُۥ عَلَى ٱلدِّينِ كُلِّهِۦ وَكَفَىٰ بِٱللَّهِ شَهِيدًا","translation_en":"It is He who sent His Messenger with guidance and the religion of truth to manifest it over all religion. And sufficient is Allah as Witness.","translation_id":"Dialah yang mengutus Rasul-Nya dengan membawa petunjuk dan agama yang hak agar dimenangkan-Nya terhadap semua agama. Dan cukuplah Allah sebagai saksi."},{"number":29,"text":"مُّحَمَّدٌ رَّسُولُ ٱللَّهِ وَٱلَّذِينَ مَعَهُۥٓ أَشِدَّآءُ عَلَى ٱلْكُفَّارِ رُحَمَآءُ بَيْنَهُمْ تَرَىٰهُمْ رُكَّعًا سُجَّدًا يَبْتَغُونَ فَضْلًا مِّنَ ٱللَّهِ وَرِضْوَٰنًا سِيمَاهُمْ فِى وُجُوهِهِم مِّنْ أَثَرِ ٱلسُّجُودِ ذَٰلِكَ مَثَلُهُمْ فِى ٱلتَّوْرَىٰةِ وَمَثَلُهُمْ فِى ٱلْإِنجِيلِ كَزَرْعٍ أَخْرَجَ شَطْـَٔهُۥ فَـَٔازَرَهُۥ فَٱسْتَغْلَظَ فَٱسْتَوَىٰ عَلَىٰ سُوقِهِۦ يُعْجِبُ ٱلزُّرَّاعَ لِيَغِيظَ بِهِمُ ٱلْكُفَّارَ وَعَدَ ٱللَّهُ ٱلَّذِينَ ءَامَنُوا۟ وَعَمِلُوا۟ ٱلصَّٰلِحَٰتِ مِنْهُم مَّغْفِرَةً وَأَجْرًا عَظِيمًۢا","translation_en":"Muhammad is the Messenger of Allah; and those with him are forceful against the disbelievers, merciful among themselves. You see them bowing and prostrating [in prayer], seeking bounty from Allah and [His] pleasure. Their mark is on their faces from the trace of prostration. That is their description in the Torah. And their description in the Gospel is as a plant which produces its offshoots and strengthens them so they grow firm and stand upon their stalks, delighting the sowers - so that Allah may enrage by them the disbelievers. Allah has promised those who believe and do righteous deeds among them forgiveness and a great reward.","translation_id":"Muhammad itu adalah utusan Allah dan orang-orang yang bersama dengan dia adalah keras terhadap orang-orang kafir, tetapi berkasih sayang sesama mereka. Kamu lihat mereka ruku' dan sujud mencari karunia Allah dan keridhaan-Nya, tanda-tanda mereka tampak pada muka mereka dari bekas sujud. Demikianlah sifat-sifat mereka dalam Taurat dan sifat-sifat mereka dalam Injil, yaitu seperti tanaman yang mengeluarkan tunasnya maka tunas itu menjadikan tanaman itu kuat lalu menjadi besarlah dia dan tegak lurus di atas pokoknya; tanaman itu menyenangkan hati penanam-penanamnya karena Allah hendak menjengkelkan hati orang-orang kafir (dengan kekuatan orang-orang mukmin). Allah menjanjikan kepada orang-orang yang beriman dan mengerjakan amal yang saleh di antara mereka ampunan dan pahala yang besar."}]}