{"number":52,"name":"سورة الطور","transliteration_en":"At-Tur","translation_en":"The Mount","total_verses":49,"revelation_type":"Meccan","verses":[{"number":1,"text":"بِسْمِ ٱللَّهِ ٱلرَّحْمَٰنِ ٱلرَّحِيمِ وَٱلطُّورِ","translation_en":"By the mount","translation_id":"Demi bukit,"},{"number":2,"text":"وَكِتَٰبٍ مَّسْطُورٍ","translation_en":"And [by] a Book inscribed","translation_id":"dan Kitab yang ditulis,"},{"number":3,"text":"فِى رَقٍّ مَّنشُورٍ","translation_en":"In parchment spread open","translation_id":"pada lembaran yang terbuka,"},{"number":4,"text":"وَٱلْبَيْتِ ٱلْمَعْمُورِ","translation_en":"And [by] the frequented House","translation_id":"dan demi Baitul Ma'mur,"},{"number":5,"text":"وَٱلسَّقْفِ ٱلْمَرْفُوعِ","translation_en":"And [by] the heaven raised high","translation_id":"dan atap yang ditinggikan (langit),"},{"number":6,"text":"وَٱلْبَحْرِ ٱلْمَسْجُورِ","translation_en":"And [by] the sea filled [with fire],","translation_id":"dan laut yang di dalam tanahnya ada api,"},{"number":7,"text":"إِنَّ عَذَابَ رَبِّكَ لَوَٰقِعٌ","translation_en":"Indeed, the punishment of your Lord will occur.","translation_id":"sesungguhnya azab Tuhanmu pasti terjadi,"},{"number":8,"text":"مَّا لَهُۥ مِن دَافِعٍ","translation_en":"Of it there is no preventer.","translation_id":"tidak seorangpun yang dapat menolaknya,"},{"number":9,"text":"يَوْمَ تَمُورُ ٱلسَّمَآءُ مَوْرًا","translation_en":"On the Day the heaven will sway with circular motion","translation_id":"pada hari ketika langit benar-benar bergoncang,"},{"number":10,"text":"وَتَسِيرُ ٱلْجِبَالُ سَيْرًا","translation_en":"And the mountains will pass on, departing -","translation_id":"dan gunung benar-benar berjalan."},{"number":11,"text":"فَوَيْلٌ يَوْمَئِذٍ لِّلْمُكَذِّبِينَ","translation_en":"Then woe, that Day, to the deniers,","translation_id":"Maka kecelakaan yang besarlah di hari itu bagi orang-orang yang mendustakan,"},{"number":12,"text":"ٱلَّذِينَ هُمْ فِى خَوْضٍ يَلْعَبُونَ","translation_en":"Who are in [empty] discourse amusing themselves.","translation_id":"(yaitu) orang-orang yang bermain-main dalam kebathilan,"},{"number":13,"text":"يَوْمَ يُدَعُّونَ إِلَىٰ نَارِ جَهَنَّمَ دَعًّا","translation_en":"The Day they are thrust toward the fire of Hell with a [violent] thrust, [its angels will say],","translation_id":"pada hari mereka didorong ke neraka Jahannam dengan sekuat-kuatnya."},{"number":14,"text":"هَٰذِهِ ٱلنَّارُ ٱلَّتِى كُنتُم بِهَا تُكَذِّبُونَ","translation_en":"\"This is the Fire which you used to deny.","translation_id":"(Dikatakan kepada mereka): \"Inilah neraka yang dahulu kamu selalu mendustakannya\"."},{"number":15,"text":"أَفَسِحْرٌ هَٰذَآ أَمْ أَنتُمْ لَا تُبْصِرُونَ","translation_en":"Then is this magic, or do you not see?","translation_id":"Maka apakah ini sihir? Ataukah kamu tidak melihat?"},{"number":16,"text":"ٱصْلَوْهَا فَٱصْبِرُوٓا۟ أَوْ لَا تَصْبِرُوا۟ سَوَآءٌ عَلَيْكُمْ إِنَّمَا تُجْزَوْنَ مَا كُنتُمْ تَعْمَلُونَ","translation_en":"[Enter to] burn therein; then be patient or impatient - it is all the same for you. You are only being recompensed [for] what you used to do.\"","translation_id":"Masukklah kamu ke dalamnya (rasakanlah panas apinya); maka baik kamu bersabar atau tidak, sama saja bagimu; kamu diberi balasan terhadap apa yang telah kamu kerjakan."},{"number":17,"text":"إِنَّ ٱلْمُتَّقِينَ فِى جَنَّٰتٍ وَنَعِيمٍ","translation_en":"Indeed, the righteous will be in gardens and pleasure,","translation_id":"Sesungguhnya orang-orang yang bertakwa berada dalam surga dan kenikmatan,"},{"number":18,"text":"فَٰكِهِينَ بِمَآ ءَاتَىٰهُمْ رَبُّهُمْ وَوَقَىٰهُمْ رَبُّهُمْ عَذَابَ ٱلْجَحِيمِ","translation_en":"Enjoying what their Lord has given them, and their Lord protected them from the punishment of Hellfire.","translation_id":"mereka bersuka ria dengan apa yang diberikan kepada mereka oleh Tuhan mereka; dan Tuhan mereka memelihara mereka dari azab neraka."},{"number":19,"text":"كُلُوا۟ وَٱشْرَبُوا۟ هَنِيٓـًٔۢا بِمَا كُنتُمْ تَعْمَلُونَ","translation_en":"[They will be told], \"Eat and drink in satisfaction for what you used to do.\"","translation_id":"(Dikatakan kepada mereka): \"Makan dan minumlah dengan enak sebagai balasan dari apa yang telah kamu kerjakan\","},{"number":20,"text":"مُتَّكِـِٔينَ عَلَىٰ سُرُرٍ مَّصْفُوفَةٍ وَزَوَّجْنَٰهُم بِحُورٍ عِينٍ","translation_en":"They will be reclining on thrones lined up, and We will marry them to fair women with large, [beautiful] eyes.","translation_id":"mereka bertelekan di atas dipan-dipan berderetan dan Kami kawinkan mereka dengan bidadari-bidadari yang cantik bermata jeli."},{"number":21,"text":"وَٱلَّذِينَ ءَامَنُوا۟ وَٱتَّبَعَتْهُمْ ذُرِّيَّتُهُم بِإِيمَٰنٍ أَلْحَقْنَا بِهِمْ ذُرِّيَّتَهُمْ وَمَآ أَلَتْنَٰهُم مِّنْ عَمَلِهِم مِّن شَىْءٍ كُلُّ ٱمْرِئٍۭ بِمَا كَسَبَ رَهِينٌ","translation_en":"And those who believed and whose descendants followed them in faith - We will join with them their descendants, and We will not deprive them of anything of their deeds. Every person, for what he earned, is retained.","translation_id":"Dan orang-oranng yang beriman, dan yang anak cucu mereka mengikuti mereka dalam keimanan, Kami hubungkan anak cucu mereka dengan mereka, dan Kami tiada mengurangi sedikitpun dari pahala amal mereka. Tiap-tiap manusia terikat dengan apa yang dikerjakannya."},{"number":22,"text":"وَأَمْدَدْنَٰهُم بِفَٰكِهَةٍ وَلَحْمٍ مِّمَّا يَشْتَهُونَ","translation_en":"And We will provide them with fruit and meat from whatever they desire.","translation_id":"Dan Kami beri mereka tambahan dengan buah-buahan dan daging dari segala jenis yang mereka ingini."},{"number":23,"text":"يَتَنَٰزَعُونَ فِيهَا كَأْسًا لَّا لَغْوٌ فِيهَا وَلَا تَأْثِيمٌ","translation_en":"They will exchange with one another a cup [of wine] wherein [results] no ill speech or commission of sin.","translation_id":"Di dalam surga mereka saling memperebutkan piala (gelas) yang isinya tidak (menimbulkan) kata-kata yang tidak berfaedah dan tiada pula perbuatan dosa."},{"number":24,"text":"وَيَطُوفُ عَلَيْهِمْ غِلْمَانٌ لَّهُمْ كَأَنَّهُمْ لُؤْلُؤٌ مَّكْنُونٌ","translation_en":"There will circulate among them [servant] boys [especially] for them, as if they were pearls well-protected.","translation_id":"Dan berkeliling di sekitar mereka anak-anak muda untuk (melayani) mereka, seakan-akan mereka itu mutiara yang tersimpan."},{"number":25,"text":"وَأَقْبَلَ بَعْضُهُمْ عَلَىٰ بَعْضٍ يَتَسَآءَلُونَ","translation_en":"And they will approach one another, inquiring of each other.","translation_id":"Dan sebahagian mereka menghadap kepada sebahagian yang lain saling tanya-menanya."},{"number":26,"text":"قَالُوٓا۟ إِنَّا كُنَّا قَبْلُ فِىٓ أَهْلِنَا مُشْفِقِينَ","translation_en":"They will say, \"Indeed, we were previously among our people fearful [of displeasing Allah].","translation_id":"Mereka berkata: \"Sesungguhnya kami dahulu, sewaktu berada di tengah-tengah keluarga kami merasa takut (akan diazab)\"."},{"number":27,"text":"فَمَنَّ ٱللَّهُ عَلَيْنَا وَوَقَىٰنَا عَذَابَ ٱلسَّمُومِ","translation_en":"So Allah conferred favor upon us and protected us from the punishment of the Scorching Fire.","translation_id":"Maka Allah memberikan karunia kepada kami dan memelihara kami dari azab neraka."},{"number":28,"text":"إِنَّا كُنَّا مِن قَبْلُ نَدْعُوهُ إِنَّهُۥ هُوَ ٱلْبَرُّ ٱلرَّحِيمُ","translation_en":"Indeed, we used to supplicate Him before. Indeed, it is He who is the Beneficent, the Merciful.\"","translation_id":"Sesungguhnya kami dahulu menyembah-Nya. Sesungguhnya Dialah yang melimpahkan kebaikan lagi Maha Penyayang."},{"number":29,"text":"فَذَكِّرْ فَمَآ أَنتَ بِنِعْمَتِ رَبِّكَ بِكَاهِنٍ وَلَا مَجْنُونٍ","translation_en":"So remind [O Muhammad], for you are not, by the favor of your Lord, a soothsayer or a madman.","translation_id":"Maka tetaplah memberi peringatan, dan kamu disebabkan nikmat Tuhanmu bukanlah seorang tukang tenung dan bukan pula seorang gila."},{"number":30,"text":"أَمْ يَقُولُونَ شَاعِرٌ نَّتَرَبَّصُ بِهِۦ رَيْبَ ٱلْمَنُونِ","translation_en":"Or do they say [of you], \"A poet for whom we await a misfortune of time?\"","translation_id":"Bahkan mereka mengatakan: \"Dia adalah seorang penyair yang kami tunggu-tunggu kecelakaan menimpanya\"."},{"number":31,"text":"قُلْ تَرَبَّصُوا۟ فَإِنِّى مَعَكُم مِّنَ ٱلْمُتَرَبِّصِينَ","translation_en":"Say, \"Wait, for indeed I am, with you, among the waiters.\"","translation_id":"Katakanlah: \"Tunggulah, maka sesungguhnya akupun termasuk orang yang menunggu (pula) bersama kamu\"."},{"number":32,"text":"أَمْ تَأْمُرُهُمْ أَحْلَٰمُهُم بِهَٰذَآ أَمْ هُمْ قَوْمٌ طَاغُونَ","translation_en":"Or do their minds command them to [say] this, or are they a transgressing people?","translation_id":"Apakah mereka diperintah oleh fikiran-fikiran mereka untuk mengucapkan tuduhan-tuduhan ini ataukah mereka kaum yang melampaui batas?"},{"number":33,"text":"أَمْ يَقُولُونَ تَقَوَّلَهُۥ بَل لَّا يُؤْمِنُونَ","translation_en":"Or do they say, \"He has made it up\"? Rather, they do not believe.","translation_id":"Ataukah mereka mengatakan: \"Dia (Muhammad) membuat-buatnya\". Sebenarnya mereka tidak beriman."},{"number":34,"text":"فَلْيَأْتُوا۟ بِحَدِيثٍ مِّثْلِهِۦٓ إِن كَانُوا۟ صَٰدِقِينَ","translation_en":"Then let them produce a statement like it, if they should be truthful.","translation_id":"Maka hendaklah mereka mendatangkan kalimat yang semisal Al Quran itu jika mereka orang-orang yang benar."},{"number":35,"text":"أَمْ خُلِقُوا۟ مِنْ غَيْرِ شَىْءٍ أَمْ هُمُ ٱلْخَٰلِقُونَ","translation_en":"Or were they created by nothing, or were they the creators [of themselves]?","translation_id":"Apakah mereka diciptakan tanpa sesuatupun ataukah mereka yang menciptakan (diri mereka sendiri)?"},{"number":36,"text":"أَمْ خَلَقُوا۟ ٱلسَّمَٰوَٰتِ وَٱلْأَرْضَ بَل لَّا يُوقِنُونَ","translation_en":"Or did they create the heavens and the earth? Rather, they are not certain.","translation_id":"Ataukah mereka telah menciptakan langit dan bumi itu?; sebenarnya mereka tidak meyakini (apa yang mereka katakan)."},{"number":37,"text":"أَمْ عِندَهُمْ خَزَآئِنُ رَبِّكَ أَمْ هُمُ ٱلْمُصَۣيْطِرُونَ","translation_en":"Or have they the depositories [containing the provision] of your Lord? Or are they the controllers [of them]?","translation_id":"Ataukah di sisi mereka ada perbendaharaan Tuhanmu atau merekakah yang berkuasa?"},{"number":38,"text":"أَمْ لَهُمْ سُلَّمٌ يَسْتَمِعُونَ فِيهِ فَلْيَأْتِ مُسْتَمِعُهُم بِسُلْطَٰنٍ مُّبِينٍ","translation_en":"Or have they a stairway [into the heaven] upon which they listen? Then let their listener produce a clear authority.","translation_id":"Ataukah mereka mempunyai tangga (ke langit) untuk mendengarkan pada tangga itu (hal-hal yang gaib)? Maka hendaklah orang yang mendengarkan di antara mereka mendatangkan suatu keterangan yang nyata."},{"number":39,"text":"أَمْ لَهُ ٱلْبَنَٰتُ وَلَكُمُ ٱلْبَنُونَ","translation_en":"Or has He daughters while you have sons?","translation_id":"Ataukah untuk Allah anak-anak perempuan dan untuk kamu anak-anak laki-laki?"},{"number":40,"text":"أَمْ تَسْـَٔلُهُمْ أَجْرًا فَهُم مِّن مَّغْرَمٍ مُّثْقَلُونَ","translation_en":"Or do you, [O Muhammad], ask of them a payment, so they are by debt burdened down?","translation_id":"Ataukah kamu meminta upah kepada mereka sehingga mereka dibebani dengan hutang?"},{"number":41,"text":"أَمْ عِندَهُمُ ٱلْغَيْبُ فَهُمْ يَكْتُبُونَ","translation_en":"Or have they [knowledge of] the unseen, so they write [it] down?","translation_id":"Apakah ada pada sisi mereka pengetahuan tentang yang gaib lalu mereka menuliskannya?"},{"number":42,"text":"أَمْ يُرِيدُونَ كَيْدًا فَٱلَّذِينَ كَفَرُوا۟ هُمُ ٱلْمَكِيدُونَ","translation_en":"Or do they intend a plan? But those who disbelieve - they are the object of a plan.","translation_id":"Ataukah mereka hendak melakukan tipu daya? Maka orang-orang yang kafir itu merekalah yang kena tipu daya."},{"number":43,"text":"أَمْ لَهُمْ إِلَٰهٌ غَيْرُ ٱللَّهِ سُبْحَٰنَ ٱللَّهِ عَمَّا يُشْرِكُونَ","translation_en":"Or have they a deity other than Allah? Exalted is Allah above whatever they associate with Him.","translation_id":"Ataukah mereka mempunyai tuhan selain Allah. Maha Suci Allah dari apa yang mereka persekutukan."},{"number":44,"text":"وَإِن يَرَوْا۟ كِسْفًا مِّنَ ٱلسَّمَآءِ سَاقِطًا يَقُولُوا۟ سَحَابٌ مَّرْكُومٌ","translation_en":"And if they were to see a fragment from the sky falling, they would say, \"[It is merely] clouds heaped up.\"","translation_id":"Jika mereka melihat sebagian dari langit gugur, mereka akan mengatakan: \"Itu adalah awan yang bertindih-tindih\"."},{"number":45,"text":"فَذَرْهُمْ حَتَّىٰ يُلَٰقُوا۟ يَوْمَهُمُ ٱلَّذِى فِيهِ يُصْعَقُونَ","translation_en":"So leave them until they meet their Day in which they will be struck insensible -","translation_id":"Maka biarkanlah mereka hingga mereka menemui hari (yang dijanjikan kepada) mereka yang pada hari itu mereka dibinasakan,"},{"number":46,"text":"يَوْمَ لَا يُغْنِى عَنْهُمْ كَيْدُهُمْ شَيْـًٔا وَلَا هُمْ يُنصَرُونَ","translation_en":"The Day their plan will not avail them at all, nor will they be helped.","translation_id":"(yaitu) hari ketika tidak berguna bagi mereka sedikitpun tipu daya mereka dan mereka tidak ditolong."},{"number":47,"text":"وَإِنَّ لِلَّذِينَ ظَلَمُوا۟ عَذَابًا دُونَ ذَٰلِكَ وَلَٰكِنَّ أَكْثَرَهُمْ لَا يَعْلَمُونَ","translation_en":"And indeed, for those who have wronged is a punishment before that, but most of them do not know.","translation_id":"Dan sesungguhnya untuk orang-orang yang zalim ada azab selain daripada itu. Tetapi kebanyakan mereka tidak mengetahui."},{"number":48,"text":"وَٱصْبِرْ لِحُكْمِ رَبِّكَ فَإِنَّكَ بِأَعْيُنِنَا وَسَبِّحْ بِحَمْدِ رَبِّكَ حِينَ تَقُومُ","translation_en":"And be patient, [O Muhammad], for the decision of your Lord, for indeed, you are in Our eyes. And exalt [Allah] with praise of your Lord when you arise.","translation_id":"Dan bersabarlah dalam menunggu ketetapan Tuhanmu, maka sesungguhnya kamu berada dalam penglihatan Kami, dan bertasbihlah dengan memuji Tuhanmu ketika kamu bangun berdiri,"},{"number":49,"text":"وَمِنَ ٱلَّيْلِ فَسَبِّحْهُ وَإِدْبَٰرَ ٱلنُّجُومِ","translation_en":"And in a part of the night exalt Him and after [the setting of] the stars.","translation_id":"dan bertasbihlah kepada-Nya pada beberapa saat di malam hari dan di waktu terbenam bintang-bintang (di waktu fajar)."}]}