{"number":55,"name":"سورة الرحمن","transliteration_en":"Ar-Rahmaan","translation_en":"The Beneficent","total_verses":78,"revelation_type":"Medinan","verses":[{"number":1,"text":"بِسْمِ ٱللَّهِ ٱلرَّحْمَٰنِ ٱلرَّحِيمِ ٱلرَّحْمَٰنُ","translation_en":"The Most Merciful","translation_id":"(Tuhan) Yang Maha Pemurah,"},{"number":2,"text":"عَلَّمَ ٱلْقُرْءَانَ","translation_en":"Taught the Qur'an,","translation_id":"Yang telah mengajarkan al Quran."},{"number":3,"text":"خَلَقَ ٱلْإِنسَٰنَ","translation_en":"Created man,","translation_id":"Dia menciptakan manusia."},{"number":4,"text":"عَلَّمَهُ ٱلْبَيَانَ","translation_en":"[And] taught him eloquence.","translation_id":"Mengajarnya pandai berbicara."},{"number":5,"text":"ٱلشَّمْسُ وَٱلْقَمَرُ بِحُسْبَانٍ","translation_en":"The sun and the moon [move] by precise calculation,","translation_id":"Matahari dan bulan (beredar) menurut perhitungan."},{"number":6,"text":"وَٱلنَّجْمُ وَٱلشَّجَرُ يَسْجُدَانِ","translation_en":"And the stars and trees prostrate.","translation_id":"Dan tumbuh-tumbuhan dan pohon-pohonan kedua-duanya tunduk kepada-Nya."},{"number":7,"text":"وَٱلسَّمَآءَ رَفَعَهَا وَوَضَعَ ٱلْمِيزَانَ","translation_en":"And the heaven He raised and imposed the balance","translation_id":"Dan Allah telah meninggikan langit dan Dia meletakkan neraca (keadilan)."},{"number":8,"text":"أَلَّا تَطْغَوْا۟ فِى ٱلْمِيزَانِ","translation_en":"That you not transgress within the balance.","translation_id":"Supaya kamu jangan melampaui batas tentang neraca itu."},{"number":9,"text":"وَأَقِيمُوا۟ ٱلْوَزْنَ بِٱلْقِسْطِ وَلَا تُخْسِرُوا۟ ٱلْمِيزَانَ","translation_en":"And establish weight in justice and do not make deficient the balance.","translation_id":"Dan tegakkanlah timbangan itu dengan adil dan janganlah kamu mengurangi neraca itu."},{"number":10,"text":"وَٱلْأَرْضَ وَضَعَهَا لِلْأَنَامِ","translation_en":"And the earth He laid [out] for the creatures.","translation_id":"Dan Allah telah meratakan bumi untuk makhluk(Nya)."},{"number":11,"text":"فِيهَا فَٰكِهَةٌ وَٱلنَّخْلُ ذَاتُ ٱلْأَكْمَامِ","translation_en":"Therein is fruit and palm trees having sheaths [of dates]","translation_id":"Di bumi itu ada buah-buahan dan pohon kurma yang mempunyai kelopak mayang."},{"number":12,"text":"وَٱلْحَبُّ ذُو ٱلْعَصْفِ وَٱلرَّيْحَانُ","translation_en":"And grain having husks and scented plants.","translation_id":"Dan biji-bijian yang berkulit dan bunga-bunga yang harum baunya."},{"number":13,"text":"فَبِأَىِّ ءَالَآءِ رَبِّكُمَا تُكَذِّبَانِ","translation_en":"So which of the favors of your Lord would you deny?","translation_id":"Maka nikmat Tuhan kamu yang manakah yang kamu dustakan?"},{"number":14,"text":"خَلَقَ ٱلْإِنسَٰنَ مِن صَلْصَٰلٍ كَٱلْفَخَّارِ","translation_en":"He created man from clay like [that of] pottery.","translation_id":"Dia menciptakan manusia dari tanah kering seperti tembikar,"},{"number":15,"text":"وَخَلَقَ ٱلْجَآنَّ مِن مَّارِجٍ مِّن نَّارٍ","translation_en":"And He created the jinn from a smokeless flame of fire.","translation_id":"dan Dia menciptakan jin dari nyala api."},{"number":16,"text":"فَبِأَىِّ ءَالَآءِ رَبِّكُمَا تُكَذِّبَانِ","translation_en":"So which of the favors of your Lord would you deny?","translation_id":"Maka nikmat Tuhan kamu yang manakah yang kamu dustakan?"},{"number":17,"text":"رَبُّ ٱلْمَشْرِقَيْنِ وَرَبُّ ٱلْمَغْرِبَيْنِ","translation_en":"[He is] Lord of the two sunrises and Lord of the two sunsets.","translation_id":"Tuhan yang memelihara kedua tempat terbit matahari dan Tuhan yang memelihara kedua tempat terbenamnya"},{"number":18,"text":"فَبِأَىِّ ءَالَآءِ رَبِّكُمَا تُكَذِّبَانِ","translation_en":"So which of the favors of your Lord would you deny?","translation_id":"Maka nikmat Tuhan kamu yang manakah yang kamu dustakan?"},{"number":19,"text":"مَرَجَ ٱلْبَحْرَيْنِ يَلْتَقِيَانِ","translation_en":"He released the two seas, meeting [side by side];","translation_id":"Dia membiarkan dua lautan mengalir yang keduanya kemudian bertemu,"},{"number":20,"text":"بَيْنَهُمَا بَرْزَخٌ لَّا يَبْغِيَانِ","translation_en":"Between them is a barrier [so] neither of them transgresses.","translation_id":"antara keduanya ada batas yang tidak dilampaui masing-masing."},{"number":21,"text":"فَبِأَىِّ ءَالَآءِ رَبِّكُمَا تُكَذِّبَانِ","translation_en":"So which of the favors of your Lord would you deny?","translation_id":"Maka nikmat Tuhan kamu yang manakah yang kamu dustakan?"},{"number":22,"text":"يَخْرُجُ مِنْهُمَا ٱللُّؤْلُؤُ وَٱلْمَرْجَانُ","translation_en":"From both of them emerge pearl and coral.","translation_id":"Dari keduanya keluar mutiara dan marjan."},{"number":23,"text":"فَبِأَىِّ ءَالَآءِ رَبِّكُمَا تُكَذِّبَانِ","translation_en":"So which of the favors of your Lord would you deny?","translation_id":"Maka nikmat Tuhan kamu yang manakah yang kamu dustakan?"},{"number":24,"text":"وَلَهُ ٱلْجَوَارِ ٱلْمُنشَـَٔاتُ فِى ٱلْبَحْرِ كَٱلْأَعْلَٰمِ","translation_en":"And to Him belong the ships [with sails] elevated in the sea like mountains.","translation_id":"Dan kepunyaan-Nya lah bahtera-bahtera yang tinggi layarnya di lautan laksana gunung-gunung."},{"number":25,"text":"فَبِأَىِّ ءَالَآءِ رَبِّكُمَا تُكَذِّبَانِ","translation_en":"So which of the favors of your Lord would you deny?","translation_id":"Maka nikmat Tuhan kamu yang manakah yang kamu dustakan?"},{"number":26,"text":"كُلُّ مَنْ عَلَيْهَا فَانٍ","translation_en":"Everyone upon the earth will perish,","translation_id":"Semua yang ada di bumi itu akan binasa."},{"number":27,"text":"وَيَبْقَىٰ وَجْهُ رَبِّكَ ذُو ٱلْجَلَٰلِ وَٱلْإِكْرَامِ","translation_en":"And there will remain the Face of your Lord, Owner of Majesty and Honor.","translation_id":"Dan tetap kekal Dzat Tuhanmu yang mempunyai kebesaran dan kemuliaan."},{"number":28,"text":"فَبِأَىِّ ءَالَآءِ رَبِّكُمَا تُكَذِّبَانِ","translation_en":"So which of the favors of your Lord would you deny?","translation_id":"Maka nikmat Tuhan kamu yang manakah yang kamu dustakan?"},{"number":29,"text":"يَسْـَٔلُهُۥ مَن فِى ٱلسَّمَٰوَٰتِ وَٱلْأَرْضِ كُلَّ يَوْمٍ هُوَ فِى شَأْنٍ","translation_en":"Whoever is within the heavens and earth asks Him; every day He is bringing about a matter.","translation_id":"Semua yang ada di langit dan bumi selalu meminta kepada-Nya. Setiap waktu Dia dalam kesibukan."},{"number":30,"text":"فَبِأَىِّ ءَالَآءِ رَبِّكُمَا تُكَذِّبَانِ","translation_en":"So which of the favors of your Lord would you deny?","translation_id":"Maka nikmat Rabb-mu yang manakah yang kamu dustakan?"},{"number":31,"text":"سَنَفْرُغُ لَكُمْ أَيُّهَ ٱلثَّقَلَانِ","translation_en":"We will attend to you, O prominent beings.","translation_id":"Kami akan memperhatikan sepenuhnya kepadamu hai manusia dan jin."},{"number":32,"text":"فَبِأَىِّ ءَالَآءِ رَبِّكُمَا تُكَذِّبَانِ","translation_en":"So which of the favors of your Lord would you deny?","translation_id":"Maka nikmat Tuhan kamu yang manakah yang kamu dustakan?"},{"number":33,"text":"يَٰمَعْشَرَ ٱلْجِنِّ وَٱلْإِنسِ إِنِ ٱسْتَطَعْتُمْ أَن تَنفُذُوا۟ مِنْ أَقْطَارِ ٱلسَّمَٰوَٰتِ وَٱلْأَرْضِ فَٱنفُذُوا۟ لَا تَنفُذُونَ إِلَّا بِسُلْطَٰنٍ","translation_en":"O company of jinn and mankind, if you are able to pass beyond the regions of the heavens and the earth, then pass. You will not pass except by authority [from Allah].","translation_id":"Hai jama'ah jin dan manusia, jika kamu sanggup menembus (melintasi) penjuru langit dan bumi, maka lintasilah, kamu tidak dapat menembusnya kecuali dengan kekuatan."},{"number":34,"text":"فَبِأَىِّ ءَالَآءِ رَبِّكُمَا تُكَذِّبَانِ","translation_en":"So which of the favors of your Lord would you deny?","translation_id":"Maka nikmat Tuhan kamu yang manakah yang kamu dustakan?"},{"number":35,"text":"يُرْسَلُ عَلَيْكُمَا شُوَاظٌ مِّن نَّارٍ وَنُحَاسٌ فَلَا تَنتَصِرَانِ","translation_en":"There will be sent upon you a flame of fire and smoke, and you will not defend yourselves.","translation_id":"Kepada kamu, (jin dan manusia) dilepaskan nyala api dan cairan tembaga maka kamu tidak dapat menyelamatkan diri (dari padanya)."},{"number":36,"text":"فَبِأَىِّ ءَالَآءِ رَبِّكُمَا تُكَذِّبَانِ","translation_en":"So which of the favors of your Lord would you deny?","translation_id":"Maka nikmat Tuhan kamu yang manakah yang kamu dustakan?"},{"number":37,"text":"فَإِذَا ٱنشَقَّتِ ٱلسَّمَآءُ فَكَانَتْ وَرْدَةً كَٱلدِّهَانِ","translation_en":"And when the heaven is split open and becomes rose-colored like oil -","translation_id":"Maka apabila langit telah terbelah dan menjadi merah mawar seperti (kilapan) minyak."},{"number":38,"text":"فَبِأَىِّ ءَالَآءِ رَبِّكُمَا تُكَذِّبَانِ","translation_en":"So which of the favors of your Lord would you deny? -","translation_id":"Maka nikmat Tuhan kamu yang manakah yang kamu dustakan?"},{"number":39,"text":"فَيَوْمَئِذٍ لَّا يُسْـَٔلُ عَن ذَنۢبِهِۦٓ إِنسٌ وَلَا جَآنٌّ","translation_en":"Then on that Day none will be asked about his sin among men or jinn.","translation_id":"Pada waktu itu manusia dan jin tidak ditanya tentang dosanya."},{"number":40,"text":"فَبِأَىِّ ءَالَآءِ رَبِّكُمَا تُكَذِّبَانِ","translation_en":"So which of the favors of your Lord would you deny?","translation_id":"Maka nikmat Tuhan kamu yang manakah yang kamu dustakan?"},{"number":41,"text":"يُعْرَفُ ٱلْمُجْرِمُونَ بِسِيمَٰهُمْ فَيُؤْخَذُ بِٱلنَّوَٰصِى وَٱلْأَقْدَامِ","translation_en":"The criminals will be known by their marks, and they will be seized by the forelocks and the feet.","translation_id":"Orang-orang yang berdosa dikenal dengan tanda-tandannya, lalu dipegang ubun-ubun dan kaki mereka."},{"number":42,"text":"فَبِأَىِّ ءَالَآءِ رَبِّكُمَا تُكَذِّبَانِ","translation_en":"So which of the favors of your Lord would you deny?","translation_id":"Maka nikmat Tuhan kamu yang manakah yang kamu dustakan?"},{"number":43,"text":"هَٰذِهِۦ جَهَنَّمُ ٱلَّتِى يُكَذِّبُ بِهَا ٱلْمُجْرِمُونَ","translation_en":"This is Hell, which the criminals deny.","translation_id":"Inilah neraka Jahannam yang didustakan oleh orang-orang berdosa."},{"number":44,"text":"يَطُوفُونَ بَيْنَهَا وَبَيْنَ حَمِيمٍ ءَانٍ","translation_en":"They will go around between it and scalding water, heated [to the utmost degree].","translation_id":"Mereka berkeliling di antaranya dan di antara air mendidih yang memuncak panasnya."},{"number":45,"text":"فَبِأَىِّ ءَالَآءِ رَبِّكُمَا تُكَذِّبَانِ","translation_en":"So which of the favors of your Lord would you deny?","translation_id":"Maka nikmat Tuhan kamu yang manakah yang kamu dustakan?"},{"number":46,"text":"وَلِمَنْ خَافَ مَقَامَ رَبِّهِۦ جَنَّتَانِ","translation_en":"But for he who has feared the position of his Lord are two gardens -","translation_id":"Dan bagi orang yang takut akan saat menghadap Tuhannya ada dua surga."},{"number":47,"text":"فَبِأَىِّ ءَالَآءِ رَبِّكُمَا تُكَذِّبَانِ","translation_en":"So which of the favors of your Lord would you deny? -","translation_id":"Maka nikmat Tuhan kamu yang manakah yang kamu dustakan?,"},{"number":48,"text":"ذَوَاتَآ أَفْنَانٍ","translation_en":"Having [spreading] branches.","translation_id":"kedua surga itu mempunyai pohon-pohonan dan buah-buahan."},{"number":49,"text":"فَبِأَىِّ ءَالَآءِ رَبِّكُمَا تُكَذِّبَانِ","translation_en":"So which of the favors of your Lord would you deny?","translation_id":"Maka nikmat Tuhan kamu yang manakah yang kamu dustakan?"},{"number":50,"text":"فِيهِمَا عَيْنَانِ تَجْرِيَانِ","translation_en":"In both of them are two springs, flowing.","translation_id":"Di dalam kedua surga itu ada dua buah mata air yang mengalir"},{"number":51,"text":"فَبِأَىِّ ءَالَآءِ رَبِّكُمَا تُكَذِّبَانِ","translation_en":"So which of the favors of your Lord would you deny?","translation_id":"Maka nikmat Tuhan kamu yang manakah yang kamu dustakan?"},{"number":52,"text":"فِيهِمَا مِن كُلِّ فَٰكِهَةٍ زَوْجَانِ","translation_en":"In both of them are of every fruit, two kinds.","translation_id":"Di dalam kedua surga itu terdapat segala macam buah-buahan yang berpasangan."},{"number":53,"text":"فَبِأَىِّ ءَالَآءِ رَبِّكُمَا تُكَذِّبَانِ","translation_en":"So which of the favors of your Lord would you deny?","translation_id":"Maka nikmat Tuhan kamu yang manakah yang kamu dustakan?"},{"number":54,"text":"مُتَّكِـِٔينَ عَلَىٰ فُرُشٍۭ بَطَآئِنُهَا مِنْ إِسْتَبْرَقٍ وَجَنَى ٱلْجَنَّتَيْنِ دَانٍ","translation_en":"[They are] reclining on beds whose linings are of silk brocade, and the fruit of the two gardens is hanging low.","translation_id":"Mereka bertelekan di atas permadani yang sebelah dalamnya dari sutera. Dan buah-buahan di kedua surga itu dapat (dipetik) dari dekat."},{"number":55,"text":"فَبِأَىِّ ءَالَآءِ رَبِّكُمَا تُكَذِّبَانِ","translation_en":"So which of the favors of your Lord would you deny?","translation_id":"Maka nikmat Tuhan kamu yang manakah yang kamu dustakan?"},{"number":56,"text":"فِيهِنَّ قَٰصِرَٰتُ ٱلطَّرْفِ لَمْ يَطْمِثْهُنَّ إِنسٌ قَبْلَهُمْ وَلَا جَآنٌّ","translation_en":"In them are women limiting [their] glances, untouched before them by man or jinni -","translation_id":"Di dalam surga itu ada bidadari-bidadari yang sopan menundukkan pandangannya, tidak pernah disentuh oleh manusia sebelum mereka (penghuni-penghuni surga yang menjadi suami mereka), dan tidak pula oleh jin."},{"number":57,"text":"فَبِأَىِّ ءَالَآءِ رَبِّكُمَا تُكَذِّبَانِ","translation_en":"So which of the favors of your Lord would you deny? -","translation_id":"Maka nikmat Tuhan kamu yang manakah yang kamu dustakan?"},{"number":58,"text":"كَأَنَّهُنَّ ٱلْيَاقُوتُ وَٱلْمَرْجَانُ","translation_en":"As if they were rubies and coral.","translation_id":"Seakan-akan bidadari itu permata yakut dan marjan."},{"number":59,"text":"فَبِأَىِّ ءَالَآءِ رَبِّكُمَا تُكَذِّبَانِ","translation_en":"So which of the favors of your Lord would you deny?","translation_id":"Maka nikmat Tuhan kamu yang manakah yang kamu dustakan?"},{"number":60,"text":"هَلْ جَزَآءُ ٱلْإِحْسَٰنِ إِلَّا ٱلْإِحْسَٰنُ","translation_en":"Is the reward for good [anything] but good?","translation_id":"Tidak ada balasan kebaikan kecuali kebaikan (pula)."},{"number":61,"text":"فَبِأَىِّ ءَالَآءِ رَبِّكُمَا تُكَذِّبَانِ","translation_en":"So which of the favors of your Lord would you deny?","translation_id":"Maka nikmat Tuhan kamu yang manakah yang kamu dustakan?"},{"number":62,"text":"وَمِن دُونِهِمَا جَنَّتَانِ","translation_en":"And below them both [in excellence] are two [other] gardens -","translation_id":"Dan selain dari dua surga itu ada dua surga lagi"},{"number":63,"text":"فَبِأَىِّ ءَالَآءِ رَبِّكُمَا تُكَذِّبَانِ","translation_en":"So which of the favors of your Lord would you deny? -","translation_id":"Maka nikmat Tuhan kamu yang manakah yang kamu dustakan?"},{"number":64,"text":"مُدْهَآمَّتَانِ","translation_en":"Dark green [in color].","translation_id":"Kedua surga itu (kelihatan) hijau tua warnanya."},{"number":65,"text":"فَبِأَىِّ ءَالَآءِ رَبِّكُمَا تُكَذِّبَانِ","translation_en":"So which of the favors of your Lord would you deny?","translation_id":"Maka nikmat Tuhan kamu yang manakah yang kamu dustakan?"},{"number":66,"text":"فِيهِمَا عَيْنَانِ نَضَّاخَتَانِ","translation_en":"In both of them are two springs, spouting.","translation_id":"Di dalam kedua surga itu ada dua buah mata air yang memancar."},{"number":67,"text":"فَبِأَىِّ ءَالَآءِ رَبِّكُمَا تُكَذِّبَانِ","translation_en":"So which of the favors of your Lord would you deny?","translation_id":"Maka nikmat Tuhan kamu yang manakah yang kamu dustakan?"},{"number":68,"text":"فِيهِمَا فَٰكِهَةٌ وَنَخْلٌ وَرُمَّانٌ","translation_en":"In both of them are fruit and palm trees and pomegranates.","translation_id":"Di dalam keduanya (ada macam-macam) buah-buahan dan kurma serta delima."},{"number":69,"text":"فَبِأَىِّ ءَالَآءِ رَبِّكُمَا تُكَذِّبَانِ","translation_en":"So which of the favors of your Lord would you deny?","translation_id":"Maka nikmat Tuhan kamu yang manakah yang kamu dustakan?"},{"number":70,"text":"فِيهِنَّ خَيْرَٰتٌ حِسَانٌ","translation_en":"In them are good and beautiful women -","translation_id":"Di dalam surga itu ada bidadari-bidadari yang baik-baik lagi cantik-cantik."},{"number":71,"text":"فَبِأَىِّ ءَالَآءِ رَبِّكُمَا تُكَذِّبَانِ","translation_en":"So which of the favors of your Lord would you deny? -","translation_id":"Maka nikmat Tuhan kamu yang manakah yang kamu dustakan?"},{"number":72,"text":"حُورٌ مَّقْصُورَٰتٌ فِى ٱلْخِيَامِ","translation_en":"Fair ones reserved in pavilions -","translation_id":"(Bidadari-bidadari) yang jelita, putih bersih, dipingit dalam rumah."},{"number":73,"text":"فَبِأَىِّ ءَالَآءِ رَبِّكُمَا تُكَذِّبَانِ","translation_en":"So which of the favors of your Lord would you deny? -","translation_id":"Maka nikmat Tuhan kamu yang manakah yang kamu dustakan?"},{"number":74,"text":"لَمْ يَطْمِثْهُنَّ إِنسٌ قَبْلَهُمْ وَلَا جَآنٌّ","translation_en":"Untouched before them by man or jinni -","translation_id":"Mereka tidak pernah disentuh oleh manusia sebelum mereka (penghuni-penghuni surga yang menjadi suami mereka), dan tidak pula oleh jin."},{"number":75,"text":"فَبِأَىِّ ءَالَآءِ رَبِّكُمَا تُكَذِّبَانِ","translation_en":"So which of the favors of your Lord would you deny? -","translation_id":"Maka nikmat Tuhan kamu yang manakah yang kamu dustakan?"},{"number":76,"text":"مُتَّكِـِٔينَ عَلَىٰ رَفْرَفٍ خُضْرٍ وَعَبْقَرِىٍّ حِسَانٍ","translation_en":"Reclining on green cushions and beautiful fine carpets.","translation_id":"Mereka bertelekan pada bantal-bantal yang hijau dan permadani-permadani yang indah."},{"number":77,"text":"فَبِأَىِّ ءَالَآءِ رَبِّكُمَا تُكَذِّبَانِ","translation_en":"So which of the favors of your Lord would you deny?","translation_id":"Maka nikmat Tuhan kamu yang manakah yang kamu dustakan?"},{"number":78,"text":"تَبَٰرَكَ ٱسْمُ رَبِّكَ ذِى ٱلْجَلَٰلِ وَٱلْإِكْرَامِ","translation_en":"Blessed is the name of your Lord, Owner of Majesty and Honor.","translation_id":"Maha Agung nama Tuhanmu Yang Mempunyai Kebesaran dan Karunia."}]}