{"number":56,"name":"سورة الواقعة","transliteration_en":"Al-Waaqia","translation_en":"The Inevitable","total_verses":96,"revelation_type":"Meccan","verses":[{"number":1,"text":"بِسْمِ ٱللَّهِ ٱلرَّحْمَٰنِ ٱلرَّحِيمِ إِذَا وَقَعَتِ ٱلْوَاقِعَةُ","translation_en":"When the Occurrence occurs,","translation_id":"Apabila terjadi hari kiamat,"},{"number":2,"text":"لَيْسَ لِوَقْعَتِهَا كَاذِبَةٌ","translation_en":"There is, at its occurrence, no denial.","translation_id":"tidak seorangpun dapat berdusta tentang kejadiannya."},{"number":3,"text":"خَافِضَةٌ رَّافِعَةٌ","translation_en":"It will bring down [some] and raise up [others].","translation_id":"(Kejadian itu) merendahkan (satu golongan) dan meninggikan (golongan yang lain),"},{"number":4,"text":"إِذَا رُجَّتِ ٱلْأَرْضُ رَجًّا","translation_en":"When the earth is shaken with convulsion","translation_id":"apabila bumi digoncangkan sedahsyat-dahsyatnya,"},{"number":5,"text":"وَبُسَّتِ ٱلْجِبَالُ بَسًّا","translation_en":"And the mountains are broken down, crumbling","translation_id":"dan gunung-gunung dihancur luluhkan seluluh-luluhnya,"},{"number":6,"text":"فَكَانَتْ هَبَآءً مُّنۢبَثًّا","translation_en":"And become dust dispersing.","translation_id":"maka jadilah ia debu yang beterbangan,"},{"number":7,"text":"وَكُنتُمْ أَزْوَٰجًا ثَلَٰثَةً","translation_en":"And you become [of] three kinds:","translation_id":"dan kamu menjadi tiga golongan."},{"number":8,"text":"فَأَصْحَٰبُ ٱلْمَيْمَنَةِ مَآ أَصْحَٰبُ ٱلْمَيْمَنَةِ","translation_en":"Then the companions of the right - what are the companions of the right?","translation_id":"Yaitu golongan kanan. Alangkah mulianya golongan kanan itu."},{"number":9,"text":"وَأَصْحَٰبُ ٱلْمَشْـَٔمَةِ مَآ أَصْحَٰبُ ٱلْمَشْـَٔمَةِ","translation_en":"And the companions of the left - what are the companions of the left?","translation_id":"Dan golongan kiri. Alangkah sengsaranya golongan kiri itu."},{"number":10,"text":"وَٱلسَّٰبِقُونَ ٱلسَّٰبِقُونَ","translation_en":"And the forerunners, the forerunners -","translation_id":"Dan orang-orang yang beriman paling dahulu,"},{"number":11,"text":"أُو۟لَٰٓئِكَ ٱلْمُقَرَّبُونَ","translation_en":"Those are the ones brought near [to Allah]","translation_id":"Mereka itulah yang didekatkan kepada Allah."},{"number":12,"text":"فِى جَنَّٰتِ ٱلنَّعِيمِ","translation_en":"In the Gardens of Pleasure,","translation_id":"Berada dalam jannah kenikmatan."},{"number":13,"text":"ثُلَّةٌ مِّنَ ٱلْأَوَّلِينَ","translation_en":"A [large] company of the former peoples","translation_id":"Segolongan besar dari orang-orang yang terdahulu,"},{"number":14,"text":"وَقَلِيلٌ مِّنَ ٱلْءَاخِرِينَ","translation_en":"And a few of the later peoples,","translation_id":"dan segolongan kecil dari orang-orang yang kemudian"},{"number":15,"text":"عَلَىٰ سُرُرٍ مَّوْضُونَةٍ","translation_en":"On thrones woven [with ornament],","translation_id":"Mereka berada di atas dipan yang bertahta emas dan permata,"},{"number":16,"text":"مُّتَّكِـِٔينَ عَلَيْهَا مُتَقَٰبِلِينَ","translation_en":"Reclining on them, facing each other.","translation_id":"seraya bertelekan di atasnya berhadap-hadapan."},{"number":17,"text":"يَطُوفُ عَلَيْهِمْ وِلْدَٰنٌ مُّخَلَّدُونَ","translation_en":"There will circulate among them young boys made eternal","translation_id":"Mereka dikelilingi oleh anak-anak muda yang tetap muda,"},{"number":18,"text":"بِأَكْوَابٍ وَأَبَارِيقَ وَكَأْسٍ مِّن مَّعِينٍ","translation_en":"With vessels, pitchers and a cup [of wine] from a flowing spring -","translation_id":"dengan membawa gelas, cerek dan minuman yang diambil dari air yang mengalir,"},{"number":19,"text":"لَّا يُصَدَّعُونَ عَنْهَا وَلَا يُنزِفُونَ","translation_en":"No headache will they have therefrom, nor will they be intoxicated -","translation_id":"mereka tidak pening karenanya dan tidak pula mabuk,"},{"number":20,"text":"وَفَٰكِهَةٍ مِّمَّا يَتَخَيَّرُونَ","translation_en":"And fruit of what they select","translation_id":"dan buah-buahan dari apa yang mereka pilih,"},{"number":21,"text":"وَلَحْمِ طَيْرٍ مِّمَّا يَشْتَهُونَ","translation_en":"And the meat of fowl, from whatever they desire.","translation_id":"dan daging burung dari apa yang mereka inginkan."},{"number":22,"text":"وَحُورٌ عِينٌ","translation_en":"And [for them are] fair women with large, [beautiful] eyes,","translation_id":"Dan ada bidadari-bidadari bermata jeli,"},{"number":23,"text":"كَأَمْثَٰلِ ٱللُّؤْلُؤِ ٱلْمَكْنُونِ","translation_en":"The likenesses of pearls well-protected,","translation_id":"laksana mutiara yang tersimpan baik."},{"number":24,"text":"جَزَآءًۢ بِمَا كَانُوا۟ يَعْمَلُونَ","translation_en":"As reward for what they used to do.","translation_id":"Sebagai balasan bagi apa yang telah mereka kerjakan."},{"number":25,"text":"لَا يَسْمَعُونَ فِيهَا لَغْوًا وَلَا تَأْثِيمًا","translation_en":"They will not hear therein ill speech or commission of sin -","translation_id":"Mereka tidak mendengar di dalamnya perkataan yang sia-sia dan tidak pula perkataan yang menimbulkan dosa,"},{"number":26,"text":"إِلَّا قِيلًا سَلَٰمًا سَلَٰمًا","translation_en":"Only a saying: \"Peace, peace.\"","translation_id":"akan tetapi mereka mendengar ucapan salam."},{"number":27,"text":"وَأَصْحَٰبُ ٱلْيَمِينِ مَآ أَصْحَٰبُ ٱلْيَمِينِ","translation_en":"The companions of the right - what are the companions of the right?","translation_id":"Dan golongan kanan, alangkah bahagianya golongan kanan itu."},{"number":28,"text":"فِى سِدْرٍ مَّخْضُودٍ","translation_en":"[They will be] among lote trees with thorns removed","translation_id":"Berada di antara pohon bidara yang tak berduri,"},{"number":29,"text":"وَطَلْحٍ مَّنضُودٍ","translation_en":"And [banana] trees layered [with fruit]","translation_id":"dan pohon pisang yang bersusun-susun (buahnya),"},{"number":30,"text":"وَظِلٍّ مَّمْدُودٍ","translation_en":"And shade extended","translation_id":"dan naungan yang terbentang luas,"},{"number":31,"text":"وَمَآءٍ مَّسْكُوبٍ","translation_en":"And water poured out","translation_id":"dan air yang tercurah,"},{"number":32,"text":"وَفَٰكِهَةٍ كَثِيرَةٍ","translation_en":"And fruit, abundant [and varied],","translation_id":"dan buah-buahan yang banyak,"},{"number":33,"text":"لَّا مَقْطُوعَةٍ وَلَا مَمْنُوعَةٍ","translation_en":"Neither limited [to season] nor forbidden,","translation_id":"yang tidak berhenti (berbuah) dan tidak terlarang mengambilnya."},{"number":34,"text":"وَفُرُشٍ مَّرْفُوعَةٍ","translation_en":"And [upon] beds raised high.","translation_id":"dan kasur-kasur yang tebal lagi empuk."},{"number":35,"text":"إِنَّآ أَنشَأْنَٰهُنَّ إِنشَآءً","translation_en":"Indeed, We have produced the women of Paradise in a [new] creation","translation_id":"Sesungguhnya Kami menciptakan mereka (bidadari-bidadari) dengan langsung"},{"number":36,"text":"فَجَعَلْنَٰهُنَّ أَبْكَارًا","translation_en":"And made them virgins,","translation_id":"dan Kami jadikan mereka gadis-gadis perawan."},{"number":37,"text":"عُرُبًا أَتْرَابًا","translation_en":"Devoted [to their husbands] and of equal age,","translation_id":"penuh cinta lagi sebaya umurnya."},{"number":38,"text":"لِّأَصْحَٰبِ ٱلْيَمِينِ","translation_en":"For the companions of the right [who are]","translation_id":"(Kami ciptakan mereka) untuk golongan kanan,"},{"number":39,"text":"ثُلَّةٌ مِّنَ ٱلْأَوَّلِينَ","translation_en":"A company of the former peoples","translation_id":"(yaitu) segolongan besar dari orang-orang yang terdahulu."},{"number":40,"text":"وَثُلَّةٌ مِّنَ ٱلْءَاخِرِينَ","translation_en":"And a company of the later peoples.","translation_id":"dan segolongan besar pula dari orang-orang yang kemudian."},{"number":41,"text":"وَأَصْحَٰبُ ٱلشِّمَالِ مَآ أَصْحَٰبُ ٱلشِّمَالِ","translation_en":"And the companions of the left - what are the companions of the left?","translation_id":"Dan golongan kiri, siapakah golongan kiri itu?"},{"number":42,"text":"فِى سَمُومٍ وَحَمِيمٍ","translation_en":"[They will be] in scorching fire and scalding water","translation_id":"Dalam (siksaan) angin yang amat panas, dan air panas yang mendidih,"},{"number":43,"text":"وَظِلٍّ مِّن يَحْمُومٍ","translation_en":"And a shade of black smoke,","translation_id":"dan dalam naungan asap yang hitam."},{"number":44,"text":"لَّا بَارِدٍ وَلَا كَرِيمٍ","translation_en":"Neither cool nor beneficial.","translation_id":"Tidak sejuk dan tidak menyenangkan."},{"number":45,"text":"إِنَّهُمْ كَانُوا۟ قَبْلَ ذَٰلِكَ مُتْرَفِينَ","translation_en":"Indeed they were, before that, indulging in affluence,","translation_id":"Sesungguhnya mereka sebelum itu hidup bermewahan."},{"number":46,"text":"وَكَانُوا۟ يُصِرُّونَ عَلَى ٱلْحِنثِ ٱلْعَظِيمِ","translation_en":"And they used to persist in the great violation,","translation_id":"Dan mereka terus-menerus mengerjakan dosa besar."},{"number":47,"text":"وَكَانُوا۟ يَقُولُونَ أَئِذَا مِتْنَا وَكُنَّا تُرَابًا وَعِظَٰمًا أَءِنَّا لَمَبْعُوثُونَ","translation_en":"And they used to say, \"When we die and become dust and bones, are we indeed to be resurrected?","translation_id":"Dan mereka selalu mengatakan: \"Apakah bila kami mati dan menjadi tanah dan tulang belulang, apakah sesungguhnya kami akan benar-benar dibangkitkan kembali?"},{"number":48,"text":"أَوَءَابَآؤُنَا ٱلْأَوَّلُونَ","translation_en":"And our forefathers [as well]?\"","translation_id":"apakah bapak-bapak kami yang terdahulu (juga)?\""},{"number":49,"text":"قُلْ إِنَّ ٱلْأَوَّلِينَ وَٱلْءَاخِرِينَ","translation_en":"Say, [O Muhammad], \"Indeed, the former and the later peoples","translation_id":"Katakanlah: \"Sesungguhnya orang-orang yang terdahulu dan orang-orang yang terkemudian,"},{"number":50,"text":"لَمَجْمُوعُونَ إِلَىٰ مِيقَٰتِ يَوْمٍ مَّعْلُومٍ","translation_en":"Are to be gathered together for the appointment of a known Day.\"","translation_id":"benar-benar akan dikumpulkan di waktu tertentu pada hari yang dikenal."},{"number":51,"text":"ثُمَّ إِنَّكُمْ أَيُّهَا ٱلضَّآلُّونَ ٱلْمُكَذِّبُونَ","translation_en":"Then indeed you, O those astray [who are] deniers,","translation_id":"Kemudian sesungguhnya kamu hai orang-orang yang sesat lagi mendustakan,"},{"number":52,"text":"لَءَاكِلُونَ مِن شَجَرٍ مِّن زَقُّومٍ","translation_en":"Will be eating from trees of zaqqum","translation_id":"benar-benar akan memakan pohon zaqqum,"},{"number":53,"text":"فَمَالِـُٔونَ مِنْهَا ٱلْبُطُونَ","translation_en":"And filling with it your bellies","translation_id":"dan akan memenuhi perutmu dengannya."},{"number":54,"text":"فَشَٰرِبُونَ عَلَيْهِ مِنَ ٱلْحَمِيمِ","translation_en":"And drinking on top of it from scalding water","translation_id":"Sesudah itu kamu akan meminum air yang sangat panas."},{"number":55,"text":"فَشَٰرِبُونَ شُرْبَ ٱلْهِيمِ","translation_en":"And will drink as the drinking of thirsty camels.","translation_id":"Maka kamu minum seperti unta yang sangat haus minum."},{"number":56,"text":"هَٰذَا نُزُلُهُمْ يَوْمَ ٱلدِّينِ","translation_en":"That is their accommodation on the Day of Recompense.","translation_id":"Itulah hidangan untuk mereka pada hari Pembalasan\"."},{"number":57,"text":"نَحْنُ خَلَقْنَٰكُمْ فَلَوْلَا تُصَدِّقُونَ","translation_en":"We have created you, so why do you not believe?","translation_id":"Kami telah menciptakan kamu, maka mengapa kamu tidak membenarkan?"},{"number":58,"text":"أَفَرَءَيْتُم مَّا تُمْنُونَ","translation_en":"Have you seen that which you emit?","translation_id":"Maka terangkanlah kepadaku tentang nutfah yang kamu pancarkan."},{"number":59,"text":"ءَأَنتُمْ تَخْلُقُونَهُۥٓ أَمْ نَحْنُ ٱلْخَٰلِقُونَ","translation_en":"Is it you who creates it, or are We the Creator?","translation_id":"Kamukah yang menciptakannya, atau Kamikah yang menciptakannya?"},{"number":60,"text":"نَحْنُ قَدَّرْنَا بَيْنَكُمُ ٱلْمَوْتَ وَمَا نَحْنُ بِمَسْبُوقِينَ","translation_en":"We have decreed death among you, and We are not to be outdone","translation_id":"Kami telah menentukan kematian di antara kamu dan Kami sekali-sekali tidak akan dapat dikalahkan,"},{"number":61,"text":"عَلَىٰٓ أَن نُّبَدِّلَ أَمْثَٰلَكُمْ وَنُنشِئَكُمْ فِى مَا لَا تَعْلَمُونَ","translation_en":"In that We will change your likenesses and produce you in that [form] which you do not know.","translation_id":"untuk menggantikan kamu dengan orang-orang yang seperti kamu (dalam dunia) dan menciptakan kamu kelak (di akhirat) dalam keadaan yang tidak kamu ketahui."},{"number":62,"text":"وَلَقَدْ عَلِمْتُمُ ٱلنَّشْأَةَ ٱلْأُولَىٰ فَلَوْلَا تَذَكَّرُونَ","translation_en":"And you have already known the first creation, so will you not remember?","translation_id":"Dan Sesungguhnya kamu telah mengetahui penciptaan yang pertama, maka mengapakah kamu tidak mengambil pelajaran (untuk penciptaan yang kedua)?"},{"number":63,"text":"أَفَرَءَيْتُم مَّا تَحْرُثُونَ","translation_en":"And have you seen that [seed] which you sow?","translation_id":"Maka terangkanlah kepadaku tentang yang kamu tanam."},{"number":64,"text":"ءَأَنتُمْ تَزْرَعُونَهُۥٓ أَمْ نَحْنُ ٱلزَّٰرِعُونَ","translation_en":"Is it you who makes it grow, or are We the grower?","translation_id":"Kamukah yang menumbuhkannya atau Kamikah yang menumbuhkannya?"},{"number":65,"text":"لَوْ نَشَآءُ لَجَعَلْنَٰهُ حُطَٰمًا فَظَلْتُمْ تَفَكَّهُونَ","translation_en":"If We willed, We could make it [dry] debris, and you would remain in wonder,","translation_id":"Kalau Kami kehendaki, benar-benar Kami jadikan dia hancur dan kering, maka jadilah kamu heran dan tercengang."},{"number":66,"text":"إِنَّا لَمُغْرَمُونَ","translation_en":"[Saying], \"Indeed, we are [now] in debt;","translation_id":"(Sambil berkata): \"Sesungguhnya kami benar-benar menderita kerugian\","},{"number":67,"text":"بَلْ نَحْنُ مَحْرُومُونَ","translation_en":"Rather, we have been deprived.\"","translation_id":"bahkan kami menjadi orang-orang yang tidak mendapat hasil apa-apa."},{"number":68,"text":"أَفَرَءَيْتُمُ ٱلْمَآءَ ٱلَّذِى تَشْرَبُونَ","translation_en":"And have you seen the water that you drink?","translation_id":"Maka terangkanlah kepadaku tentang air yang kamu minum."},{"number":69,"text":"ءَأَنتُمْ أَنزَلْتُمُوهُ مِنَ ٱلْمُزْنِ أَمْ نَحْنُ ٱلْمُنزِلُونَ","translation_en":"Is it you who brought it down from the clouds, or is it We who bring it down?","translation_id":"Kamukah yang menurunkannya atau Kamikah yang menurunkannya?"},{"number":70,"text":"لَوْ نَشَآءُ جَعَلْنَٰهُ أُجَاجًا فَلَوْلَا تَشْكُرُونَ","translation_en":"If We willed, We could make it bitter, so why are you not grateful?","translation_id":"Kalau Kami kehendaki, niscaya Kami jadikan dia asin, maka mengapakah kamu tidak bersyukur?"},{"number":71,"text":"أَفَرَءَيْتُمُ ٱلنَّارَ ٱلَّتِى تُورُونَ","translation_en":"And have you seen the fire that you ignite?","translation_id":"Maka terangkanlah kepadaku tentang api yang kamu nyalakan (dengan menggosok-gosokkan kayu)."},{"number":72,"text":"ءَأَنتُمْ أَنشَأْتُمْ شَجَرَتَهَآ أَمْ نَحْنُ ٱلْمُنشِـُٔونَ","translation_en":"Is it you who produced its tree, or are We the producer?","translation_id":"Kamukah yang menjadikan kayu itu atau Kamikah yang menjadikannya?"},{"number":73,"text":"نَحْنُ جَعَلْنَٰهَا تَذْكِرَةً وَمَتَٰعًا لِّلْمُقْوِينَ","translation_en":"We have made it a reminder and provision for the travelers,","translation_id":"Kami jadikan api itu untuk peringatan dan bahan yang berguna bagi musafir di padang pasir."},{"number":74,"text":"فَسَبِّحْ بِٱسْمِ رَبِّكَ ٱلْعَظِيمِ","translation_en":"So exalt the name of your Lord, the Most Great.","translation_id":"Maka bertasbihlah dengan (menyebut) nama Rabbmu Yang Maha Besar."},{"number":75,"text":"فَلَآ أُقْسِمُ بِمَوَٰقِعِ ٱلنُّجُومِ","translation_en":"Then I swear by the setting of the stars,","translation_id":"Maka Aku bersumpah dengan masa turunnya bagian-bagian Al-Quran."},{"number":76,"text":"وَإِنَّهُۥ لَقَسَمٌ لَّوْ تَعْلَمُونَ عَظِيمٌ","translation_en":"And indeed, it is an oath - if you could know - [most] great.","translation_id":"Sesungguhnya sumpah itu adalah sumpah yang besar kalau kamu mengetahui."},{"number":77,"text":"إِنَّهُۥ لَقُرْءَانٌ كَرِيمٌ","translation_en":"Indeed, it is a noble Qur'an","translation_id":"Sesungguhnya Al-Quran ini adalah bacaan yang sangat mulia,"},{"number":78,"text":"فِى كِتَٰبٍ مَّكْنُونٍ","translation_en":"In a Register well-protected;","translation_id":"pada kitab yang terpelihara (Lauhul Mahfuzh),"},{"number":79,"text":"لَّا يَمَسُّهُۥٓ إِلَّا ٱلْمُطَهَّرُونَ","translation_en":"None touch it except the purified.","translation_id":"tidak menyentuhnya kecuali orang-orang yang disucikan."},{"number":80,"text":"تَنزِيلٌ مِّن رَّبِّ ٱلْعَٰلَمِينَ","translation_en":"[It is] a revelation from the Lord of the worlds.","translation_id":"Diturunkan dari Rabbil 'alamiin."},{"number":81,"text":"أَفَبِهَٰذَا ٱلْحَدِيثِ أَنتُم مُّدْهِنُونَ","translation_en":"Then is it to this statement that you are indifferent","translation_id":"Maka apakah kamu menganggap remeh saja Al-Quran ini?"},{"number":82,"text":"وَتَجْعَلُونَ رِزْقَكُمْ أَنَّكُمْ تُكَذِّبُونَ","translation_en":"And make [the thanks for] your provision that you deny [the Provider]?","translation_id":"kamu mengganti rezeki (yang Allah berikan) dengan mendustakan Allah."},{"number":83,"text":"فَلَوْلَآ إِذَا بَلَغَتِ ٱلْحُلْقُومَ","translation_en":"Then why, when the soul at death reaches the throat","translation_id":"Maka mengapa ketika nyawa sampai di kerongkongan,"},{"number":84,"text":"وَأَنتُمْ حِينَئِذٍ تَنظُرُونَ","translation_en":"And you are at that time looking on -","translation_id":"padahal kamu ketika itu melihat,"},{"number":85,"text":"وَنَحْنُ أَقْرَبُ إِلَيْهِ مِنكُمْ وَلَٰكِن لَّا تُبْصِرُونَ","translation_en":"And Our angels are nearer to him than you, but you do not see -","translation_id":"dan Kami lebih dekat kepadanya dari pada kamu. Tetapi kamu tidak melihat,"},{"number":86,"text":"فَلَوْلَآ إِن كُنتُمْ غَيْرَ مَدِينِينَ","translation_en":"Then why do you not, if you are not to be recompensed,","translation_id":"maka mengapa jika kamu tidak dikuasai (oleh Allah)?"},{"number":87,"text":"تَرْجِعُونَهَآ إِن كُنتُمْ صَٰدِقِينَ","translation_en":"Bring it back, if you should be truthful?","translation_id":"Kamu tidak mengembalikan nyawa itu (kepada tempatnya) jika kamu adalah orang-orang yang benar?"},{"number":88,"text":"فَأَمَّآ إِن كَانَ مِنَ ٱلْمُقَرَّبِينَ","translation_en":"And if the deceased was of those brought near to Allah,","translation_id":"adapun jika dia (orang yang mati) termasuk orang-orang yang didekatkan (kepada Allah),"},{"number":89,"text":"فَرَوْحٌ وَرَيْحَانٌ وَجَنَّتُ نَعِيمٍ","translation_en":"Then [for him is] rest and bounty and a garden of pleasure.","translation_id":"maka dia memperoleh ketenteraman dan rezeki serta jannah kenikmatan."},{"number":90,"text":"وَأَمَّآ إِن كَانَ مِنْ أَصْحَٰبِ ٱلْيَمِينِ","translation_en":"And if he was of the companions of the right,","translation_id":"Dan adapun jika dia termasuk golongan kanan,"},{"number":91,"text":"فَسَلَٰمٌ لَّكَ مِنْ أَصْحَٰبِ ٱلْيَمِينِ","translation_en":"Then [the angels will say], \"Peace for you; [you are] from the companions of the right.\"","translation_id":"maka keselamatanlah bagimu karena kamu dari golongan kanan."},{"number":92,"text":"وَأَمَّآ إِن كَانَ مِنَ ٱلْمُكَذِّبِينَ ٱلضَّآلِّينَ","translation_en":"But if he was of the deniers [who were] astray,","translation_id":"Dan adapun jika dia termasuk golongan yang mendustakan lagi sesat,"},{"number":93,"text":"فَنُزُلٌ مِّنْ حَمِيمٍ","translation_en":"Then [for him is] accommodation of scalding water","translation_id":"maka dia mendapat hidangan air yang mendidih,"},{"number":94,"text":"وَتَصْلِيَةُ جَحِيمٍ","translation_en":"And burning in Hellfire","translation_id":"dan dibakar di dalam jahannam."},{"number":95,"text":"إِنَّ هَٰذَا لَهُوَ حَقُّ ٱلْيَقِينِ","translation_en":"Indeed, this is the true certainty,","translation_id":"Sesungguhnya (yang disebutkan ini) adalah suatu keyakinan yang benar."},{"number":96,"text":"فَسَبِّحْ بِٱسْمِ رَبِّكَ ٱلْعَظِيمِ","translation_en":"So exalt the name of your Lord, the Most Great.","translation_id":"Maka bertasbihlah dengan (menyebut) nama Rabbmu yang Maha Besar."}]}