{"number":57,"name":"سورة الحديد","transliteration_en":"Al-Hadid","translation_en":"The Iron","total_verses":29,"revelation_type":"Medinan","verses":[{"number":1,"text":"بِسْمِ ٱللَّهِ ٱلرَّحْمَٰنِ ٱلرَّحِيمِ سَبَّحَ لِلَّهِ مَا فِى ٱلسَّمَٰوَٰتِ وَٱلْأَرْضِ وَهُوَ ٱلْعَزِيزُ ٱلْحَكِيمُ","translation_en":"Whatever is in the heavens and earth exalts Allah, and He is the Exalted in Might, the Wise.","translation_id":"Semua yang berada di langit dan yang berada di bumi bertasbih kepada Allah (menyatakan kebesaran Allah). Dan Dialah Yang Maha Perkasa lagi Maha Bijaksana."},{"number":2,"text":"لَهُۥ مُلْكُ ٱلسَّمَٰوَٰتِ وَٱلْأَرْضِ يُحْىِۦ وَيُمِيتُ وَهُوَ عَلَىٰ كُلِّ شَىْءٍ قَدِيرٌ","translation_en":"His is the dominion of the heavens and earth. He gives life and causes death, and He is over all things competent.","translation_id":"Kepunyaan-Nya-lah kerajaan langit dan bumi, Dia menghidupkan dan mematikan, dan Dia Maha Kuasa atas segala sesuatu."},{"number":3,"text":"هُوَ ٱلْأَوَّلُ وَٱلْءَاخِرُ وَٱلظَّٰهِرُ وَٱلْبَاطِنُ وَهُوَ بِكُلِّ شَىْءٍ عَلِيمٌ","translation_en":"He is the First and the Last, the Ascendant and the Intimate, and He is, of all things, Knowing.","translation_id":"Dialah Yang Awal dan Yang Akhir Yang Zhahir dan Yang Bathin; dan Dia Maha Mengetahui segala sesuatu."},{"number":4,"text":"هُوَ ٱلَّذِى خَلَقَ ٱلسَّمَٰوَٰتِ وَٱلْأَرْضَ فِى سِتَّةِ أَيَّامٍ ثُمَّ ٱسْتَوَىٰ عَلَى ٱلْعَرْشِ يَعْلَمُ مَا يَلِجُ فِى ٱلْأَرْضِ وَمَا يَخْرُجُ مِنْهَا وَمَا يَنزِلُ مِنَ ٱلسَّمَآءِ وَمَا يَعْرُجُ فِيهَا وَهُوَ مَعَكُمْ أَيْنَ مَا كُنتُمْ وَٱللَّهُ بِمَا تَعْمَلُونَ بَصِيرٌ","translation_en":"It is He who created the heavens and earth in six days and then established Himself above the Throne. He knows what penetrates into the earth and what emerges from it and what descends from the heaven and what ascends therein; and He is with you wherever you are. And Allah, of what you do, is Seeing.","translation_id":"Dialah yang menciptakan langit dan bumi dalam enam masa: Kemudian Dia bersemayam di atas 'Arsy. Dia mengetahui apa yang masuk ke dalam bumi dan apa yang keluar daripadanya dan apa yang turun dari langit dan apa yang naik kepada-Nya. Dan Dia bersama kamu di mana saja kamu berada. Dan Allah Maha Melihat apa yang kamu kerjakan."},{"number":5,"text":"لَّهُۥ مُلْكُ ٱلسَّمَٰوَٰتِ وَٱلْأَرْضِ وَإِلَى ٱللَّهِ تُرْجَعُ ٱلْأُمُورُ","translation_en":"His is the dominion of the heavens and earth. And to Allah are returned [all] matters.","translation_id":"Kepunyaan-Nya-lah kerajaan langit dan bumi. Dan kepada Allah-lah dikembalikan segala urusan."},{"number":6,"text":"يُولِجُ ٱلَّيْلَ فِى ٱلنَّهَارِ وَيُولِجُ ٱلنَّهَارَ فِى ٱلَّيْلِ وَهُوَ عَلِيمٌۢ بِذَاتِ ٱلصُّدُورِ","translation_en":"He causes the night to enter the day and causes the day to enter the night, and he is Knowing of that within the breasts.","translation_id":"Dialah yang memasukkan malam ke dalam siang dan memasukkan siang ke dalam malam. Dan Dia Maha Mengetahui segala isi hati."},{"number":7,"text":"ءَامِنُوا۟ بِٱللَّهِ وَرَسُولِهِۦ وَأَنفِقُوا۟ مِمَّا جَعَلَكُم مُّسْتَخْلَفِينَ فِيهِ فَٱلَّذِينَ ءَامَنُوا۟ مِنكُمْ وَأَنفَقُوا۟ لَهُمْ أَجْرٌ كَبِيرٌ","translation_en":"Believe in Allah and His Messenger and spend out of that in which He has made you successors. For those who have believed among you and spent, there will be a great reward.","translation_id":"Berimanlah kamu kepada Allah dan Rasul-Nya dan nafkahkanlah sebagian dari hartamu yang Allah telah menjadikan kamu menguasainya. Maka orang-orang yang beriman di antara kamu dan menafkahkan (sebagian) dari hartanya memperoleh pahala yang besar."},{"number":8,"text":"وَمَا لَكُمْ لَا تُؤْمِنُونَ بِٱللَّهِ وَٱلرَّسُولُ يَدْعُوكُمْ لِتُؤْمِنُوا۟ بِرَبِّكُمْ وَقَدْ أَخَذَ مِيثَٰقَكُمْ إِن كُنتُم مُّؤْمِنِينَ","translation_en":"And why do you not believe in Allah while the Messenger invites you to believe in your Lord and He has taken your covenant, if you should [truly] be believers?","translation_id":"Dan mengapa kamu tidak beriman kepada Allah padahal Rasul menyeru kamu supaya kamu beriman kepada Tuhanmu. Dan sesungguhnya Dia telah mengambil perjanjianmu jika kamu adalah orang-orang yang beriman."},{"number":9,"text":"هُوَ ٱلَّذِى يُنَزِّلُ عَلَىٰ عَبْدِهِۦٓ ءَايَٰتٍۭ بَيِّنَٰتٍ لِّيُخْرِجَكُم مِّنَ ٱلظُّلُمَٰتِ إِلَى ٱلنُّورِ وَإِنَّ ٱللَّهَ بِكُمْ لَرَءُوفٌ رَّحِيمٌ","translation_en":"It is He who sends down upon His Servant [Muhammad] verses of clear evidence that He may bring you out from darknesses into the light. And indeed, Allah is to you Kind and Merciful.","translation_id":"Dialah yang menurunkan kepada hamba-Nya ayat-ayat yang terang (Al-Quran) supaya Dia mengeluarkan kamu dari kegelapan kepada cahaya. Dan sesungguhnya Allah benar-benar Maha Penyantun lagi Maha Penyayang terhadapmu."},{"number":10,"text":"وَمَا لَكُمْ أَلَّا تُنفِقُوا۟ فِى سَبِيلِ ٱللَّهِ وَلِلَّهِ مِيرَٰثُ ٱلسَّمَٰوَٰتِ وَٱلْأَرْضِ لَا يَسْتَوِى مِنكُم مَّنْ أَنفَقَ مِن قَبْلِ ٱلْفَتْحِ وَقَٰتَلَ أُو۟لَٰٓئِكَ أَعْظَمُ دَرَجَةً مِّنَ ٱلَّذِينَ أَنفَقُوا۟ مِنۢ بَعْدُ وَقَٰتَلُوا۟ وَكُلًّا وَعَدَ ٱللَّهُ ٱلْحُسْنَىٰ وَٱللَّهُ بِمَا تَعْمَلُونَ خَبِيرٌ","translation_en":"And why do you not spend in the cause of Allah while to Allah belongs the heritage of the heavens and the earth? Not equal among you are those who spent before the conquest [of Makkah] and fought [and those who did so after it]. Those are greater in degree than they who spent afterwards and fought. But to all Allah has promised the best [reward]. And Allah, with what you do, is Acquainted.","translation_id":"Dan mengapa kamu tidak menafkahkan (sebagian hartamu) pada jalan Allah, padahal Allah-lah yang mempusakai (mempunyai) langit dan bumi? Tidak sama di antara kamu orang yang menafkahkan (hartanya) dan berperang sebelum penaklukan (Mekah). Mereka lebih tingi derajatnya daripada orang-orang yang menafkahkan (hartanya) dan berperang sesudah itu. Allah menjanjikan kepada masing-masing mereka (balasan) yang lebih baik. Dan Allah mengetahui apa yang kamu kerjakan."},{"number":11,"text":"مَّن ذَا ٱلَّذِى يُقْرِضُ ٱللَّهَ قَرْضًا حَسَنًا فَيُضَٰعِفَهُۥ لَهُۥ وَلَهُۥٓ أَجْرٌ كَرِيمٌ","translation_en":"Who is it that would loan Allah a goodly loan so He will multiply it for him and he will have a noble reward?","translation_id":"Siapakah yang mau meminjamkan kepada Allah pinjaman yang baik, maka Allah akan melipat-gandakan (balasan) pinjaman itu untuknya, dan dia akan memperoleh pahala yang banyak."},{"number":12,"text":"يَوْمَ تَرَى ٱلْمُؤْمِنِينَ وَٱلْمُؤْمِنَٰتِ يَسْعَىٰ نُورُهُم بَيْنَ أَيْدِيهِمْ وَبِأَيْمَٰنِهِم بُشْرَىٰكُمُ ٱلْيَوْمَ جَنَّٰتٌ تَجْرِى مِن تَحْتِهَا ٱلْأَنْهَٰرُ خَٰلِدِينَ فِيهَا ذَٰلِكَ هُوَ ٱلْفَوْزُ ٱلْعَظِيمُ","translation_en":"On the Day you see the believing men and believing women, their light proceeding before them and on their right, [it will be said], \"Your good tidings today are [of] gardens beneath which rivers flow, wherein you will abide eternally.\" That is what is the great attainment.","translation_id":"(yaitu) pada hari ketika kamu melihat orang mukmin laki-laki dan perempuan, sedang cahaya mereka bersinar di hadapan dan di sebelah kanan mereka, (dikatakan kepada mereka): \"Pada hari ini ada berita gembira untukmu, (yaitu) surga yang mengalir di bawahnya sungai-sungai, yang kamu kekal di dalamnya. Itulah keberuntungan yang besar\"."},{"number":13,"text":"يَوْمَ يَقُولُ ٱلْمُنَٰفِقُونَ وَٱلْمُنَٰفِقَٰتُ لِلَّذِينَ ءَامَنُوا۟ ٱنظُرُونَا نَقْتَبِسْ مِن نُّورِكُمْ قِيلَ ٱرْجِعُوا۟ وَرَآءَكُمْ فَٱلْتَمِسُوا۟ نُورًا فَضُرِبَ بَيْنَهُم بِسُورٍ لَّهُۥ بَابٌۢ بَاطِنُهُۥ فِيهِ ٱلرَّحْمَةُ وَظَٰهِرُهُۥ مِن قِبَلِهِ ٱلْعَذَابُ","translation_en":"On the [same] Day the hypocrite men and hypocrite women will say to those who believed, \"Wait for us that we may acquire some of your light.\" It will be said, \"Go back behind you and seek light.\" And a wall will be placed between them with a door, its interior containing mercy, but on the outside of it is torment.","translation_id":"Pada hari ketika orang-orang munafik laki-laki dan perempuan berkata kepada orang-orang yang beriman: \"Tunggulah kami supaya kami dapat mengambil sebahagian dari cahayamu\". Dikatakan (kepada mereka): \"Kembalilah kamu ke belakang dan carilah sendiri cahaya (untukmu)\". Lalu diadakan di antara mereka dinding yang mempunyai pintu. Di sebelah dalamnya ada rahmat dan di sebelah luarnya dari situ ada siksa."},{"number":14,"text":"يُنَادُونَهُمْ أَلَمْ نَكُن مَّعَكُمْ قَالُوا۟ بَلَىٰ وَلَٰكِنَّكُمْ فَتَنتُمْ أَنفُسَكُمْ وَتَرَبَّصْتُمْ وَٱرْتَبْتُمْ وَغَرَّتْكُمُ ٱلْأَمَانِىُّ حَتَّىٰ جَآءَ أَمْرُ ٱللَّهِ وَغَرَّكُم بِٱللَّهِ ٱلْغَرُورُ","translation_en":"The hypocrites will call to the believers, \"Were we not with you?\" They will say, \"Yes, but you afflicted yourselves and awaited [misfortune for us] and doubted, and wishful thinking deluded you until there came the command of Allah. And the Deceiver deceived you concerning Allah.","translation_id":"Orang-orang munafik itu memanggil mereka (orang-orang mukmin) seraya berkata: \"Bukankah kami dahulu bersama-sama dengan kamu?\" Mereka menjawab: \"Benar, tetapi kamu mencelakakan dirimu sendiri dan menunggu (kehancuran kami) dan kamu ragu-ragu serta ditipu oleh angan-angan kosong sehingga datanglah ketetapan Allah; dan kamu telah ditipu terhadap Allah oleh (syaitan) yang amat penipu."},{"number":15,"text":"فَٱلْيَوْمَ لَا يُؤْخَذُ مِنكُمْ فِدْيَةٌ وَلَا مِنَ ٱلَّذِينَ كَفَرُوا۟ مَأْوَىٰكُمُ ٱلنَّارُ هِىَ مَوْلَىٰكُمْ وَبِئْسَ ٱلْمَصِيرُ","translation_en":"So today no ransom will be taken from you or from those who disbelieved. Your refuge is the Fire. It is most worthy of you, and wretched is the destination.","translation_id":"Maka pada hari ini tidak diterima tebusan dari kamu dan tidak pula dari orang-orang kafir. Tempat kamu ialah neraka. Dialah tempat berlindungmu. Dan dia adalah sejahat-jahat tempat kembali\"."},{"number":16,"text":"أَلَمْ يَأْنِ لِلَّذِينَ ءَامَنُوٓا۟ أَن تَخْشَعَ قُلُوبُهُمْ لِذِكْرِ ٱللَّهِ وَمَا نَزَلَ مِنَ ٱلْحَقِّ وَلَا يَكُونُوا۟ كَٱلَّذِينَ أُوتُوا۟ ٱلْكِتَٰبَ مِن قَبْلُ فَطَالَ عَلَيْهِمُ ٱلْأَمَدُ فَقَسَتْ قُلُوبُهُمْ وَكَثِيرٌ مِّنْهُمْ فَٰسِقُونَ","translation_en":"Has the time not come for those who have believed that their hearts should become humbly submissive at the remembrance of Allah and what has come down of the truth? And let them not be like those who were given the Scripture before, and a long period passed over them, so their hearts hardened; and many of them are defiantly disobedient.","translation_id":"Belumkah datang waktunya bagi orang-orang yang beriman, untuk tunduk hati mereka mengingat Allah dan kepada kebenaran yang telah turun (kepada mereka), dan janganlah mereka seperti orang-orang yang sebelumnya telah diturunkan Al Kitab kepadanya, kemudian berlalulah masa yang panjang atas mereka lalu hati mereka menjadi keras. Dan kebanyakan di antara mereka adalah orang-orang yang fasik."},{"number":17,"text":"ٱعْلَمُوٓا۟ أَنَّ ٱللَّهَ يُحْىِ ٱلْأَرْضَ بَعْدَ مَوْتِهَا قَدْ بَيَّنَّا لَكُمُ ٱلْءَايَٰتِ لَعَلَّكُمْ تَعْقِلُونَ","translation_en":"Know that Allah gives life to the earth after its lifelessness. We have made clear to you the signs; perhaps you will understand.","translation_id":"Ketahuilah olehmu bahwa sesungguhnya Allah menghidupkan bumi sesudah matinya. Sesungguhnya Kami telah menjelaskan kepadamu tanda-tanda kebesaran (Kami) supaya kamu memikirkannya."},{"number":18,"text":"إِنَّ ٱلْمُصَّدِّقِينَ وَٱلْمُصَّدِّقَٰتِ وَأَقْرَضُوا۟ ٱللَّهَ قَرْضًا حَسَنًا يُضَٰعَفُ لَهُمْ وَلَهُمْ أَجْرٌ كَرِيمٌ","translation_en":"Indeed, the men who practice charity and the women who practice charity and [they who] have loaned Allah a goodly loan - it will be multiplied for them, and they will have a noble reward.","translation_id":"Sesungguhnya orang-orang yang membenarkan (Allah dan Rasul-Nya) baik laki-laki maupun perempuan dan meminjamkan kepada Allah pinjaman yang baik, niscaya akan dilipatgandakan (pembayarannya) kepada mereka; dan bagi mereka pahala yang banyak."},{"number":19,"text":"وَٱلَّذِينَ ءَامَنُوا۟ بِٱللَّهِ وَرُسُلِهِۦٓ أُو۟لَٰٓئِكَ هُمُ ٱلصِّدِّيقُونَ وَٱلشُّهَدَآءُ عِندَ رَبِّهِمْ لَهُمْ أَجْرُهُمْ وَنُورُهُمْ وَٱلَّذِينَ كَفَرُوا۟ وَكَذَّبُوا۟ بِـَٔايَٰتِنَآ أُو۟لَٰٓئِكَ أَصْحَٰبُ ٱلْجَحِيمِ","translation_en":"And those who have believed in Allah and His messengers - those are [in the ranks of] the supporters of truth and the martyrs, with their Lord. For them is their reward and their light. But those who have disbelieved and denied Our verses - those are the companions of Hellfire.","translation_id":"Dan orang-orang yang beriman kepada Allah dan Rasul-Nya, mereka itu orang-orang Shiddiqien dan orang-orang yang menjadi saksi di sisi Tuhan mereka. Bagi mereka pahala dan cahaya mereka. Dan orang-orang yang kafir dan mendustakan ayat-ayat Kami, mereka itulah penghuni-penghuni neraka."},{"number":20,"text":"ٱعْلَمُوٓا۟ أَنَّمَا ٱلْحَيَوٰةُ ٱلدُّنْيَا لَعِبٌ وَلَهْوٌ وَزِينَةٌ وَتَفَاخُرٌۢ بَيْنَكُمْ وَتَكَاثُرٌ فِى ٱلْأَمْوَٰلِ وَٱلْأَوْلَٰدِ كَمَثَلِ غَيْثٍ أَعْجَبَ ٱلْكُفَّارَ نَبَاتُهُۥ ثُمَّ يَهِيجُ فَتَرَىٰهُ مُصْفَرًّا ثُمَّ يَكُونُ حُطَٰمًا وَفِى ٱلْءَاخِرَةِ عَذَابٌ شَدِيدٌ وَمَغْفِرَةٌ مِّنَ ٱللَّهِ وَرِضْوَٰنٌ وَمَا ٱلْحَيَوٰةُ ٱلدُّنْيَآ إِلَّا مَتَٰعُ ٱلْغُرُورِ","translation_en":"Know that the life of this world is but amusement and diversion and adornment and boasting to one another and competition in increase of wealth and children - like the example of a rain whose [resulting] plant growth pleases the tillers; then it dries and you see it turned yellow; then it becomes [scattered] debris. And in the Hereafter is severe punishment and forgiveness from Allah and approval. And what is the worldly life except the enjoyment of delusion.","translation_id":"Ketahuilah, bahwa sesungguhnya kehidupan dunia ini hanyalah permainan dan suatu yang melalaikan, perhiasan dan bermegah-megah antara kamu serta berbangga-banggaan tentang banyaknya harta dan anak, seperti hujan yang tanam-tanamannya mengagumkan para petani; kemudian tanaman itu menjadi kering dan kamu lihat warnanya kuning kemudian menjadi hancur. Dan di akhirat (nanti) ada azab yang keras dan ampunan dari Allah serta keridhaan-Nya. Dan kehidupan dunia ini tidak lain hanyalah kesenangan yang menipu."},{"number":21,"text":"سَابِقُوٓا۟ إِلَىٰ مَغْفِرَةٍ مِّن رَّبِّكُمْ وَجَنَّةٍ عَرْضُهَا كَعَرْضِ ٱلسَّمَآءِ وَٱلْأَرْضِ أُعِدَّتْ لِلَّذِينَ ءَامَنُوا۟ بِٱللَّهِ وَرُسُلِهِۦ ذَٰلِكَ فَضْلُ ٱللَّهِ يُؤْتِيهِ مَن يَشَآءُ وَٱللَّهُ ذُو ٱلْفَضْلِ ٱلْعَظِيمِ","translation_en":"Race toward forgiveness from your Lord and a Garden whose width is like the width of the heavens and earth, prepared for those who believed in Allah and His messengers. That is the bounty of Allah which He gives to whom He wills, and Allah is the possessor of great bounty.","translation_id":"Berlomba-lombalah kamu kepada (mendapatkan) ampunan dari Tuhanmu dan surga yang luasnya seluas langit dan bumi, yang disediakan bagi orang-orang yang beriman kepada Allah dan Rasul-rasul-Nya. Itulah karunia Allah, diberikan-Nya kepada siapa yang dikehendaki-Nya. Dan Allah mempunyai karunia yang besar."},{"number":22,"text":"مَآ أَصَابَ مِن مُّصِيبَةٍ فِى ٱلْأَرْضِ وَلَا فِىٓ أَنفُسِكُمْ إِلَّا فِى كِتَٰبٍ مِّن قَبْلِ أَن نَّبْرَأَهَآ إِنَّ ذَٰلِكَ عَلَى ٱللَّهِ يَسِيرٌ","translation_en":"No disaster strikes upon the earth or among yourselves except that it is in a register before We bring it into being - indeed that, for Allah, is easy -","translation_id":"Tiada suatu bencanapun yang menimpa di bumi dan (tidak pula) pada dirimu sendiri melainkan telah tertulis dalam kitab (Lauhul Mahfuzh) sebelum Kami menciptakannya. Sesungguhnya yang demikian itu adalah mudah bagi Allah."},{"number":23,"text":"لِّكَيْلَا تَأْسَوْا۟ عَلَىٰ مَا فَاتَكُمْ وَلَا تَفْرَحُوا۟ بِمَآ ءَاتَىٰكُمْ وَٱللَّهُ لَا يُحِبُّ كُلَّ مُخْتَالٍ فَخُورٍ","translation_en":"In order that you not despair over what has eluded you and not exult [in pride] over what He has given you. And Allah does not like everyone self-deluded and boastful -","translation_id":"(Kami jelaskan yang demikian itu) supaya kamu jangan berduka cita terhadap apa yang luput dari kamu, dan supaya kamu jangan terlalu gembira terhadap apa yang diberikan-Nya kepadamu. Dan Allah tidak menyukai setiap orang yang sombong lagi membanggakan diri,"},{"number":24,"text":"ٱلَّذِينَ يَبْخَلُونَ وَيَأْمُرُونَ ٱلنَّاسَ بِٱلْبُخْلِ وَمَن يَتَوَلَّ فَإِنَّ ٱللَّهَ هُوَ ٱلْغَنِىُّ ٱلْحَمِيدُ","translation_en":"[Those] who are stingy and enjoin upon people stinginess. And whoever turns away - then indeed, Allah is the Free of need, the Praiseworthy.","translation_id":"(yaitu) orang-orang yang kikir dan menyuruh manusia berbuat kikir. Dan barangsiapa yang berpaling (dari perintah-perintah Allah) maka sesungguhnya Allah Dialah Yang Maha Kaya lagi Maha Terpuji."},{"number":25,"text":"لَقَدْ أَرْسَلْنَا رُسُلَنَا بِٱلْبَيِّنَٰتِ وَأَنزَلْنَا مَعَهُمُ ٱلْكِتَٰبَ وَٱلْمِيزَانَ لِيَقُومَ ٱلنَّاسُ بِٱلْقِسْطِ وَأَنزَلْنَا ٱلْحَدِيدَ فِيهِ بَأْسٌ شَدِيدٌ وَمَنَٰفِعُ لِلنَّاسِ وَلِيَعْلَمَ ٱللَّهُ مَن يَنصُرُهُۥ وَرُسُلَهُۥ بِٱلْغَيْبِ إِنَّ ٱللَّهَ قَوِىٌّ عَزِيزٌ","translation_en":"We have already sent Our messengers with clear evidences and sent down with them the Scripture and the balance that the people may maintain [their affairs] in justice. And We sent down iron, wherein is great military might and benefits for the people, and so that Allah may make evident those who support Him and His messengers unseen. Indeed, Allah is Powerful and Exalted in Might.","translation_id":"Sesungguhnya Kami telah mengutus rasul-rasul Kami dengan membawa bukti-bukti yang nyata dan telah Kami turunkan bersama mereka Al Kitab dan neraca (keadilan) supaya manusia dapat melaksanakan keadilan. Dan Kami ciptakan besi yang padanya terdapat kekuatan yang hebat dan berbagai manfaat bagi manusia, (supaya mereka mempergunakan besi itu) dan supaya Allah mengetahui siapa yang menolong (agama)Nya dan rasul-rasul-Nya padahal Allah tidak dilihatnya. Sesungguhnya Allah Maha Kuat lagi Maha Perkasa."},{"number":26,"text":"وَلَقَدْ أَرْسَلْنَا نُوحًا وَإِبْرَٰهِيمَ وَجَعَلْنَا فِى ذُرِّيَّتِهِمَا ٱلنُّبُوَّةَ وَٱلْكِتَٰبَ فَمِنْهُم مُّهْتَدٍ وَكَثِيرٌ مِّنْهُمْ فَٰسِقُونَ","translation_en":"And We have already sent Noah and Abraham and placed in their descendants prophethood and scripture; and among them is he who is guided, but many of them are defiantly disobedient.","translation_id":"Dan sesungguhnya Kami telah mengutus Nuh dan Ibrahim dan Kami jadikan kepada keturunan keduanya kenabian dan Al Kitab, maka di antara mereka ada yang menerima petunjuk dan banyak di antara mereka fasik."},{"number":27,"text":"ثُمَّ قَفَّيْنَا عَلَىٰٓ ءَاثَٰرِهِم بِرُسُلِنَا وَقَفَّيْنَا بِعِيسَى ٱبْنِ مَرْيَمَ وَءَاتَيْنَٰهُ ٱلْإِنجِيلَ وَجَعَلْنَا فِى قُلُوبِ ٱلَّذِينَ ٱتَّبَعُوهُ رَأْفَةً وَرَحْمَةً وَرَهْبَانِيَّةً ٱبْتَدَعُوهَا مَا كَتَبْنَٰهَا عَلَيْهِمْ إِلَّا ٱبْتِغَآءَ رِضْوَٰنِ ٱللَّهِ فَمَا رَعَوْهَا حَقَّ رِعَايَتِهَا فَـَٔاتَيْنَا ٱلَّذِينَ ءَامَنُوا۟ مِنْهُمْ أَجْرَهُمْ وَكَثِيرٌ مِّنْهُمْ فَٰسِقُونَ","translation_en":"Then We sent following their footsteps Our messengers and followed [them] with Jesus, the son of Mary, and gave him the Gospel. And We placed in the hearts of those who followed him compassion and mercy and monasticism, which they innovated; We did not prescribe it for them except [that they did so] seeking the approval of Allah. But they did not observe it with due observance. So We gave the ones who believed among them their reward, but many of them are defiantly disobedient.","translation_id":"Kemudian Kami iringi di belakang mereka dengan rasul-rasul Kami dan Kami iringi (pula) dengan Isa putra Maryam; dan Kami berikan kepadanya Injil dan Kami jadikan dalam hati orang-orang yang mengikutinya rasa santun dan kasih sayang. Dan mereka mengada-adakan rahbaniyyah padahal kami tidak mewajibkannya kepada mereka tetapi (mereka sendirilah yang mengada-adakannya) untuk mencari keridhaan Allah, lalu mereka tidak memeliharanya dengan pemeliharaan yang semestinya. Maka Kami berikan kepada orang-orang yang beriman di antara mereka pahalanya dan banyak di antara mereka orang-orang fasik."},{"number":28,"text":"يَٰٓأَيُّهَا ٱلَّذِينَ ءَامَنُوا۟ ٱتَّقُوا۟ ٱللَّهَ وَءَامِنُوا۟ بِرَسُولِهِۦ يُؤْتِكُمْ كِفْلَيْنِ مِن رَّحْمَتِهِۦ وَيَجْعَل لَّكُمْ نُورًا تَمْشُونَ بِهِۦ وَيَغْفِرْ لَكُمْ وَٱللَّهُ غَفُورٌ رَّحِيمٌ","translation_en":"O you who have believed, fear Allah and believe in His Messenger; He will [then] give you a double portion of His mercy and make for you a light by which you will walk and forgive you; and Allah is Forgiving and Merciful.","translation_id":"Hai orang-orang yang beriman (kepada para rasul), bertakwalah kepada Allah dan berimanlah kepada Rasul-Nya, niscaya Allah memberikan rahmat-Nya kepadamu dua bagian, dan menjadikan untukmu cahaya yang dengan cahaya itu kamu dapat berjalan dan Dia mengampuni kamu. Dan Allah Maha Pengampun lagi Maha Penyayang."},{"number":29,"text":"لِّئَلَّا يَعْلَمَ أَهْلُ ٱلْكِتَٰبِ أَلَّا يَقْدِرُونَ عَلَىٰ شَىْءٍ مِّن فَضْلِ ٱللَّهِ وَأَنَّ ٱلْفَضْلَ بِيَدِ ٱللَّهِ يُؤْتِيهِ مَن يَشَآءُ وَٱللَّهُ ذُو ٱلْفَضْلِ ٱلْعَظِيمِ","translation_en":"[This is] so that the People of the Scripture may know that they are not able [to obtain] anything from the bounty of Allah and that [all] bounty is in the hand of Allah; He gives it to whom He wills. And Allah is the possessor of great bounty.","translation_id":"(Kami terangkan yang demikian itu) supaya ahli Kitab mengetahui bahwa mereka tiada mendapat sedikitpun akan karunia Allah (jika mereka tidak beriman kepada Muhammad), dan bahwasanya karunia itu adalah di tangan Allah. Dia berikan karunia itu kepada siapa yang dikehendaki-Nya. Dan Allah mempunyai karunia yang besar."}]}