{"number":58,"name":"سورة المجادلة","transliteration_en":"Al-Mujaadila","translation_en":"The Pleading Woman","total_verses":22,"revelation_type":"Medinan","verses":[{"number":1,"text":"بِسْمِ ٱللَّهِ ٱلرَّحْمَٰنِ ٱلرَّحِيمِ قَدْ سَمِعَ ٱللَّهُ قَوْلَ ٱلَّتِى تُجَٰدِلُكَ فِى زَوْجِهَا وَتَشْتَكِىٓ إِلَى ٱللَّهِ وَٱللَّهُ يَسْمَعُ تَحَاوُرَكُمَآ إِنَّ ٱللَّهَ سَمِيعٌۢ بَصِيرٌ","translation_en":"Certainly has Allah heard the speech of the one who argues with you, [O Muhammad], concerning her husband and directs her complaint to Allah. And Allah hears your dialogue; indeed, Allah is Hearing and Seeing.","translation_id":"Sesungguhnya Allah telah mendengar perkataan wanita yang mengajukan gugatan kepada kamu tentang suaminya, dan mengadukan (halnya) kepada Allah. Dan Allah mendengar soal jawab antara kamu berdua. Sesungguhnya Allah Maha Mendengar lagi Maha Melihat."},{"number":2,"text":"ٱلَّذِينَ يُظَٰهِرُونَ مِنكُم مِّن نِّسَآئِهِم مَّا هُنَّ أُمَّهَٰتِهِمْ إِنْ أُمَّهَٰتُهُمْ إِلَّا ٱلَّٰٓـِٔى وَلَدْنَهُمْ وَإِنَّهُمْ لَيَقُولُونَ مُنكَرًا مِّنَ ٱلْقَوْلِ وَزُورًا وَإِنَّ ٱللَّهَ لَعَفُوٌّ غَفُورٌ","translation_en":"Those who pronounce thihar among you [to separate] from their wives - they are not [consequently] their mothers. Their mothers are none but those who gave birth to them. And indeed, they are saying an objectionable statement and a falsehood. But indeed, Allah is Pardoning and Forgiving.","translation_id":"Orang-orang yang menzhihar isterinya di antara kamu, (menganggap isterinya sebagai ibunya, padahal) tiadalah isteri mereka itu ibu mereka. Ibu-ibu mereka tidak lain hanyalah wanita yang melahirkan mereka. Dan sesungguhnya mereka sungguh-sungguh mengucapkan suatu perkataan mungkar dan dusta. Dan sesungguhnya Allah Maha Pemaaf lagi Maha Pengampun."},{"number":3,"text":"وَٱلَّذِينَ يُظَٰهِرُونَ مِن نِّسَآئِهِمْ ثُمَّ يَعُودُونَ لِمَا قَالُوا۟ فَتَحْرِيرُ رَقَبَةٍ مِّن قَبْلِ أَن يَتَمَآسَّا ذَٰلِكُمْ تُوعَظُونَ بِهِۦ وَٱللَّهُ بِمَا تَعْمَلُونَ خَبِيرٌ","translation_en":"And those who pronounce thihar from their wives and then [wish to] go back on what they said - then [there must be] the freeing of a slave before they touch one another. That is what you are admonished thereby; and Allah is Acquainted with what you do.","translation_id":"Orang-orang yang menzhihar isteri mereka, kemudian mereka hendak menarik kembali apa yang mereka ucapkan, maka (wajib atasnya) memerdekakan seorang budak sebelum kedua suami isteri itu bercampur. Demikianlah yang diajarkan kepada kamu, dan Allah Maha Mengetahui apa yang kamu kerjakan."},{"number":4,"text":"فَمَن لَّمْ يَجِدْ فَصِيَامُ شَهْرَيْنِ مُتَتَابِعَيْنِ مِن قَبْلِ أَن يَتَمَآسَّا فَمَن لَّمْ يَسْتَطِعْ فَإِطْعَامُ سِتِّينَ مِسْكِينًا ذَٰلِكَ لِتُؤْمِنُوا۟ بِٱللَّهِ وَرَسُولِهِۦ وَتِلْكَ حُدُودُ ٱللَّهِ وَلِلْكَٰفِرِينَ عَذَابٌ أَلِيمٌ","translation_en":"And he who does not find [a slave] - then a fast for two months consecutively before they touch one another; and he who is unable - then the feeding of sixty poor persons. That is for you to believe [completely] in Allah and His Messenger; and those are the limits [set by] Allah. And for the disbelievers is a painful punishment.","translation_id":"Barangsiapa yang tidak mendapatkan (budak), maka (wajib atasnya) berpuasa dua bulan berturut-turut sebelum keduanya bercampur. Maka siapa yang tidak kuasa (wajiblah atasnya) memberi makan enam puluh orang miskin. Demikianlah supaya kamu beriman kepada Allah dan Rasul-Nya. Dan itulah hukum-hukum Allah, dan bagi orang kafir ada siksaan yang sangat pedih."},{"number":5,"text":"إِنَّ ٱلَّذِينَ يُحَآدُّونَ ٱللَّهَ وَرَسُولَهُۥ كُبِتُوا۟ كَمَا كُبِتَ ٱلَّذِينَ مِن قَبْلِهِمْ وَقَدْ أَنزَلْنَآ ءَايَٰتٍۭ بَيِّنَٰتٍ وَلِلْكَٰفِرِينَ عَذَابٌ مُّهِينٌ","translation_en":"Indeed, those who oppose Allah and His Messenger are abased as those before them were abased. And We have certainly sent down verses of clear evidence. And for the disbelievers is a humiliating punishment.","translation_id":"Sesungguhnya orang-orang yang yang menentang Allah dan Rasul-Nya, pasti mendapat kehinaan sebagaimana orang-orang yang sebelum mereka telah mendapat kehinaan. Sesungguhnya Kami telah menurunkan bukti-bukti nyata. Dan bagi orang-orang kafir ada siksa yang menghinakan."},{"number":6,"text":"يَوْمَ يَبْعَثُهُمُ ٱللَّهُ جَمِيعًا فَيُنَبِّئُهُم بِمَا عَمِلُوٓا۟ أَحْصَىٰهُ ٱللَّهُ وَنَسُوهُ وَٱللَّهُ عَلَىٰ كُلِّ شَىْءٍ شَهِيدٌ","translation_en":"On the Day when Allah will resurrect them all and inform them of what they did. Allah had enumerated it, while they forgot it; and Allah is, over all things, Witness.","translation_id":"Pada hari ketika mereka dibangkitkan Allah semuanya, lalu diberitakan-Nya kepada mereka apa yang telah mereka kerjakan. Allah mengumpulkan (mencatat) amal perbuatan itu, padahal mereka telah melupakannya. Dan Allah Maha Menyaksikan segala sesuatu."},{"number":7,"text":"أَلَمْ تَرَ أَنَّ ٱللَّهَ يَعْلَمُ مَا فِى ٱلسَّمَٰوَٰتِ وَمَا فِى ٱلْأَرْضِ مَا يَكُونُ مِن نَّجْوَىٰ ثَلَٰثَةٍ إِلَّا هُوَ رَابِعُهُمْ وَلَا خَمْسَةٍ إِلَّا هُوَ سَادِسُهُمْ وَلَآ أَدْنَىٰ مِن ذَٰلِكَ وَلَآ أَكْثَرَ إِلَّا هُوَ مَعَهُمْ أَيْنَ مَا كَانُوا۟ ثُمَّ يُنَبِّئُهُم بِمَا عَمِلُوا۟ يَوْمَ ٱلْقِيَٰمَةِ إِنَّ ٱللَّهَ بِكُلِّ شَىْءٍ عَلِيمٌ","translation_en":"Have you not considered that Allah knows what is in the heavens and what is on the earth? There is in no private conversation three but that He is the fourth of them, nor are there five but that He is the sixth of them - and no less than that and no more except that He is with them [in knowledge] wherever they are. Then He will inform them of what they did, on the Day of Resurrection. Indeed Allah is, of all things, Knowing.","translation_id":"Tidakkah kamu perhatikan, bahwa sesungguhnya Allah mengetahui apa yang ada di langit dan di bumi? Tiada pembicaraan rahasia antara tiga orang, melainkan Dialah keempatnya. Dan tiada (pembicaraan antara) lima orang, melainkan Dialah keenamnya. Dan tiada (pula) pembicaraan antara jumlah yang kurang dari itu atau lebih banyak, melainkan Dia berada bersama mereka di manapun mereka berada. Kemudian Dia akan memberitahukan kepada mereka pada hari kiamat apa yang telah mereka kerjakan. Sesungguhnya Allah Maha mengetahui segala sesuatu."},{"number":8,"text":"أَلَمْ تَرَ إِلَى ٱلَّذِينَ نُهُوا۟ عَنِ ٱلنَّجْوَىٰ ثُمَّ يَعُودُونَ لِمَا نُهُوا۟ عَنْهُ وَيَتَنَٰجَوْنَ بِٱلْإِثْمِ وَٱلْعُدْوَٰنِ وَمَعْصِيَتِ ٱلرَّسُولِ وَإِذَا جَآءُوكَ حَيَّوْكَ بِمَا لَمْ يُحَيِّكَ بِهِ ٱللَّهُ وَيَقُولُونَ فِىٓ أَنفُسِهِمْ لَوْلَا يُعَذِّبُنَا ٱللَّهُ بِمَا نَقُولُ حَسْبُهُمْ جَهَنَّمُ يَصْلَوْنَهَا فَبِئْسَ ٱلْمَصِيرُ","translation_en":"Have you not considered those who were forbidden from private conversation, then they return to that which they were forbidden and converse among themselves about sin and aggression and disobedience to the Messenger? And when they come to you, they greet you with that [word] by which Allah does not greet you and say among themselves, \"Why does Allah not punish us for what we say?\" Sufficient for them is Hell, which they will [enter to] burn, and wretched is the destination.","translation_id":"Apakah tidak kamu perhatikan orang-orang yang telah dilarang mengadakan pembicaraan rahasia, kemudian mereka kembali (mengerjakan) larangan itu dan mereka mengadakan pembicaraan rahasia untuk berbuat dosa, permusuhan dan durhaka kepada Rasul. Dan apabila mereka datang kepadamu, mereka mengucapkan salam kepadamu dengan memberi salam yang bukan sebagai yang ditentukan Allah untukmu. Dan mereka mengatakan kepada diri mereka sendiri: \"Mengapa Allah tidak menyiksa kita disebabkan apa yang kita katakan itu?\" Cukuplah bagi mereka Jahannam yang akan mereka masuki. Dan neraka itu adalah seburuk-buruk tempat kembali."},{"number":9,"text":"يَٰٓأَيُّهَا ٱلَّذِينَ ءَامَنُوٓا۟ إِذَا تَنَٰجَيْتُمْ فَلَا تَتَنَٰجَوْا۟ بِٱلْإِثْمِ وَٱلْعُدْوَٰنِ وَمَعْصِيَتِ ٱلرَّسُولِ وَتَنَٰجَوْا۟ بِٱلْبِرِّ وَٱلتَّقْوَىٰ وَٱتَّقُوا۟ ٱللَّهَ ٱلَّذِىٓ إِلَيْهِ تُحْشَرُونَ","translation_en":"O you who have believed, when you converse privately, do not converse about sin and aggression and disobedience to the Messenger but converse about righteousness and piety. And fear Allah, to whom you will be gathered.","translation_id":"Hai orang-orang beriman, apabila kamu mengadakan pembicaraan rahasia, janganlah kamu membicarakan tentang membuat dosa, permusuhan dan berbuat durhaka kepada Rasul. Dan bicarakanlah tentang membuat kebajikan dan takwa. Dan bertakwalah kepada Allah yang kepada-Nya kamu akan dikembalikan."},{"number":10,"text":"إِنَّمَا ٱلنَّجْوَىٰ مِنَ ٱلشَّيْطَٰنِ لِيَحْزُنَ ٱلَّذِينَ ءَامَنُوا۟ وَلَيْسَ بِضَآرِّهِمْ شَيْـًٔا إِلَّا بِإِذْنِ ٱللَّهِ وَعَلَى ٱللَّهِ فَلْيَتَوَكَّلِ ٱلْمُؤْمِنُونَ","translation_en":"Private conversation is only from Satan that he may grieve those who have believed, but he will not harm them at all except by permission of Allah. And upon Allah let the believers rely.","translation_id":"Sesungguhnya pembicaraan rahasia itu adalah dari syaitan, supaya orang-orang yang beriman itu berduka cita, sedang pembicaraan itu tiadalah memberi mudharat sedikitpun kepada mereka, kecuali dengan izin Allah dan kepada Allah-lah hendaknya orang-orang yang beriman bertawakkal."},{"number":11,"text":"يَٰٓأَيُّهَا ٱلَّذِينَ ءَامَنُوٓا۟ إِذَا قِيلَ لَكُمْ تَفَسَّحُوا۟ فِى ٱلْمَجَٰلِسِ فَٱفْسَحُوا۟ يَفْسَحِ ٱللَّهُ لَكُمْ وَإِذَا قِيلَ ٱنشُزُوا۟ فَٱنشُزُوا۟ يَرْفَعِ ٱللَّهُ ٱلَّذِينَ ءَامَنُوا۟ مِنكُمْ وَٱلَّذِينَ أُوتُوا۟ ٱلْعِلْمَ دَرَجَٰتٍ وَٱللَّهُ بِمَا تَعْمَلُونَ خَبِيرٌ","translation_en":"O you who have believed, when you are told, \"Space yourselves\" in assemblies, then make space; Allah will make space for you. And when you are told, \"Arise,\" then arise; Allah will raise those who have believed among you and those who were given knowledge, by degrees. And Allah is Acquainted with what you do.","translation_id":"Hai orang-orang beriman apabila dikatakan kepadamu: \"Berlapang-lapanglah dalam majlis\", maka lapangkanlah niscaya Allah akan memberi kelapangan untukmu. Dan apabila dikatakan: \"Berdirilah kamu\", maka berdirilah, niscaya Allah akan meninggikan orang-orang yang beriman di antaramu dan orang-orang yang diberi ilmu pengetahuan beberapa derajat. Dan Allah Maha Mengetahui apa yang kamu kerjakan."},{"number":12,"text":"يَٰٓأَيُّهَا ٱلَّذِينَ ءَامَنُوٓا۟ إِذَا نَٰجَيْتُمُ ٱلرَّسُولَ فَقَدِّمُوا۟ بَيْنَ يَدَىْ نَجْوَىٰكُمْ صَدَقَةً ذَٰلِكَ خَيْرٌ لَّكُمْ وَأَطْهَرُ فَإِن لَّمْ تَجِدُوا۟ فَإِنَّ ٱللَّهَ غَفُورٌ رَّحِيمٌ","translation_en":"O you who have believed, when you [wish to] privately consult the Messenger, present before your consultation a charity. That is better for you and purer. But if you find not [the means] - then indeed, Allah is Forgiving and Merciful.","translation_id":"Hai orang-orang beriman, apabila kamu mengadakan pembicaraan khusus dengan Rasul hendaklah kamu mengeluarkan sedekah (kepada orang miskin) sebelum pembicaraan itu. Yang demikian itu lebih baik bagimu dan lebih bersih; jika kamu tidak memperoleh (yang akan disedekahkan) maka sesungguhnya Allah Maha Pengampun lagi Maha Penyayang."},{"number":13,"text":"ءَأَشْفَقْتُمْ أَن تُقَدِّمُوا۟ بَيْنَ يَدَىْ نَجْوَىٰكُمْ صَدَقَٰتٍ فَإِذْ لَمْ تَفْعَلُوا۟ وَتَابَ ٱللَّهُ عَلَيْكُمْ فَأَقِيمُوا۟ ٱلصَّلَوٰةَ وَءَاتُوا۟ ٱلزَّكَوٰةَ وَأَطِيعُوا۟ ٱللَّهَ وَرَسُولَهُۥ وَٱللَّهُ خَبِيرٌۢ بِمَا تَعْمَلُونَ","translation_en":"Have you feared to present before your consultation charities? Then when you do not and Allah has forgiven you, then [at least] establish prayer and give zakah and obey Allah and His Messenger. And Allah is Acquainted with what you do.","translation_id":"Apakah kamu takut akan (menjadi miskin) karena kamu memberikan sedekah sebelum mengadakan pembicaraan dengan Rasul? Maka jika kamu tiada memperbuatnya dan Allah telah memberi taubat kepadamu maka dirikanlah shalat, tunaikanlah zakat, taatlah kepada Allah dan Rasul-Nya; dan Allah Maha Mengetahui apa yang kamu kerjakan."},{"number":14,"text":"أَلَمْ تَرَ إِلَى ٱلَّذِينَ تَوَلَّوْا۟ قَوْمًا غَضِبَ ٱللَّهُ عَلَيْهِم مَّا هُم مِّنكُمْ وَلَا مِنْهُمْ وَيَحْلِفُونَ عَلَى ٱلْكَذِبِ وَهُمْ يَعْلَمُونَ","translation_en":"Have you not considered those who make allies of a people with whom Allah has become angry? They are neither of you nor of them, and they swear to untruth while they know [they are lying].","translation_id":"Tidakkah kamu perhatikan orang-orang yang menjadikan suatu kaum yang dimurkai Allah sebagai teman? Orang-orang itu bukan dari golongan kamu dan bukan (pula) dari golongan mereka. Dan mereka bersumpah untuk menguatkan kebohongan, sedang mereka mengetahui."},{"number":15,"text":"أَعَدَّ ٱللَّهُ لَهُمْ عَذَابًا شَدِيدًا إِنَّهُمْ سَآءَ مَا كَانُوا۟ يَعْمَلُونَ","translation_en":"Allah has prepared for them a severe punishment. Indeed, it was evil that they were doing.","translation_id":"Allah telah menyediakan bagi mereka azab yang sangat keras, sesungguhnya amat buruklah apa yang telah mereka kerjakan."},{"number":16,"text":"ٱتَّخَذُوٓا۟ أَيْمَٰنَهُمْ جُنَّةً فَصَدُّوا۟ عَن سَبِيلِ ٱللَّهِ فَلَهُمْ عَذَابٌ مُّهِينٌ","translation_en":"They took their [false] oaths as a cover, so they averted [people] from the way of Allah, and for them is a humiliating punishment.","translation_id":"Mereka menjadikan sumpah-sumpah mereka sebagai perisai, lalu mereka halangi (manusia) dari jalan Allah; karena itu mereka mendapat azab yang menghinakan."},{"number":17,"text":"لَّن تُغْنِىَ عَنْهُمْ أَمْوَٰلُهُمْ وَلَآ أَوْلَٰدُهُم مِّنَ ٱللَّهِ شَيْـًٔا أُو۟لَٰٓئِكَ أَصْحَٰبُ ٱلنَّارِ هُمْ فِيهَا خَٰلِدُونَ","translation_en":"Never will their wealth or their children avail them against Allah at all. Those are the companions of the Fire; they will abide therein eternally","translation_id":"Harta benda dan anak-anak mereka tiada berguna sedikitpun (untuk menolong) mereka dari azab Allah. Mereka itulah penghuni neraka, dan mereka kekal di dalamnya."},{"number":18,"text":"يَوْمَ يَبْعَثُهُمُ ٱللَّهُ جَمِيعًا فَيَحْلِفُونَ لَهُۥ كَمَا يَحْلِفُونَ لَكُمْ وَيَحْسَبُونَ أَنَّهُمْ عَلَىٰ شَىْءٍ أَلَآ إِنَّهُمْ هُمُ ٱلْكَٰذِبُونَ","translation_en":"On the Day Allah will resurrect them all, and they will swear to Him as they swear to you and think that they are [standing] on something. Unquestionably, it is they who are the liars.","translation_id":"(Ingatlah) hari (ketika) mereka semua dibangkitkan Allah lalu mereka bersumpah kepada-Nya (bahwa mereka bukan musyrikin) sebagaimana mereka bersumpah kepadamu; dan mereka menyangka bahwa mereka akan memperoleh suatu (manfaat). Ketahuilah, bahwa sesungguhnya merekalah orang-orang pendusta."},{"number":19,"text":"ٱسْتَحْوَذَ عَلَيْهِمُ ٱلشَّيْطَٰنُ فَأَنسَىٰهُمْ ذِكْرَ ٱللَّهِ أُو۟لَٰٓئِكَ حِزْبُ ٱلشَّيْطَٰنِ أَلَآ إِنَّ حِزْبَ ٱلشَّيْطَٰنِ هُمُ ٱلْخَٰسِرُونَ","translation_en":"Satan has overcome them and made them forget the remembrance of Allah. Those are the party of Satan. Unquestionably, the party of Satan - they will be the losers.","translation_id":"Syaitan telah menguasai mereka lalu menjadikan mereka lupa mengingat Allah; mereka itulah golongan syaitan. Ketahuilah, bahwa sesungguhnya golongan syaitan itulah golongan yang merugi."},{"number":20,"text":"إِنَّ ٱلَّذِينَ يُحَآدُّونَ ٱللَّهَ وَرَسُولَهُۥٓ أُو۟لَٰٓئِكَ فِى ٱلْأَذَلِّينَ","translation_en":"Indeed, the ones who oppose Allah and His Messenger - those will be among the most humbled.","translation_id":"Sesungguhnya orang-orang yang menentang Allah dan Rasul-Nya, mereka termasuk orang-orang yang sangat hina."},{"number":21,"text":"كَتَبَ ٱللَّهُ لَأَغْلِبَنَّ أَنَا۠ وَرُسُلِىٓ إِنَّ ٱللَّهَ قَوِىٌّ عَزِيزٌ","translation_en":"Allah has written, \"I will surely overcome, I and My messengers.\" Indeed, Allah is Powerful and Exalted in Might.","translation_id":"Allah telah menetapkan: \"Aku dan rasul-rasul-Ku pasti menang\". Sesungguhnya Allah Maha Kuat lagi Maha Perkasa."},{"number":22,"text":"لَّا تَجِدُ قَوْمًا يُؤْمِنُونَ بِٱللَّهِ وَٱلْيَوْمِ ٱلْءَاخِرِ يُوَآدُّونَ مَنْ حَآدَّ ٱللَّهَ وَرَسُولَهُۥ وَلَوْ كَانُوٓا۟ ءَابَآءَهُمْ أَوْ أَبْنَآءَهُمْ أَوْ إِخْوَٰنَهُمْ أَوْ عَشِيرَتَهُمْ أُو۟لَٰٓئِكَ كَتَبَ فِى قُلُوبِهِمُ ٱلْإِيمَٰنَ وَأَيَّدَهُم بِرُوحٍ مِّنْهُ وَيُدْخِلُهُمْ جَنَّٰتٍ تَجْرِى مِن تَحْتِهَا ٱلْأَنْهَٰرُ خَٰلِدِينَ فِيهَا رَضِىَ ٱللَّهُ عَنْهُمْ وَرَضُوا۟ عَنْهُ أُو۟لَٰٓئِكَ حِزْبُ ٱللَّهِ أَلَآ إِنَّ حِزْبَ ٱللَّهِ هُمُ ٱلْمُفْلِحُونَ","translation_en":"You will not find a people who believe in Allah and the Last Day having affection for those who oppose Allah and His Messenger, even if they were their fathers or their sons or their brothers or their kindred. Those - He has decreed within their hearts faith and supported them with spirit from Him. And We will admit them to gardens beneath which rivers flow, wherein they abide eternally. Allah is pleased with them, and they are pleased with Him - those are the party of Allah. Unquestionably, the party of Allah - they are the successful.","translation_id":"Kamu tak akan mendapati kaum yang beriman pada Allah dan hari akhirat, saling berkasih-sayang dengan orang-orang yang menentang Allah dan Rasul-Nya, sekalipun orang-orang itu bapak-bapak, atau anak-anak atau saudara-saudara ataupun keluarga mereka. Mereka itulah orang-orang yang telah menanamkan keimanan dalam hati mereka dan menguatkan mereka dengan pertolongan yang datang daripada-Nya. Dan dimasukan-Nya mereka ke dalam surga yang mengalir di bawahnya sungai-sungai, mereka kekal di dalamnya. Allah ridha terhadap mereka, dan merekapun merasa puas terhadap (limpahan rahmat)-Nya. Mereka itulah golongan Allah. Ketahuilah, bahwa sesungguhnya hizbullah itu adalah golongan yang beruntung."}]}