{"number":59,"name":"سورة الحشر","transliteration_en":"Al-Hashr","translation_en":"The Exile","total_verses":24,"revelation_type":"Medinan","verses":[{"number":1,"text":"بِسْمِ ٱللَّهِ ٱلرَّحْمَٰنِ ٱلرَّحِيمِ سَبَّحَ لِلَّهِ مَا فِى ٱلسَّمَٰوَٰتِ وَمَا فِى ٱلْأَرْضِ وَهُوَ ٱلْعَزِيزُ ٱلْحَكِيمُ","translation_en":"Whatever is in the heavens and whatever is on the earth exalts Allah, and He is the Exalted in Might, the Wise.","translation_id":"Telah bertasbih kepada Allah apa yang ada di langit dan bumi; dan Dialah Yang Maha Perkasa lagi Maha Bijaksana."},{"number":2,"text":"هُوَ ٱلَّذِىٓ أَخْرَجَ ٱلَّذِينَ كَفَرُوا۟ مِنْ أَهْلِ ٱلْكِتَٰبِ مِن دِيَٰرِهِمْ لِأَوَّلِ ٱلْحَشْرِ مَا ظَنَنتُمْ أَن يَخْرُجُوا۟ وَظَنُّوٓا۟ أَنَّهُم مَّانِعَتُهُمْ حُصُونُهُم مِّنَ ٱللَّهِ فَأَتَىٰهُمُ ٱللَّهُ مِنْ حَيْثُ لَمْ يَحْتَسِبُوا۟ وَقَذَفَ فِى قُلُوبِهِمُ ٱلرُّعْبَ يُخْرِبُونَ بُيُوتَهُم بِأَيْدِيهِمْ وَأَيْدِى ٱلْمُؤْمِنِينَ فَٱعْتَبِرُوا۟ يَٰٓأُو۟لِى ٱلْأَبْصَٰرِ","translation_en":"It is He who expelled the ones who disbelieved among the People of the Scripture from their homes at the first gathering. You did not think they would leave, and they thought that their fortresses would protect them from Allah; but [the decree of] Allah came upon them from where they had not expected, and He cast terror into their hearts [so] they destroyed their houses by their [own] hands and the hands of the believers. So take warning, O people of vision.","translation_id":"Dialah yang mengeluarkan orang-orang kafir di antara ahli kitab dari kampung-kampung mereka pada saat pengusiran yang pertama. Kamu tidak menyangka, bahwa mereka akan keluar dan merekapun yakin, bahwa benteng-benteng mereka dapat mempertahankan mereka dari (siksa) Allah; maka Allah mendatangkan kepada mereka (hukuman) dari arah yang tidak mereka sangka-sangka. Dan Allah melemparkan ketakutan dalam hati mereka; mereka memusnahkan rumah-rumah mereka dengan tangan mereka sendiri dan tangan orang-orang mukmin. Maka ambillah (kejadian itu) untuk menjadi pelajaran, hai orang-orang yang mempunyai wawasan."},{"number":3,"text":"وَلَوْلَآ أَن كَتَبَ ٱللَّهُ عَلَيْهِمُ ٱلْجَلَآءَ لَعَذَّبَهُمْ فِى ٱلدُّنْيَا وَلَهُمْ فِى ٱلْءَاخِرَةِ عَذَابُ ٱلنَّارِ","translation_en":"And if not that Allah had decreed for them evacuation, He would have punished them in [this] world, and for them in the Hereafter is the punishment of the Fire.","translation_id":"Dan jika tidaklah karena Allah telah menetapkan pengusiran terhadap mereka, benar-benar Allah mengazab mereka di dunia. Dan bagi mereka di akhirat azab neraka."},{"number":4,"text":"ذَٰلِكَ بِأَنَّهُمْ شَآقُّوا۟ ٱللَّهَ وَرَسُولَهُۥ وَمَن يُشَآقِّ ٱللَّهَ فَإِنَّ ٱللَّهَ شَدِيدُ ٱلْعِقَابِ","translation_en":"That is because they opposed Allah and His Messenger. And whoever opposes Allah - then indeed, Allah is severe in penalty.","translation_id":"Yang demikian itu adalah karena Sesungguhnya mereka menentang Allah dan Rasul-Nya. Barangsiapa menentang Allah dan Rasul-Nya, Sesungguhnya Allah sangat keras hukuman-Nya."},{"number":5,"text":"مَا قَطَعْتُم مِّن لِّينَةٍ أَوْ تَرَكْتُمُوهَا قَآئِمَةً عَلَىٰٓ أُصُولِهَا فَبِإِذْنِ ٱللَّهِ وَلِيُخْزِىَ ٱلْفَٰسِقِينَ","translation_en":"Whatever you have cut down of [their] palm trees or left standing on their trunks - it was by permission of Allah and so He would disgrace the defiantly disobedient.","translation_id":"Apa saja yang kamu tebang dari pohon kurma (milik orang-orang kafir) atau yang kamu biarkan (tumbuh) berdiri di atas pokoknya, maka (semua itu) adalah dengan izin Allah; dan karena Dia hendak memberikan kehinaan kepada orang-orang fasik."},{"number":6,"text":"وَمَآ أَفَآءَ ٱللَّهُ عَلَىٰ رَسُولِهِۦ مِنْهُمْ فَمَآ أَوْجَفْتُمْ عَلَيْهِ مِنْ خَيْلٍ وَلَا رِكَابٍ وَلَٰكِنَّ ٱللَّهَ يُسَلِّطُ رُسُلَهُۥ عَلَىٰ مَن يَشَآءُ وَٱللَّهُ عَلَىٰ كُلِّ شَىْءٍ قَدِيرٌ","translation_en":"And what Allah restored [of property] to His Messenger from them - you did not spur for it [in an expedition] any horses or camels, but Allah gives His messengers power over whom He wills, and Allah is over all things competent.","translation_id":"Dan apa saja harta rampasan (fai-i) yang diberikan Allah kepada Rasul-Nya (dari harta benda) mereka, maka untuk mendapatkan itu kamu tidak mengerahkan seekor kudapun dan (tidak pula) seekor untapun, tetapi Allah yang memberikan kekuasaan kepada Rasul-Nya terhadap apa saja yang dikehendaki-Nya. Dan Allah Maha Kuasa atas segala sesuatu."},{"number":7,"text":"مَّآ أَفَآءَ ٱللَّهُ عَلَىٰ رَسُولِهِۦ مِنْ أَهْلِ ٱلْقُرَىٰ فَلِلَّهِ وَلِلرَّسُولِ وَلِذِى ٱلْقُرْبَىٰ وَٱلْيَتَٰمَىٰ وَٱلْمَسَٰكِينِ وَٱبْنِ ٱلسَّبِيلِ كَىْ لَا يَكُونَ دُولَةًۢ بَيْنَ ٱلْأَغْنِيَآءِ مِنكُمْ وَمَآ ءَاتَىٰكُمُ ٱلرَّسُولُ فَخُذُوهُ وَمَا نَهَىٰكُمْ عَنْهُ فَٱنتَهُوا۟ وَٱتَّقُوا۟ ٱللَّهَ إِنَّ ٱللَّهَ شَدِيدُ ٱلْعِقَابِ","translation_en":"And what Allah restored to His Messenger from the people of the towns - it is for Allah and for the Messenger and for [his] near relatives and orphans and the [stranded] traveler - so that it will not be a perpetual distribution among the rich from among you. And whatever the Messenger has given you - take; and what he has forbidden you - refrain from. And fear Allah; indeed, Allah is severe in penalty.","translation_id":"Apa saja harta rampasan (fai-i) yang diberikan Allah kepada Rasul-Nya (dari harta benda) yang berasal dari penduduk kota-kota maka adalah untuk Allah, untuk Rasul, kaum kerabat, anak-anak yatim, orang-orang miskin dan orang-orang yang dalam perjalanan, supaya harta itu jangan beredar di antara orang-orang kaya saja di antara kamu. Apa yang diberikan Rasul kepadamu, maka terimalah. Dan apa yang dilarangnya bagimu, maka tinggalkanlah. Dan bertakwalah kepada Allah. Sesungguhnya Allah amat keras hukumannya."},{"number":8,"text":"لِلْفُقَرَآءِ ٱلْمُهَٰجِرِينَ ٱلَّذِينَ أُخْرِجُوا۟ مِن دِيَٰرِهِمْ وَأَمْوَٰلِهِمْ يَبْتَغُونَ فَضْلًا مِّنَ ٱللَّهِ وَرِضْوَٰنًا وَيَنصُرُونَ ٱللَّهَ وَرَسُولَهُۥٓ أُو۟لَٰٓئِكَ هُمُ ٱلصَّٰدِقُونَ","translation_en":"For the poor emigrants who were expelled from their homes and their properties, seeking bounty from Allah and [His] approval and supporting Allah and His Messenger, [there is also a share]. Those are the truthful.","translation_id":"(Juga) bagi orang fakir yang berhijrah yang diusir dari kampung halaman dan dari harta benda mereka (karena) mencari karunia dari Allah dan keridhaan-Nya dan mereka menolong Allah dan Rasul-Nya. Mereka itulah orang-orang yang benar."},{"number":9,"text":"وَٱلَّذِينَ تَبَوَّءُو ٱلدَّارَ وَٱلْإِيمَٰنَ مِن قَبْلِهِمْ يُحِبُّونَ مَنْ هَاجَرَ إِلَيْهِمْ وَلَا يَجِدُونَ فِى صُدُورِهِمْ حَاجَةً مِّمَّآ أُوتُوا۟ وَيُؤْثِرُونَ عَلَىٰٓ أَنفُسِهِمْ وَلَوْ كَانَ بِهِمْ خَصَاصَةٌ وَمَن يُوقَ شُحَّ نَفْسِهِۦ فَأُو۟لَٰٓئِكَ هُمُ ٱلْمُفْلِحُونَ","translation_en":"And [also for] those who were settled in al-Madinah and [adopted] the faith before them. They love those who emigrated to them and find not any want in their breasts of what the emigrants were given but give [them] preference over themselves, even though they are in privation. And whoever is protected from the stinginess of his soul - it is those who will be the successful.","translation_id":"Dan orang-orang yang telah menempati kota Madinah dan telah beriman (Anshor) sebelum (kedatangan) mereka (Muhajirin), mereka (Anshor) 'mencintai' orang yang berhijrah kepada mereka (Muhajirin). Dan mereka (Anshor) tiada menaruh keinginan dalam hati mereka terhadap apa-apa yang diberikan kepada mereka (Muhajirin); dan mereka mengutamakan (orang-orang Muhajirin), atas diri mereka sendiri, sekalipun mereka dalam kesusahan. Dan siapa yang dipelihara dari kekikiran dirinya, mereka itulah orang orang yang beruntung"},{"number":10,"text":"وَٱلَّذِينَ جَآءُو مِنۢ بَعْدِهِمْ يَقُولُونَ رَبَّنَا ٱغْفِرْ لَنَا وَلِإِخْوَٰنِنَا ٱلَّذِينَ سَبَقُونَا بِٱلْإِيمَٰنِ وَلَا تَجْعَلْ فِى قُلُوبِنَا غِلًّا لِّلَّذِينَ ءَامَنُوا۟ رَبَّنَآ إِنَّكَ رَءُوفٌ رَّحِيمٌ","translation_en":"And [there is a share for] those who came after them, saying, \"Our Lord, forgive us and our brothers who preceded us in faith and put not in our hearts [any] resentment toward those who have believed. Our Lord, indeed You are Kind and Merciful.\"","translation_id":"Dan orang-orang yang datang sesudah mereka (Muhajirin dan Anshor), mereka berdoa: \"Ya Rabb kami, beri ampunlah kami dan saudara-saudara kami yang telah beriman lebih dulu dari kami, dan janganlah Engkau membiarkan kedengkian dalam hati kami terhadap orang-orang yang beriman; Ya Rabb kami, Sesungguhnya Engkau Maha Penyantun lagi Maha Penyayang\"."},{"number":11,"text":"أَلَمْ تَرَ إِلَى ٱلَّذِينَ نَافَقُوا۟ يَقُولُونَ لِإِخْوَٰنِهِمُ ٱلَّذِينَ كَفَرُوا۟ مِنْ أَهْلِ ٱلْكِتَٰبِ لَئِنْ أُخْرِجْتُمْ لَنَخْرُجَنَّ مَعَكُمْ وَلَا نُطِيعُ فِيكُمْ أَحَدًا أَبَدًا وَإِن قُوتِلْتُمْ لَنَنصُرَنَّكُمْ وَٱللَّهُ يَشْهَدُ إِنَّهُمْ لَكَٰذِبُونَ","translation_en":"Have you not considered those who practice hypocrisy, saying to their brothers who have disbelieved among the People of the Scripture, \"If you are expelled, we will surely leave with you, and we will not obey, in regard to you, anyone - ever; and if you are fought, we will surely aid you.\" But Allah testifies that they are liars.","translation_id":"Apakah kamu tidak memperhatikan orang-orang munafik yang berkata kepada saudara-saudara mereka yang kafir di antara ahli kitab: \"Sesungguhnya jika kamu diusir niscaya kamipun akan keluar bersamamu; dan kami selama-lamanya tidak akan patuh kepada siapapun untuk (menyusahkan) kamu, dan jika kamu diperangi pasti kami akan membantu kamu\". Dan Allah menyaksikan bahwa Sesungguhnya mereka benar-benar pendusta."},{"number":12,"text":"لَئِنْ أُخْرِجُوا۟ لَا يَخْرُجُونَ مَعَهُمْ وَلَئِن قُوتِلُوا۟ لَا يَنصُرُونَهُمْ وَلَئِن نَّصَرُوهُمْ لَيُوَلُّنَّ ٱلْأَدْبَٰرَ ثُمَّ لَا يُنصَرُونَ","translation_en":"If they are expelled, they will not leave with them, and if they are fought, they will not aid them. And [even] if they should aid them, they will surely turn their backs; then [thereafter] they will not be aided.","translation_id":"Sesungguhnya jika mereka diusir, orang-orang munafik itu tidak akan keluar bersama mereka, dan sesungguhnya jika mereka diperangi, niscaya mereka tidak akan menolongnya; sesungguhnya jika mereka menolongnya, niscaya mereka akan berpaling lari ke belakang; kemudian mereka tidak akan mendapat pertolongan."},{"number":13,"text":"لَأَنتُمْ أَشَدُّ رَهْبَةً فِى صُدُورِهِم مِّنَ ٱللَّهِ ذَٰلِكَ بِأَنَّهُمْ قَوْمٌ لَّا يَفْقَهُونَ","translation_en":"You [believers] are more fearful within their breasts than Allah. That is because they are a people who do not understand.","translation_id":"Sesungguhnya kamu dalam hati mereka lebih ditakuti daripada Allah. Yang demikian itu karena mereka adalah kaum yang tidak mengerti."},{"number":14,"text":"لَا يُقَٰتِلُونَكُمْ جَمِيعًا إِلَّا فِى قُرًى مُّحَصَّنَةٍ أَوْ مِن وَرَآءِ جُدُرٍۭ بَأْسُهُم بَيْنَهُمْ شَدِيدٌ تَحْسَبُهُمْ جَمِيعًا وَقُلُوبُهُمْ شَتَّىٰ ذَٰلِكَ بِأَنَّهُمْ قَوْمٌ لَّا يَعْقِلُونَ","translation_en":"They will not fight you all except within fortified cities or from behind walls. Their violence among themselves is severe. You think they are together, but their hearts are diverse. That is because they are a people who do not reason.","translation_id":"Mereka tidak akan memerangi kamu dalam keadaan bersatu padu, kecuali dalam kampung-kampung yang berbenteng atau di balik tembok. Permusuhan antara sesama mereka adalah sangat hebat. Kamu kira mereka itu bersatu, sedang hati mereka berpecah belah. Yang demikian itu karena sesungguhnya mereka adalah kaum yang tidak mengerti."},{"number":15,"text":"كَمَثَلِ ٱلَّذِينَ مِن قَبْلِهِمْ قَرِيبًا ذَاقُوا۟ وَبَالَ أَمْرِهِمْ وَلَهُمْ عَذَابٌ أَلِيمٌ","translation_en":"[Theirs is] like the example of those shortly before them: they tasted the bad consequence of their affair, and they will have a painful punishment.","translation_id":"(Mereka adalah) seperti orang-orang Yahudi yang belum lama sebelum mereka telah merasai akibat buruk dari perbuatan mereka, dan bagi mereka azab yang pedih."},{"number":16,"text":"كَمَثَلِ ٱلشَّيْطَٰنِ إِذْ قَالَ لِلْإِنسَٰنِ ٱكْفُرْ فَلَمَّا كَفَرَ قَالَ إِنِّى بَرِىٓءٌ مِّنكَ إِنِّىٓ أَخَافُ ٱللَّهَ رَبَّ ٱلْعَٰلَمِينَ","translation_en":"[The hypocrites are] like the example of Satan when he says to man, \"Disbelieve.\" But when he disbelieves, he says, \"Indeed, I am disassociated from you. Indeed, I fear Allah, Lord of the worlds.\"","translation_id":"(Bujukan orang-orang munafik itu adalah) seperti (bujukan) shaitan ketika dia berkata kepada manusia: \"Kafirlah kamu\", maka tatkala manusia itu telah kafir, maka ia berkata: \"Sesungguhnya aku berlepas diri dari kamu, karena sesungguhnya aku takut kepada Allah, Rabb semesta Alam\"."},{"number":17,"text":"فَكَانَ عَٰقِبَتَهُمَآ أَنَّهُمَا فِى ٱلنَّارِ خَٰلِدَيْنِ فِيهَا وَذَٰلِكَ جَزَٰٓؤُا۟ ٱلظَّٰلِمِينَ","translation_en":"So the outcome for both of them is that they will be in the Fire, abiding eternally therein. And that is the recompense of the wrong-doers.","translation_id":"Maka adalah kesudahan keduanya, bahwa sesungguhnya keduanya (masuk) ke dalam neraka, mereka kekal di dalamnya. Demikianlah balasan orang-orang yang zalim."},{"number":18,"text":"يَٰٓأَيُّهَا ٱلَّذِينَ ءَامَنُوا۟ ٱتَّقُوا۟ ٱللَّهَ وَلْتَنظُرْ نَفْسٌ مَّا قَدَّمَتْ لِغَدٍ وَٱتَّقُوا۟ ٱللَّهَ إِنَّ ٱللَّهَ خَبِيرٌۢ بِمَا تَعْمَلُونَ","translation_en":"O you who have believed, fear Allah. And let every soul look to what it has put forth for tomorrow - and fear Allah. Indeed, Allah is Acquainted with what you do.","translation_id":"Hai orang-orang yang beriman, bertakwalah kepada Allah dan hendaklah setiap diri memperhatikan apa yang telah diperbuatnya untuk hari esok (akhirat); dan bertakwalah kepada Allah, sesungguhnya Allah Maha Mengetahui apa yang kamu kerjakan."},{"number":19,"text":"وَلَا تَكُونُوا۟ كَٱلَّذِينَ نَسُوا۟ ٱللَّهَ فَأَنسَىٰهُمْ أَنفُسَهُمْ أُو۟لَٰٓئِكَ هُمُ ٱلْفَٰسِقُونَ","translation_en":"And be not like those who forgot Allah, so He made them forget themselves. Those are the defiantly disobedient.","translation_id":"Dan janganlah kamu seperti orang-orang yang lupa kepada Allah, lalu Allah menjadikan mereka lupa kepada mereka sendiri. Mereka itulah orang-orang yang fasik."},{"number":20,"text":"لَا يَسْتَوِىٓ أَصْحَٰبُ ٱلنَّارِ وَأَصْحَٰبُ ٱلْجَنَّةِ أَصْحَٰبُ ٱلْجَنَّةِ هُمُ ٱلْفَآئِزُونَ","translation_en":"Not equal are the companions of the Fire and the companions of Paradise. The companions of Paradise - they are the attainers [of success].","translation_id":"Tidaklah sama penghuni-penghuni neraka dengan penghuni-penghuni jannah; penghuni-penghuni jannah itulah orang-orang yang beruntung."},{"number":21,"text":"لَوْ أَنزَلْنَا هَٰذَا ٱلْقُرْءَانَ عَلَىٰ جَبَلٍ لَّرَأَيْتَهُۥ خَٰشِعًا مُّتَصَدِّعًا مِّنْ خَشْيَةِ ٱللَّهِ وَتِلْكَ ٱلْأَمْثَٰلُ نَضْرِبُهَا لِلنَّاسِ لَعَلَّهُمْ يَتَفَكَّرُونَ","translation_en":"If We had sent down this Qur'an upon a mountain, you would have seen it humbled and coming apart from fear of Allah. And these examples We present to the people that perhaps they will give thought.","translation_id":"Kalau sekiranya Kami turunkan Al-Quran ini kepada sebuah gunung, pasti kamu akan melihatnya tunduk terpecah belah disebabkan ketakutannya kepada Allah. Dan perumpamaan-perumpamaan itu Kami buat untuk manusia supaya mereka berfikir."},{"number":22,"text":"هُوَ ٱللَّهُ ٱلَّذِى لَآ إِلَٰهَ إِلَّا هُوَ عَٰلِمُ ٱلْغَيْبِ وَٱلشَّهَٰدَةِ هُوَ ٱلرَّحْمَٰنُ ٱلرَّحِيمُ","translation_en":"He is Allah, other than whom there is no deity, Knower of the unseen and the witnessed. He is the Entirely Merciful, the Especially Merciful.","translation_id":"Dialah Allah Yang tiada Tuhan selain Dia, Yang Mengetahui yang ghaib dan yang nyata, Dialah Yang Maha Pemurah lagi Maha Penyayang."},{"number":23,"text":"هُوَ ٱللَّهُ ٱلَّذِى لَآ إِلَٰهَ إِلَّا هُوَ ٱلْمَلِكُ ٱلْقُدُّوسُ ٱلسَّلَٰمُ ٱلْمُؤْمِنُ ٱلْمُهَيْمِنُ ٱلْعَزِيزُ ٱلْجَبَّارُ ٱلْمُتَكَبِّرُ سُبْحَٰنَ ٱللَّهِ عَمَّا يُشْرِكُونَ","translation_en":"He is Allah, other than whom there is no deity, the Sovereign, the Pure, the Perfection, the Bestower of Faith, the Overseer, the Exalted in Might, the Compeller, the Superior. Exalted is Allah above whatever they associate with Him.","translation_id":"Dialah Allah Yang tiada Tuhan selain Dia, Raja, Yang Maha Suci, Yang Maha Sejahtera, Yang Mengaruniakan Keamanan, Yang Maha Memelihara, Yang Maha Perkasa, Yang Maha Kuasa, Yang Memiliki segala Keagungan, Maha Suci Allah dari apa yang mereka persekutukan."},{"number":24,"text":"هُوَ ٱللَّهُ ٱلْخَٰلِقُ ٱلْبَارِئُ ٱلْمُصَوِّرُ لَهُ ٱلْأَسْمَآءُ ٱلْحُسْنَىٰ يُسَبِّحُ لَهُۥ مَا فِى ٱلسَّمَٰوَٰتِ وَٱلْأَرْضِ وَهُوَ ٱلْعَزِيزُ ٱلْحَكِيمُ","translation_en":"He is Allah, the Creator, the Inventor, the Fashioner; to Him belong the best names. Whatever is in the heavens and earth is exalting Him. And He is the Exalted in Might, the Wise.","translation_id":"Dialah Allah Yang Menciptakan, Yang Mengadakan, Yang Membentuk Rupa, Yang Mempunyai Asmaaul Husna. Bertasbih kepada-Nya apa yang di langit dan bumi. Dan Dialah Yang Maha Perkasa lagi Maha Bijaksana."}]}