{"number":61,"name":"سورة الصف","transliteration_en":"As-Saff","translation_en":"The Ranks","total_verses":14,"revelation_type":"Medinan","verses":[{"number":1,"text":"بِسْمِ ٱللَّهِ ٱلرَّحْمَٰنِ ٱلرَّحِيمِ سَبَّحَ لِلَّهِ مَا فِى ٱلسَّمَٰوَٰتِ وَمَا فِى ٱلْأَرْضِ وَهُوَ ٱلْعَزِيزُ ٱلْحَكِيمُ","translation_en":"Whatever is in the heavens and whatever is on the earth exalts Allah, and He is the Exalted in Might, the Wise.","translation_id":"Telah bertasbih kepada Allah apa saja yang ada di langit dan apa saja yang ada di bumi; dan Dialah Yang Maha Perkasa lagi Maha Bijaksana."},{"number":2,"text":"يَٰٓأَيُّهَا ٱلَّذِينَ ءَامَنُوا۟ لِمَ تَقُولُونَ مَا لَا تَفْعَلُونَ","translation_en":"O you who have believed, why do you say what you do not do?","translation_id":"Wahai orang-orang yang beriman, kenapakah kamu mengatakan sesuatu yang tidak kamu kerjakan?"},{"number":3,"text":"كَبُرَ مَقْتًا عِندَ ٱللَّهِ أَن تَقُولُوا۟ مَا لَا تَفْعَلُونَ","translation_en":"Great is hatred in the sight of Allah that you say what you do not do.","translation_id":"Amat besar kebencian di sisi Allah bahwa kamu mengatakan apa-apa yang tidak kamu kerjakan."},{"number":4,"text":"إِنَّ ٱللَّهَ يُحِبُّ ٱلَّذِينَ يُقَٰتِلُونَ فِى سَبِيلِهِۦ صَفًّا كَأَنَّهُم بُنْيَٰنٌ مَّرْصُوصٌ","translation_en":"Indeed, Allah loves those who fight in His cause in a row as though they are a [single] structure joined firmly.","translation_id":"Sesungguhnya Allah menyukai orang yang berperang dijalan-Nya dalam barisan yang teratur seakan-akan mereka seperti suatu bangunan yang tersusun kokoh."},{"number":5,"text":"وَإِذْ قَالَ مُوسَىٰ لِقَوْمِهِۦ يَٰقَوْمِ لِمَ تُؤْذُونَنِى وَقَد تَّعْلَمُونَ أَنِّى رَسُولُ ٱللَّهِ إِلَيْكُمْ فَلَمَّا زَاغُوٓا۟ أَزَاغَ ٱللَّهُ قُلُوبَهُمْ وَٱللَّهُ لَا يَهْدِى ٱلْقَوْمَ ٱلْفَٰسِقِينَ","translation_en":"And [mention, O Muhammad], when Moses said to his people, \"O my people, why do you harm me while you certainly know that I am the messenger of Allah to you?\" And when they deviated, Allah caused their hearts to deviate. And Allah does not guide the defiantly disobedient people.","translation_id":"Dan (ingatlah) ketika Musa berkata kepada kaumnya: \"Hai kaumku, mengapa kamu menyakitiku, sedangkan kamu mengetahui bahwa sesungguhnya aku adalah utusan Allah kepadamu?\" Maka tatkala mereka berpaling (dari kebenaran), Allah memalingkan hati mereka; dan Allah tidak memberi petunjuk kepada kaum yang fasik."},{"number":6,"text":"وَإِذْ قَالَ عِيسَى ٱبْنُ مَرْيَمَ يَٰبَنِىٓ إِسْرَٰٓءِيلَ إِنِّى رَسُولُ ٱللَّهِ إِلَيْكُم مُّصَدِّقًا لِّمَا بَيْنَ يَدَىَّ مِنَ ٱلتَّوْرَىٰةِ وَمُبَشِّرًۢا بِرَسُولٍ يَأْتِى مِنۢ بَعْدِى ٱسْمُهُۥٓ أَحْمَدُ فَلَمَّا جَآءَهُم بِٱلْبَيِّنَٰتِ قَالُوا۟ هَٰذَا سِحْرٌ مُّبِينٌ","translation_en":"And [mention] when Jesus, the son of Mary, said, \"O children of Israel, indeed I am the messenger of Allah to you confirming what came before me of the Torah and bringing good tidings of a messenger to come after me, whose name is Ahmad.\" But when he came to them with clear evidences, they said, \"This is obvious magic.\"","translation_id":"Dan (ingatlah) ketika Isa ibnu Maryam berkata: \"Hai Bani Israil, sesungguhnya aku adalah utusan Allah kepadamu, membenarkan kitab sebelumku, yaitu Taurat, dan memberi khabar gembira dengan (datangnya) seorang Rasul yang akan datang sesudahku, yang namanya Ahmad (Muhammad)\". Maka tatkala rasul itu datang kepada mereka dengan membawa bukti-bukti yang nyata, mereka berkata: \"Ini adalah sihir yang nyata\"."},{"number":7,"text":"وَمَنْ أَظْلَمُ مِمَّنِ ٱفْتَرَىٰ عَلَى ٱللَّهِ ٱلْكَذِبَ وَهُوَ يُدْعَىٰٓ إِلَى ٱلْإِسْلَٰمِ وَٱللَّهُ لَا يَهْدِى ٱلْقَوْمَ ٱلظَّٰلِمِينَ","translation_en":"And who is more unjust than one who invents about Allah untruth while he is being invited to Islam. And Allah does not guide the wrongdoing people.","translation_id":"Dan siapakah yang lebih zalim daripada orang yang mengada-adakan dusta terhadap Allah sedang dia diajak kepada Islam? Dan Allah tidak memberi petunjuk kepada orang-orang zalim."},{"number":8,"text":"يُرِيدُونَ لِيُطْفِـُٔوا۟ نُورَ ٱللَّهِ بِأَفْوَٰهِهِمْ وَٱللَّهُ مُتِمُّ نُورِهِۦ وَلَوْ كَرِهَ ٱلْكَٰفِرُونَ","translation_en":"They want to extinguish the light of Allah with their mouths, but Allah will perfect His light, although the disbelievers dislike it.","translation_id":"Mereka ingin memadamkan cahaya Allah dengan mulut (tipu daya) mereka, tetapi Allah (justru) menyempurnakan cahaya-Nya, walau orang-orang kafir membencinya\"."},{"number":9,"text":"هُوَ ٱلَّذِىٓ أَرْسَلَ رَسُولَهُۥ بِٱلْهُدَىٰ وَدِينِ ٱلْحَقِّ لِيُظْهِرَهُۥ عَلَى ٱلدِّينِ كُلِّهِۦ وَلَوْ كَرِهَ ٱلْمُشْرِكُونَ","translation_en":"It is He who sent His Messenger with guidance and the religion of truth to manifest it over all religion, although those who associate others with Allah dislike it.","translation_id":"Dialah yang mengutus Rasul-Nya dengan membawa petunjuk dan agama yang benar agar Dia memenangkannya di atas segala agama-agama meskipun orang musyrik membenci."},{"number":10,"text":"يَٰٓأَيُّهَا ٱلَّذِينَ ءَامَنُوا۟ هَلْ أَدُلُّكُمْ عَلَىٰ تِجَٰرَةٍ تُنجِيكُم مِّنْ عَذَابٍ أَلِيمٍ","translation_en":"O you who have believed, shall I guide you to a transaction that will save you from a painful punishment?","translation_id":"Hai orang-orang yang beriman, sukakah kamu aku tunjukkan suatu perniagaan yang dapat menyelamatkanmu dari azab yang pedih?"},{"number":11,"text":"تُؤْمِنُونَ بِٱللَّهِ وَرَسُولِهِۦ وَتُجَٰهِدُونَ فِى سَبِيلِ ٱللَّهِ بِأَمْوَٰلِكُمْ وَأَنفُسِكُمْ ذَٰلِكُمْ خَيْرٌ لَّكُمْ إِن كُنتُمْ تَعْلَمُونَ","translation_en":"[It is that] you believe in Allah and His Messenger and strive in the cause of Allah with your wealth and your lives. That is best for you, if you should know.","translation_id":"(yaitu) kamu beriman kepada Allah dan Rasul-Nya dan berjihad di jalan Allah dengan harta dan jiwamu. Itulah yang lebih baik bagimu, jika kamu mengetahui."},{"number":12,"text":"يَغْفِرْ لَكُمْ ذُنُوبَكُمْ وَيُدْخِلْكُمْ جَنَّٰتٍ تَجْرِى مِن تَحْتِهَا ٱلْأَنْهَٰرُ وَمَسَٰكِنَ طَيِّبَةً فِى جَنَّٰتِ عَدْنٍ ذَٰلِكَ ٱلْفَوْزُ ٱلْعَظِيمُ","translation_en":"He will forgive for you your sins and admit you to gardens beneath which rivers flow and pleasant dwellings in gardens of perpetual residence. That is the great attainment.","translation_id":"Niscaya Allah akan mengampuni dosa-dosamu dan memasukkanmu ke dalam jannah yang mengalir di bawahnya sungai-sungai; dan (memasukkan kamu) ke tempat tinggal yang baik di dalam jannah 'Adn. Itulah keberuntungan yang besar."},{"number":13,"text":"وَأُخْرَىٰ تُحِبُّونَهَا نَصْرٌ مِّنَ ٱللَّهِ وَفَتْحٌ قَرِيبٌ وَبَشِّرِ ٱلْمُؤْمِنِينَ","translation_en":"And [you will obtain] another [favor] that you love - victory from Allah and an imminent conquest; and give good tidings to the believers.","translation_id":"Dan (ada lagi) karunia yang lain yang kamu sukai (yaitu) pertolongan dari Allah dan kemenangan yang dekat (waktunya). Dan sampaikanlah berita gembira kepada orang-orang yang beriman."},{"number":14,"text":"يَٰٓأَيُّهَا ٱلَّذِينَ ءَامَنُوا۟ كُونُوٓا۟ أَنصَارَ ٱللَّهِ كَمَا قَالَ عِيسَى ٱبْنُ مَرْيَمَ لِلْحَوَارِيِّۦنَ مَنْ أَنصَارِىٓ إِلَى ٱللَّهِ قَالَ ٱلْحَوَارِيُّونَ نَحْنُ أَنصَارُ ٱللَّهِ فَـَٔامَنَت طَّآئِفَةٌ مِّنۢ بَنِىٓ إِسْرَٰٓءِيلَ وَكَفَرَت طَّآئِفَةٌ فَأَيَّدْنَا ٱلَّذِينَ ءَامَنُوا۟ عَلَىٰ عَدُوِّهِمْ فَأَصْبَحُوا۟ ظَٰهِرِينَ","translation_en":"O you who have believed, be supporters of Allah, as when Jesus, the son of Mary, said to the disciples, \"Who are my supporters for Allah?\" The disciples said, \"We are supporters of Allah.\" And a faction of the Children of Israel believed and a faction disbelieved. So We supported those who believed against their enemy, and they became dominant.","translation_id":"Hai orang-orang yang beriman, jadilah kamu penolong (agama) Allah sebagaimana Isa ibnu Maryam telah berkata kepada pengikut-pengikutnya yang setia: \"Siapakah yang akan menjadi penolong-penolongku (untuk menegakkan agama) Allah?\" Pengikut-pengikut yang setia itu berkata: \"Kamilah penolong-penolong agama Allah\", lalu segolongan dari Bani Israil beriman dan segolongan lain kafir; maka Kami berikan kekuatan kepada orang-orang yang beriman terhadap musuh-musuh mereka, lalu mereka menjadi orang-orang yang menang."}]}