{"number":62,"name":"سورة الجمعة","transliteration_en":"Al-Jumu'a","translation_en":"Friday","total_verses":11,"revelation_type":"Medinan","verses":[{"number":1,"text":"بِسْمِ ٱللَّهِ ٱلرَّحْمَٰنِ ٱلرَّحِيمِ يُسَبِّحُ لِلَّهِ مَا فِى ٱلسَّمَٰوَٰتِ وَمَا فِى ٱلْأَرْضِ ٱلْمَلِكِ ٱلْقُدُّوسِ ٱلْعَزِيزِ ٱلْحَكِيمِ","translation_en":"Whatever is in the heavens and whatever is on the earth is exalting Allah, the Sovereign, the Pure, the Exalted in Might, the Wise.","translation_id":"Senantiasa bertasbih kepada Allah apa yang ada di langit dan apa yang ada di bumi. Raja, Yang Maha Suci, Yang Maha Perkasa lagi Maha Bijaksana."},{"number":2,"text":"هُوَ ٱلَّذِى بَعَثَ فِى ٱلْأُمِّيِّۦنَ رَسُولًا مِّنْهُمْ يَتْلُوا۟ عَلَيْهِمْ ءَايَٰتِهِۦ وَيُزَكِّيهِمْ وَيُعَلِّمُهُمُ ٱلْكِتَٰبَ وَٱلْحِكْمَةَ وَإِن كَانُوا۟ مِن قَبْلُ لَفِى ضَلَٰلٍ مُّبِينٍ","translation_en":"It is He who has sent among the unlettered a Messenger from themselves reciting to them His verses and purifying them and teaching them the Book and wisdom - although they were before in clear error -","translation_id":"Dialah yang mengutus kepada kaum yang buta huruf seorang Rasul di antara mereka, yang membacakan ayat-ayat-Nya kepada mereka, mensucikan mereka dan mengajarkan mereka Kitab dan Hikmah (As Sunnah). Dan sesungguhnya mereka sebelumnya benar-benar dalam kesesatan yang nyata,"},{"number":3,"text":"وَءَاخَرِينَ مِنْهُمْ لَمَّا يَلْحَقُوا۟ بِهِمْ وَهُوَ ٱلْعَزِيزُ ٱلْحَكِيمُ","translation_en":"And [to] others of them who have not yet joined them. And He is the Exalted in Might, the Wise.","translation_id":"dan (juga) kepada kaum yang lain dari mereka yang belum berhubungan dengan mereka. Dan Dialah Yang Maha Perkasa lagi Maha Bijaksana."},{"number":4,"text":"ذَٰلِكَ فَضْلُ ٱللَّهِ يُؤْتِيهِ مَن يَشَآءُ وَٱللَّهُ ذُو ٱلْفَضْلِ ٱلْعَظِيمِ","translation_en":"That is the bounty of Allah, which He gives to whom He wills, and Allah is the possessor of great bounty.","translation_id":"Demikianlah karunia Allah, diberikan-Nya kepada siapa yang dikehendaki-Nya; dan Allah mempunyai karunia yang besar."},{"number":5,"text":"مَثَلُ ٱلَّذِينَ حُمِّلُوا۟ ٱلتَّوْرَىٰةَ ثُمَّ لَمْ يَحْمِلُوهَا كَمَثَلِ ٱلْحِمَارِ يَحْمِلُ أَسْفَارًۢا بِئْسَ مَثَلُ ٱلْقَوْمِ ٱلَّذِينَ كَذَّبُوا۟ بِـَٔايَٰتِ ٱللَّهِ وَٱللَّهُ لَا يَهْدِى ٱلْقَوْمَ ٱلظَّٰلِمِينَ","translation_en":"The example of those who were entrusted with the Torah and then did not take it on is like that of a donkey who carries volumes [of books]. Wretched is the example of the people who deny the signs of Allah. And Allah does not guide the wrongdoing people.","translation_id":"Perumpamaan orang-orang yang dipikulkan kepadanya Taurat, kemudian mereka tiada memikulnya adalah seperti keledai yang membawa kitab-kitab yang tebal. Amatlah buruknya perumpamaan kaum yang mendustakan ayat-ayat Allah itu. Dan Allah tiada memberi petunjuk kepada kaum yang zalim."},{"number":6,"text":"قُلْ يَٰٓأَيُّهَا ٱلَّذِينَ هَادُوٓا۟ إِن زَعَمْتُمْ أَنَّكُمْ أَوْلِيَآءُ لِلَّهِ مِن دُونِ ٱلنَّاسِ فَتَمَنَّوُا۟ ٱلْمَوْتَ إِن كُنتُمْ صَٰدِقِينَ","translation_en":"Say, \"O you who are Jews, if you claim that you are allies of Allah, excluding the [other] people, then wish for death, if you should be truthful.\"","translation_id":"Katakanlah: \"Hai orang-orang yang menganut agama Yahudi, jika kamu mendakwakan bahwa sesungguhnya kamu sajalah kekasih Allah bukan manusia-manusia yang lain, maka harapkanlah kematianmu, jika kamu adalah orang-orang yang benar\"."},{"number":7,"text":"وَلَا يَتَمَنَّوْنَهُۥٓ أَبَدًۢا بِمَا قَدَّمَتْ أَيْدِيهِمْ وَٱللَّهُ عَلِيمٌۢ بِٱلظَّٰلِمِينَ","translation_en":"But they will not wish for it, ever, because of what their hands have put forth. And Allah is Knowing of the wrongdoers.","translation_id":"Mereka tiada akan mengharapkan kematian itu selama-lamanya disebabkan kejahatan yang telah mereka perbuat dengan tangan mereka sendiri. Dan Allah Maha Mengetahui akan orang-orang yang zalim."},{"number":8,"text":"قُلْ إِنَّ ٱلْمَوْتَ ٱلَّذِى تَفِرُّونَ مِنْهُ فَإِنَّهُۥ مُلَٰقِيكُمْ ثُمَّ تُرَدُّونَ إِلَىٰ عَٰلِمِ ٱلْغَيْبِ وَٱلشَّهَٰدَةِ فَيُنَبِّئُكُم بِمَا كُنتُمْ تَعْمَلُونَ","translation_en":"Say, \"Indeed, the death from which you flee - indeed, it will meet you. Then you will be returned to the Knower of the unseen and the witnessed, and He will inform you about what you used to do.\"","translation_id":"Katakanlah: \"Sesungguhnya kematian yang kamu lari daripadanya, maka sesungguhnya kematian itu akan menemui kamu, kemudian kamu akan dikembalikan kepada (Allah), yang mengetahui yang ghaib dan yang nyata, lalu Dia beritakan kepadamu apa yang telah kamu kerjakan\"."},{"number":9,"text":"يَٰٓأَيُّهَا ٱلَّذِينَ ءَامَنُوٓا۟ إِذَا نُودِىَ لِلصَّلَوٰةِ مِن يَوْمِ ٱلْجُمُعَةِ فَٱسْعَوْا۟ إِلَىٰ ذِكْرِ ٱللَّهِ وَذَرُوا۟ ٱلْبَيْعَ ذَٰلِكُمْ خَيْرٌ لَّكُمْ إِن كُنتُمْ تَعْلَمُونَ","translation_en":"O you who have believed, when [the adhan] is called for the prayer on the day of Jumu'ah [Friday], then proceed to the remembrance of Allah and leave trade. That is better for you, if you only knew.","translation_id":"Hai orang-orang beriman, apabila diseru untuk menunaikan shalat Jum'at, maka bersegeralah kamu kepada mengingat Allah dan tinggalkanlah jual beli. Yang demikian itu lebih baik bagimu jika kamu mengetahui."},{"number":10,"text":"فَإِذَا قُضِيَتِ ٱلصَّلَوٰةُ فَٱنتَشِرُوا۟ فِى ٱلْأَرْضِ وَٱبْتَغُوا۟ مِن فَضْلِ ٱللَّهِ وَٱذْكُرُوا۟ ٱللَّهَ كَثِيرًا لَّعَلَّكُمْ تُفْلِحُونَ","translation_en":"And when the prayer has been concluded, disperse within the land and seek from the bounty of Allah, and remember Allah often that you may succeed.","translation_id":"Apabila telah ditunaikan shalat, maka bertebaranlah kamu di muka bumi; dan carilah karunia Allah dan ingatlah Allah banyak-banyak supaya kamu beruntung."},{"number":11,"text":"وَإِذَا رَأَوْا۟ تِجَٰرَةً أَوْ لَهْوًا ٱنفَضُّوٓا۟ إِلَيْهَا وَتَرَكُوكَ قَآئِمًا قُلْ مَا عِندَ ٱللَّهِ خَيْرٌ مِّنَ ٱللَّهْوِ وَمِنَ ٱلتِّجَٰرَةِ وَٱللَّهُ خَيْرُ ٱلرَّٰزِقِينَ","translation_en":"But when they saw a transaction or a diversion, [O Muhammad], they rushed to it and left you standing. Say, \"What is with Allah is better than diversion and than a transaction, and Allah is the best of providers.\"","translation_id":"Dan apabila mereka melihat perniagaan atau permainan, mereka bubar untuk menuju kepadanya dan mereka tinggalkan kamu sedang berdiri (berkhotbah). Katakanlah: \"Apa yang di sisi Allah lebih baik daripada permainan dan perniagaan\", dan Allah Sebaik-baik Pemberi rezeki."}]}