{"number":63,"name":"سورة المنافقون","transliteration_en":"Al-Munaafiqoon","translation_en":"The Hypocrites","total_verses":11,"revelation_type":"Medinan","verses":[{"number":1,"text":"بِسْمِ ٱللَّهِ ٱلرَّحْمَٰنِ ٱلرَّحِيمِ إِذَا جَآءَكَ ٱلْمُنَٰفِقُونَ قَالُوا۟ نَشْهَدُ إِنَّكَ لَرَسُولُ ٱللَّهِ وَٱللَّهُ يَعْلَمُ إِنَّكَ لَرَسُولُهُۥ وَٱللَّهُ يَشْهَدُ إِنَّ ٱلْمُنَٰفِقِينَ لَكَٰذِبُونَ","translation_en":"When the hypocrites come to you, [O Muhammad], they say, \"We testify that you are the Messenger of Allah.\" And Allah knows that you are His Messenger, and Allah testifies that the hypocrites are liars.","translation_id":"Apabila orang-orang munafik datang kepadamu, mereka berkata: \"Kami mengakui, bahwa sesungguhnya kamu benar-benar Rasul Allah\". Dan Allah mengetahui bahwa sesungguhnya kamu benar-benar Rasul-Nya; dan Allah mengetahui bahwa sesungguhnya orang-orang munafik itu benar-benar orang pendusta."},{"number":2,"text":"ٱتَّخَذُوٓا۟ أَيْمَٰنَهُمْ جُنَّةً فَصَدُّوا۟ عَن سَبِيلِ ٱللَّهِ إِنَّهُمْ سَآءَ مَا كَانُوا۟ يَعْمَلُونَ","translation_en":"They have taken their oaths as a cover, so they averted [people] from the way of Allah. Indeed, it was evil that they were doing.","translation_id":"Mereka itu menjadikan sumpah mereka sebagai perisai, lalu mereka menghalangi (manusia) dari jalan Allah. Sesungguhnya amat buruklah apa yang telah mereka kerjakan."},{"number":3,"text":"ذَٰلِكَ بِأَنَّهُمْ ءَامَنُوا۟ ثُمَّ كَفَرُوا۟ فَطُبِعَ عَلَىٰ قُلُوبِهِمْ فَهُمْ لَا يَفْقَهُونَ","translation_en":"That is because they believed, and then they disbelieved; so their hearts were sealed over, and they do not understand.","translation_id":"Yang demikian itu adalah karena bahwa sesungguhnya mereka telah beriman, kemudian menjadi kafir (lagi) lalu hati mereka dikunci mati; karena itu mereka tidak dapat mengerti."},{"number":4,"text":"وَإِذَا رَأَيْتَهُمْ تُعْجِبُكَ أَجْسَامُهُمْ وَإِن يَقُولُوا۟ تَسْمَعْ لِقَوْلِهِمْ كَأَنَّهُمْ خُشُبٌ مُّسَنَّدَةٌ يَحْسَبُونَ كُلَّ صَيْحَةٍ عَلَيْهِمْ هُمُ ٱلْعَدُوُّ فَٱحْذَرْهُمْ قَٰتَلَهُمُ ٱللَّهُ أَنَّىٰ يُؤْفَكُونَ","translation_en":"And when you see them, their forms please you, and if they speak, you listen to their speech. [They are] as if they were pieces of wood propped up - they think that every shout is against them. They are the enemy, so beware of them. May Allah destroy them; how are they deluded?","translation_id":"Dan apabila kamu melihat mereka, tubuh-tubuh mereka menjadikan kamu kagum. Dan jika mereka berkata kamu mendengarkan perkataan mereka. Mereka adalah seakan-akan kayu yang tersandar. Mereka mengira bahwa tiap-tiap teriakan yang keras ditujukan kepada mereka. Mereka itulah musuh (yang sebenarnya) maka waspadalah terhadap mereka; semoga Allah membinasakan mereka. Bagaimanakah mereka sampai dipalingkan (dari kebenaran)?"},{"number":5,"text":"وَإِذَا قِيلَ لَهُمْ تَعَالَوْا۟ يَسْتَغْفِرْ لَكُمْ رَسُولُ ٱللَّهِ لَوَّوْا۟ رُءُوسَهُمْ وَرَأَيْتَهُمْ يَصُدُّونَ وَهُم مُّسْتَكْبِرُونَ","translation_en":"And when it is said to them, \"Come, the Messenger of Allah will ask forgiveness for you,\" they turn their heads aside and you see them evading while they are arrogant.","translation_id":"Dan apabila dikatakan kepada mereka: Marilah (beriman), agar Rasulullah memintakan ampunan bagimu, mereka membuang muka mereka dan kamu lihat mereka berpaling sedang mereka menyombongkan diri."},{"number":6,"text":"سَوَآءٌ عَلَيْهِمْ أَسْتَغْفَرْتَ لَهُمْ أَمْ لَمْ تَسْتَغْفِرْ لَهُمْ لَن يَغْفِرَ ٱللَّهُ لَهُمْ إِنَّ ٱللَّهَ لَا يَهْدِى ٱلْقَوْمَ ٱلْفَٰسِقِينَ","translation_en":"It is all the same for them whether you ask forgiveness for them or do not ask forgiveness for them; never will Allah forgive them. Indeed, Allah does not guide the defiantly disobedient people.","translation_id":"Sama saja bagi mereka, kamu mintakan ampunan atau tidak kamu mintakan ampunan bagi mereka. Sesungguhnya Allah tidak memberi petunjuk kepada orang-orang yang fasik."},{"number":7,"text":"هُمُ ٱلَّذِينَ يَقُولُونَ لَا تُنفِقُوا۟ عَلَىٰ مَنْ عِندَ رَسُولِ ٱللَّهِ حَتَّىٰ يَنفَضُّوا۟ وَلِلَّهِ خَزَآئِنُ ٱلسَّمَٰوَٰتِ وَٱلْأَرْضِ وَلَٰكِنَّ ٱلْمُنَٰفِقِينَ لَا يَفْقَهُونَ","translation_en":"They are the ones who say, \"Do not spend on those who are with the Messenger of Allah until they disband.\" And to Allah belongs the depositories of the heavens and the earth, but the hypocrites do not understand.","translation_id":"Mereka orang-orang yang mengatakan (kepada orang-orang Anshar): \"Janganlah kamu memberikan perbelanjaan kepada orang-orang (Muhajirin) yang ada disisi Rasulullah supaya mereka bubar (meninggalkan Rasulullah)\". Padahal kepunyaan Allah-lah perbendaharaan langit dan bumi, tetapi orang-orang munafik itu tidak memahami."},{"number":8,"text":"يَقُولُونَ لَئِن رَّجَعْنَآ إِلَى ٱلْمَدِينَةِ لَيُخْرِجَنَّ ٱلْأَعَزُّ مِنْهَا ٱلْأَذَلَّ وَلِلَّهِ ٱلْعِزَّةُ وَلِرَسُولِهِۦ وَلِلْمُؤْمِنِينَ وَلَٰكِنَّ ٱلْمُنَٰفِقِينَ لَا يَعْلَمُونَ","translation_en":"They say, \"If we return to al-Madinah, the more honored [for power] will surely expel therefrom the more humble.\" And to Allah belongs [all] honor, and to His Messenger, and to the believers, but the hypocrites do not know.","translation_id":"Mereka berkata: \"Sesungguhnya jika kita telah kembali ke Madinah, benar-benar orang yang kuat akan mengusir orang-orang yang lemah dari padanya\". Padahal kekuatan itu hanyalah bagi Allah, bagi Rasul-Nya dan bagi orang-orang mukmin, tetapi orang-orang munafik itu tiada mengetahui."},{"number":9,"text":"يَٰٓأَيُّهَا ٱلَّذِينَ ءَامَنُوا۟ لَا تُلْهِكُمْ أَمْوَٰلُكُمْ وَلَآ أَوْلَٰدُكُمْ عَن ذِكْرِ ٱللَّهِ وَمَن يَفْعَلْ ذَٰلِكَ فَأُو۟لَٰٓئِكَ هُمُ ٱلْخَٰسِرُونَ","translation_en":"O you who have believed, let not your wealth and your children divert you from remembrance of Allah. And whoever does that - then those are the losers.","translation_id":"Hai orang-orang beriman, janganlah hartamu dan anak-anakmu melalaikan kamu dari mengingat Allah. Barangsiapa yang berbuat demikian maka mereka itulah orang-orang yang merugi."},{"number":10,"text":"وَأَنفِقُوا۟ مِن مَّا رَزَقْنَٰكُم مِّن قَبْلِ أَن يَأْتِىَ أَحَدَكُمُ ٱلْمَوْتُ فَيَقُولَ رَبِّ لَوْلَآ أَخَّرْتَنِىٓ إِلَىٰٓ أَجَلٍ قَرِيبٍ فَأَصَّدَّقَ وَأَكُن مِّنَ ٱلصَّٰلِحِينَ","translation_en":"And spend [in the way of Allah] from what We have provided you before death approaches one of you and he says, \"My Lord, if only You would delay me for a brief term so I would give charity and be among the righteous.\"","translation_id":"Dan belanjakanlah sebagian dari apa yang telah Kami berikan kepadamu sebelum datang kematian kepada salah seorang di antara kamu; lalu ia berkata: \"Ya Rabb-ku, mengapa Engkau tidak menangguhkan (kematian)ku sampai waktu yang dekat, yang menyebabkan aku dapat bersedekah dan aku termasuk orang-orang yang saleh?\""},{"number":11,"text":"وَلَن يُؤَخِّرَ ٱللَّهُ نَفْسًا إِذَا جَآءَ أَجَلُهَا وَٱللَّهُ خَبِيرٌۢ بِمَا تَعْمَلُونَ","translation_en":"But never will Allah delay a soul when its time has come. And Allah is Acquainted with what you do.","translation_id":"Dan Allah sekali-kali tidak akan menangguhkan (kematian) seseorang apabila telah datang waktu kematiannya. Dan Allah Maha Mengenal apa yang kamu kerjakan."}]}