{"number":64,"name":"سورة التغابن","transliteration_en":"At-Taghaabun","translation_en":"Mutual Disillusion","total_verses":18,"revelation_type":"Medinan","verses":[{"number":1,"text":"بِسْمِ ٱللَّهِ ٱلرَّحْمَٰنِ ٱلرَّحِيمِ يُسَبِّحُ لِلَّهِ مَا فِى ٱلسَّمَٰوَٰتِ وَمَا فِى ٱلْأَرْضِ لَهُ ٱلْمُلْكُ وَلَهُ ٱلْحَمْدُ وَهُوَ عَلَىٰ كُلِّ شَىْءٍ قَدِيرٌ","translation_en":"Whatever is in the heavens and whatever is on the earth is exalting Allah. To Him belongs dominion, and to Him belongs [all] praise, and He is over all things competent.","translation_id":"Bertasbih kepada Allah apa yang ada di langit dan apa yang ada di bumi; hanya Allah lah yang mempunyai semua kerajaan dan semua pujian, dan Dia Maha Kuasa atas segala sesuatu."},{"number":2,"text":"هُوَ ٱلَّذِى خَلَقَكُمْ فَمِنكُمْ كَافِرٌ وَمِنكُم مُّؤْمِنٌ وَٱللَّهُ بِمَا تَعْمَلُونَ بَصِيرٌ","translation_en":"It is He who created you, and among you is the disbeliever, and among you is the believer. And Allah, of what you do, is Seeing.","translation_id":"Dialah yang menciptakan kamu maka di antara kamu ada yang kafir dan di antaramu ada yang mukmin. Dan Allah Maha Melihat apa yang kamu kerjakan."},{"number":3,"text":"خَلَقَ ٱلسَّمَٰوَٰتِ وَٱلْأَرْضَ بِٱلْحَقِّ وَصَوَّرَكُمْ فَأَحْسَنَ صُوَرَكُمْ وَإِلَيْهِ ٱلْمَصِيرُ","translation_en":"He created the heavens and earth in truth and formed you and perfected your forms; and to Him is the [final] destination.","translation_id":"Dia menciptakan langit dan bumi dengan haq. Dia membentuk rupamu dan dibaguskan-Nya rupamu itu dan hanya kepada Allah-lah kembali(mu)."},{"number":4,"text":"يَعْلَمُ مَا فِى ٱلسَّمَٰوَٰتِ وَٱلْأَرْضِ وَيَعْلَمُ مَا تُسِرُّونَ وَمَا تُعْلِنُونَ وَٱللَّهُ عَلِيمٌۢ بِذَاتِ ٱلصُّدُورِ","translation_en":"He knows what is within the heavens and earth and knows what you conceal and what you declare. And Allah is Knowing of that within the breasts.","translation_id":"Dia mengetahui apa yang ada di langit dan di bumi dan mengetahui apa yang kamu rahasiakan dan yang kamu nyatakan. Dan Allah Maha Mengetahui segala isi hati."},{"number":5,"text":"أَلَمْ يَأْتِكُمْ نَبَؤُا۟ ٱلَّذِينَ كَفَرُوا۟ مِن قَبْلُ فَذَاقُوا۟ وَبَالَ أَمْرِهِمْ وَلَهُمْ عَذَابٌ أَلِيمٌ","translation_en":"Has there not come to you the news of those who disbelieved before? So they tasted the bad consequence of their affair, and they will have a painful punishment.","translation_id":"Apakah belum datang kepadamu (hai orang-orang kafir) berita orang-orang kafir terdahulu. Maka mereka telah merasakan akibat yang buruk dari perbuatan mereka dan mereka memperoleh azab yang pedih."},{"number":6,"text":"ذَٰلِكَ بِأَنَّهُۥ كَانَت تَّأْتِيهِمْ رُسُلُهُم بِٱلْبَيِّنَٰتِ فَقَالُوٓا۟ أَبَشَرٌ يَهْدُونَنَا فَكَفَرُوا۟ وَتَوَلَّوا۟ وَّٱسْتَغْنَى ٱللَّهُ وَٱللَّهُ غَنِىٌّ حَمِيدٌ","translation_en":"That is because their messengers used to come to them with clear evidences, but they said, \"Shall human beings guide us?\" and disbelieved and turned away. And Allah dispensed [with them]; and Allah is Free of need and Praiseworthy.","translation_id":"Yang demikian itu adalah karena sesungguhnya telah datang kepada mereka Rasul-Rasul mereka membawa keterangan-keterangan lalu mereka berkata: \"Apakah manusia yang akan memberi petunjuk kepada kami?\" lalu mereka ingkar dan berpaling; dan Allah tidak memerlukan (mereka). Dan Allah Maha Kaya lagi Maha Terpuji."},{"number":7,"text":"زَعَمَ ٱلَّذِينَ كَفَرُوٓا۟ أَن لَّن يُبْعَثُوا۟ قُلْ بَلَىٰ وَرَبِّى لَتُبْعَثُنَّ ثُمَّ لَتُنَبَّؤُنَّ بِمَا عَمِلْتُمْ وَذَٰلِكَ عَلَى ٱللَّهِ يَسِيرٌ","translation_en":"Those who disbelieve have claimed that they will never be resurrected. Say, \"Yes, by my Lord, you will surely be resurrected; then you will surely be informed of what you did. And that, for Allah, is easy.\"","translation_id":"Orang-orang yang kafir mengatakan bahwa mereka sekali-kali tidak akan dibangkitkan. Katakanlah: \"Memang, demi Tuhanku, benar-benar kamu akan dibangkitkan, kemudian akan diberitakan kepadamu apa yang telah kamu kerjakan\". Yang demikian itu adalah mudah bagi Allah."},{"number":8,"text":"فَـَٔامِنُوا۟ بِٱللَّهِ وَرَسُولِهِۦ وَٱلنُّورِ ٱلَّذِىٓ أَنزَلْنَا وَٱللَّهُ بِمَا تَعْمَلُونَ خَبِيرٌ","translation_en":"So believe in Allah and His Messenger and the Qur'an which We have sent down. And Allah is Acquainted with what you do.","translation_id":"Maka berimanlah kamu kepada Allah dan Rasul-Nya dan kepada cahaya (Al-Quran) yang telah Kami turunkan. Dan Allah Maha Mengetahui apa yang kamu kerjakan."},{"number":9,"text":"يَوْمَ يَجْمَعُكُمْ لِيَوْمِ ٱلْجَمْعِ ذَٰلِكَ يَوْمُ ٱلتَّغَابُنِ وَمَن يُؤْمِنۢ بِٱللَّهِ وَيَعْمَلْ صَٰلِحًا يُكَفِّرْ عَنْهُ سَيِّـَٔاتِهِۦ وَيُدْخِلْهُ جَنَّٰتٍ تَجْرِى مِن تَحْتِهَا ٱلْأَنْهَٰرُ خَٰلِدِينَ فِيهَآ أَبَدًا ذَٰلِكَ ٱلْفَوْزُ ٱلْعَظِيمُ","translation_en":"The Day He will assemble you for the Day of Assembly - that is the Day of Deprivation. And whoever believes in Allah and does righteousness - He will remove from him his misdeeds and admit him to gardens beneath which rivers flow, wherein they will abide forever. That is the great attainment.","translation_id":"(Ingatlah) hari (dimana) Allah mengumpulkan kamu pada hari pengumpulan, itulah hari dinampakkan kesalahan-kesalahan. Dan barangsiapa yang beriman kepada Allah dan beramal saleh, niscaya Allah akan menutupi kesalahan-kesalahannya dan memasukkannya ke dalam jannah yang mengalir di bawahnya sungai-sungai, mereka kekal di dalamnya. Itulah keberuntungan yang besar."},{"number":10,"text":"وَٱلَّذِينَ كَفَرُوا۟ وَكَذَّبُوا۟ بِـَٔايَٰتِنَآ أُو۟لَٰٓئِكَ أَصْحَٰبُ ٱلنَّارِ خَٰلِدِينَ فِيهَا وَبِئْسَ ٱلْمَصِيرُ","translation_en":"But the ones who disbelieved and denied Our verses - those are the companions of the Fire, abiding eternally therein; and wretched is the destination.","translation_id":"Dan orang-orang yang kafir dan mendustakan ayat-ayat Kami, mereka itulah penghuni-penghuni neraka, mereka kekal di dalamnya. Dan itulah seburuk-buruk tempat kembali."},{"number":11,"text":"مَآ أَصَابَ مِن مُّصِيبَةٍ إِلَّا بِإِذْنِ ٱللَّهِ وَمَن يُؤْمِنۢ بِٱللَّهِ يَهْدِ قَلْبَهُۥ وَٱللَّهُ بِكُلِّ شَىْءٍ عَلِيمٌ","translation_en":"No disaster strikes except by permission of Allah. And whoever believes in Allah - He will guide his heart. And Allah is Knowing of all things.","translation_id":"Tidak ada suatu musibah pun yang menimpa seseorang kecuali dengan ijin Allah; dan barangsiapa yang beriman kepada Allah niscaya Dia akan memberi petunjuk kepada hatinya. Dan Allah Maha Mengetahui segala sesuatu."},{"number":12,"text":"وَأَطِيعُوا۟ ٱللَّهَ وَأَطِيعُوا۟ ٱلرَّسُولَ فَإِن تَوَلَّيْتُمْ فَإِنَّمَا عَلَىٰ رَسُولِنَا ٱلْبَلَٰغُ ٱلْمُبِينُ","translation_en":"And obey Allah and obey the Messenger; but if you turn away - then upon Our Messenger is only [the duty of] clear notification.","translation_id":"Dan taatlah kepada Allah dan taatlah kepada Rasul-Nya, jika kamu berpaling sesungguhnya kewajiban Rasul Kami hanyalah menyampaikan (amanat Allah) dengan terang."},{"number":13,"text":"ٱللَّهُ لَآ إِلَٰهَ إِلَّا هُوَ وَعَلَى ٱللَّهِ فَلْيَتَوَكَّلِ ٱلْمُؤْمِنُونَ","translation_en":"Allah - there is no deity except Him. And upon Allah let the believers rely.","translation_id":"(Dialah) Allah tidak ada Tuhan selain Dia. Dan hendaklah orang-orang mukmin bertawakkal kepada Allah saja."},{"number":14,"text":"يَٰٓأَيُّهَا ٱلَّذِينَ ءَامَنُوٓا۟ إِنَّ مِنْ أَزْوَٰجِكُمْ وَأَوْلَٰدِكُمْ عَدُوًّا لَّكُمْ فَٱحْذَرُوهُمْ وَإِن تَعْفُوا۟ وَتَصْفَحُوا۟ وَتَغْفِرُوا۟ فَإِنَّ ٱللَّهَ غَفُورٌ رَّحِيمٌ","translation_en":"O you who have believed, indeed, among your wives and your children are enemies to you, so beware of them. But if you pardon and overlook and forgive - then indeed, Allah is Forgiving and Merciful.","translation_id":"Hai orang-orang mukmin, sesungguhnya di antara isteri-isterimu dan anak-anakmu ada yang menjadi musuh bagimu maka berhati-hatilah kamu terhadap mereka dan jika kamu memaafkan dan tidak memarahi serta mengampuni (mereka) maka sesungguhnya Allah Maha Pengampun lagi Maha Penyayang."},{"number":15,"text":"إِنَّمَآ أَمْوَٰلُكُمْ وَأَوْلَٰدُكُمْ فِتْنَةٌ وَٱللَّهُ عِندَهُۥٓ أَجْرٌ عَظِيمٌ","translation_en":"Your wealth and your children are but a trial, and Allah has with Him a great reward.","translation_id":"Sesungguhnya hartamu dan anak-anakmu hanyalah cobaan (bagimu), dan di sisi Allah-lah pahala yang besar."},{"number":16,"text":"فَٱتَّقُوا۟ ٱللَّهَ مَا ٱسْتَطَعْتُمْ وَٱسْمَعُوا۟ وَأَطِيعُوا۟ وَأَنفِقُوا۟ خَيْرًا لِّأَنفُسِكُمْ وَمَن يُوقَ شُحَّ نَفْسِهِۦ فَأُو۟لَٰٓئِكَ هُمُ ٱلْمُفْلِحُونَ","translation_en":"So fear Allah as much as you are able and listen and obey and spend [in the way of Allah]; it is better for your selves. And whoever is protected from the stinginess of his soul - it is those who will be the successful.","translation_id":"Maka bertakwalah kamu kepada Allah menurut kesanggupanmu dan dengarlah serta taatlah dan nafkahkanlah nafkah yang baik untuk dirimu. Dan barangsiapa yang dipelihara dari kekikiran dirinya, maka mereka itulah orang-orang yang beruntung."},{"number":17,"text":"إِن تُقْرِضُوا۟ ٱللَّهَ قَرْضًا حَسَنًا يُضَٰعِفْهُ لَكُمْ وَيَغْفِرْ لَكُمْ وَٱللَّهُ شَكُورٌ حَلِيمٌ","translation_en":"If you loan Allah a goodly loan, He will multiply it for you and forgive you. And Allah is Most Appreciative and Forbearing.","translation_id":"Jika kamu meminjamkan kepada Allah pinjaman yang baik, niscaya Allah melipat gandakan balasannya kepadamu dan mengampuni kamu. Dan Allah Maha Pembalas Jasa lagi Maha Penyantun."},{"number":18,"text":"عَٰلِمُ ٱلْغَيْبِ وَٱلشَّهَٰدَةِ ٱلْعَزِيزُ ٱلْحَكِيمُ","translation_en":"Knower of the unseen and the witnessed, the Exalted in Might, the Wise.","translation_id":"Yang mengetahui yang ghaib dan yang nyata. Yang Maha Perkasa lagi Maha Bijaksana."}]}