{"number":66,"name":"سورة التحريم","transliteration_en":"At-Tahrim","translation_en":"The Prohibition","total_verses":12,"revelation_type":"Medinan","verses":[{"number":1,"text":"بِسْمِ ٱللَّهِ ٱلرَّحْمَٰنِ ٱلرَّحِيمِ يَٰٓأَيُّهَا ٱلنَّبِىُّ لِمَ تُحَرِّمُ مَآ أَحَلَّ ٱللَّهُ لَكَ تَبْتَغِى مَرْضَاتَ أَزْوَٰجِكَ وَٱللَّهُ غَفُورٌ رَّحِيمٌ","translation_en":"O Prophet, why do you prohibit [yourself from] what Allah has made lawful for you, seeking the approval of your wives? And Allah is Forgiving and Merciful.","translation_id":"Hai Nabi, mengapa kamu mengharamkan apa yang Allah halalkan bagimu; kamu mencari kesenangan hati isteri-isterimu? Dan Allah Maha Pengampun lagi Maha Penyayang"},{"number":2,"text":"قَدْ فَرَضَ ٱللَّهُ لَكُمْ تَحِلَّةَ أَيْمَٰنِكُمْ وَٱللَّهُ مَوْلَىٰكُمْ وَهُوَ ٱلْعَلِيمُ ٱلْحَكِيمُ","translation_en":"Allah has already ordained for you [Muslims] the dissolution of your oaths. And Allah is your protector, and He is the Knowing, the Wise.","translation_id":"Sesungguhnya Allah telah mewajibkan kepadamu sekalian membebaskan diri dari sumpahmu dan Allah adalah Pelindungmu dan Dia Maha Mengetahui lagi Maha Bijaksana."},{"number":3,"text":"وَإِذْ أَسَرَّ ٱلنَّبِىُّ إِلَىٰ بَعْضِ أَزْوَٰجِهِۦ حَدِيثًا فَلَمَّا نَبَّأَتْ بِهِۦ وَأَظْهَرَهُ ٱللَّهُ عَلَيْهِ عَرَّفَ بَعْضَهُۥ وَأَعْرَضَ عَنۢ بَعْضٍ فَلَمَّا نَبَّأَهَا بِهِۦ قَالَتْ مَنْ أَنۢبَأَكَ هَٰذَا قَالَ نَبَّأَنِىَ ٱلْعَلِيمُ ٱلْخَبِيرُ","translation_en":"And [remember] when the Prophet confided to one of his wives a statement; and when she informed [another] of it and Allah showed it to him, he made known part of it and ignored a part. And when he informed her about it, she said, \"Who told you this?\" He said, \"I was informed by the Knowing, the Acquainted.\"","translation_id":"Dan ingatlah ketika Nabi membicarakan secara rahasia kepada salah seorang isterinya (Hafsah) suatu peristiwa. Maka tatkala (Hafsah) menceritakan peristiwa itu (kepada Aisyah) dan Allah memberitahukan hal itu (pembicaraan Hafsah dan Aisyah) kepada Muhammad lalu Muhammad memberitahukan sebagian (yang diberitakan Allah kepadanya) dan menyembunyikan sebagian yang lain (kepada Hafsah). Maka tatkala (Muhammad) memberitahukan pembicaraan (antara Hafsah dan Aisyah) lalu (Hafsah) bertanya: \"Siapakah yang telah memberitahukan hal ini kepadamu?\" Nabi menjawab: \"Telah diberitahukan kepadaku oleh Allah yang Maha Mengetahui lagi Maha Mengenal\"."},{"number":4,"text":"إِن تَتُوبَآ إِلَى ٱللَّهِ فَقَدْ صَغَتْ قُلُوبُكُمَا وَإِن تَظَٰهَرَا عَلَيْهِ فَإِنَّ ٱللَّهَ هُوَ مَوْلَىٰهُ وَجِبْرِيلُ وَصَٰلِحُ ٱلْمُؤْمِنِينَ وَٱلْمَلَٰٓئِكَةُ بَعْدَ ذَٰلِكَ ظَهِيرٌ","translation_en":"If you two [wives] repent to Allah, [it is best], for your hearts have deviated. But if you cooperate against him - then indeed Allah is his protector, and Gabriel and the righteous of the believers and the angels, moreover, are [his] assistants.","translation_id":"Jika kamu berdua bertaubat kepada Allah, maka sesungguhnya hati kamu berdua telah condong (untuk menerima kebaikan); dan jika kamu berdua bantu-membantu menyusahkan Nabi, maka sesungguhnya Allah adalah Pelindungnya dan (begitu pula) Jibril dan orang-orang mukmin yang baik; dan selain dari itu malaikat-malaikat adalah penolongnya pula."},{"number":5,"text":"عَسَىٰ رَبُّهُۥٓ إِن طَلَّقَكُنَّ أَن يُبْدِلَهُۥٓ أَزْوَٰجًا خَيْرًا مِّنكُنَّ مُسْلِمَٰتٍ مُّؤْمِنَٰتٍ قَٰنِتَٰتٍ تَٰٓئِبَٰتٍ عَٰبِدَٰتٍ سَٰٓئِحَٰتٍ ثَيِّبَٰتٍ وَأَبْكَارًا","translation_en":"Perhaps his Lord, if he divorced you [all], would substitute for him wives better than you - submitting [to Allah], believing, devoutly obedient, repentant, worshipping, and traveling - [ones] previously married and virgins.","translation_id":"Jika Nabi menceraikan kamu, boleh jadi Tuhannya akan memberi ganti kepadanya dengan isteri yang lebih baik daripada kamu, yang patuh, yang beriman, yang taat, yang bertaubat, yang mengerjakan ibadat, yang berpuasa, yang janda dan yang perawan."},{"number":6,"text":"يَٰٓأَيُّهَا ٱلَّذِينَ ءَامَنُوا۟ قُوٓا۟ أَنفُسَكُمْ وَأَهْلِيكُمْ نَارًا وَقُودُهَا ٱلنَّاسُ وَٱلْحِجَارَةُ عَلَيْهَا مَلَٰٓئِكَةٌ غِلَاظٌ شِدَادٌ لَّا يَعْصُونَ ٱللَّهَ مَآ أَمَرَهُمْ وَيَفْعَلُونَ مَا يُؤْمَرُونَ","translation_en":"O you who have believed, protect yourselves and your families from a Fire whose fuel is people and stones, over which are [appointed] angels, harsh and severe; they do not disobey Allah in what He commands them but do what they are commanded.","translation_id":"Hai orang-orang yang beriman, peliharalah dirimu dan keluargamu dari api neraka yang bahan bakarnya adalah manusia dan batu; penjaganya malaikat-malaikat yang kasar, keras, dan tidak mendurhakai Allah terhadap apa yang diperintahkan-Nya kepada mereka dan selalu mengerjakan apa yang diperintahkan."},{"number":7,"text":"يَٰٓأَيُّهَا ٱلَّذِينَ كَفَرُوا۟ لَا تَعْتَذِرُوا۟ ٱلْيَوْمَ إِنَّمَا تُجْزَوْنَ مَا كُنتُمْ تَعْمَلُونَ","translation_en":"O you who have disbelieved, make no excuses that Day. You will only be recompensed for what you used to do.","translation_id":"Hai orang-orang kafir, janganlah kamu mengemukakan uzur pada hari ini. Sesungguhnya kamu hanya diberi balasan menurut apa yang kamu kerjakan."},{"number":8,"text":"يَٰٓأَيُّهَا ٱلَّذِينَ ءَامَنُوا۟ تُوبُوٓا۟ إِلَى ٱللَّهِ تَوْبَةً نَّصُوحًا عَسَىٰ رَبُّكُمْ أَن يُكَفِّرَ عَنكُمْ سَيِّـَٔاتِكُمْ وَيُدْخِلَكُمْ جَنَّٰتٍ تَجْرِى مِن تَحْتِهَا ٱلْأَنْهَٰرُ يَوْمَ لَا يُخْزِى ٱللَّهُ ٱلنَّبِىَّ وَٱلَّذِينَ ءَامَنُوا۟ مَعَهُۥ نُورُهُمْ يَسْعَىٰ بَيْنَ أَيْدِيهِمْ وَبِأَيْمَٰنِهِمْ يَقُولُونَ رَبَّنَآ أَتْمِمْ لَنَا نُورَنَا وَٱغْفِرْ لَنَآ إِنَّكَ عَلَىٰ كُلِّ شَىْءٍ قَدِيرٌ","translation_en":"O you who have believed, repent to Allah with sincere repentance. Perhaps your Lord will remove from you your misdeeds and admit you into gardens beneath which rivers flow [on] the Day when Allah will not disgrace the Prophet and those who believed with him. Their light will proceed before them and on their right; they will say, \"Our Lord, perfect for us our light and forgive us. Indeed, You are over all things competent.\"","translation_id":"Hai orang-orang yang beriman, bertaubatlah kepada Allah dengan taubatan nasuhaa (taubat yang semurni-murninya). Mudah-mudahan Rabbmu akan menutupi kesalahan-kesalahanmu dan memasukkanmu ke dalam jannah yang mengalir di bawahnya sungai-sungai, pada hari ketika Allah tidak menghinakan Nabi dan orang-orang mukmin yang bersama dia; sedang cahaya mereka memancar di hadapan dan di sebelah kanan mereka, sambil mereka mengatakan: \"Ya Rabb kami, sempurnakanlah bagi kami cahaya kami dan ampunilah kami; Sesungguhnya Engkau Maha Kuasa atas segala sesuatu\"."},{"number":9,"text":"يَٰٓأَيُّهَا ٱلنَّبِىُّ جَٰهِدِ ٱلْكُفَّارَ وَٱلْمُنَٰفِقِينَ وَٱغْلُظْ عَلَيْهِمْ وَمَأْوَىٰهُمْ جَهَنَّمُ وَبِئْسَ ٱلْمَصِيرُ","translation_en":"O Prophet, strive against the disbelievers and the hypocrites and be harsh upon them. And their refuge is Hell, and wretched is the destination.","translation_id":"Hai Nabi, perangilah orang-orang kafir dan orang-orang munafik dan bersikap keraslah terhadap mereka. Tempat mereka adalah jahannam dan itu adalah seburuk-buruknya tempat kembali."},{"number":10,"text":"ضَرَبَ ٱللَّهُ مَثَلًا لِّلَّذِينَ كَفَرُوا۟ ٱمْرَأَتَ نُوحٍ وَٱمْرَأَتَ لُوطٍ كَانَتَا تَحْتَ عَبْدَيْنِ مِنْ عِبَادِنَا صَٰلِحَيْنِ فَخَانَتَاهُمَا فَلَمْ يُغْنِيَا عَنْهُمَا مِنَ ٱللَّهِ شَيْـًٔا وَقِيلَ ٱدْخُلَا ٱلنَّارَ مَعَ ٱلدَّٰخِلِينَ","translation_en":"Allah presents an example of those who disbelieved: the wife of Noah and the wife of Lot. They were under two of Our righteous servants but betrayed them, so those prophets did not avail them from Allah at all, and it was said, \"Enter the Fire with those who enter.\"","translation_id":"Allah membuat isteri Nuh dan isteri Luth sebagai perumpamaan bagi orang-orang kafir. Keduanya berada di bawah pengawasan dua orang hamba yang saleh di antara hamba-hamba Kami; lalu kedua isteri itu berkhianat kepada suaminya (masing-masing), maka suaminya itu tiada dapat membantu mereka sedikitpun dari (siksa) Allah; dan dikatakan (kepada keduanya): \"Masuklah ke dalam jahannam bersama orang-orang yang masuk (jahannam)\"."},{"number":11,"text":"وَضَرَبَ ٱللَّهُ مَثَلًا لِّلَّذِينَ ءَامَنُوا۟ ٱمْرَأَتَ فِرْعَوْنَ إِذْ قَالَتْ رَبِّ ٱبْنِ لِى عِندَكَ بَيْتًا فِى ٱلْجَنَّةِ وَنَجِّنِى مِن فِرْعَوْنَ وَعَمَلِهِۦ وَنَجِّنِى مِنَ ٱلْقَوْمِ ٱلظَّٰلِمِينَ","translation_en":"And Allah presents an example of those who believed: the wife of Pharaoh, when she said, \"My Lord, build for me near You a house in Paradise and save me from Pharaoh and his deeds and save me from the wrongdoing people.\"","translation_id":"Dan Allah membuat isteri Fir'aun perumpamaan bagi orang-orang yang beriman, ketika ia berkata: \"Ya Rabbku, bangunkanlah untukku sebuah rumah di sisi-Mu dalam firdaus, dan selamatkanlah aku dari Fir'aun dan perbuatannya, dan selamatkanlah aku dari kaum yang zhalim."},{"number":12,"text":"وَمَرْيَمَ ٱبْنَتَ عِمْرَٰنَ ٱلَّتِىٓ أَحْصَنَتْ فَرْجَهَا فَنَفَخْنَا فِيهِ مِن رُّوحِنَا وَصَدَّقَتْ بِكَلِمَٰتِ رَبِّهَا وَكُتُبِهِۦ وَكَانَتْ مِنَ ٱلْقَٰنِتِينَ","translation_en":"And [the example of] Mary, the daughter of 'Imran, who guarded her chastity, so We blew into [her garment] through Our angel, and she believed in the words of her Lord and His scriptures and was of the devoutly obedient.","translation_id":"dan (ingatlah) Maryam binti Imran yang memelihara kehormatannya, maka Kami tiupkan ke dalam rahimnya sebagian dari ruh (ciptaan) Kami, dan dia membenarkan kalimat Rabbnya dan Kitab-Kitab-Nya, dan dia adalah termasuk orang-orang yang taat."}]}