{"number":67,"name":"سورة الملك","transliteration_en":"Al-Mulk","translation_en":"The Sovereignty","total_verses":30,"revelation_type":"Meccan","verses":[{"number":1,"text":"بِسْمِ ٱللَّهِ ٱلرَّحْمَٰنِ ٱلرَّحِيمِ تَبَٰرَكَ ٱلَّذِى بِيَدِهِ ٱلْمُلْكُ وَهُوَ عَلَىٰ كُلِّ شَىْءٍ قَدِيرٌ","translation_en":"Blessed is He in whose hand is dominion, and He is over all things competent -","translation_id":"Maha Suci Allah Yang di tangan-Nya-lah segala kerajaan, dan Dia Maha Kuasa atas segala sesuatu,"},{"number":2,"text":"ٱلَّذِى خَلَقَ ٱلْمَوْتَ وَٱلْحَيَوٰةَ لِيَبْلُوَكُمْ أَيُّكُمْ أَحْسَنُ عَمَلًا وَهُوَ ٱلْعَزِيزُ ٱلْغَفُورُ","translation_en":"[He] who created death and life to test you [as to] which of you is best in deed - and He is the Exalted in Might, the Forgiving -","translation_id":"Yang menjadikan mati dan hidup, supaya Dia menguji kamu, siapa di antara kamu yang lebih baik amalnya. Dan Dia Maha Perkasa lagi Maha Pengampun,"},{"number":3,"text":"ٱلَّذِى خَلَقَ سَبْعَ سَمَٰوَٰتٍ طِبَاقًا مَّا تَرَىٰ فِى خَلْقِ ٱلرَّحْمَٰنِ مِن تَفَٰوُتٍ فَٱرْجِعِ ٱلْبَصَرَ هَلْ تَرَىٰ مِن فُطُورٍ","translation_en":"[And] who created seven heavens in layers. You do not see in the creation of the Most Merciful any inconsistency. So return [your] vision [to the sky]; do you see any breaks?","translation_id":"Yang telah menciptakan tujuh langit berlapis-lapis. Kamu sekali-kali tidak melihat pada ciptaan Tuhan Yang Maha Pemurah sesuatu yang tidak seimbang. Maka lihatlah berulang-ulang, adakah kamu lihat sesuatu yang tidak seimbang?"},{"number":4,"text":"ثُمَّ ٱرْجِعِ ٱلْبَصَرَ كَرَّتَيْنِ يَنقَلِبْ إِلَيْكَ ٱلْبَصَرُ خَاسِئًا وَهُوَ حَسِيرٌ","translation_en":"Then return [your] vision twice again. [Your] vision will return to you humbled while it is fatigued.","translation_id":"Kemudian pandanglah sekali lagi niscaya penglihatanmu akan kembali kepadamu dengan tidak menemukan sesuatu cacat dan penglihatanmu itupun dalam keadaan payah."},{"number":5,"text":"وَلَقَدْ زَيَّنَّا ٱلسَّمَآءَ ٱلدُّنْيَا بِمَصَٰبِيحَ وَجَعَلْنَٰهَا رُجُومًا لِّلشَّيَٰطِينِ وَأَعْتَدْنَا لَهُمْ عَذَابَ ٱلسَّعِيرِ","translation_en":"And We have certainly beautified the nearest heaven with stars and have made [from] them what is thrown at the devils and have prepared for them the punishment of the Blaze.","translation_id":"Sesungguhnya Kami telah menghiasi langit yang dekat dengan bintang-bintang, dan Kami jadikan bintang-bintang itu alat-alat pelempar syaitan, dan Kami sediakan bagi mereka siksa neraka yang menyala-nyala."},{"number":6,"text":"وَلِلَّذِينَ كَفَرُوا۟ بِرَبِّهِمْ عَذَابُ جَهَنَّمَ وَبِئْسَ ٱلْمَصِيرُ","translation_en":"And for those who disbelieved in their Lord is the punishment of Hell, and wretched is the destination.","translation_id":"Dan orang-orang yang kafir kepada Tuhannya, memperoleh azab Jahannam. Dan itulah seburuk-buruk tempat kembali."},{"number":7,"text":"إِذَآ أُلْقُوا۟ فِيهَا سَمِعُوا۟ لَهَا شَهِيقًا وَهِىَ تَفُورُ","translation_en":"When they are thrown into it, they hear from it a [dreadful] inhaling while it boils up.","translation_id":"Apabila mereka dilemparkan ke dalamnya mereka mendengar suara neraka yang mengerikan, sedang neraka itu menggelegak,"},{"number":8,"text":"تَكَادُ تَمَيَّزُ مِنَ ٱلْغَيْظِ كُلَّمَآ أُلْقِىَ فِيهَا فَوْجٌ سَأَلَهُمْ خَزَنَتُهَآ أَلَمْ يَأْتِكُمْ نَذِيرٌ","translation_en":"It almost bursts with rage. Every time a company is thrown into it, its keepers ask them, \"Did there not come to you a warner?\"","translation_id":"hampir-hampir (neraka) itu terpecah-pecah lantaran marah. Setiap kali dilemparkan ke dalamnya sekumpulan (orang-orang kafir), penjaga-penjaga (neraka itu) bertanya kepada mereka: \"Apakah belum pernah datang kepada kamu (di dunia) seorang pemberi peringatan?\""},{"number":9,"text":"قَالُوا۟ بَلَىٰ قَدْ جَآءَنَا نَذِيرٌ فَكَذَّبْنَا وَقُلْنَا مَا نَزَّلَ ٱللَّهُ مِن شَىْءٍ إِنْ أَنتُمْ إِلَّا فِى ضَلَٰلٍ كَبِيرٍ","translation_en":"They will say,\" Yes, a warner had come to us, but we denied and said, 'Allah has not sent down anything. You are not but in great error.'\"","translation_id":"Mereka menjawab: \"Benar ada\", sesungguhnya telah datang kepada kami seorang pemberi peringatan, maka kami mendustakan(nya) dan kami katakan: \"Allah tidak menurunkan sesuatupun; kamu tidak lain hanyalah di dalam kesesatan yang besar\"."},{"number":10,"text":"وَقَالُوا۟ لَوْ كُنَّا نَسْمَعُ أَوْ نَعْقِلُ مَا كُنَّا فِىٓ أَصْحَٰبِ ٱلسَّعِيرِ","translation_en":"And they will say, \"If only we had been listening or reasoning, we would not be among the companions of the Blaze.\"","translation_id":"Dan mereka berkata: \"Sekiranya kami mendengarkan atau memikirkan (peringatan itu) niscaya tidaklah kami termasuk penghuni-penghuni neraka yang menyala-nyala\"."},{"number":11,"text":"فَٱعْتَرَفُوا۟ بِذَنۢبِهِمْ فَسُحْقًا لِّأَصْحَٰبِ ٱلسَّعِيرِ","translation_en":"And they will admit their sin, so [it is] alienation for the companions of the Blaze.","translation_id":"Mereka mengakui dosa mereka. Maka kebinasaanlah bagi penghuni-penghuni neraka yang menyala-nyala."},{"number":12,"text":"إِنَّ ٱلَّذِينَ يَخْشَوْنَ رَبَّهُم بِٱلْغَيْبِ لَهُم مَّغْفِرَةٌ وَأَجْرٌ كَبِيرٌ","translation_en":"Indeed, those who fear their Lord unseen will have forgiveness and great reward.","translation_id":"Sesungguhnya orang-orang yang takut kepada Tuhannya Yang tidak nampak oleh mereka, mereka akan memperoleh ampunan dan pahala yang besar."},{"number":13,"text":"وَأَسِرُّوا۟ قَوْلَكُمْ أَوِ ٱجْهَرُوا۟ بِهِۦٓ إِنَّهُۥ عَلِيمٌۢ بِذَاتِ ٱلصُّدُورِ","translation_en":"And conceal your speech or publicize it; indeed, He is Knowing of that within the breasts.","translation_id":"Dan rahasiakanlah perkataanmu atau lahirkanlah; sesungguhnya Dia Maha Mengetahui segala isi hati."},{"number":14,"text":"أَلَا يَعْلَمُ مَنْ خَلَقَ وَهُوَ ٱللَّطِيفُ ٱلْخَبِيرُ","translation_en":"Does He who created not know, while He is the Subtle, the Acquainted?","translation_id":"Apakah Allah Yang menciptakan itu tidak mengetahui (yang kamu lahirkan atau rahasiakan); dan Dia Maha Halus lagi Maha Mengetahui?"},{"number":15,"text":"هُوَ ٱلَّذِى جَعَلَ لَكُمُ ٱلْأَرْضَ ذَلُولًا فَٱمْشُوا۟ فِى مَنَاكِبِهَا وَكُلُوا۟ مِن رِّزْقِهِۦ وَإِلَيْهِ ٱلنُّشُورُ","translation_en":"It is He who made the earth tame for you - so walk among its slopes and eat of His provision - and to Him is the resurrection.","translation_id":"Dialah Yang menjadikan bumi itu mudah bagi kamu, maka berjalanlah di segala penjurunya dan makanlah sebahagian dari rezeki-Nya. Dan hanya kepada-Nya-lah kamu (kembali setelah) dibangkitkan."},{"number":16,"text":"ءَأَمِنتُم مَّن فِى ٱلسَّمَآءِ أَن يَخْسِفَ بِكُمُ ٱلْأَرْضَ فَإِذَا هِىَ تَمُورُ","translation_en":"Do you feel secure that He who [holds authority] in the heaven would not cause the earth to swallow you and suddenly it would sway?","translation_id":"Apakah kamu merasa aman terhadap Allah yang (berkuasa) di langit bahwa Dia akan menjungkir balikkan bumi bersama kamu, sehingga dengan tiba-tiba bumi itu bergoncang?,"},{"number":17,"text":"أَمْ أَمِنتُم مَّن فِى ٱلسَّمَآءِ أَن يُرْسِلَ عَلَيْكُمْ حَاصِبًا فَسَتَعْلَمُونَ كَيْفَ نَذِيرِ","translation_en":"Or do you feel secure that He who [holds authority] in the heaven would not send against you a storm of stones? Then you would know how [severe] was My warning.","translation_id":"atau apakah kamu merasa aman terhadap Allah yang (berkuasa) di langit bahwa Dia akan mengirimkan badai yang berbatu. Maka kelak kamu akan mengetahui bagaimana (akibat mendustakan) peringatan-Ku?"},{"number":18,"text":"وَلَقَدْ كَذَّبَ ٱلَّذِينَ مِن قَبْلِهِمْ فَكَيْفَ كَانَ نَكِيرِ","translation_en":"And already had those before them denied, and how [terrible] was My reproach.","translation_id":"Dan sesungguhnya orang-orang yang sebelum mereka telah mendustakan (rasul-rasul-Nya). Maka alangkah hebatnya kemurkaan-Ku."},{"number":19,"text":"أَوَلَمْ يَرَوْا۟ إِلَى ٱلطَّيْرِ فَوْقَهُمْ صَٰٓفَّٰتٍ وَيَقْبِضْنَ مَا يُمْسِكُهُنَّ إِلَّا ٱلرَّحْمَٰنُ إِنَّهُۥ بِكُلِّ شَىْءٍۭ بَصِيرٌ","translation_en":"Do they not see the birds above them with wings outspread and [sometimes] folded in? None holds them [aloft] except the Most Merciful. Indeed He is, of all things, Seeing.","translation_id":"Dan apakah mereka tidak memperhatikan burung-burung yang mengembangkan dan mengatupkan sayapnya di atas mereka? Tidak ada yang menahannya (di udara) selain Yang Maha Pemurah. Sesungguhnya Dia Maha Melihat segala sesuatu."},{"number":20,"text":"أَمَّنْ هَٰذَا ٱلَّذِى هُوَ جُندٌ لَّكُمْ يَنصُرُكُم مِّن دُونِ ٱلرَّحْمَٰنِ إِنِ ٱلْكَٰفِرُونَ إِلَّا فِى غُرُورٍ","translation_en":"Or who is it that could be an army for you to aid you other than the Most Merciful? The disbelievers are not but in delusion.","translation_id":"Atau siapakah dia yang menjadi tentara bagimu yang akan menolongmu selain daripada Allah Yang Maha Pemurah? Orang-orang kafir itu tidak lain hanyalah dalam (keadaan) tertipu."},{"number":21,"text":"أَمَّنْ هَٰذَا ٱلَّذِى يَرْزُقُكُمْ إِنْ أَمْسَكَ رِزْقَهُۥ بَل لَّجُّوا۟ فِى عُتُوٍّ وَنُفُورٍ","translation_en":"Or who is it that could provide for you if He withheld His provision? But they have persisted in insolence and aversion.","translation_id":"Atau siapakah dia yang memberi kamu rezeki jika Allah menahan rezeki-Nya? Sebenarnya mereka terus menerus dalam kesombongan dan menjauhkan diri?"},{"number":22,"text":"أَفَمَن يَمْشِى مُكِبًّا عَلَىٰ وَجْهِهِۦٓ أَهْدَىٰٓ أَمَّن يَمْشِى سَوِيًّا عَلَىٰ صِرَٰطٍ مُّسْتَقِيمٍ","translation_en":"Then is one who walks fallen on his face better guided or one who walks erect on a straight path?","translation_id":"Maka apakah orang yang berjalan terjungkal di atas mukanya itu lebih banyak mendapatkan petunjuk ataukah orang yang berjalan tegap di atas jalan yang lurus?"},{"number":23,"text":"قُلْ هُوَ ٱلَّذِىٓ أَنشَأَكُمْ وَجَعَلَ لَكُمُ ٱلسَّمْعَ وَٱلْأَبْصَٰرَ وَٱلْأَفْـِٔدَةَ قَلِيلًا مَّا تَشْكُرُونَ","translation_en":"Say, \"It is He who has produced you and made for you hearing and vision and hearts; little are you grateful.\"","translation_id":"Katakanlah: \"Dialah Yang menciptakan kamu dan menjadikan bagi kamu pendengaran, penglihatan dan hati\". (Tetapi) amat sedikit kamu bersyukur."},{"number":24,"text":"قُلْ هُوَ ٱلَّذِى ذَرَأَكُمْ فِى ٱلْأَرْضِ وَإِلَيْهِ تُحْشَرُونَ","translation_en":"Say, \"It is He who has multiplied you throughout the earth, and to Him you will be gathered.\"","translation_id":"Katakanlah: \"Dialah Yang menjadikan kamu berkembang biak di muka bumi, dan hanya kepada-Nya-lah kamu kelak dikumpulkan\"."},{"number":25,"text":"وَيَقُولُونَ مَتَىٰ هَٰذَا ٱلْوَعْدُ إِن كُنتُمْ صَٰدِقِينَ","translation_en":"And they say, \"When is this promise, if you should be truthful?\"","translation_id":"Dan mereka berkata: \"Kapankah datangnya ancaman itu jika kamu adalah orang-orang yang benar?\""},{"number":26,"text":"قُلْ إِنَّمَا ٱلْعِلْمُ عِندَ ٱللَّهِ وَإِنَّمَآ أَنَا۠ نَذِيرٌ مُّبِينٌ","translation_en":"Say, \"The knowledge is only with Allah, and I am only a clear warner.\"","translation_id":"Katakanlah: \"Sesungguhnya ilmu (tentang hari kiamat itu) hanya pada sisi Allah. Dan sesungguhnya aku hanyalah seorang pemberi peringatan yang menjelaskan\"."},{"number":27,"text":"فَلَمَّا رَأَوْهُ زُلْفَةً سِيٓـَٔتْ وُجُوهُ ٱلَّذِينَ كَفَرُوا۟ وَقِيلَ هَٰذَا ٱلَّذِى كُنتُم بِهِۦ تَدَّعُونَ","translation_en":"But when they see it approaching, the faces of those who disbelieve will be distressed, and it will be said, \"This is that for which you used to call.\"","translation_id":"Ketika mereka melihat azab (pada hari kiamat) sudah dekat, muka orang-orang kafir itu menjadi muram. Dan dikatakan (kepada mereka) inilah (azab) yang dahulunya kamu selalu meminta-mintanya."},{"number":28,"text":"قُلْ أَرَءَيْتُمْ إِنْ أَهْلَكَنِىَ ٱللَّهُ وَمَن مَّعِىَ أَوْ رَحِمَنَا فَمَن يُجِيرُ ٱلْكَٰفِرِينَ مِنْ عَذَابٍ أَلِيمٍ","translation_en":"Say, [O Muhammad], \"Have you considered: whether Allah should cause my death and those with me or have mercy upon us, who can protect the disbelievers from a painful punishment?\"","translation_id":"Katakanlah: \"Terangkanlah kepadaku jika Allah mematikan aku dan orang-orang yang bersama dengan aku atau memberi rahmat kepada kami, (maka kami akan masuk surga), tetapi siapakah yang dapat melindungi orang-orang yang kafir dari siksa yang pedih?\""},{"number":29,"text":"قُلْ هُوَ ٱلرَّحْمَٰنُ ءَامَنَّا بِهِۦ وَعَلَيْهِ تَوَكَّلْنَا فَسَتَعْلَمُونَ مَنْ هُوَ فِى ضَلَٰلٍ مُّبِينٍ","translation_en":"Say, \"He is the Most Merciful; we have believed in Him, and upon Him we have relied. And you will [come to] know who it is that is in clear error.\"","translation_id":"Katakanlah: \"Dialah Allah Yang Maha Penyayang kami beriman kepada-Nya dan kepada-Nya-lah kami bertawakkal. Kelak kamu akan mengetahui siapakah yang berada dalam kesesatan yang nyata\"."},{"number":30,"text":"قُلْ أَرَءَيْتُمْ إِنْ أَصْبَحَ مَآؤُكُمْ غَوْرًا فَمَن يَأْتِيكُم بِمَآءٍ مَّعِينٍۭ","translation_en":"Say, \"Have you considered: if your water was to become sunken [into the earth], then who could bring you flowing water?\"","translation_id":"Katakanlah: \"Terangkanlah kepadaku jika sumber air kamu menjadi kering; maka siapakah yang akan mendatangkan air yang mengalir bagimu?\"."}]}