{"number":70,"name":"سورة المعارج","transliteration_en":"Al-Ma'aarij","translation_en":"The Ascending Stairways","total_verses":44,"revelation_type":"Meccan","verses":[{"number":1,"text":"بِسْمِ ٱللَّهِ ٱلرَّحْمَٰنِ ٱلرَّحِيمِ سَأَلَ سَآئِلٌۢ بِعَذَابٍ وَاقِعٍ","translation_en":"A supplicant asked for a punishment bound to happen","translation_id":"Seseorang telah meminta kedatangan azab yang akan menimpa,"},{"number":2,"text":"لِّلْكَٰفِرِينَ لَيْسَ لَهُۥ دَافِعٌ","translation_en":"To the disbelievers; of it there is no preventer.","translation_id":"orang-orang kafir, yang tidak seorangpun dapat menolaknya,"},{"number":3,"text":"مِّنَ ٱللَّهِ ذِى ٱلْمَعَارِجِ","translation_en":"[It is] from Allah, owner of the ways of ascent.","translation_id":"(yang datang) dari Allah, Yang mempunyai tempat-tempat naik."},{"number":4,"text":"تَعْرُجُ ٱلْمَلَٰٓئِكَةُ وَٱلرُّوحُ إِلَيْهِ فِى يَوْمٍ كَانَ مِقْدَارُهُۥ خَمْسِينَ أَلْفَ سَنَةٍ","translation_en":"The angels and the Spirit will ascend to Him during a Day the extent of which is fifty thousand years.","translation_id":"Malaikat-malaikat dan Jibril naik (menghadap) kepada Tuhan dalam sehari yang kadarnya limapuluh ribu tahun."},{"number":5,"text":"فَٱصْبِرْ صَبْرًا جَمِيلًا","translation_en":"So be patient with gracious patience.","translation_id":"Maka bersabarlah kamu dengan sabar yang baik."},{"number":6,"text":"إِنَّهُمْ يَرَوْنَهُۥ بَعِيدًا","translation_en":"Indeed, they see it [as] distant,","translation_id":"Sesungguhnya mereka memandang siksaaan itu jauh (mustahil)."},{"number":7,"text":"وَنَرَىٰهُ قَرِيبًا","translation_en":"But We see it [as] near.","translation_id":"Sedangkan Kami memandangnya dekat (mungkin terjadi)."},{"number":8,"text":"يَوْمَ تَكُونُ ٱلسَّمَآءُ كَٱلْمُهْلِ","translation_en":"On the Day the sky will be like murky oil,","translation_id":"Pada hari ketika langit menjadi seperti luluhan perak,"},{"number":9,"text":"وَتَكُونُ ٱلْجِبَالُ كَٱلْعِهْنِ","translation_en":"And the mountains will be like wool,","translation_id":"dan gunung-gunung menjadi seperti bulu (yang berterbangan),"},{"number":10,"text":"وَلَا يَسْـَٔلُ حَمِيمٌ حَمِيمًا","translation_en":"And no friend will ask [anything of] a friend,","translation_id":"dan tidak ada seorang teman akrabpun menanyakan temannya,"},{"number":11,"text":"يُبَصَّرُونَهُمْ يَوَدُّ ٱلْمُجْرِمُ لَوْ يَفْتَدِى مِنْ عَذَابِ يَوْمِئِذٍۭ بِبَنِيهِ","translation_en":"They will be shown each other. The criminal will wish that he could be ransomed from the punishment of that Day by his children","translation_id":"sedang mereka saling memandang. Orang kafir ingin kalau sekiranya dia dapat menebus (dirinya) dari azab hari itu dengan anak-anaknya,"},{"number":12,"text":"وَصَٰحِبَتِهِۦ وَأَخِيهِ","translation_en":"And his wife and his brother","translation_id":"dan isterinya dan saudaranya,"},{"number":13,"text":"وَفَصِيلَتِهِ ٱلَّتِى تُـْٔوِيهِ","translation_en":"And his nearest kindred who shelter him","translation_id":"dan kaum familinya yang melindunginya (di dunia)."},{"number":14,"text":"وَمَن فِى ٱلْأَرْضِ جَمِيعًا ثُمَّ يُنجِيهِ","translation_en":"And whoever is on earth entirely [so] then it could save him.","translation_id":"Dan orang-orang di atas bumi seluruhnya kemudian (mengharapkan) tebusan itu dapat menyelamatkannya."},{"number":15,"text":"كَلَّآ إِنَّهَا لَظَىٰ","translation_en":"No! Indeed, it is the Flame [of Hell],","translation_id":"Sekali-kali tidak dapat, sesungguhnya neraka itu adalah api yang bergolak,"},{"number":16,"text":"نَزَّاعَةً لِّلشَّوَىٰ","translation_en":"A remover of exteriors.","translation_id":"yang mengelupas kulit kepala,"},{"number":17,"text":"تَدْعُوا۟ مَنْ أَدْبَرَ وَتَوَلَّىٰ","translation_en":"It invites he who turned his back [on truth] and went away [from obedience]","translation_id":"yang memanggil orang yang membelakang dan yang berpaling (dari agama),"},{"number":18,"text":"وَجَمَعَ فَأَوْعَىٰٓ","translation_en":"And collected [wealth] and hoarded.","translation_id":"serta mengumpulkan (harta benda) lalu menyimpannya."},{"number":19,"text":"إِنَّ ٱلْإِنسَٰنَ خُلِقَ هَلُوعًا","translation_en":"Indeed, mankind was created anxious:","translation_id":"Sesungguhnya manusia diciptakan bersifat keluh kesah lagi kikir."},{"number":20,"text":"إِذَا مَسَّهُ ٱلشَّرُّ جَزُوعًا","translation_en":"When evil touches him, impatient,","translation_id":"Apabila ia ditimpa kesusahan ia berkeluh kesah,"},{"number":21,"text":"وَإِذَا مَسَّهُ ٱلْخَيْرُ مَنُوعًا","translation_en":"And when good touches him, withholding [of it],","translation_id":"dan apabila ia mendapat kebaikan ia amat kikir,"},{"number":22,"text":"إِلَّا ٱلْمُصَلِّينَ","translation_en":"Except the observers of prayer -","translation_id":"kecuali orang-orang yang mengerjakan shalat,"},{"number":23,"text":"ٱلَّذِينَ هُمْ عَلَىٰ صَلَاتِهِمْ دَآئِمُونَ","translation_en":"Those who are constant in their prayer","translation_id":"yang mereka itu tetap mengerjakan shalatnya,"},{"number":24,"text":"وَٱلَّذِينَ فِىٓ أَمْوَٰلِهِمْ حَقٌّ مَّعْلُومٌ","translation_en":"And those within whose wealth is a known right","translation_id":"dan orang-orang yang dalam hartanya tersedia bagian tertentu,"},{"number":25,"text":"لِّلسَّآئِلِ وَٱلْمَحْرُومِ","translation_en":"For the petitioner and the deprived -","translation_id":"bagi orang (miskin) yang meminta dan orang yang tidak mempunyai apa-apa (yang tidak mau meminta),"},{"number":26,"text":"وَٱلَّذِينَ يُصَدِّقُونَ بِيَوْمِ ٱلدِّينِ","translation_en":"And those who believe in the Day of Recompense","translation_id":"dan orang-orang yang mempercayai hari pembalasan,"},{"number":27,"text":"وَٱلَّذِينَ هُم مِّنْ عَذَابِ رَبِّهِم مُّشْفِقُونَ","translation_en":"And those who are fearful of the punishment of their Lord -","translation_id":"dan orang-orang yang takut terhadap azab Tuhannya."},{"number":28,"text":"إِنَّ عَذَابَ رَبِّهِمْ غَيْرُ مَأْمُونٍ","translation_en":"Indeed, the punishment of their Lord is not that from which one is safe -","translation_id":"Karena sesungguhnya azab Tuhan mereka tidak dapat orang merasa aman (dari kedatangannya)."},{"number":29,"text":"وَٱلَّذِينَ هُمْ لِفُرُوجِهِمْ حَٰفِظُونَ","translation_en":"And those who guard their private parts","translation_id":"Dan orang-orang yang memelihara kemaluannya,"},{"number":30,"text":"إِلَّا عَلَىٰٓ أَزْوَٰجِهِمْ أَوْ مَا مَلَكَتْ أَيْمَٰنُهُمْ فَإِنَّهُمْ غَيْرُ مَلُومِينَ","translation_en":"Except from their wives or those their right hands possess, for indeed, they are not to be blamed -","translation_id":"kecuali terhadap isteri-isteri mereka atau budak-budak yang mereka miliki, maka sesungguhnya mereka dalam hal ini tiada tercela."},{"number":31,"text":"فَمَنِ ٱبْتَغَىٰ وَرَآءَ ذَٰلِكَ فَأُو۟لَٰٓئِكَ هُمُ ٱلْعَادُونَ","translation_en":"But whoever seeks beyond that, then they are the transgressors -","translation_id":"Barangsiapa mencari yang di balik itu, maka mereka itulah orang-orang yang melampaui batas."},{"number":32,"text":"وَٱلَّذِينَ هُمْ لِأَمَٰنَٰتِهِمْ وَعَهْدِهِمْ رَٰعُونَ","translation_en":"And those who are to their trusts and promises attentive","translation_id":"Dan orang-orang yang memelihara amanat-amanat (yang dipikulnya) dan janjinya."},{"number":33,"text":"وَٱلَّذِينَ هُم بِشَهَٰدَٰتِهِمْ قَآئِمُونَ","translation_en":"And those who are in their testimonies upright","translation_id":"Dan orang-orang yang memberikan kesaksiannya."},{"number":34,"text":"وَٱلَّذِينَ هُمْ عَلَىٰ صَلَاتِهِمْ يُحَافِظُونَ","translation_en":"And those who [carefully] maintain their prayer:","translation_id":"Dan orang-orang yang memelihara shalatnya."},{"number":35,"text":"أُو۟لَٰٓئِكَ فِى جَنَّٰتٍ مُّكْرَمُونَ","translation_en":"They will be in gardens, honored.","translation_id":"Mereka itu (kekal) di surga lagi dimuliakan."},{"number":36,"text":"فَمَالِ ٱلَّذِينَ كَفَرُوا۟ قِبَلَكَ مُهْطِعِينَ","translation_en":"So what is [the matter] with those who disbelieve, hastening [from] before you, [O Muhammad],","translation_id":"Mengapakah orang-orang kafir itu bersegera datang ke arahmu,"},{"number":37,"text":"عَنِ ٱلْيَمِينِ وَعَنِ ٱلشِّمَالِ عِزِينَ","translation_en":"[To sit] on [your] right and [your] left in separate groups?","translation_id":"dari kanan dan dari kiri dengan berkelompok-kelompok."},{"number":38,"text":"أَيَطْمَعُ كُلُّ ٱمْرِئٍ مِّنْهُمْ أَن يُدْخَلَ جَنَّةَ نَعِيمٍ","translation_en":"Does every person among them aspire to enter a garden of pleasure?","translation_id":"Adakah setiap orang dari orang-orang kafir itu ingin masuk ke dalam surga yang penuh kenikmatan?,"},{"number":39,"text":"كَلَّآ إِنَّا خَلَقْنَٰهُم مِّمَّا يَعْلَمُونَ","translation_en":"No! Indeed, We have created them from that which they know.","translation_id":"sekali-kali tidak! Sesungguhnya Kami ciptakan mereka dari apa yang mereka ketahui (air mani)."},{"number":40,"text":"فَلَآ أُقْسِمُ بِرَبِّ ٱلْمَشَٰرِقِ وَٱلْمَغَٰرِبِ إِنَّا لَقَٰدِرُونَ","translation_en":"So I swear by the Lord of [all] risings and settings that indeed We are able","translation_id":"Maka aku bersumpah dengan Tuhan Yang memiliki timur dan barat, sesungguhnya Kami benar-benar Maha Kuasa."},{"number":41,"text":"عَلَىٰٓ أَن نُّبَدِّلَ خَيْرًا مِّنْهُمْ وَمَا نَحْنُ بِمَسْبُوقِينَ","translation_en":"To replace them with better than them; and We are not to be outdone.","translation_id":"Untuk mengganti (mereka) dengan kaum yang lebih baik dari mereka, dan Kami sekali-kali tidak dapat dikalahkan."},{"number":42,"text":"فَذَرْهُمْ يَخُوضُوا۟ وَيَلْعَبُوا۟ حَتَّىٰ يُلَٰقُوا۟ يَوْمَهُمُ ٱلَّذِى يُوعَدُونَ","translation_en":"So leave them to converse vainly and amuse themselves until they meet their Day which they are promised -","translation_id":"Maka biarkanlah mereka tenggelam (dalam kebatilan) dan bermain-main sampai mereka menjumpai hari yang diancamkan kepada mereka,"},{"number":43,"text":"يَوْمَ يَخْرُجُونَ مِنَ ٱلْأَجْدَاثِ سِرَاعًا كَأَنَّهُمْ إِلَىٰ نُصُبٍ يُوفِضُونَ","translation_en":"The Day they will emerge from the graves rapidly as if they were, toward an erected idol, hastening.","translation_id":"(yaitu) pada hari mereka keluar dari kubur dengan cepat seakan-akan mereka pergi dengan segera kepada berhala-berhala (sewaktu di dunia),"},{"number":44,"text":"خَٰشِعَةً أَبْصَٰرُهُمْ تَرْهَقُهُمْ ذِلَّةٌ ذَٰلِكَ ٱلْيَوْمُ ٱلَّذِى كَانُوا۟ يُوعَدُونَ","translation_en":"Their eyes humbled, humiliation will cover them. That is the Day which they had been promised.","translation_id":"dalam keadaan mereka menekurkan pandangannya (serta) diliputi kehinaan. Itulah hari yang dahulunya diancamkan kepada mereka."}]}