{"number":71,"name":"سورة نوح","transliteration_en":"Nooh","translation_en":"Noah","total_verses":28,"revelation_type":"Meccan","verses":[{"number":1,"text":"بِسْمِ ٱللَّهِ ٱلرَّحْمَٰنِ ٱلرَّحِيمِ إِنَّآ أَرْسَلْنَا نُوحًا إِلَىٰ قَوْمِهِۦٓ أَنْ أَنذِرْ قَوْمَكَ مِن قَبْلِ أَن يَأْتِيَهُمْ عَذَابٌ أَلِيمٌ","translation_en":"Indeed, We sent Noah to his people, [saying], \"Warn your people before there comes to them a painful punishment.\"","translation_id":"Sesungguhnya Kami telah mengutus Nuh kepada kaumnya (dengan memerintahkan): \"Berilah kaummu peringatan sebelum datang kepadanya azab yang pedih\","},{"number":2,"text":"قَالَ يَٰقَوْمِ إِنِّى لَكُمْ نَذِيرٌ مُّبِينٌ","translation_en":"He said, \"O my people, indeed I am to you a clear warner,","translation_id":"Nuh berkata: \"Hai kaumku, sesungguhnya aku adalah pemberi peringatan yang menjelaskan kepada kamu,"},{"number":3,"text":"أَنِ ٱعْبُدُوا۟ ٱللَّهَ وَٱتَّقُوهُ وَأَطِيعُونِ","translation_en":"[Saying], 'Worship Allah, fear Him and obey me.","translation_id":"(yaitu) sembahlah olehmu Allah, bertakwalah kepada-Nya dan taatlah kepadaku,"},{"number":4,"text":"يَغْفِرْ لَكُم مِّن ذُنُوبِكُمْ وَيُؤَخِّرْكُمْ إِلَىٰٓ أَجَلٍ مُّسَمًّى إِنَّ أَجَلَ ٱللَّهِ إِذَا جَآءَ لَا يُؤَخَّرُ لَوْ كُنتُمْ تَعْلَمُونَ","translation_en":"Allah will forgive you of your sins and delay you for a specified term. Indeed, the time [set by] Allah, when it comes, will not be delayed, if you only knew.' \"","translation_id":"niscaya Allah akan mengampuni sebagian dosa-dosamu dan menangguhkan kamu sampai kepada waktu yang ditentukan. Sesungguhnya ketetapan Allah apabila telah datang tidak dapat ditangguhkan, kalau kamu mengetahui\"."},{"number":5,"text":"قَالَ رَبِّ إِنِّى دَعَوْتُ قَوْمِى لَيْلًا وَنَهَارًا","translation_en":"He said, \"My Lord, indeed I invited my people [to truth] night and day.","translation_id":"Nuh berkata: \"Ya Tuhanku sesungguhnya aku telah menyeru kaumku malam dan siang,"},{"number":6,"text":"فَلَمْ يَزِدْهُمْ دُعَآءِىٓ إِلَّا فِرَارًا","translation_en":"But my invitation increased them not except in flight.","translation_id":"maka seruanku itu hanyalah menambah mereka lari (dari kebenaran)."},{"number":7,"text":"وَإِنِّى كُلَّمَا دَعَوْتُهُمْ لِتَغْفِرَ لَهُمْ جَعَلُوٓا۟ أَصَٰبِعَهُمْ فِىٓ ءَاذَانِهِمْ وَٱسْتَغْشَوْا۟ ثِيَابَهُمْ وَأَصَرُّوا۟ وَٱسْتَكْبَرُوا۟ ٱسْتِكْبَارًا","translation_en":"And indeed, every time I invited them that You may forgive them, they put their fingers in their ears, covered themselves with their garments, persisted, and were arrogant with [great] arrogance.","translation_id":"Dan sesungguhnya setiap kali aku menyeru mereka (kepada iman) agar Engkau mengampuni mereka, mereka memasukkan anak jari mereka ke dalam telinganya dan menutupkan bajunya (kemukanya) dan mereka tetap (mengingkari) dan menyombongkan diri dengan sangat."},{"number":8,"text":"ثُمَّ إِنِّى دَعَوْتُهُمْ جِهَارًا","translation_en":"Then I invited them publicly.","translation_id":"Kemudian sesungguhnya aku telah menyeru mereka (kepada iman) dengan cara terang-terangan,"},{"number":9,"text":"ثُمَّ إِنِّىٓ أَعْلَنتُ لَهُمْ وَأَسْرَرْتُ لَهُمْ إِسْرَارًا","translation_en":"Then I announced to them and [also] confided to them secretly","translation_id":"kemudian sesungguhnya aku (menyeru) mereka (lagi) dengan terang-terangan dan dengan diam-diam,"},{"number":10,"text":"فَقُلْتُ ٱسْتَغْفِرُوا۟ رَبَّكُمْ إِنَّهُۥ كَانَ غَفَّارًا","translation_en":"And said, 'Ask forgiveness of your Lord. Indeed, He is ever a Perpetual Forgiver.","translation_id":"maka aku katakan kepada mereka: 'Mohonlah ampun kepada Tuhanmu, -sesungguhnya Dia adalah Maha Pengampun-,"},{"number":11,"text":"يُرْسِلِ ٱلسَّمَآءَ عَلَيْكُم مِّدْرَارًا","translation_en":"He will send [rain from] the sky upon you in [continuing] showers","translation_id":"niscaya Dia akan mengirimkan hujan kepadamu dengan lebat,"},{"number":12,"text":"وَيُمْدِدْكُم بِأَمْوَٰلٍ وَبَنِينَ وَيَجْعَل لَّكُمْ جَنَّٰتٍ وَيَجْعَل لَّكُمْ أَنْهَٰرًا","translation_en":"And give you increase in wealth and children and provide for you gardens and provide for you rivers.","translation_id":"dan membanyakkan harta dan anak-anakmu, dan mengadakan untukmu kebun-kebun dan mengadakan (pula di dalamnya) untukmu sungai-sungai."},{"number":13,"text":"مَّا لَكُمْ لَا تَرْجُونَ لِلَّهِ وَقَارًا","translation_en":"What is [the matter] with you that you do not attribute to Allah [due] grandeur","translation_id":"Mengapa kamu tidak percaya akan kebesaran Allah?"},{"number":14,"text":"وَقَدْ خَلَقَكُمْ أَطْوَارًا","translation_en":"While He has created you in stages?","translation_id":"Padahal Dia sesungguhnya telah menciptakan kamu dalam beberapa tingkatan kejadian."},{"number":15,"text":"أَلَمْ تَرَوْا۟ كَيْفَ خَلَقَ ٱللَّهُ سَبْعَ سَمَٰوَٰتٍ طِبَاقًا","translation_en":"Do you not consider how Allah has created seven heavens in layers","translation_id":"Tidakkah kamu perhatikan bagaimana Allah telah menciptakan tujuh langit bertingkat-tingkat?"},{"number":16,"text":"وَجَعَلَ ٱلْقَمَرَ فِيهِنَّ نُورًا وَجَعَلَ ٱلشَّمْسَ سِرَاجًا","translation_en":"And made the moon therein a [reflected] light and made the sun a burning lamp?","translation_id":"Dan Allah menciptakan padanya bulan sebagai cahaya dan menjadikan matahari sebagai pelita?"},{"number":17,"text":"وَٱللَّهُ أَنۢبَتَكُم مِّنَ ٱلْأَرْضِ نَبَاتًا","translation_en":"And Allah has caused you to grow from the earth a [progressive] growth.","translation_id":"Dan Allah menumbuhkan kamu dari tanah dengan sebaik-baiknya,"},{"number":18,"text":"ثُمَّ يُعِيدُكُمْ فِيهَا وَيُخْرِجُكُمْ إِخْرَاجًا","translation_en":"Then He will return you into it and extract you [another] extraction.","translation_id":"kemudian Dia mengembalikan kamu ke dalam tanah dan mengeluarkan kamu (daripadanya pada hari kiamat) dengan sebenar-benarnya."},{"number":19,"text":"وَٱللَّهُ جَعَلَ لَكُمُ ٱلْأَرْضَ بِسَاطًا","translation_en":"And Allah has made for you the earth an expanse","translation_id":"Dan Allah menjadikan bumi untukmu sebagai hamparan,"},{"number":20,"text":"لِّتَسْلُكُوا۟ مِنْهَا سُبُلًا فِجَاجًا","translation_en":"That you may follow therein roads of passage.' \"","translation_id":"supaya kamu menjalani jalan-jalan yang luas di bumi itu\"."},{"number":21,"text":"قَالَ نُوحٌ رَّبِّ إِنَّهُمْ عَصَوْنِى وَٱتَّبَعُوا۟ مَن لَّمْ يَزِدْهُ مَالُهُۥ وَوَلَدُهُۥٓ إِلَّا خَسَارًا","translation_en":"Noah said, \"My Lord, indeed they have disobeyed me and followed him whose wealth and children will not increase him except in loss.","translation_id":"Nuh berkata: \"Ya Tuhanku, sesungguhnya mereka telah mendurhakaiku dan telah mengikuti orang-orang yang harta dan anak-anaknya tidak menambah kepadanya melainkan kerugian belaka,"},{"number":22,"text":"وَمَكَرُوا۟ مَكْرًا كُبَّارًا","translation_en":"And they conspired an immense conspiracy.","translation_id":"dan melakukan tipu-daya yang amat besar\"."},{"number":23,"text":"وَقَالُوا۟ لَا تَذَرُنَّ ءَالِهَتَكُمْ وَلَا تَذَرُنَّ وَدًّا وَلَا سُوَاعًا وَلَا يَغُوثَ وَيَعُوقَ وَنَسْرًا","translation_en":"And said, 'Never leave your gods and never leave Wadd or Suwa' or Yaghuth and Ya'uq and Nasr.","translation_id":"Dan mereka berkata: \"Jangan sekali-kali kamu meninggalkan (penyembahan) tuhan-tuhan kamu dan jangan pula sekali-kali kamu meninggalkan (penyembahan) wadd, dan jangan pula suwwa', yaghuts, ya'uq dan nasr\"."},{"number":24,"text":"وَقَدْ أَضَلُّوا۟ كَثِيرًا وَلَا تَزِدِ ٱلظَّٰلِمِينَ إِلَّا ضَلَٰلًا","translation_en":"And already they have misled many. And, [my Lord], do not increase the wrongdoers except in error.\"","translation_id":"Dan sesudahnya mereka menyesatkan kebanyakan (manusia); dan janganlah Engkau tambahkan bagi orang-orang yang zalim itu selain kesesatan."},{"number":25,"text":"مِّمَّا خَطِيٓـَٰٔتِهِمْ أُغْرِقُوا۟ فَأُدْخِلُوا۟ نَارًا فَلَمْ يَجِدُوا۟ لَهُم مِّن دُونِ ٱللَّهِ أَنصَارًا","translation_en":"Because of their sins they were drowned and put into the Fire, and they found not for themselves besides Allah [any] helpers.","translation_id":"Disebabkan kesalahan-kesalahan mereka, mereka ditenggelamkan lalu dimasukkan ke neraka, maka mereka tidak mendapat penolong-penolong bagi mereka selain dari Allah."},{"number":26,"text":"وَقَالَ نُوحٌ رَّبِّ لَا تَذَرْ عَلَى ٱلْأَرْضِ مِنَ ٱلْكَٰفِرِينَ دَيَّارًا","translation_en":"And Noah said, \"My Lord, do not leave upon the earth from among the disbelievers an inhabitant.","translation_id":"Nuh berkata: \"Ya Tuhanku, janganlah Engkau biarkan seorangpun di antara orang-orang kafir itu tinggal di atas bumi."},{"number":27,"text":"إِنَّكَ إِن تَذَرْهُمْ يُضِلُّوا۟ عِبَادَكَ وَلَا يَلِدُوٓا۟ إِلَّا فَاجِرًا كَفَّارًا","translation_en":"Indeed, if You leave them, they will mislead Your servants and not beget except [every] wicked one and [confirmed] disbeliever.","translation_id":"Sesungguhnya jika Engkau biarkan mereka tinggal, niscaya mereka akan menyesatkan hamba-hamba-Mu, dan mereka tidak akan melahirkan selain anak yang berbuat maksiat lagi sangat kafir."},{"number":28,"text":"رَّبِّ ٱغْفِرْ لِى وَلِوَٰلِدَىَّ وَلِمَن دَخَلَ بَيْتِىَ مُؤْمِنًا وَلِلْمُؤْمِنِينَ وَٱلْمُؤْمِنَٰتِ وَلَا تَزِدِ ٱلظَّٰلِمِينَ إِلَّا تَبَارًۢا","translation_en":"My Lord, forgive me and my parents and whoever enters my house a believer and the believing men and believing women. And do not increase the wrongdoers except in destruction.\"","translation_id":"Ya Tuhanku! Ampunilah aku, ibu bapakku, orang yang masuk ke rumahku dengan beriman dan semua orang yang beriman laki-laki dan perempuan. Dan janganlah Engkau tambahkan bagi orang-orang yang zalim itu selain kebinasaan\"."}]}