{"number":72,"name":"سورة الجن","transliteration_en":"Al-Jinn","translation_en":"The Jinn","total_verses":28,"revelation_type":"Meccan","verses":[{"number":1,"text":"بِسْمِ ٱللَّهِ ٱلرَّحْمَٰنِ ٱلرَّحِيمِ قُلْ أُوحِىَ إِلَىَّ أَنَّهُ ٱسْتَمَعَ نَفَرٌ مِّنَ ٱلْجِنِّ فَقَالُوٓا۟ إِنَّا سَمِعْنَا قُرْءَانًا عَجَبًا","translation_en":"Say, [O Muhammad], \"It has been revealed to me that a group of the jinn listened and said, 'Indeed, we have heard an amazing Qur'an.","translation_id":"Katakanlah (hai Muhammad): \"Telah diwahyukan kepadamu bahwasanya: telah mendengarkan sekumpulan jin (akan Al Quran), lalu mereka berkata: Sesungguhnya kami telah mendengarkan Al Quran yang menakjubkan,"},{"number":2,"text":"يَهْدِىٓ إِلَى ٱلرُّشْدِ فَـَٔامَنَّا بِهِۦ وَلَن نُّشْرِكَ بِرَبِّنَآ أَحَدًا","translation_en":"It guides to the right course, and we have believed in it. And we will never associate with our Lord anyone.","translation_id":"(yang) memberi petunjuk kapada jalan yang benar, lalu kami beriman kepadanya. Dan kami sekali-kali tidak akan mempersekutukan seseorangpun dengan Tuhan kami,"},{"number":3,"text":"وَأَنَّهُۥ تَعَٰلَىٰ جَدُّ رَبِّنَا مَا ٱتَّخَذَ صَٰحِبَةً وَلَا وَلَدًا","translation_en":"And [it teaches] that exalted is the nobleness of our Lord; He has not taken a wife or a son","translation_id":"dan bahwasanya Maha Tinggi kebesaran Tuhan kami, Dia tidak beristeri dan tidak (pula) beranak."},{"number":4,"text":"وَأَنَّهُۥ كَانَ يَقُولُ سَفِيهُنَا عَلَى ٱللَّهِ شَطَطًا","translation_en":"And that our foolish one has been saying about Allah an excessive transgression.","translation_id":"Dan bahwasanya: orang yang kurang akal daripada kami selalu mengatakan (perkataan) yang melampaui batas terhadap Allah,"},{"number":5,"text":"وَأَنَّا ظَنَنَّآ أَن لَّن تَقُولَ ٱلْإِنسُ وَٱلْجِنُّ عَلَى ٱللَّهِ كَذِبًا","translation_en":"And we had thought that mankind and the jinn would never speak about Allah a lie.","translation_id":"dan sesungguhnya kami mengira, bahwa manusia dan jin sekali-kali tidak akan mengatakan perkataan yang dusta terhadap Allah."},{"number":6,"text":"وَأَنَّهُۥ كَانَ رِجَالٌ مِّنَ ٱلْإِنسِ يَعُوذُونَ بِرِجَالٍ مِّنَ ٱلْجِنِّ فَزَادُوهُمْ رَهَقًا","translation_en":"And there were men from mankind who sought refuge in men from the jinn, so they [only] increased them in burden.","translation_id":"Dan bahwasanya ada beberapa orang laki-laki di antara manusia meminta perlindungan kepada beberapa laki-laki di antara jin, maka jin-jin itu menambah bagi mereka dosa dan kesalahan."},{"number":7,"text":"وَأَنَّهُمْ ظَنُّوا۟ كَمَا ظَنَنتُمْ أَن لَّن يَبْعَثَ ٱللَّهُ أَحَدًا","translation_en":"And they had thought, as you thought, that Allah would never send anyone [as a messenger].","translation_id":"Dan sesungguhnya mereka (jin) menyangka sebagaimana persangkaan kamu (orang-orang kafir Mekah), bahwa Allah sekali-kali tidak akan membangkitkan seorang (rasul)pun,"},{"number":8,"text":"وَأَنَّا لَمَسْنَا ٱلسَّمَآءَ فَوَجَدْنَٰهَا مُلِئَتْ حَرَسًا شَدِيدًا وَشُهُبًا","translation_en":"And we have sought [to reach] the heaven but found it filled with powerful guards and burning flames.","translation_id":"dan sesungguhnya kami telah mencoba mengetahui (rahasia) langit, maka kami mendapatinya penuh dengan penjagaan yang kuat dan panah-panah api,"},{"number":9,"text":"وَأَنَّا كُنَّا نَقْعُدُ مِنْهَا مَقَٰعِدَ لِلسَّمْعِ فَمَن يَسْتَمِعِ ٱلْءَانَ يَجِدْ لَهُۥ شِهَابًا رَّصَدًا","translation_en":"And we used to sit therein in positions for hearing, but whoever listens now will find a burning flame lying in wait for him.","translation_id":"dan sesungguhnya kami dahulu dapat menduduki beberapa tempat di langit itu untuk mendengar-dengarkan (berita-beritanya). Tetapi sekarang barangsiapa yang (mencoba) mendengar-dengarkan (seperti itu) tentu akan menjumpai panah api yang mengintai (untuk membakarnya)."},{"number":10,"text":"وَأَنَّا لَا نَدْرِىٓ أَشَرٌّ أُرِيدَ بِمَن فِى ٱلْأَرْضِ أَمْ أَرَادَ بِهِمْ رَبُّهُمْ رَشَدًا","translation_en":"And we do not know [therefore] whether evil is intended for those on earth or whether their Lord intends for them a right course.","translation_id":"Dan sesungguhnya kami tidak mengetahui (dengan adanya penjagaan itu) apakah keburukan yang dikehendaki bagi orang yang di bumi ataukah Tuhan mereka menghendaki kebaikan bagi mereka."},{"number":11,"text":"وَأَنَّا مِنَّا ٱلصَّٰلِحُونَ وَمِنَّا دُونَ ذَٰلِكَ كُنَّا طَرَآئِقَ قِدَدًا","translation_en":"And among us are the righteous, and among us are [others] not so; we were [of] divided ways.","translation_id":"Dan sesungguhnya di antara kami ada orang-orang yang saleh dan di antara kami ada (pula) yang tidak demikian halnya. Adalah kami menempuh jalan yang berbeda-beda."},{"number":12,"text":"وَأَنَّا ظَنَنَّآ أَن لَّن نُّعْجِزَ ٱللَّهَ فِى ٱلْأَرْضِ وَلَن نُّعْجِزَهُۥ هَرَبًا","translation_en":"And we have become certain that we will never cause failure to Allah upon earth, nor can we escape Him by flight.","translation_id":"Dan sesungguhnya kami mengetahui bahwa kami sekali-kali tidak akan dapat melepaskan diri (dari kekuasaan) Allah di muka bumi dan sekali-kali tidak (pula) dapat melepaskan diri (daripada)Nya dengan lari."},{"number":13,"text":"وَأَنَّا لَمَّا سَمِعْنَا ٱلْهُدَىٰٓ ءَامَنَّا بِهِۦ فَمَن يُؤْمِنۢ بِرَبِّهِۦ فَلَا يَخَافُ بَخْسًا وَلَا رَهَقًا","translation_en":"And when we heard the guidance, we believed in it. And whoever believes in his Lord will not fear deprivation or burden.","translation_id":"Dan sesungguhnya kami tatkala mendengar petunjuk (Al Quran), kami beriman kepadanya. Barangsiapa beriman kepada Tuhannya, maka ia tidak takut akan pengurangan pahala dan tidak (takut pula) akan penambahan dosa dan kesalahan."},{"number":14,"text":"وَأَنَّا مِنَّا ٱلْمُسْلِمُونَ وَمِنَّا ٱلْقَٰسِطُونَ فَمَنْ أَسْلَمَ فَأُو۟لَٰٓئِكَ تَحَرَّوْا۟ رَشَدًا","translation_en":"And among us are Muslims [in submission to Allah], and among us are the unjust. And whoever has become Muslim - those have sought out the right course.","translation_id":"Dan sesungguhnya di antara kami ada orang-orang yang taat dan ada (pula) orang-orang yang menyimpang dari kebenaran. Barangsiapa yang yang taat, maka mereka itu benar-benar telah memilih jalan yang lurus."},{"number":15,"text":"وَأَمَّا ٱلْقَٰسِطُونَ فَكَانُوا۟ لِجَهَنَّمَ حَطَبًا","translation_en":"But as for the unjust, they will be, for Hell, firewood.'","translation_id":"Adapun orang-orang yang menyimpang dari kebenaran, maka mereka menjadi kayu api bagi neraka Jahannam."},{"number":16,"text":"وَأَلَّوِ ٱسْتَقَٰمُوا۟ عَلَى ٱلطَّرِيقَةِ لَأَسْقَيْنَٰهُم مَّآءً غَدَقًا","translation_en":"And [Allah revealed] that if they had remained straight on the way, We would have given them abundant provision","translation_id":"Dan bahwasanya: jikalau mereka tetap berjalan lurus di atas jalan itu (agama Islam), benar-benar Kami akan memberi minum kepada mereka air yang segar (rezeki yang banyak)."},{"number":17,"text":"لِّنَفْتِنَهُمْ فِيهِ وَمَن يُعْرِضْ عَن ذِكْرِ رَبِّهِۦ يَسْلُكْهُ عَذَابًا صَعَدًا","translation_en":"So We might test them therein. And whoever turns away from the remembrance of his Lord He will put into arduous punishment.","translation_id":"Untuk Kami beri cobaan kepada mereka padanya. Dan barangsiapa yang berpaling dari peringatan Tuhannya, niscaya akan dimasukkan-Nya ke dalam azab yang amat berat."},{"number":18,"text":"وَأَنَّ ٱلْمَسَٰجِدَ لِلَّهِ فَلَا تَدْعُوا۟ مَعَ ٱللَّهِ أَحَدًا","translation_en":"And [He revealed] that the masjids are for Allah, so do not invoke with Allah anyone.","translation_id":"Dan sesungguhnya mesjid-mesjid itu adalah kepunyaan Allah. Maka janganlah kamu menyembah seseorangpun di dalamnya di samping (menyembah) Allah."},{"number":19,"text":"وَأَنَّهُۥ لَمَّا قَامَ عَبْدُ ٱللَّهِ يَدْعُوهُ كَادُوا۟ يَكُونُونَ عَلَيْهِ لِبَدًا","translation_en":"And that when the Servant of Allah stood up supplicating Him, they almost became about him a compacted mass.\"","translation_id":"Dan bahwasanya tatkala hamba Allah (Muhammad) berdiri menyembah-Nya (mengerjakan ibadat), hampir saja jin-jin itu desak mendesak mengerumuninya."},{"number":20,"text":"قُلْ إِنَّمَآ أَدْعُوا۟ رَبِّى وَلَآ أُشْرِكُ بِهِۦٓ أَحَدًا","translation_en":"Say, [O Muhammad], \"I only invoke my Lord and do not associate with Him anyone.\"","translation_id":"Katakanlah: \"Sesungguhnya aku hanya menyembah Tuhanku dan aku tidak mempersekutukan sesuatupun dengan-Nya\"."},{"number":21,"text":"قُلْ إِنِّى لَآ أَمْلِكُ لَكُمْ ضَرًّا وَلَا رَشَدًا","translation_en":"Say, \"Indeed, I do not possess for you [the power of] harm or right direction.\"","translation_id":"Katakanlah: \"Sesungguhnya aku tidak kuasa mendatangkan sesuatu kemudharatanpun kepadamu dan tidak (pula) suatu kemanfaatan\"."},{"number":22,"text":"قُلْ إِنِّى لَن يُجِيرَنِى مِنَ ٱللَّهِ أَحَدٌ وَلَنْ أَجِدَ مِن دُونِهِۦ مُلْتَحَدًا","translation_en":"Say, \"Indeed, there will never protect me from Allah anyone [if I should disobey], nor will I find in other than Him a refuge.","translation_id":"Katakanlah: \"Sesungguhnya aku sekali-kali tiada seorangpun dapat melindungiku dari (azab) Allah dan sekali-kali aku tiada akan memperoleh tempat berlindung selain daripada-Nya\"."},{"number":23,"text":"إِلَّا بَلَٰغًا مِّنَ ٱللَّهِ وَرِسَٰلَٰتِهِۦ وَمَن يَعْصِ ٱللَّهَ وَرَسُولَهُۥ فَإِنَّ لَهُۥ نَارَ جَهَنَّمَ خَٰلِدِينَ فِيهَآ أَبَدًا","translation_en":"But [I have for you] only notification from Allah, and His messages.\" And whoever disobeys Allah and His Messenger - then indeed, for him is the fire of Hell; they will abide therein forever.","translation_id":"Akan tetapi (aku hanya) menyampaikan (peringatan) dari Allah dan risalah-Nya. Dan barangsiapa yang mendurhakai Allah dan Rasul-Nya maka sesungguhnya baginyalah neraka Jahannam, mereka kekal di dalamnya selama-lamanya."},{"number":24,"text":"حَتَّىٰٓ إِذَا رَأَوْا۟ مَا يُوعَدُونَ فَسَيَعْلَمُونَ مَنْ أَضْعَفُ نَاصِرًا وَأَقَلُّ عَدَدًا","translation_en":"[The disbelievers continue] until, when they see that which they are promised, then they will know who is weaker in helpers and less in number.","translation_id":"Sehingga apabila mereka melihat azab yang diancamkan kepada mereka, maka mereka akan mengetahui siapakah yang lebih lemah penolongnya dan lebih sedikit bilangannya."},{"number":25,"text":"قُلْ إِنْ أَدْرِىٓ أَقَرِيبٌ مَّا تُوعَدُونَ أَمْ يَجْعَلُ لَهُۥ رَبِّىٓ أَمَدًا","translation_en":"Say, \"I do not know if what you are promised is near or if my Lord will grant for it a [long] period.\"","translation_id":"Katakanlah: \"Aku tidak mengetahui, apakah azab yang diancamkan kepadamu itu dekat ataukah Tuhanku menjadikan bagi (kedatangan) azab itu masa yang panjang?\"."},{"number":26,"text":"عَٰلِمُ ٱلْغَيْبِ فَلَا يُظْهِرُ عَلَىٰ غَيْبِهِۦٓ أَحَدًا","translation_en":"[He is] Knower of the unseen, and He does not disclose His [knowledge of the] unseen to anyone","translation_id":"(Dia adalah Tuhan) Yang Mengetahui yang ghaib, maka Dia tidak memperlihatkan kepada seorangpun tentang yang ghaib itu."},{"number":27,"text":"إِلَّا مَنِ ٱرْتَضَىٰ مِن رَّسُولٍ فَإِنَّهُۥ يَسْلُكُ مِنۢ بَيْنِ يَدَيْهِ وَمِنْ خَلْفِهِۦ رَصَدًا","translation_en":"Except whom He has approved of messengers, and indeed, He sends before each messenger and behind him observers","translation_id":"Kecuali kepada rasul yang diridhai-Nya, maka sesungguhnya Dia mengadakan penjaga-penjaga (malaikat) di muka dan di belakangnya."},{"number":28,"text":"لِّيَعْلَمَ أَن قَدْ أَبْلَغُوا۟ رِسَٰلَٰتِ رَبِّهِمْ وَأَحَاطَ بِمَا لَدَيْهِمْ وَأَحْصَىٰ كُلَّ شَىْءٍ عَدَدًۢا","translation_en":"That he may know that they have conveyed the messages of their Lord; and He has encompassed whatever is with them and has enumerated all things in number.","translation_id":"Supaya Dia mengetahui, bahwa sesungguhnya rasul-rasul itu telah menyampaikan risalah-risalah Tuhannya, sedang (sebenarnya) ilmu-Nya meliputi apa yang ada pada mereka, dan Dia menghitung segala sesuatu satu persatu."}]}