{"number":73,"name":"سورة المزمل","transliteration_en":"Al-Muzzammil","translation_en":"The Enshrouded One","total_verses":20,"revelation_type":"Meccan","verses":[{"number":1,"text":"بِسْمِ ٱللَّهِ ٱلرَّحْمَٰنِ ٱلرَّحِيمِ يَٰٓأَيُّهَا ٱلْمُزَّمِّلُ","translation_en":"O you who wraps himself [in clothing],","translation_id":"Hai orang yang berselimut (Muhammad),"},{"number":2,"text":"قُمِ ٱلَّيْلَ إِلَّا قَلِيلًا","translation_en":"Arise [to pray] the night, except for a little -","translation_id":"bangunlah (untuk sembahyang) di malam hari, kecuali sedikit (daripadanya),"},{"number":3,"text":"نِّصْفَهُۥٓ أَوِ ٱنقُصْ مِنْهُ قَلِيلًا","translation_en":"Half of it - or subtract from it a little","translation_id":"(yaitu) seperduanya atau kurangilah dari seperdua itu sedikit."},{"number":4,"text":"أَوْ زِدْ عَلَيْهِ وَرَتِّلِ ٱلْقُرْءَانَ تَرْتِيلًا","translation_en":"Or add to it, and recite the Qur'an with measured recitation.","translation_id":"atau lebih dari seperdua itu. Dan bacalah Al Quran itu dengan perlahan-lahan."},{"number":5,"text":"إِنَّا سَنُلْقِى عَلَيْكَ قَوْلًا ثَقِيلًا","translation_en":"Indeed, We will cast upon you a heavy word.","translation_id":"Sesungguhnya Kami akan menurunkan kapadamu perkataan yang berat."},{"number":6,"text":"إِنَّ نَاشِئَةَ ٱلَّيْلِ هِىَ أَشَدُّ وَطْـًٔا وَأَقْوَمُ قِيلًا","translation_en":"Indeed, the hours of the night are more effective for concurrence [of heart and tongue] and more suitable for words.","translation_id":"Sesungguhnya bangun di waktu malam adalah lebih tepat (untuk khusyu') dan bacaan di waktu itu lebih berkesan."},{"number":7,"text":"إِنَّ لَكَ فِى ٱلنَّهَارِ سَبْحًا طَوِيلًا","translation_en":"Indeed, for you by day is prolonged occupation.","translation_id":"Sesungguhnya kamu pada siang hari mempunyai urusan yang panjang (banyak)."},{"number":8,"text":"وَٱذْكُرِ ٱسْمَ رَبِّكَ وَتَبَتَّلْ إِلَيْهِ تَبْتِيلًا","translation_en":"And remember the name of your Lord and devote yourself to Him with [complete] devotion.","translation_id":"Sebutlah nama Tuhanmu, dan beribadatlah kepada-Nya dengan penuh ketekunan."},{"number":9,"text":"رَّبُّ ٱلْمَشْرِقِ وَٱلْمَغْرِبِ لَآ إِلَٰهَ إِلَّا هُوَ فَٱتَّخِذْهُ وَكِيلًا","translation_en":"[He is] the Lord of the East and the West; there is no deity except Him, so take Him as Disposer of [your] affairs.","translation_id":"(Dialah) Tuhan masyrik dan maghrib, tiada Tuhan (yang berhak disembah) melainkan Dia, maka ambillah Dia sebagai pelindung."},{"number":10,"text":"وَٱصْبِرْ عَلَىٰ مَا يَقُولُونَ وَٱهْجُرْهُمْ هَجْرًا جَمِيلًا","translation_en":"And be patient over what they say and avoid them with gracious avoidance.","translation_id":"Dan bersabarlah terhadap apa yang mereka ucapkan dan jauhilah mereka dengan cara yang baik."},{"number":11,"text":"وَذَرْنِى وَٱلْمُكَذِّبِينَ أُو۟لِى ٱلنَّعْمَةِ وَمَهِّلْهُمْ قَلِيلًا","translation_en":"And leave Me with [the matter of] the deniers, those of ease [in life], and allow them respite a little.","translation_id":"Dan biarkanlah Aku (saja) bertindak terhadap orang-orang yang mendustakan itu, orang-orang yang mempunyai kemewahan dan beri tangguhlah mereka barang sebentar."},{"number":12,"text":"إِنَّ لَدَيْنَآ أَنكَالًا وَجَحِيمًا","translation_en":"Indeed, with Us [for them] are shackles and burning fire","translation_id":"Karena sesungguhnya pada sisi Kami ada belenggu-belenggu yang berat dan neraka yang menyala-nyala."},{"number":13,"text":"وَطَعَامًا ذَا غُصَّةٍ وَعَذَابًا أَلِيمًا","translation_en":"And food that chokes and a painful punishment -","translation_id":"Dan makanan yang menyumbat di kerongkongan dan azab yang pedih."},{"number":14,"text":"يَوْمَ تَرْجُفُ ٱلْأَرْضُ وَٱلْجِبَالُ وَكَانَتِ ٱلْجِبَالُ كَثِيبًا مَّهِيلًا","translation_en":"On the Day the earth and the mountains will convulse and the mountains will become a heap of sand pouring down.","translation_id":"Pada hari bumi dan gunung-gunung bergoncangan, dan menjadilah gunung-gunung itu tumpukan-tumpukan pasir yang berterbangan."},{"number":15,"text":"إِنَّآ أَرْسَلْنَآ إِلَيْكُمْ رَسُولًا شَٰهِدًا عَلَيْكُمْ كَمَآ أَرْسَلْنَآ إِلَىٰ فِرْعَوْنَ رَسُولًا","translation_en":"Indeed, We have sent to you a Messenger as a witness upon you just as We sent to Pharaoh a messenger.","translation_id":"Sesungguhnya Kami telah mengutus kepada kamu (hai orang kafir Mekah) seorang Rasul, yang menjadi saksi terhadapmu, sebagaimana Kami telah mengutus (dahulu) seorang Rasul kepada Fir'aun."},{"number":16,"text":"فَعَصَىٰ فِرْعَوْنُ ٱلرَّسُولَ فَأَخَذْنَٰهُ أَخْذًا وَبِيلًا","translation_en":"But Pharaoh disobeyed the messenger, so We seized him with a ruinous seizure.","translation_id":"Maka Fir'aun mendurhakai Rasul itu, lalu Kami siksa dia dengan siksaan yang berat."},{"number":17,"text":"فَكَيْفَ تَتَّقُونَ إِن كَفَرْتُمْ يَوْمًا يَجْعَلُ ٱلْوِلْدَٰنَ شِيبًا","translation_en":"Then how can you fear, if you disbelieve, a Day that will make the children white- haired?","translation_id":"Maka bagaimanakah kamu akan dapat memelihara dirimu jika kamu tetap kafir kepada hari yang menjadikan anak-anak beruban."},{"number":18,"text":"ٱلسَّمَآءُ مُنفَطِرٌۢ بِهِۦ كَانَ وَعْدُهُۥ مَفْعُولًا","translation_en":"The heaven will break apart therefrom; ever is His promise fulfilled.","translation_id":"Langit(pun) menjadi pecah belah pada hari itu. Adalah janji-Nya itu pasti terlaksana."},{"number":19,"text":"إِنَّ هَٰذِهِۦ تَذْكِرَةٌ فَمَن شَآءَ ٱتَّخَذَ إِلَىٰ رَبِّهِۦ سَبِيلًا","translation_en":"Indeed, this is a reminder, so whoever wills may take to his Lord a way.","translation_id":"Sesungguhnya ini adalah suatu peringatan. Maka barangsiapa yang menghendaki niscaya ia menempuh jalan (yang menyampaikannya) kepada Tuhannya."},{"number":20,"text":"إِنَّ رَبَّكَ يَعْلَمُ أَنَّكَ تَقُومُ أَدْنَىٰ مِن ثُلُثَىِ ٱلَّيْلِ وَنِصْفَهُۥ وَثُلُثَهُۥ وَطَآئِفَةٌ مِّنَ ٱلَّذِينَ مَعَكَ وَٱللَّهُ يُقَدِّرُ ٱلَّيْلَ وَٱلنَّهَارَ عَلِمَ أَن لَّن تُحْصُوهُ فَتَابَ عَلَيْكُمْ فَٱقْرَءُوا۟ مَا تَيَسَّرَ مِنَ ٱلْقُرْءَانِ عَلِمَ أَن سَيَكُونُ مِنكُم مَّرْضَىٰ وَءَاخَرُونَ يَضْرِبُونَ فِى ٱلْأَرْضِ يَبْتَغُونَ مِن فَضْلِ ٱللَّهِ وَءَاخَرُونَ يُقَٰتِلُونَ فِى سَبِيلِ ٱللَّهِ فَٱقْرَءُوا۟ مَا تَيَسَّرَ مِنْهُ وَأَقِيمُوا۟ ٱلصَّلَوٰةَ وَءَاتُوا۟ ٱلزَّكَوٰةَ وَأَقْرِضُوا۟ ٱللَّهَ قَرْضًا حَسَنًا وَمَا تُقَدِّمُوا۟ لِأَنفُسِكُم مِّنْ خَيْرٍ تَجِدُوهُ عِندَ ٱللَّهِ هُوَ خَيْرًا وَأَعْظَمَ أَجْرًا وَٱسْتَغْفِرُوا۟ ٱللَّهَ إِنَّ ٱللَّهَ غَفُورٌ رَّحِيمٌۢ","translation_en":"Indeed, your Lord knows, [O Muhammad], that you stand [in prayer] almost two thirds of the night or half of it or a third of it, and [so do] a group of those with you. And Allah determines [the extent of] the night and the day. He has known that you [Muslims] will not be able to do it and has turned to you in forgiveness, so recite what is easy [for you] of the Qur'an. He has known that there will be among you those who are ill and others traveling throughout the land seeking [something] of the bounty of Allah and others fighting for the cause of Allah. So recite what is easy from it and establish prayer and give zakah and loan Allah a goodly loan. And whatever good you put forward for yourselves - you will find it with Allah. It is better and greater in reward. And seek forgiveness of Allah. Indeed, Allah is Forgiving and Merciful.","translation_id":"Sesungguhnya Tuhanmu mengetahui bahwasanya kamu berdiri (sembahyang) kurang dari dua pertiga malam, atau seperdua malam atau sepertiganya dan (demikian pula) segolongan dari orang-orang yang bersama kamu. Dan Allah menetapkan ukuran malam dan siang. Allah mengetahui bahwa kamu sekali-kali tidak dapat menentukan batas-batas waktu-waktu itu, maka Dia memberi keringanan kepadamu, karena itu bacalah apa yang mudah (bagimu) dari Al Quran. Dia mengetahui bahwa akan ada di antara kamu orang-orang yang sakit dan orang-orang yang berjalan di muka bumi mencari sebagian karunia Allah; dan orang-orang yang lain lagi berperang di jalan Allah, maka bacalah apa yang mudah (bagimu) dari Al Quran dan dirikanlah sembahyang, tunaikanlah zakat dan berikanlah pinjaman kepada Allah pinjaman yang baik. Dan kebaikan apa saja yang kamu perbuat untuk dirimu niscaya kamu memperoleh (balasan)nya di sisi Allah sebagai balasan yang paling baik dan yang paling besar pahalanya. Dan mohonlah ampunan kepada Allah; sesungguhnya Allah Maha Pengampun lagi Maha Penyayang."}]}