{"number":74,"name":"سورة المدثر","transliteration_en":"Al-Muddaththir","translation_en":"The Cloaked One","total_verses":56,"revelation_type":"Meccan","verses":[{"number":1,"text":"بِسْمِ ٱللَّهِ ٱلرَّحْمَٰنِ ٱلرَّحِيمِ يَٰٓأَيُّهَا ٱلْمُدَّثِّرُ","translation_en":"O you who covers himself [with a garment],","translation_id":"Hai orang yang berkemul (berselimut),"},{"number":2,"text":"قُمْ فَأَنذِرْ","translation_en":"Arise and warn","translation_id":"bangunlah, lalu berilah peringatan!"},{"number":3,"text":"وَرَبَّكَ فَكَبِّرْ","translation_en":"And your Lord glorify","translation_id":"dan Tuhanmu agungkanlah!"},{"number":4,"text":"وَثِيَابَكَ فَطَهِّرْ","translation_en":"And your clothing purify","translation_id":"dan pakaianmu bersihkanlah,"},{"number":5,"text":"وَٱلرُّجْزَ فَٱهْجُرْ","translation_en":"And uncleanliness avoid","translation_id":"dan perbuatan dosa tinggalkanlah,"},{"number":6,"text":"وَلَا تَمْنُن تَسْتَكْثِرُ","translation_en":"And do not confer favor to acquire more","translation_id":"dan janganlah kamu memberi (dengan maksud) memperoleh (balasan) yang lebih banyak."},{"number":7,"text":"وَلِرَبِّكَ فَٱصْبِرْ","translation_en":"But for your Lord be patient.","translation_id":"Dan untuk (memenuhi perintah) Tuhanmu, bersabarlah."},{"number":8,"text":"فَإِذَا نُقِرَ فِى ٱلنَّاقُورِ","translation_en":"And when the trumpet is blown,","translation_id":"Apabila ditiup sangkakala,"},{"number":9,"text":"فَذَٰلِكَ يَوْمَئِذٍ يَوْمٌ عَسِيرٌ","translation_en":"That Day will be a difficult day","translation_id":"maka waktu itu adalah waktu (datangnya) hari yang sulit,"},{"number":10,"text":"عَلَى ٱلْكَٰفِرِينَ غَيْرُ يَسِيرٍ","translation_en":"For the disbelievers - not easy.","translation_id":"bagi orang-orang kafir lagi tidak mudah."},{"number":11,"text":"ذَرْنِى وَمَنْ خَلَقْتُ وَحِيدًا","translation_en":"Leave Me with the one I created alone","translation_id":"Biarkanlah Aku bertindak terhadap orang yang Aku telah menciptakannya sendirian."},{"number":12,"text":"وَجَعَلْتُ لَهُۥ مَالًا مَّمْدُودًا","translation_en":"And to whom I granted extensive wealth","translation_id":"Dan Aku jadikan baginya harta benda yang banyak,"},{"number":13,"text":"وَبَنِينَ شُهُودًا","translation_en":"And children present [with him]","translation_id":"dan anak-anak yang selalu bersama dia,"},{"number":14,"text":"وَمَهَّدتُّ لَهُۥ تَمْهِيدًا","translation_en":"And spread [everything] before him, easing [his life].","translation_id":"dan Ku-lapangkan baginya (rezeki dan kekuasaan) dengan selapang-lapangnya,"},{"number":15,"text":"ثُمَّ يَطْمَعُ أَنْ أَزِيدَ","translation_en":"Then he desires that I should add more.","translation_id":"kemudian dia ingin sekali supaya Aku menambahnya."},{"number":16,"text":"كَلَّآ إِنَّهُۥ كَانَ لِءَايَٰتِنَا عَنِيدًا","translation_en":"No! Indeed, he has been toward Our verses obstinate.","translation_id":"Sekali-kali tidak (akan Aku tambah), karena sesungguhnya dia menentang ayat-ayat Kami (Al Quran)."},{"number":17,"text":"سَأُرْهِقُهُۥ صَعُودًا","translation_en":"I will cover him with arduous torment.","translation_id":"Aku akan membebaninya mendaki pendakian yang memayahkan."},{"number":18,"text":"إِنَّهُۥ فَكَّرَ وَقَدَّرَ","translation_en":"Indeed, he thought and deliberated.","translation_id":"Sesungguhnya dia telah memikirkan dan menetapkan (apa yang ditetapkannya),"},{"number":19,"text":"فَقُتِلَ كَيْفَ قَدَّرَ","translation_en":"So may he be destroyed [for] how he deliberated.","translation_id":"maka celakalah dia! Bagaimana dia menetapkan?,"},{"number":20,"text":"ثُمَّ قُتِلَ كَيْفَ قَدَّرَ","translation_en":"Then may he be destroyed [for] how he deliberated.","translation_id":"kemudian celakalah dia! Bagaimanakah dia menetapkan?,"},{"number":21,"text":"ثُمَّ نَظَرَ","translation_en":"Then he considered [again];","translation_id":"kemudian dia memikirkan,"},{"number":22,"text":"ثُمَّ عَبَسَ وَبَسَرَ","translation_en":"Then he frowned and scowled;","translation_id":"sesudah itu dia bermasam muka dan merengut,"},{"number":23,"text":"ثُمَّ أَدْبَرَ وَٱسْتَكْبَرَ","translation_en":"Then he turned back and was arrogant","translation_id":"kemudian dia berpaling (dari kebenaran) dan menyombongkan diri,"},{"number":24,"text":"فَقَالَ إِنْ هَٰذَآ إِلَّا سِحْرٌ يُؤْثَرُ","translation_en":"And said, \"This is not but magic imitated [from others].","translation_id":"lalu dia berkata: \"(Al Quran) ini tidak lain hanyalah sihir yang dipelajari (dari orang-orang dahulu),"},{"number":25,"text":"إِنْ هَٰذَآ إِلَّا قَوْلُ ٱلْبَشَرِ","translation_en":"This is not but the word of a human being.\"","translation_id":"ini tidak lain hanyalah perkataan manusia\"."},{"number":26,"text":"سَأُصْلِيهِ سَقَرَ","translation_en":"I will drive him into Saqar.","translation_id":"Aku akan memasukkannya ke dalam (neraka) Saqar."},{"number":27,"text":"وَمَآ أَدْرَىٰكَ مَا سَقَرُ","translation_en":"And what can make you know what is Saqar?","translation_id":"Tahukah kamu apakah (neraka) Saqar itu?"},{"number":28,"text":"لَا تُبْقِى وَلَا تَذَرُ","translation_en":"It lets nothing remain and leaves nothing [unburned],","translation_id":"Saqar itu tidak meninggalkan dan tidak membiarkan."},{"number":29,"text":"لَوَّاحَةٌ لِّلْبَشَرِ","translation_en":"Blackening the skins.","translation_id":"(Neraka Saqar) adalah pembakar kulit manusia."},{"number":30,"text":"عَلَيْهَا تِسْعَةَ عَشَرَ","translation_en":"Over it are nineteen [angels].","translation_id":"Dan di atasnya ada sembilan belas (malaikat penjaga)."},{"number":31,"text":"وَمَا جَعَلْنَآ أَصْحَٰبَ ٱلنَّارِ إِلَّا مَلَٰٓئِكَةً وَمَا جَعَلْنَا عِدَّتَهُمْ إِلَّا فِتْنَةً لِّلَّذِينَ كَفَرُوا۟ لِيَسْتَيْقِنَ ٱلَّذِينَ أُوتُوا۟ ٱلْكِتَٰبَ وَيَزْدَادَ ٱلَّذِينَ ءَامَنُوٓا۟ إِيمَٰنًا وَلَا يَرْتَابَ ٱلَّذِينَ أُوتُوا۟ ٱلْكِتَٰبَ وَٱلْمُؤْمِنُونَ وَلِيَقُولَ ٱلَّذِينَ فِى قُلُوبِهِم مَّرَضٌ وَٱلْكَٰفِرُونَ مَاذَآ أَرَادَ ٱللَّهُ بِهَٰذَا مَثَلًا كَذَٰلِكَ يُضِلُّ ٱللَّهُ مَن يَشَآءُ وَيَهْدِى مَن يَشَآءُ وَمَا يَعْلَمُ جُنُودَ رَبِّكَ إِلَّا هُوَ وَمَا هِىَ إِلَّا ذِكْرَىٰ لِلْبَشَرِ","translation_en":"And We have not made the keepers of the Fire except angels. And We have not made their number except as a trial for those who disbelieve - that those who were given the Scripture will be convinced and those who have believed will increase in faith and those who were given the Scripture and the believers will not doubt and that those in whose hearts is hypocrisy and the disbelievers will say, \"What does Allah intend by this as an example?\" Thus does Allah leave astray whom He wills and guides whom He wills. And none knows the soldiers of your Lord except Him. And mention of the Fire is not but a reminder to humanity.","translation_id":"Dan tiada Kami jadikan penjaga neraka itu melainkan dari malaikat: dan tidaklah Kami menjadikan bilangan mereka itu melainkan untuk jadi cobaan bagi orang-orang kafir, supaya orang-orang yang diberi Al-Kitab menjadi yakin dan supaya orang yang beriman bertambah imannya dan supaya orang-orang yang diberi Al Kitab dan orng-orang mukmin itu tidak ragu-ragu dan supaya orang-orang yang di dalam hatinya ada penyakit dan orang-orang kafir (mengatakan): \"Apakah yang dikehendaki Allah dengan bilangan ini sebagai suatu perumpamaan?\" Demikianlah Allah membiarkan sesat orang-orang yang dikehendaki-Nya dan memberi petunjuk kepada siapa yang dikehendaki-Nya. Dan tidak ada yang mengetahui tentara Tuhanmu melainkan Dia sendiri. Dan Saqar itu tiada lain hanyalah peringatan bagi manusia."},{"number":32,"text":"كَلَّا وَٱلْقَمَرِ","translation_en":"No! By the moon","translation_id":"Sekali-kali tidak, demi bulan,"},{"number":33,"text":"وَٱلَّيْلِ إِذْ أَدْبَرَ","translation_en":"And [by] the night when it departs","translation_id":"dan malam ketika telah berlalu,"},{"number":34,"text":"وَٱلصُّبْحِ إِذَآ أَسْفَرَ","translation_en":"And [by] the morning when it brightens,","translation_id":"dan subuh apabila mulai terang."},{"number":35,"text":"إِنَّهَا لَإِحْدَى ٱلْكُبَرِ","translation_en":"Indeed, the Fire is of the greatest [afflictions]","translation_id":"Sesungguhnya Saqar itu adalah salah satu bencana yang amat besar,"},{"number":36,"text":"نَذِيرًا لِّلْبَشَرِ","translation_en":"As a warning to humanity -","translation_id":"sebagai ancaman bagi manusia."},{"number":37,"text":"لِمَن شَآءَ مِنكُمْ أَن يَتَقَدَّمَ أَوْ يَتَأَخَّرَ","translation_en":"To whoever wills among you to proceed or stay behind.","translation_id":"(Yaitu) bagi siapa di antaramu yang berkehendak akan maju atau mundur."},{"number":38,"text":"كُلُّ نَفْسٍۭ بِمَا كَسَبَتْ رَهِينَةٌ","translation_en":"Every soul, for what it has earned, will be retained","translation_id":"Tiap-tiap diri bertanggung jawab atas apa yang telah diperbuatnya,"},{"number":39,"text":"إِلَّآ أَصْحَٰبَ ٱلْيَمِينِ","translation_en":"Except the companions of the right,","translation_id":"kecuali golongan kanan,"},{"number":40,"text":"فِى جَنَّٰتٍ يَتَسَآءَلُونَ","translation_en":"[Who will be] in gardens, questioning each other","translation_id":"berada di dalam surga, mereka tanya menanya,"},{"number":41,"text":"عَنِ ٱلْمُجْرِمِينَ","translation_en":"About the criminals,","translation_id":"tentang (keadaan) orang-orang yang berdosa,"},{"number":42,"text":"مَا سَلَكَكُمْ فِى سَقَرَ","translation_en":"[And asking them], \"What put you into Saqar?\"","translation_id":"\"Apakah yang memasukkan kamu ke dalam Saqar (neraka)?\""},{"number":43,"text":"قَالُوا۟ لَمْ نَكُ مِنَ ٱلْمُصَلِّينَ","translation_en":"They will say, \"We were not of those who prayed,","translation_id":"Mereka menjawab: \"Kami dahulu tidak termasuk orang-orang yang mengerjakan shalat,"},{"number":44,"text":"وَلَمْ نَكُ نُطْعِمُ ٱلْمِسْكِينَ","translation_en":"Nor did we used to feed the poor.","translation_id":"dan kami tidak (pula) memberi makan orang miskin,"},{"number":45,"text":"وَكُنَّا نَخُوضُ مَعَ ٱلْخَآئِضِينَ","translation_en":"And we used to enter into vain discourse with those who engaged [in it],","translation_id":"dan adalah kami membicarakan yang bathil, bersama dengan orang-orang yang membicarakannya,"},{"number":46,"text":"وَكُنَّا نُكَذِّبُ بِيَوْمِ ٱلدِّينِ","translation_en":"And we used to deny the Day of Recompense","translation_id":"dan adalah kami mendustakan hari pembalasan,"},{"number":47,"text":"حَتَّىٰٓ أَتَىٰنَا ٱلْيَقِينُ","translation_en":"Until there came to us the certainty.\"","translation_id":"hingga datang kepada kami kematian\"."},{"number":48,"text":"فَمَا تَنفَعُهُمْ شَفَٰعَةُ ٱلشَّٰفِعِينَ","translation_en":"So there will not benefit them the intercession of [any] intercessors.","translation_id":"Maka tidak berguna lagi bagi mereka syafa'at dari orang-orang yang memberikan syafa'at."},{"number":49,"text":"فَمَا لَهُمْ عَنِ ٱلتَّذْكِرَةِ مُعْرِضِينَ","translation_en":"Then what is [the matter] with them that they are, from the reminder, turning away","translation_id":"Maka mengapa mereka (orang-orang kafir) berpaling dari peringatan (Allah)?,"},{"number":50,"text":"كَأَنَّهُمْ حُمُرٌ مُّسْتَنفِرَةٌ","translation_en":"As if they were alarmed donkeys","translation_id":"seakan-akan mereka itu keledai liar yang lari terkejut,"},{"number":51,"text":"فَرَّتْ مِن قَسْوَرَةٍۭ","translation_en":"Fleeing from a lion?","translation_id":"lari daripada singa."},{"number":52,"text":"بَلْ يُرِيدُ كُلُّ ٱمْرِئٍ مِّنْهُمْ أَن يُؤْتَىٰ صُحُفًا مُّنَشَّرَةً","translation_en":"Rather, every person among them desires that he would be given scriptures spread about.","translation_id":"Bahkan tiap-tiap orang dari mereka berkehendak supaya diberikan kepadanya lembaran-lembaran yang terbuka."},{"number":53,"text":"كَلَّا بَل لَّا يَخَافُونَ ٱلْءَاخِرَةَ","translation_en":"No! But they do not fear the Hereafter.","translation_id":"Sekali-kali tidak. Sebenarnya mereka tidak takut kepada negeri akhirat."},{"number":54,"text":"كَلَّآ إِنَّهُۥ تَذْكِرَةٌ","translation_en":"No! Indeed, the Qur'an is a reminder","translation_id":"Sekali-kali tidak demikian halnya. Sesungguhnya Al Quran itu adalah peringatan."},{"number":55,"text":"فَمَن شَآءَ ذَكَرَهُۥ","translation_en":"Then whoever wills will remember it.","translation_id":"Maka barangsiapa menghendaki, niscaya dia mengambil pelajaran daripadanya (Al Quran)."},{"number":56,"text":"وَمَا يَذْكُرُونَ إِلَّآ أَن يَشَآءَ ٱللَّهُ هُوَ أَهْلُ ٱلتَّقْوَىٰ وَأَهْلُ ٱلْمَغْفِرَةِ","translation_en":"And they will not remember except that Allah wills. He is worthy of fear and adequate for [granting] forgiveness.","translation_id":"Dan mereka tidak akan mengambil pelajaran daripadanya kecuali (jika) Allah menghendakinya. Dia (Allah) adalah Tuhan Yang patut (kita) bertakwa kepada-Nya dan berhak memberi ampun."}]}