{"number":77,"name":"سورة المرسلات","transliteration_en":"Al-Mursalaat","translation_en":"The Emissaries","total_verses":50,"revelation_type":"Meccan","verses":[{"number":1,"text":"بِسْمِ ٱللَّهِ ٱلرَّحْمَٰنِ ٱلرَّحِيمِ وَٱلْمُرْسَلَٰتِ عُرْفًا","translation_en":"By those [winds] sent forth in gusts","translation_id":"Demi malaikat-malaikat yang diutus untuk membawa kebaikan,"},{"number":2,"text":"فَٱلْعَٰصِفَٰتِ عَصْفًا","translation_en":"And the winds that blow violently","translation_id":"dan (malaikat-malaikat) yang terbang dengan kencangnya,"},{"number":3,"text":"وَٱلنَّٰشِرَٰتِ نَشْرًا","translation_en":"And [by] the winds that spread [clouds]","translation_id":"dan (malaikat-malaikat) yang menyebarkan (rahmat Tuhannya) dengan seluas-luasnya,"},{"number":4,"text":"فَٱلْفَٰرِقَٰتِ فَرْقًا","translation_en":"And those [angels] who bring criterion","translation_id":"dan (malaikat-malaikat) yang membedakan (antara yang hak dan yang bathil) dengan sejelas-jelasnya,"},{"number":5,"text":"فَٱلْمُلْقِيَٰتِ ذِكْرًا","translation_en":"And those [angels] who deliver a message","translation_id":"dan (malaikat-malaikat) yang menyampaikan wahyu,"},{"number":6,"text":"عُذْرًا أَوْ نُذْرًا","translation_en":"As justification or warning,","translation_id":"untuk menolak alasan-alasan atau memberi peringatan,"},{"number":7,"text":"إِنَّمَا تُوعَدُونَ لَوَٰقِعٌ","translation_en":"Indeed, what you are promised is to occur.","translation_id":"sesungguhnya apa yang dijanjikan kepadamu itu pasti terjadi."},{"number":8,"text":"فَإِذَا ٱلنُّجُومُ طُمِسَتْ","translation_en":"So when the stars are obliterated","translation_id":"Maka apabila bintang-bintang telah dihapuskan,"},{"number":9,"text":"وَإِذَا ٱلسَّمَآءُ فُرِجَتْ","translation_en":"And when the heaven is opened","translation_id":"dan apabila langit telah dibelah,"},{"number":10,"text":"وَإِذَا ٱلْجِبَالُ نُسِفَتْ","translation_en":"And when the mountains are blown away","translation_id":"dan apabila gunung-gunung telah dihancurkan menjadi debu,"},{"number":11,"text":"وَإِذَا ٱلرُّسُلُ أُقِّتَتْ","translation_en":"And when the messengers' time has come...","translation_id":"dan apabila rasul-rasul telah ditetapkan waktu (mereka)."},{"number":12,"text":"لِأَىِّ يَوْمٍ أُجِّلَتْ","translation_en":"For what Day was it postponed?","translation_id":"(Niscaya dikatakan kepada mereka:) \"Sampai hari apakah ditangguhkan (mengazab orang-orang kafir itu)?\""},{"number":13,"text":"لِيَوْمِ ٱلْفَصْلِ","translation_en":"For the Day of Judgement.","translation_id":"Sampai hari keputusan."},{"number":14,"text":"وَمَآ أَدْرَىٰكَ مَا يَوْمُ ٱلْفَصْلِ","translation_en":"And what can make you know what is the Day of Judgement?","translation_id":"Dan tahukah kamu apakah hari keputusan itu?"},{"number":15,"text":"وَيْلٌ يَوْمَئِذٍ لِّلْمُكَذِّبِينَ","translation_en":"Woe, that Day, to the deniers.","translation_id":"Kecelakaan yang besarlah pada hari itu bagi orang-orang yang mendustakan."},{"number":16,"text":"أَلَمْ نُهْلِكِ ٱلْأَوَّلِينَ","translation_en":"Did We not destroy the former peoples?","translation_id":"Bukankah Kami telah membinasakan orang-orang yang dahulu?"},{"number":17,"text":"ثُمَّ نُتْبِعُهُمُ ٱلْءَاخِرِينَ","translation_en":"Then We will follow them with the later ones.","translation_id":"Lalu Kami iringkan (azab Kami terhadap) mereka dengan (mengazab) orang-orang yang datang kemudian."},{"number":18,"text":"كَذَٰلِكَ نَفْعَلُ بِٱلْمُجْرِمِينَ","translation_en":"Thus do We deal with the criminals.","translation_id":"Demikianlah Kami berbuat terhadap orang-orang yang berdosa."},{"number":19,"text":"وَيْلٌ يَوْمَئِذٍ لِّلْمُكَذِّبِينَ","translation_en":"Woe, that Day, to the deniers.","translation_id":"Kecelakaan yang besarlah pada hari itu bagi orang-orang yang mendustakan."},{"number":20,"text":"أَلَمْ نَخْلُقكُّم مِّن مَّآءٍ مَّهِينٍ","translation_en":"Did We not create you from a liquid disdained?","translation_id":"Bukankah Kami menciptakan kamu dari air yang hina?"},{"number":21,"text":"فَجَعَلْنَٰهُ فِى قَرَارٍ مَّكِينٍ","translation_en":"And We placed it in a firm lodging","translation_id":"kemudian Kami letakkan dia dalam tempat yang kokoh (rahim),"},{"number":22,"text":"إِلَىٰ قَدَرٍ مَّعْلُومٍ","translation_en":"For a known extent.","translation_id":"sampai waktu yang ditentukan,"},{"number":23,"text":"فَقَدَرْنَا فَنِعْمَ ٱلْقَٰدِرُونَ","translation_en":"And We determined [it], and excellent [are We] to determine.","translation_id":"lalu Kami tentukan (bentuknya), maka Kami-lah sebaik-baik yang menentukan."},{"number":24,"text":"وَيْلٌ يَوْمَئِذٍ لِّلْمُكَذِّبِينَ","translation_en":"Woe, that Day, to the deniers.","translation_id":"Kecelakaan yang besarlah pada hari itu bagi orang-orang yang mendustakan."},{"number":25,"text":"أَلَمْ نَجْعَلِ ٱلْأَرْضَ كِفَاتًا","translation_en":"Have We not made the earth a container","translation_id":"Bukankah Kami menjadikan bumi (tempat) berkumpul,"},{"number":26,"text":"أَحْيَآءً وَأَمْوَٰتًا","translation_en":"Of the living and the dead?","translation_id":"orang-orang hidup dan orang-orang mati?"},{"number":27,"text":"وَجَعَلْنَا فِيهَا رَوَٰسِىَ شَٰمِخَٰتٍ وَأَسْقَيْنَٰكُم مَّآءً فُرَاتًا","translation_en":"And We placed therein lofty, firmly set mountains and have given you to drink sweet water.","translation_id":"dan Kami jadikan padanya gunung-gunung yang tinggi, dan Kami beri minum kamu dengan air tawar?"},{"number":28,"text":"وَيْلٌ يَوْمَئِذٍ لِّلْمُكَذِّبِينَ","translation_en":"Woe, that Day, to the deniers.","translation_id":"Kecelakaan yang besarlah pada hari itu bagi orang-orang yang mendustakan."},{"number":29,"text":"ٱنطَلِقُوٓا۟ إِلَىٰ مَا كُنتُم بِهِۦ تُكَذِّبُونَ","translation_en":"[They will be told], \"Proceed to that which you used to deny.","translation_id":"(Dikatakan kepada mereka pada hari kiamat): \"Pergilah kamu mendapatkan azab yang dahulunya kamu mendustakannya."},{"number":30,"text":"ٱنطَلِقُوٓا۟ إِلَىٰ ظِلٍّ ذِى ثَلَٰثِ شُعَبٍ","translation_en":"Proceed to a shadow [of smoke] having three columns","translation_id":"Pergilah kamu mendapatkan naungan yang mempunyai tiga cabang,"},{"number":31,"text":"لَّا ظَلِيلٍ وَلَا يُغْنِى مِنَ ٱللَّهَبِ","translation_en":"[But having] no cool shade and availing not against the flame.\"","translation_id":"yang tidak melindungi dan tidak pula menolak nyala api neraka\"."},{"number":32,"text":"إِنَّهَا تَرْمِى بِشَرَرٍ كَٱلْقَصْرِ","translation_en":"Indeed, it throws sparks [as huge] as a fortress,","translation_id":"Sesungguhnya neraka itu melontarkan bunga api sebesar dan setinggi istana."},{"number":33,"text":"كَأَنَّهُۥ جِمَٰلَتٌ صُفْرٌ","translation_en":"As if they were yellowish [black] camels.","translation_id":"Seolah-olah ia iringan unta yang kuning."},{"number":34,"text":"وَيْلٌ يَوْمَئِذٍ لِّلْمُكَذِّبِينَ","translation_en":"Woe, that Day, to the deniers.","translation_id":"Kecelakaan yang besarlah pada hari itu bagi orang-orang yang mendustakan."},{"number":35,"text":"هَٰذَا يَوْمُ لَا يَنطِقُونَ","translation_en":"This is a Day they will not speak,","translation_id":"Ini adalah hari, yang mereka tidak dapat berbicara (pada hari itu),"},{"number":36,"text":"وَلَا يُؤْذَنُ لَهُمْ فَيَعْتَذِرُونَ","translation_en":"Nor will it be permitted for them to make an excuse.","translation_id":"dan tidak diizinkan kepada mereka minta uzur sehingga mereka (dapat) minta uzur."},{"number":37,"text":"وَيْلٌ يَوْمَئِذٍ لِّلْمُكَذِّبِينَ","translation_en":"Woe, that Day, to the deniers.","translation_id":"Kecelakaan yang besarlah pada hari itu bagi orang-orang yang mendustakan."},{"number":38,"text":"هَٰذَا يَوْمُ ٱلْفَصْلِ جَمَعْنَٰكُمْ وَٱلْأَوَّلِينَ","translation_en":"This is the Day of Judgement; We will have assembled you and the former peoples.","translation_id":"Ini adalah hari keputusan; (pada hari ini) Kami mengumpulkan kamu dan orang-orang terdahulu."},{"number":39,"text":"فَإِن كَانَ لَكُمْ كَيْدٌ فَكِيدُونِ","translation_en":"So if you have a plan, then plan against Me.","translation_id":"Jika kamu mempunyai tipu daya, maka lakukanlah tipu dayamu itu terhadap-Ku."},{"number":40,"text":"وَيْلٌ يَوْمَئِذٍ لِّلْمُكَذِّبِينَ","translation_en":"Woe, that Day, to the deniers.","translation_id":"Kecelakaan yang besarlah pada hari itu bagi orang-orang yang mendustakan."},{"number":41,"text":"إِنَّ ٱلْمُتَّقِينَ فِى ظِلَٰلٍ وَعُيُونٍ","translation_en":"Indeed, the righteous will be among shades and springs","translation_id":"Sesungguhnya orang-orang yang bertakwa berada dalam naungan (yang teduh) dan (di sekitar) mata-mata air."},{"number":42,"text":"وَفَوَٰكِهَ مِمَّا يَشْتَهُونَ","translation_en":"And fruits from whatever they desire,","translation_id":"Dan (mendapat) buah-buahan dari (macam-macam) yang mereka ingini."},{"number":43,"text":"كُلُوا۟ وَٱشْرَبُوا۟ هَنِيٓـًٔۢا بِمَا كُنتُمْ تَعْمَلُونَ","translation_en":"[Being told], \"Eat and drink in satisfaction for what you used to do.\"","translation_id":"(Dikatakan kepada mereka): \"Makan dan minumlah kamu dengan enak karena apa yang telah kamu kerjakan\"."},{"number":44,"text":"إِنَّا كَذَٰلِكَ نَجْزِى ٱلْمُحْسِنِينَ","translation_en":"Indeed, We thus reward the doers of good.","translation_id":"Sesungguhnya demikianlah Kami memberi balasan kepada orang-orang yang berbuat baik."},{"number":45,"text":"وَيْلٌ يَوْمَئِذٍ لِّلْمُكَذِّبِينَ","translation_en":"Woe, that Day, to the deniers.","translation_id":"Kecelakaan yang besarlah pada hari itu bagi orang-orang yang mendustakan."},{"number":46,"text":"كُلُوا۟ وَتَمَتَّعُوا۟ قَلِيلًا إِنَّكُم مُّجْرِمُونَ","translation_en":"[O disbelievers], eat and enjoy yourselves a little; indeed, you are criminals.","translation_id":"(Dikatakan kepada orang-orang kafir): \"Makanlah dan bersenang-senanglah kamu (di dunia dalam waktu) yang pendek; sesungguhnya kamu adalah orang-orang yang berdosa\"."},{"number":47,"text":"وَيْلٌ يَوْمَئِذٍ لِّلْمُكَذِّبِينَ","translation_en":"Woe, that Day, to the deniers.","translation_id":"Kecelakaan yang besarlah pada hari itu bagi orang-orang yang mendustakan."},{"number":48,"text":"وَإِذَا قِيلَ لَهُمُ ٱرْكَعُوا۟ لَا يَرْكَعُونَ","translation_en":"And when it is said to them, \"Bow [in prayer],\" they do not bow.","translation_id":"Dan apabila dikatakan kepada mereka: \"Rukuklah, niscaya mereka tidak mau ruku'."},{"number":49,"text":"وَيْلٌ يَوْمَئِذٍ لِّلْمُكَذِّبِينَ","translation_en":"Woe, that Day, to the deniers.","translation_id":"Kecelakaan yang besarlah pada hari itu bagi orang-orang yang mendustakan."},{"number":50,"text":"فَبِأَىِّ حَدِيثٍۭ بَعْدَهُۥ يُؤْمِنُونَ","translation_en":"Then in what statement after the Qur'an will they believe?","translation_id":"Maka kepada perkataan apakah selain Al Quran ini mereka akan beriman?"}]}