{"number":78,"name":"سورة النبإ","transliteration_en":"An-Naba","translation_en":"The Announcement","total_verses":40,"revelation_type":"Meccan","verses":[{"number":1,"text":"بِسْمِ ٱللَّهِ ٱلرَّحْمَٰنِ ٱلرَّحِيمِ عَمَّ يَتَسَآءَلُونَ","translation_en":"About what are they asking one another?","translation_id":"Tentang apakah mereka saling bertanya-tanya?"},{"number":2,"text":"عَنِ ٱلنَّبَإِ ٱلْعَظِيمِ","translation_en":"About the great news -","translation_id":"Tentang berita yang besar,"},{"number":3,"text":"ٱلَّذِى هُمْ فِيهِ مُخْتَلِفُونَ","translation_en":"That over which they are in disagreement.","translation_id":"yang mereka perselisihkan tentang ini."},{"number":4,"text":"كَلَّا سَيَعْلَمُونَ","translation_en":"No! They are going to know.","translation_id":"Sekali-kali tidak; kelak mereka akan mengetahui,"},{"number":5,"text":"ثُمَّ كَلَّا سَيَعْلَمُونَ","translation_en":"Then, no! They are going to know.","translation_id":"kemudian sekali-kali tidak; kelak mereka mengetahui."},{"number":6,"text":"أَلَمْ نَجْعَلِ ٱلْأَرْضَ مِهَٰدًا","translation_en":"Have We not made the earth a resting place?","translation_id":"Bukankah Kami telah menjadikan bumi itu sebagai hamparan?,"},{"number":7,"text":"وَٱلْجِبَالَ أَوْتَادًا","translation_en":"And the mountains as stakes?","translation_id":"dan gunung-gunung sebagai pasak?,"},{"number":8,"text":"وَخَلَقْنَٰكُمْ أَزْوَٰجًا","translation_en":"And We created you in pairs","translation_id":"dan Kami jadikan kamu berpasang-pasangan,"},{"number":9,"text":"وَجَعَلْنَا نَوْمَكُمْ سُبَاتًا","translation_en":"And made your sleep [a means for] rest","translation_id":"dan Kami jadikan tidurmu untuk istirahat,"},{"number":10,"text":"وَجَعَلْنَا ٱلَّيْلَ لِبَاسًا","translation_en":"And made the night as clothing","translation_id":"dan Kami jadikan malam sebagai pakaian,"},{"number":11,"text":"وَجَعَلْنَا ٱلنَّهَارَ مَعَاشًا","translation_en":"And made the day for livelihood","translation_id":"dan Kami jadikan siang untuk mencari penghidupan,"},{"number":12,"text":"وَبَنَيْنَا فَوْقَكُمْ سَبْعًا شِدَادًا","translation_en":"And constructed above you seven strong [heavens]","translation_id":"dan Kami bina di atas kamu tujuh buah (langit) yang kokoh,"},{"number":13,"text":"وَجَعَلْنَا سِرَاجًا وَهَّاجًا","translation_en":"And made [therein] a burning lamp","translation_id":"dan Kami jadikan pelita yang amat terang (matahari),"},{"number":14,"text":"وَأَنزَلْنَا مِنَ ٱلْمُعْصِرَٰتِ مَآءً ثَجَّاجًا","translation_en":"And sent down, from the rain clouds, pouring water","translation_id":"dan Kami turunkan dari awan air yang banyak tercurah,"},{"number":15,"text":"لِّنُخْرِجَ بِهِۦ حَبًّا وَنَبَاتًا","translation_en":"That We may bring forth thereby grain and vegetation","translation_id":"supaya Kami tumbuhkan dengan air itu biji-bijian dan tumbuh-tumbuhan,"},{"number":16,"text":"وَجَنَّٰتٍ أَلْفَافًا","translation_en":"And gardens of entwined growth.","translation_id":"dan kebun-kebun yang lebat?"},{"number":17,"text":"إِنَّ يَوْمَ ٱلْفَصْلِ كَانَ مِيقَٰتًا","translation_en":"Indeed, the Day of Judgement is an appointed time -","translation_id":"Sesungguhnya Hari Keputusan adalah suatu waktu yang ditetapkan,"},{"number":18,"text":"يَوْمَ يُنفَخُ فِى ٱلصُّورِ فَتَأْتُونَ أَفْوَاجًا","translation_en":"The Day the Horn is blown and you will come forth in multitudes","translation_id":"yaitu hari (yang pada waktu itu) ditiup sangkakala lalu kamu datang berkelompok-kelompok,"},{"number":19,"text":"وَفُتِحَتِ ٱلسَّمَآءُ فَكَانَتْ أَبْوَٰبًا","translation_en":"And the heaven is opened and will become gateways","translation_id":"dan dibukalah langit, maka terdapatlah beberapa pintu,"},{"number":20,"text":"وَسُيِّرَتِ ٱلْجِبَالُ فَكَانَتْ سَرَابًا","translation_en":"And the mountains are removed and will be [but] a mirage.","translation_id":"dan dijalankanlah gunung-gunung maka menjadi fatamorganalah ia."},{"number":21,"text":"إِنَّ جَهَنَّمَ كَانَتْ مِرْصَادًا","translation_en":"Indeed, Hell has been lying in wait","translation_id":"Sesungguhnya neraka Jahannam itu (padanya) ada tempat pengintai,"},{"number":22,"text":"لِّلطَّٰغِينَ مَـَٔابًا","translation_en":"For the transgressors, a place of return,","translation_id":"lagi menjadi tempat kembali bagi orang-orang yang melampaui batas,"},{"number":23,"text":"لَّٰبِثِينَ فِيهَآ أَحْقَابًا","translation_en":"In which they will remain for ages [unending].","translation_id":"mereka tinggal di dalamnya berabad-abad lamanya,"},{"number":24,"text":"لَّا يَذُوقُونَ فِيهَا بَرْدًا وَلَا شَرَابًا","translation_en":"They will not taste therein [any] coolness or drink","translation_id":"mereka tidak merasakan kesejukan di dalamnya dan tidak (pula mendapat) minuman,"},{"number":25,"text":"إِلَّا حَمِيمًا وَغَسَّاقًا","translation_en":"Except scalding water and [foul] purulence -","translation_id":"selain air yang mendidih dan nanah,"},{"number":26,"text":"جَزَآءً وِفَاقًا","translation_en":"An appropriate recompense.","translation_id":"sebagai pambalasan yang setimpal."},{"number":27,"text":"إِنَّهُمْ كَانُوا۟ لَا يَرْجُونَ حِسَابًا","translation_en":"Indeed, they were not expecting an account","translation_id":"Sesungguhnya mereka tidak berharap (takut) kepada hisab,"},{"number":28,"text":"وَكَذَّبُوا۟ بِـَٔايَٰتِنَا كِذَّابًا","translation_en":"And denied Our verses with [emphatic] denial.","translation_id":"dan mereka mendustakan ayat-ayat Kami dengan sesungguh-sungguhnya."},{"number":29,"text":"وَكُلَّ شَىْءٍ أَحْصَيْنَٰهُ كِتَٰبًا","translation_en":"But all things We have enumerated in writing.","translation_id":"Dan segala sesuatu telah Kami catat dalam suatu kitab."},{"number":30,"text":"فَذُوقُوا۟ فَلَن نَّزِيدَكُمْ إِلَّا عَذَابًا","translation_en":"\"So taste [the penalty], and never will We increase you except in torment.\"","translation_id":"Karena itu rasakanlah. Dan Kami sekali-kali tidak akan menambah kepada kamu selain daripada azab."},{"number":31,"text":"إِنَّ لِلْمُتَّقِينَ مَفَازًا","translation_en":"Indeed, for the righteous is attainment -","translation_id":"Sesungguhnya orang-orang yang bertakwa mendapat kemenangan,"},{"number":32,"text":"حَدَآئِقَ وَأَعْنَٰبًا","translation_en":"Gardens and grapevines","translation_id":"(yaitu) kebun-kebun dan buah anggur,"},{"number":33,"text":"وَكَوَاعِبَ أَتْرَابًا","translation_en":"And full-breasted [companions] of equal age","translation_id":"dan gadis-gadis remaja yang sebaya,"},{"number":34,"text":"وَكَأْسًا دِهَاقًا","translation_en":"And a full cup.","translation_id":"dan gelas-gelas yang penuh (berisi minuman)."},{"number":35,"text":"لَّا يَسْمَعُونَ فِيهَا لَغْوًا وَلَا كِذَّٰبًا","translation_en":"No ill speech will they hear therein or any falsehood -","translation_id":"Di dalamnya mereka tidak mendengar perkataan yang sia-sia dan tidak (pula) perkataan dusta."},{"number":36,"text":"جَزَآءً مِّن رَّبِّكَ عَطَآءً حِسَابًا","translation_en":"[As] reward from your Lord, [a generous] gift [made due by] account,","translation_id":"Sebagai pembalasan dari Tuhanmu dan pemberian yang cukup banyak,"},{"number":37,"text":"رَّبِّ ٱلسَّمَٰوَٰتِ وَٱلْأَرْضِ وَمَا بَيْنَهُمَا ٱلرَّحْمَٰنِ لَا يَمْلِكُونَ مِنْهُ خِطَابًا","translation_en":"[From] the Lord of the heavens and the earth and whatever is between them, the Most Merciful. They possess not from Him [authority for] speech.","translation_id":"Tuhan Yang memelihara langit dan bumi dan apa yang ada di antara keduanya; Yang Maha Pemurah. Mereka tidak dapat berbicara dengan Dia."},{"number":38,"text":"يَوْمَ يَقُومُ ٱلرُّوحُ وَٱلْمَلَٰٓئِكَةُ صَفًّا لَّا يَتَكَلَّمُونَ إِلَّا مَنْ أَذِنَ لَهُ ٱلرَّحْمَٰنُ وَقَالَ صَوَابًا","translation_en":"The Day that the Spirit and the angels will stand in rows, they will not speak except for one whom the Most Merciful permits, and he will say what is correct.","translation_id":"Pada hari, ketika ruh dan para malaikat berdiri bershaf-shaf, mereka tidak berkata-kata, kecuali siapa yang telah diberi izin kepadanya oleh Tuhan Yang Maha Pemurah; dan ia mengucapkan kata yang benar."},{"number":39,"text":"ذَٰلِكَ ٱلْيَوْمُ ٱلْحَقُّ فَمَن شَآءَ ٱتَّخَذَ إِلَىٰ رَبِّهِۦ مَـَٔابًا","translation_en":"That is the True Day; so he who wills may take to his Lord a [way of] return.","translation_id":"Itulah hari yang pasti terjadi. Maka barangsiapa yang menghendaki, niscaya ia menempuh jalan kembali kepada Tuhannya."},{"number":40,"text":"إِنَّآ أَنذَرْنَٰكُمْ عَذَابًا قَرِيبًا يَوْمَ يَنظُرُ ٱلْمَرْءُ مَا قَدَّمَتْ يَدَاهُ وَيَقُولُ ٱلْكَافِرُ يَٰلَيْتَنِى كُنتُ تُرَٰبًۢا","translation_en":"Indeed, We have warned you of a near punishment on the Day when a man will observe what his hands have put forth and the disbeliever will say, \"Oh, I wish that I were dust!\"","translation_id":"Sesungguhnya Kami telah memperingatkan kepadamu (hai orang kafir) siksa yang dekat, pada hari manusia melihat apa yang telah diperbuat oleh kedua tangannya; dan orang kafir berkata: \"Alangkah baiknya sekiranya aku dahulu adalah tanah\"."}]}