{"number":81,"name":"سورة التكوير","transliteration_en":"At-Takwir","translation_en":"The Overthrowing","total_verses":29,"revelation_type":"Meccan","verses":[{"number":1,"text":"بِسْمِ ٱللَّهِ ٱلرَّحْمَٰنِ ٱلرَّحِيمِ إِذَا ٱلشَّمْسُ كُوِّرَتْ","translation_en":"When the sun is wrapped up [in darkness]","translation_id":"Apabila matahari digulung,"},{"number":2,"text":"وَإِذَا ٱلنُّجُومُ ٱنكَدَرَتْ","translation_en":"And when the stars fall, dispersing,","translation_id":"dan apabila bintang-bintang berjatuhan,"},{"number":3,"text":"وَإِذَا ٱلْجِبَالُ سُيِّرَتْ","translation_en":"And when the mountains are removed","translation_id":"dan apabila gunung-gunung dihancurkan,"},{"number":4,"text":"وَإِذَا ٱلْعِشَارُ عُطِّلَتْ","translation_en":"And when full-term she-camels are neglected","translation_id":"dan apabila unta-unta yang bunting ditinggalkan (tidak diperdulikan)"},{"number":5,"text":"وَإِذَا ٱلْوُحُوشُ حُشِرَتْ","translation_en":"And when the wild beasts are gathered","translation_id":"dan apabila binatang-binatang liar dikumpulkan,"},{"number":6,"text":"وَإِذَا ٱلْبِحَارُ سُجِّرَتْ","translation_en":"And when the seas are filled with flame","translation_id":"dan apabila lautan dijadikan meluap"},{"number":7,"text":"وَإِذَا ٱلنُّفُوسُ زُوِّجَتْ","translation_en":"And when the souls are paired","translation_id":"dan apabila ruh-ruh dipertemukan (dengan tubuh)"},{"number":8,"text":"وَإِذَا ٱلْمَوْءُۥدَةُ سُئِلَتْ","translation_en":"And when the girl [who was] buried alive is asked","translation_id":"dan apabila bayi-bayi perempuan yang dikubur hidup-hidup ditanya,"},{"number":9,"text":"بِأَىِّ ذَنۢبٍ قُتِلَتْ","translation_en":"For what sin she was killed","translation_id":"karena dosa apakah dia dibunuh,"},{"number":10,"text":"وَإِذَا ٱلصُّحُفُ نُشِرَتْ","translation_en":"And when the pages are made public","translation_id":"dan apabila catatan-catatan (amal perbuatan manusia) dibuka,"},{"number":11,"text":"وَإِذَا ٱلسَّمَآءُ كُشِطَتْ","translation_en":"And when the sky is stripped away","translation_id":"dan apabila langit dilenyapkan,"},{"number":12,"text":"وَإِذَا ٱلْجَحِيمُ سُعِّرَتْ","translation_en":"And when Hellfire is set ablaze","translation_id":"dan apabila neraka Jahim dinyalakan,"},{"number":13,"text":"وَإِذَا ٱلْجَنَّةُ أُزْلِفَتْ","translation_en":"And when Paradise is brought near,","translation_id":"dan apabila surga didekatkan,"},{"number":14,"text":"عَلِمَتْ نَفْسٌ مَّآ أَحْضَرَتْ","translation_en":"A soul will [then] know what it has brought [with it].","translation_id":"maka tiap-tiap jiwa akan mengetahui apa yang telah dikerjakannya."},{"number":15,"text":"فَلَآ أُقْسِمُ بِٱلْخُنَّسِ","translation_en":"So I swear by the retreating stars -","translation_id":"Sungguh, Aku bersumpah dengan bintang-bintang,"},{"number":16,"text":"ٱلْجَوَارِ ٱلْكُنَّسِ","translation_en":"Those that run [their courses] and disappear -","translation_id":"yang beredar dan terbenam,"},{"number":17,"text":"وَٱلَّيْلِ إِذَا عَسْعَسَ","translation_en":"And by the night as it closes in","translation_id":"demi malam apabila telah hampir meninggalkan gelapnya,"},{"number":18,"text":"وَٱلصُّبْحِ إِذَا تَنَفَّسَ","translation_en":"And by the dawn when it breathes","translation_id":"dan demi subuh apabila fajarnya mulai menyingsing,"},{"number":19,"text":"إِنَّهُۥ لَقَوْلُ رَسُولٍ كَرِيمٍ","translation_en":"[That] indeed, the Qur'an is a word [conveyed by] a noble messenger","translation_id":"sesungguhnya Al Quran itu benar-benar firman (Allah yang dibawa oleh) utusan yang mulia (Jibril),"},{"number":20,"text":"ذِى قُوَّةٍ عِندَ ذِى ٱلْعَرْشِ مَكِينٍ","translation_en":"[Who is] possessed of power and with the Owner of the Throne, secure [in position],","translation_id":"yang mempunyai kekuatan, yang mempunyai kedudukan tinggi di sisi Allah yang mempunyai 'Arsy,"},{"number":21,"text":"مُّطَاعٍ ثَمَّ أَمِينٍ","translation_en":"Obeyed there [in the heavens] and trustworthy.","translation_id":"yang ditaati di sana (di alam malaikat) lagi dipercaya."},{"number":22,"text":"وَمَا صَاحِبُكُم بِمَجْنُونٍ","translation_en":"And your companion is not [at all] mad.","translation_id":"Dan temanmu (Muhammad) itu bukanlah sekali-kali orang yang gila."},{"number":23,"text":"وَلَقَدْ رَءَاهُ بِٱلْأُفُقِ ٱلْمُبِينِ","translation_en":"And he has already seen Gabriel in the clear horizon.","translation_id":"Dan sesungguhnya Muhammad itu melihat Jibril di ufuk yang terang."},{"number":24,"text":"وَمَا هُوَ عَلَى ٱلْغَيْبِ بِضَنِينٍ","translation_en":"And Muhammad is not a withholder of [knowledge of] the unseen.","translation_id":"Dan dia (Muhammad) bukanlah orang yang bakhil untuk menerangkan yang ghaib."},{"number":25,"text":"وَمَا هُوَ بِقَوْلِ شَيْطَٰنٍ رَّجِيمٍ","translation_en":"And the Qur'an is not the word of a devil, expelled [from the heavens].","translation_id":"Dan Al Quran itu bukanlah perkataan syaitan yang terkutuk,"},{"number":26,"text":"فَأَيْنَ تَذْهَبُونَ","translation_en":"So where are you going?","translation_id":"maka ke manakah kamu akan pergi?"},{"number":27,"text":"إِنْ هُوَ إِلَّا ذِكْرٌ لِّلْعَٰلَمِينَ","translation_en":"It is not except a reminder to the worlds","translation_id":"Al Quran itu tiada lain hanyalah peringatan bagi semesta alam,"},{"number":28,"text":"لِمَن شَآءَ مِنكُمْ أَن يَسْتَقِيمَ","translation_en":"For whoever wills among you to take a right course.","translation_id":"(yaitu) bagi siapa di antara kamu yang mau menempuh jalan yang lurus."},{"number":29,"text":"وَمَا تَشَآءُونَ إِلَّآ أَن يَشَآءَ ٱللَّهُ رَبُّ ٱلْعَٰلَمِينَ","translation_en":"And you do not will except that Allah wills - Lord of the worlds.","translation_id":"Dan kamu tidak dapat menghendaki (menempuh jalan itu) kecuali apabila dikehendaki Allah, Tuhan semesta alam."}]}