{"number":83,"name":"سورة المطففين","transliteration_en":"Al-Mutaffifin","translation_en":"Defrauding","total_verses":36,"revelation_type":"Meccan","verses":[{"number":1,"text":"بِسْمِ ٱللَّهِ ٱلرَّحْمَٰنِ ٱلرَّحِيمِ وَيْلٌ لِّلْمُطَفِّفِينَ","translation_en":"Woe to those who give less [than due],","translation_id":"Kecelakaan besarlah bagi orang-orang yang curang"},{"number":2,"text":"ٱلَّذِينَ إِذَا ٱكْتَالُوا۟ عَلَى ٱلنَّاسِ يَسْتَوْفُونَ","translation_en":"Who, when they take a measure from people, take in full.","translation_id":"(yaitu) orang-orang yang apabila menerima takaran dari orang lain mereka minta dipenuhi,"},{"number":3,"text":"وَإِذَا كَالُوهُمْ أَو وَّزَنُوهُمْ يُخْسِرُونَ","translation_en":"But if they give by measure or by weight to them, they cause loss.","translation_id":"dan apabila mereka menakar atau menimbang untuk orang lain, mereka mengurangi."},{"number":4,"text":"أَلَا يَظُنُّ أُو۟لَٰٓئِكَ أَنَّهُم مَّبْعُوثُونَ","translation_en":"Do they not think that they will be resurrected","translation_id":"Tidaklah orang-orang itu menyangka, bahwa sesungguhnya mereka akan dibangkitkan,"},{"number":5,"text":"لِيَوْمٍ عَظِيمٍ","translation_en":"For a tremendous Day -","translation_id":"pada suatu hari yang besar,"},{"number":6,"text":"يَوْمَ يَقُومُ ٱلنَّاسُ لِرَبِّ ٱلْعَٰلَمِينَ","translation_en":"The Day when mankind will stand before the Lord of the worlds?","translation_id":"(yaitu) hari (ketika) manusia berdiri menghadap Tuhan semesta alam?"},{"number":7,"text":"كَلَّآ إِنَّ كِتَٰبَ ٱلْفُجَّارِ لَفِى سِجِّينٍ","translation_en":"No! Indeed, the record of the wicked is in sijjeen.","translation_id":"Sekali-kali jangan curang, karena sesungguhnya kitab orang yang durhaka tersimpan dalam sijjin."},{"number":8,"text":"وَمَآ أَدْرَىٰكَ مَا سِجِّينٌ","translation_en":"And what can make you know what is sijjeen?","translation_id":"Tahukah kamu apakah sijjin itu?"},{"number":9,"text":"كِتَٰبٌ مَّرْقُومٌ","translation_en":"It is [their destination recorded in] a register inscribed.","translation_id":"(Ialah) kitab yang bertulis."},{"number":10,"text":"وَيْلٌ يَوْمَئِذٍ لِّلْمُكَذِّبِينَ","translation_en":"Woe, that Day, to the deniers,","translation_id":"Kecelakaan yang besarlah pada hari itu bagi orang-orang yang mendustakan,"},{"number":11,"text":"ٱلَّذِينَ يُكَذِّبُونَ بِيَوْمِ ٱلدِّينِ","translation_en":"Who deny the Day of Recompense.","translation_id":"(yaitu) orang-orang yang mendustakan hari pembalasan."},{"number":12,"text":"وَمَا يُكَذِّبُ بِهِۦٓ إِلَّا كُلُّ مُعْتَدٍ أَثِيمٍ","translation_en":"And none deny it except every sinful transgressor.","translation_id":"Dan tidak ada yang mendustakan hari pembalasan itu melainkan setiap orang yang melampaui batas lagi berdosa,"},{"number":13,"text":"إِذَا تُتْلَىٰ عَلَيْهِ ءَايَٰتُنَا قَالَ أَسَٰطِيرُ ٱلْأَوَّلِينَ","translation_en":"When Our verses are recited to him, he says, \"Legends of the former peoples.\"","translation_id":"yang apabila dibacakan kepadanya ayat-ayat Kami, ia berkata: \"Itu adalah dongengan orang-orang yang dahulu\""},{"number":14,"text":"كَلَّا بَلْ رَانَ عَلَىٰ قُلُوبِهِم مَّا كَانُوا۟ يَكْسِبُونَ","translation_en":"No! Rather, the stain has covered their hearts of that which they were earning.","translation_id":"Sekali-kali tidak (demikian), sebenarnya apa yang selalu mereka usahakan itu menutupi hati mereka."},{"number":15,"text":"كَلَّآ إِنَّهُمْ عَن رَّبِّهِمْ يَوْمَئِذٍ لَّمَحْجُوبُونَ","translation_en":"No! Indeed, from their Lord, that Day, they will be partitioned.","translation_id":"Sekali-kali tidak, sesungguhnya mereka pada hari itu benar-benar tertutup dari (rahmat) Tuhan mereka."},{"number":16,"text":"ثُمَّ إِنَّهُمْ لَصَالُوا۟ ٱلْجَحِيمِ","translation_en":"Then indeed, they will [enter and] burn in Hellfire.","translation_id":"Kemudian, sesungguhnya mereka benar-benar masuk neraka."},{"number":17,"text":"ثُمَّ يُقَالُ هَٰذَا ٱلَّذِى كُنتُم بِهِۦ تُكَذِّبُونَ","translation_en":"Then it will be said [to them], \"This is what you used to deny.\"","translation_id":"Kemudian, dikatakan (kepada mereka): \"Inilah azab yang dahulu selalu kamu dustakan\"."},{"number":18,"text":"كَلَّآ إِنَّ كِتَٰبَ ٱلْأَبْرَارِ لَفِى عِلِّيِّينَ","translation_en":"No! Indeed, the record of the righteous is in 'illiyyun.","translation_id":"Sekali-kali tidak, sesungguhnya kitab orang-orang yang berbakti itu (tersimpan) dalam 'Illiyyin."},{"number":19,"text":"وَمَآ أَدْرَىٰكَ مَا عِلِّيُّونَ","translation_en":"And what can make you know what is 'illiyyun?","translation_id":"Tahukah kamu apakah 'Illiyyin itu?"},{"number":20,"text":"كِتَٰبٌ مَّرْقُومٌ","translation_en":"It is [their destination recorded in] a register inscribed","translation_id":"(Yaitu) kitab yang bertulis,"},{"number":21,"text":"يَشْهَدُهُ ٱلْمُقَرَّبُونَ","translation_en":"Which is witnessed by those brought near [to Allah].","translation_id":"yang disaksikan oleh malaikat-malaikat yang didekatkan (kepada Allah)."},{"number":22,"text":"إِنَّ ٱلْأَبْرَارَ لَفِى نَعِيمٍ","translation_en":"Indeed, the righteous will be in pleasure","translation_id":"Sesungguhnya orang yang berbakti itu benar-benar berada dalam kenikmatan yang besar (surga),"},{"number":23,"text":"عَلَى ٱلْأَرَآئِكِ يَنظُرُونَ","translation_en":"On adorned couches, observing.","translation_id":"mereka (duduk) di atas dipan-dipan sambil memandang."},{"number":24,"text":"تَعْرِفُ فِى وُجُوهِهِمْ نَضْرَةَ ٱلنَّعِيمِ","translation_en":"You will recognize in their faces the radiance of pleasure.","translation_id":"Kamu dapat mengetahui dari wajah mereka kesenangan mereka yang penuh kenikmatan."},{"number":25,"text":"يُسْقَوْنَ مِن رَّحِيقٍ مَّخْتُومٍ","translation_en":"They will be given to drink [pure] wine [which was] sealed.","translation_id":"Mereka diberi minum dari khamar murni yang dilak (tempatnya),"},{"number":26,"text":"خِتَٰمُهُۥ مِسْكٌ وَفِى ذَٰلِكَ فَلْيَتَنَافَسِ ٱلْمُتَنَٰفِسُونَ","translation_en":"The last of it is musk. So for this let the competitors compete.","translation_id":"laknya adalah kesturi; dan untuk yang demikian itu hendaknya orang berlomba-lomba."},{"number":27,"text":"وَمِزَاجُهُۥ مِن تَسْنِيمٍ","translation_en":"And its mixture is of Tasneem,","translation_id":"Dan campuran khamar murni itu adalah dari tasnim,"},{"number":28,"text":"عَيْنًا يَشْرَبُ بِهَا ٱلْمُقَرَّبُونَ","translation_en":"A spring from which those near [to Allah] drink.","translation_id":"(yaitu) mata air yang minum daripadanya orang-orang yang didekatkan kepada Allah."},{"number":29,"text":"إِنَّ ٱلَّذِينَ أَجْرَمُوا۟ كَانُوا۟ مِنَ ٱلَّذِينَ ءَامَنُوا۟ يَضْحَكُونَ","translation_en":"Indeed, those who committed crimes used to laugh at those who believed.","translation_id":"Sesungguhnya orang-orang yang berdosa, adalah mereka yang menertawakan orang-orang yang beriman."},{"number":30,"text":"وَإِذَا مَرُّوا۟ بِهِمْ يَتَغَامَزُونَ","translation_en":"And when they passed by them, they would exchange derisive glances.","translation_id":"Dan apabila orang-orang yang beriman lalu di hadapan mereka, mereka saling mengedip-ngedipkan matanya."},{"number":31,"text":"وَإِذَا ٱنقَلَبُوٓا۟ إِلَىٰٓ أَهْلِهِمُ ٱنقَلَبُوا۟ فَكِهِينَ","translation_en":"And when they returned to their people, they would return jesting.","translation_id":"Dan apabila orang-orang yang berdosa itu kembali kepada kaumnya, mereka kembali dengan gembira."},{"number":32,"text":"وَإِذَا رَأَوْهُمْ قَالُوٓا۟ إِنَّ هَٰٓؤُلَآءِ لَضَآلُّونَ","translation_en":"And when they saw them, they would say, \"Indeed, those are truly lost.\"","translation_id":"Dan apabila mereka melihat orang-orang mukmin, mereka mengatakan: \"Sesungguhnya mereka itu benar-benar orang-orang yang sesat\","},{"number":33,"text":"وَمَآ أُرْسِلُوا۟ عَلَيْهِمْ حَٰفِظِينَ","translation_en":"But they had not been sent as guardians over them.","translation_id":"padahal orang-orang yang berdosa itu tidak dikirim untuk penjaga bagi orang-orang mukmin."},{"number":34,"text":"فَٱلْيَوْمَ ٱلَّذِينَ ءَامَنُوا۟ مِنَ ٱلْكُفَّارِ يَضْحَكُونَ","translation_en":"So Today those who believed are laughing at the disbelievers,","translation_id":"Maka pada hari ini, orang-orang yang beriman menertawakan orang-orang kafir,"},{"number":35,"text":"عَلَى ٱلْأَرَآئِكِ يَنظُرُونَ","translation_en":"On adorned couches, observing.","translation_id":"mereka (duduk) di atas dipan-dipan sambil memandang."},{"number":36,"text":"هَلْ ثُوِّبَ ٱلْكُفَّارُ مَا كَانُوا۟ يَفْعَلُونَ","translation_en":"Have the disbelievers [not] been rewarded [this Day] for what they used to do?","translation_id":"Sesungguhnya orang-orang kafir telah diberi ganjaran terhadap apa yang dahulu mereka kerjakan."}]}