{"number":84,"name":"سورة الإنشقاق","transliteration_en":"Al-Inshiqaaq","translation_en":"The Splitting Open","total_verses":25,"revelation_type":"Meccan","verses":[{"number":1,"text":"بِسْمِ ٱللَّهِ ٱلرَّحْمَٰنِ ٱلرَّحِيمِ إِذَا ٱلسَّمَآءُ ٱنشَقَّتْ","translation_en":"When the sky has split [open]","translation_id":"Apabila langit terbelah,"},{"number":2,"text":"وَأَذِنَتْ لِرَبِّهَا وَحُقَّتْ","translation_en":"And has responded to its Lord and was obligated [to do so]","translation_id":"dan patuh kepada Tuhannya, dan sudah semestinya langit itu patuh,"},{"number":3,"text":"وَإِذَا ٱلْأَرْضُ مُدَّتْ","translation_en":"And when the earth has been extended","translation_id":"dan apabila bumi diratakan,"},{"number":4,"text":"وَأَلْقَتْ مَا فِيهَا وَتَخَلَّتْ","translation_en":"And has cast out that within it and relinquished [it]","translation_id":"dan dilemparkan apa yang ada di dalamnya dan menjadi kosong,"},{"number":5,"text":"وَأَذِنَتْ لِرَبِّهَا وَحُقَّتْ","translation_en":"And has responded to its Lord and was obligated [to do so] -","translation_id":"dan patuh kepada Tuhannya, dan sudah semestinya bumi itu patuh, (pada waktu itu manusia akan mengetahui akibat perbuatannya)."},{"number":6,"text":"يَٰٓأَيُّهَا ٱلْإِنسَٰنُ إِنَّكَ كَادِحٌ إِلَىٰ رَبِّكَ كَدْحًا فَمُلَٰقِيهِ","translation_en":"O mankind, indeed you are laboring toward your Lord with [great] exertion and will meet it.","translation_id":"Hai manusia, sesungguhnya kamu telah bekerja dengan sungguh-sungguh menuju Tuhanmu, maka pasti kamu akan menemui-Nya."},{"number":7,"text":"فَأَمَّا مَنْ أُوتِىَ كِتَٰبَهُۥ بِيَمِينِهِۦ","translation_en":"Then as for he who is given his record in his right hand,","translation_id":"Adapun orang yang diberikan kitabnya dari sebelah kanannya,"},{"number":8,"text":"فَسَوْفَ يُحَاسَبُ حِسَابًا يَسِيرًا","translation_en":"He will be judged with an easy account","translation_id":"maka dia akan diperiksa dengan pemeriksaan yang mudah,"},{"number":9,"text":"وَيَنقَلِبُ إِلَىٰٓ أَهْلِهِۦ مَسْرُورًا","translation_en":"And return to his people in happiness.","translation_id":"dan dia akan kembali kepada kaumnya (yang sama-sama beriman) dengan gembira."},{"number":10,"text":"وَأَمَّا مَنْ أُوتِىَ كِتَٰبَهُۥ وَرَآءَ ظَهْرِهِۦ","translation_en":"But as for he who is given his record behind his back,","translation_id":"Adapun orang-orang yang diberikan kitabnya dari belakang,"},{"number":11,"text":"فَسَوْفَ يَدْعُوا۟ ثُبُورًا","translation_en":"He will cry out for destruction","translation_id":"maka dia akan berteriak: \"Celakalah aku\"."},{"number":12,"text":"وَيَصْلَىٰ سَعِيرًا","translation_en":"And [enter to] burn in a Blaze.","translation_id":"Dan dia akan masuk ke dalam api yang menyala-nyala (neraka)."},{"number":13,"text":"إِنَّهُۥ كَانَ فِىٓ أَهْلِهِۦ مَسْرُورًا","translation_en":"Indeed, he had [once] been among his people in happiness;","translation_id":"Sesungguhnya dia dahulu (di dunia) bergembira di kalangan kaumnya (yang sama-sama kafir)."},{"number":14,"text":"إِنَّهُۥ ظَنَّ أَن لَّن يَحُورَ","translation_en":"Indeed, he had thought he would never return [to Allah].","translation_id":"Sesungguhnya dia menyangka bahwa dia sekali-kali tidak akan kembali (kepada Tuhannya)."},{"number":15,"text":"بَلَىٰٓ إِنَّ رَبَّهُۥ كَانَ بِهِۦ بَصِيرًا","translation_en":"But yes! Indeed, his Lord was ever of him, Seeing.","translation_id":"(Bukan demikian), yang benar, sesungguhnya Tuhannya selalu melihatnya."},{"number":16,"text":"فَلَآ أُقْسِمُ بِٱلشَّفَقِ","translation_en":"So I swear by the twilight glow","translation_id":"Maka sesungguhnya Aku bersumpah dengan cahaya merah di waktu senja,"},{"number":17,"text":"وَٱلَّيْلِ وَمَا وَسَقَ","translation_en":"And [by] the night and what it envelops","translation_id":"dan dengan malam dan apa yang diselubunginya,"},{"number":18,"text":"وَٱلْقَمَرِ إِذَا ٱتَّسَقَ","translation_en":"And [by] the moon when it becomes full","translation_id":"dan dengan bulan apabila jadi purnama,"},{"number":19,"text":"لَتَرْكَبُنَّ طَبَقًا عَن طَبَقٍ","translation_en":"[That] you will surely experience state after state.","translation_id":"sesungguhnya kamu melalui tingkat demi tingkat (dalam kehidupan),"},{"number":20,"text":"فَمَا لَهُمْ لَا يُؤْمِنُونَ","translation_en":"So what is [the matter] with them [that] they do not believe,","translation_id":"Mengapa mereka tidak mau beriman?"},{"number":21,"text":"وَإِذَا قُرِئَ عَلَيْهِمُ ٱلْقُرْءَانُ لَا يَسْجُدُونَ","translation_en":"And when the Qur'an is recited to them, they do not prostrate [to Allah]?","translation_id":"dan apabila Al Quran dibacakan kepada mereka, mereka tidak bersujud,"},{"number":22,"text":"بَلِ ٱلَّذِينَ كَفَرُوا۟ يُكَذِّبُونَ","translation_en":"But those who have disbelieved deny,","translation_id":"bahkan orang-orang kafir itu mendustakan(nya)."},{"number":23,"text":"وَٱللَّهُ أَعْلَمُ بِمَا يُوعُونَ","translation_en":"And Allah is most knowing of what they keep within themselves.","translation_id":"Padahal Allah mengetahui apa yang mereka sembunyikan (dalam hati mereka)."},{"number":24,"text":"فَبَشِّرْهُم بِعَذَابٍ أَلِيمٍ","translation_en":"So give them tidings of a painful punishment,","translation_id":"Maka beri kabar gembiralah mereka dengan azab yang pedih,"},{"number":25,"text":"إِلَّا ٱلَّذِينَ ءَامَنُوا۟ وَعَمِلُوا۟ ٱلصَّٰلِحَٰتِ لَهُمْ أَجْرٌ غَيْرُ مَمْنُونٍۭ","translation_en":"Except for those who believe and do righteous deeds. For them is a reward uninterrupted.","translation_id":"tetapi orang-orang yang beriman dan beramal saleh, bagi mereka pahala yang tidak putus-putusnya."}]}