{"number":85,"name":"سورة البروج","transliteration_en":"Al-Burooj","translation_en":"The Constellations","total_verses":22,"revelation_type":"Meccan","verses":[{"number":1,"text":"بِسْمِ ٱللَّهِ ٱلرَّحْمَٰنِ ٱلرَّحِيمِ وَٱلسَّمَآءِ ذَاتِ ٱلْبُرُوجِ","translation_en":"By the sky containing great stars","translation_id":"Demi langit yang mempunyai gugusan bintang,"},{"number":2,"text":"وَٱلْيَوْمِ ٱلْمَوْعُودِ","translation_en":"And [by] the promised Day","translation_id":"dan hari yang dijanjikan,"},{"number":3,"text":"وَشَاهِدٍ وَمَشْهُودٍ","translation_en":"And [by] the witness and what is witnessed,","translation_id":"dan yang menyaksikan dan yang disaksikan."},{"number":4,"text":"قُتِلَ أَصْحَٰبُ ٱلْأُخْدُودِ","translation_en":"Cursed were the companions of the trench","translation_id":"Binasa dan terlaknatlah orang-orang yang membuat parit,"},{"number":5,"text":"ٱلنَّارِ ذَاتِ ٱلْوَقُودِ","translation_en":"[Containing] the fire full of fuel,","translation_id":"yang berapi (dinyalakan dengan) kayu bakar,"},{"number":6,"text":"إِذْ هُمْ عَلَيْهَا قُعُودٌ","translation_en":"When they were sitting near it","translation_id":"ketika mereka duduk di sekitarnya,"},{"number":7,"text":"وَهُمْ عَلَىٰ مَا يَفْعَلُونَ بِٱلْمُؤْمِنِينَ شُهُودٌ","translation_en":"And they, to what they were doing against the believers, were witnesses.","translation_id":"sedang mereka menyaksikan apa yang mereka perbuat terhadap orang-orang yang beriman."},{"number":8,"text":"وَمَا نَقَمُوا۟ مِنْهُمْ إِلَّآ أَن يُؤْمِنُوا۟ بِٱللَّهِ ٱلْعَزِيزِ ٱلْحَمِيدِ","translation_en":"And they resented them not except because they believed in Allah, the Exalted in Might, the Praiseworthy,","translation_id":"Dan mereka tidak menyiksa orang-orang mukmin itu melainkan karena orang-orang mukmin itu beriman kepada Allah Yang Maha Perkasa lagi Maha Terpuji,"},{"number":9,"text":"ٱلَّذِى لَهُۥ مُلْكُ ٱلسَّمَٰوَٰتِ وَٱلْأَرْضِ وَٱللَّهُ عَلَىٰ كُلِّ شَىْءٍ شَهِيدٌ","translation_en":"To whom belongs the dominion of the heavens and the earth. And Allah, over all things, is Witness.","translation_id":"Yang mempunyai kerajaan langit dan bumi; dan Allah Maha Menyaksikan segala sesuatu."},{"number":10,"text":"إِنَّ ٱلَّذِينَ فَتَنُوا۟ ٱلْمُؤْمِنِينَ وَٱلْمُؤْمِنَٰتِ ثُمَّ لَمْ يَتُوبُوا۟ فَلَهُمْ عَذَابُ جَهَنَّمَ وَلَهُمْ عَذَابُ ٱلْحَرِيقِ","translation_en":"Indeed, those who have tortured the believing men and believing women and then have not repented will have the punishment of Hell, and they will have the punishment of the Burning Fire.","translation_id":"Sesungguhnya orang-orang yang mendatangkan cobaan kepada orang-orang yang mukmin laki-laki dan perempuan kemudian mereka tidak bertaubat, maka bagi mereka azab Jahannam dan bagi mereka azab (neraka) yang membakar."},{"number":11,"text":"إِنَّ ٱلَّذِينَ ءَامَنُوا۟ وَعَمِلُوا۟ ٱلصَّٰلِحَٰتِ لَهُمْ جَنَّٰتٌ تَجْرِى مِن تَحْتِهَا ٱلْأَنْهَٰرُ ذَٰلِكَ ٱلْفَوْزُ ٱلْكَبِيرُ","translation_en":"Indeed, those who have believed and done righteous deeds will have gardens beneath which rivers flow. That is the great attainment.","translation_id":"Sesungguhnya orang-orang yang beriman dan mengerjakan amal-amal yang saleh bagi mereka surga yang mengalir di bawahnya sungai-sungai; itulah keberuntungan yang besar."},{"number":12,"text":"إِنَّ بَطْشَ رَبِّكَ لَشَدِيدٌ","translation_en":"Indeed, the vengeance of your Lord is severe.","translation_id":"Sesungguhnya azab Tuhanmu benar-benar keras."},{"number":13,"text":"إِنَّهُۥ هُوَ يُبْدِئُ وَيُعِيدُ","translation_en":"Indeed, it is He who originates [creation] and repeats.","translation_id":"Sesungguhnya Dialah Yang menciptakan (makhluk) dari permulaan dan menghidupkannya (kembali)."},{"number":14,"text":"وَهُوَ ٱلْغَفُورُ ٱلْوَدُودُ","translation_en":"And He is the Forgiving, the Affectionate,","translation_id":"Dialah Yang Maha Pengampun lagi Maha Pengasih,"},{"number":15,"text":"ذُو ٱلْعَرْشِ ٱلْمَجِيدُ","translation_en":"Honorable Owner of the Throne,","translation_id":"yang mempunyai 'Arsy, lagi Maha Mulia,"},{"number":16,"text":"فَعَّالٌ لِّمَا يُرِيدُ","translation_en":"Effecter of what He intends.","translation_id":"Maha Kuasa berbuat apa yang dikehendaki-Nya."},{"number":17,"text":"هَلْ أَتَىٰكَ حَدِيثُ ٱلْجُنُودِ","translation_en":"Has there reached you the story of the soldiers -","translation_id":"Sudahkah datang kepadamu berita kaum-kaum penentang,"},{"number":18,"text":"فِرْعَوْنَ وَثَمُودَ","translation_en":"[Those of] Pharaoh and Thamud?","translation_id":"(yaitu kaum) Fir'aun dan (kaum) Tsamud?"},{"number":19,"text":"بَلِ ٱلَّذِينَ كَفَرُوا۟ فِى تَكْذِيبٍ","translation_en":"But they who disbelieve are in [persistent] denial,","translation_id":"Sesungguhnya orang-orang kafir selalu mendustakan,"},{"number":20,"text":"وَٱللَّهُ مِن وَرَآئِهِم مُّحِيطٌۢ","translation_en":"While Allah encompasses them from behind.","translation_id":"padahal Allah mengepung mereka dari belakang mereka."},{"number":21,"text":"بَلْ هُوَ قُرْءَانٌ مَّجِيدٌ","translation_en":"But this is an honored Qur'an","translation_id":"Bahkan yang didustakan mereka itu ialah Al Quran yang mulia,"},{"number":22,"text":"فِى لَوْحٍ مَّحْفُوظٍۭ","translation_en":"[Inscribed] in a Preserved Slate.","translation_id":"yang (tersimpan) dalam Lauh Mahfuzh."}]}