{"number":87,"name":"سورة الأعلى","transliteration_en":"Al-A'laa","translation_en":"The Most High","total_verses":19,"revelation_type":"Meccan","verses":[{"number":1,"text":"بِسْمِ ٱللَّهِ ٱلرَّحْمَٰنِ ٱلرَّحِيمِ سَبِّحِ ٱسْمَ رَبِّكَ ٱلْأَعْلَى","translation_en":"Exalt the name of your Lord, the Most High,","translation_id":"Sucikanlah nama Tuhanmu Yang Maha Tingi,"},{"number":2,"text":"ٱلَّذِى خَلَقَ فَسَوَّىٰ","translation_en":"Who created and proportioned","translation_id":"yang menciptakan, dan menyempurnakan (penciptaan-Nya),"},{"number":3,"text":"وَٱلَّذِى قَدَّرَ فَهَدَىٰ","translation_en":"And who destined and [then] guided","translation_id":"dan yang menentukan kadar (masing-masing) dan memberi petunjuk,"},{"number":4,"text":"وَٱلَّذِىٓ أَخْرَجَ ٱلْمَرْعَىٰ","translation_en":"And who brings out the pasture","translation_id":"dan yang menumbuhkan rumput-rumputan,"},{"number":5,"text":"فَجَعَلَهُۥ غُثَآءً أَحْوَىٰ","translation_en":"And [then] makes it black stubble.","translation_id":"lalu dijadikan-Nya rumput-rumput itu kering kehitam-hitaman."},{"number":6,"text":"سَنُقْرِئُكَ فَلَا تَنسَىٰٓ","translation_en":"We will make you recite, [O Muhammad], and you will not forget,","translation_id":"Kami akan membacakan (Al Quran) kepadamu (Muhammad) maka kamu tidak akan lupa,"},{"number":7,"text":"إِلَّا مَا شَآءَ ٱللَّهُ إِنَّهُۥ يَعْلَمُ ٱلْجَهْرَ وَمَا يَخْفَىٰ","translation_en":"Except what Allah should will. Indeed, He knows what is declared and what is hidden.","translation_id":"kecuali kalau Allah menghendaki. Sesungguhnya Dia mengetahui yang terang dan yang tersembunyi."},{"number":8,"text":"وَنُيَسِّرُكَ لِلْيُسْرَىٰ","translation_en":"And We will ease you toward ease.","translation_id":"dan Kami akan memberi kamu taufik ke jalan yang mudah,"},{"number":9,"text":"فَذَكِّرْ إِن نَّفَعَتِ ٱلذِّكْرَىٰ","translation_en":"So remind, if the reminder should benefit;","translation_id":"oleh sebab itu berikanlah peringatan karena peringatan itu bermanfaat,"},{"number":10,"text":"سَيَذَّكَّرُ مَن يَخْشَىٰ","translation_en":"He who fears [Allah] will be reminded.","translation_id":"orang yang takut (kepada Allah) akan mendapat pelajaran,"},{"number":11,"text":"وَيَتَجَنَّبُهَا ٱلْأَشْقَى","translation_en":"But the wretched one will avoid it -","translation_id":"dan orang-orang yang celaka (kafir) akan menjauhinya."},{"number":12,"text":"ٱلَّذِى يَصْلَى ٱلنَّارَ ٱلْكُبْرَىٰ","translation_en":"[He] who will [enter and] burn in the greatest Fire,","translation_id":"(Yaitu) orang yang akan memasuki api yang besar (neraka)."},{"number":13,"text":"ثُمَّ لَا يَمُوتُ فِيهَا وَلَا يَحْيَىٰ","translation_en":"Neither dying therein nor living.","translation_id":"Kemudian dia tidak akan mati di dalamnya dan tidak (pula) hidup."},{"number":14,"text":"قَدْ أَفْلَحَ مَن تَزَكَّىٰ","translation_en":"He has certainly succeeded who purifies himself","translation_id":"Sesungguhnya beruntunglah orang yang membersihkan diri (dengan beriman),"},{"number":15,"text":"وَذَكَرَ ٱسْمَ رَبِّهِۦ فَصَلَّىٰ","translation_en":"And mentions the name of his Lord and prays.","translation_id":"dan dia ingat nama Tuhannya, lalu dia sembahyang."},{"number":16,"text":"بَلْ تُؤْثِرُونَ ٱلْحَيَوٰةَ ٱلدُّنْيَا","translation_en":"But you prefer the worldly life,","translation_id":"Tetapi kamu (orang-orang kafir) memilih kehidupan duniawi."},{"number":17,"text":"وَٱلْءَاخِرَةُ خَيْرٌ وَأَبْقَىٰٓ","translation_en":"While the Hereafter is better and more enduring.","translation_id":"Sedang kehidupan akhirat adalah lebih baik dan lebih kekal."},{"number":18,"text":"إِنَّ هَٰذَا لَفِى ٱلصُّحُفِ ٱلْأُولَىٰ","translation_en":"Indeed, this is in the former scriptures,","translation_id":"Sesungguhnya ini benar-benar terdapat dalam kitab-kitab yang dahulu,"},{"number":19,"text":"صُحُفِ إِبْرَٰهِيمَ وَمُوسَىٰ","translation_en":"The scriptures of Abraham and Moses.","translation_id":"(yaitu) Kitab-kitab Ibrahim dan Musa"}]}