{"number":88,"name":"سورة الغاشية","transliteration_en":"Al-Ghaashiya","translation_en":"The Overwhelming","total_verses":26,"revelation_type":"Meccan","verses":[{"number":1,"text":"بِسْمِ ٱللَّهِ ٱلرَّحْمَٰنِ ٱلرَّحِيمِ هَلْ أَتَىٰكَ حَدِيثُ ٱلْغَٰشِيَةِ","translation_en":"Has there reached you the report of the Overwhelming [event]?","translation_id":"Sudah datangkah kepadamu berita (tentang) hari pembalasan?"},{"number":2,"text":"وُجُوهٌ يَوْمَئِذٍ خَٰشِعَةٌ","translation_en":"[Some] faces, that Day, will be humbled,","translation_id":"Banyak muka pada hari itu tunduk terhina,"},{"number":3,"text":"عَامِلَةٌ نَّاصِبَةٌ","translation_en":"Working [hard] and exhausted.","translation_id":"bekerja keras lagi kepayahan,"},{"number":4,"text":"تَصْلَىٰ نَارًا حَامِيَةً","translation_en":"They will [enter to] burn in an intensely hot Fire.","translation_id":"memasuki api yang sangat panas (neraka),"},{"number":5,"text":"تُسْقَىٰ مِنْ عَيْنٍ ءَانِيَةٍ","translation_en":"They will be given drink from a boiling spring.","translation_id":"diberi minum (dengan air) dari sumber yang sangat panas."},{"number":6,"text":"لَّيْسَ لَهُمْ طَعَامٌ إِلَّا مِن ضَرِيعٍ","translation_en":"For them there will be no food except from a poisonous, thorny plant","translation_id":"Mereka tiada memperoleh makanan selain dari pohon yang berduri,"},{"number":7,"text":"لَّا يُسْمِنُ وَلَا يُغْنِى مِن جُوعٍ","translation_en":"Which neither nourishes nor avails against hunger.","translation_id":"yang tidak menggemukkan dan tidak pula menghilangkan lapar."},{"number":8,"text":"وُجُوهٌ يَوْمَئِذٍ نَّاعِمَةٌ","translation_en":"[Other] faces, that Day, will show pleasure.","translation_id":"Banyak muka pada hari itu berseri-seri,"},{"number":9,"text":"لِّسَعْيِهَا رَاضِيَةٌ","translation_en":"With their effort [they are] satisfied","translation_id":"merasa senang karena usahanya,"},{"number":10,"text":"فِى جَنَّةٍ عَالِيَةٍ","translation_en":"In an elevated garden,","translation_id":"dalam surga yang tinggi,"},{"number":11,"text":"لَّا تَسْمَعُ فِيهَا لَٰغِيَةً","translation_en":"Wherein they will hear no unsuitable speech.","translation_id":"tidak kamu dengar di dalamnya perkataan yang tidak berguna."},{"number":12,"text":"فِيهَا عَيْنٌ جَارِيَةٌ","translation_en":"Within it is a flowing spring.","translation_id":"Di dalamnya ada mata air yang mengalir."},{"number":13,"text":"فِيهَا سُرُرٌ مَّرْفُوعَةٌ","translation_en":"Within it are couches raised high","translation_id":"Di dalamnya ada takhta-takhta yang ditinggikan,"},{"number":14,"text":"وَأَكْوَابٌ مَّوْضُوعَةٌ","translation_en":"And cups put in place","translation_id":"dan gelas-gelas yang terletak (di dekatnya),"},{"number":15,"text":"وَنَمَارِقُ مَصْفُوفَةٌ","translation_en":"And cushions lined up","translation_id":"dan bantal-bantal sandaran yang tersusun,"},{"number":16,"text":"وَزَرَابِىُّ مَبْثُوثَةٌ","translation_en":"And carpets spread around.","translation_id":"dan permadani-permadani yang terhampar."},{"number":17,"text":"أَفَلَا يَنظُرُونَ إِلَى ٱلْإِبِلِ كَيْفَ خُلِقَتْ","translation_en":"Then do they not look at the camels - how they are created?","translation_id":"Maka apakah mereka tidak memperhatikan unta bagaimana dia diciptakan,"},{"number":18,"text":"وَإِلَى ٱلسَّمَآءِ كَيْفَ رُفِعَتْ","translation_en":"And at the sky - how it is raised?","translation_id":"Dan langit, bagaimana ia ditinggikan?"},{"number":19,"text":"وَإِلَى ٱلْجِبَالِ كَيْفَ نُصِبَتْ","translation_en":"And at the mountains - how they are erected?","translation_id":"Dan gunung-gunung bagaimana ia ditegakkan?"},{"number":20,"text":"وَإِلَى ٱلْأَرْضِ كَيْفَ سُطِحَتْ","translation_en":"And at the earth - how it is spread out?","translation_id":"Dan bumi bagaimana ia dihamparkan?"},{"number":21,"text":"فَذَكِّرْ إِنَّمَآ أَنتَ مُذَكِّرٌ","translation_en":"So remind, [O Muhammad]; you are only a reminder.","translation_id":"Maka berilah peringatan, karena sesungguhnya kamu hanyalah orang yang memberi peringatan."},{"number":22,"text":"لَّسْتَ عَلَيْهِم بِمُصَيْطِرٍ","translation_en":"You are not over them a controller.","translation_id":"Kamu bukanlah orang yang berkuasa atas mereka,"},{"number":23,"text":"إِلَّا مَن تَوَلَّىٰ وَكَفَرَ","translation_en":"However, he who turns away and disbelieves -","translation_id":"tetapi orang yang berpaling dan kafir,"},{"number":24,"text":"فَيُعَذِّبُهُ ٱللَّهُ ٱلْعَذَابَ ٱلْأَكْبَرَ","translation_en":"Then Allah will punish him with the greatest punishment.","translation_id":"maka Allah akan mengazabnya dengan azab yang besar."},{"number":25,"text":"إِنَّ إِلَيْنَآ إِيَابَهُمْ","translation_en":"Indeed, to Us is their return.","translation_id":"Sesungguhnya kepada Kami-lah kembali mereka,"},{"number":26,"text":"ثُمَّ إِنَّ عَلَيْنَا حِسَابَهُم","translation_en":"Then indeed, upon Us is their account.","translation_id":"kemudian sesungguhnya kewajiban Kami-lah menghisab mereka."}]}