{"number":89,"name":"سورة الفجر","transliteration_en":"Al-Fajr","translation_en":"The Dawn","total_verses":30,"revelation_type":"Meccan","verses":[{"number":1,"text":"بِسْمِ ٱللَّهِ ٱلرَّحْمَٰنِ ٱلرَّحِيمِ وَٱلْفَجْرِ","translation_en":"By the dawn","translation_id":"Demi fajar,"},{"number":2,"text":"وَلَيَالٍ عَشْرٍ","translation_en":"And [by] ten nights","translation_id":"dan malam yang sepuluh,"},{"number":3,"text":"وَٱلشَّفْعِ وَٱلْوَتْرِ","translation_en":"And [by] the even [number] and the odd","translation_id":"dan yang genap dan yang ganjil,"},{"number":4,"text":"وَٱلَّيْلِ إِذَا يَسْرِ","translation_en":"And [by] the night when it passes,","translation_id":"dan malam bila berlalu."},{"number":5,"text":"هَلْ فِى ذَٰلِكَ قَسَمٌ لِّذِى حِجْرٍ","translation_en":"Is there [not] in [all] that an oath [sufficient] for one of perception?","translation_id":"Pada yang demikian itu terdapat sumpah (yang dapat diterima) oleh orang-orang yang berakal."},{"number":6,"text":"أَلَمْ تَرَ كَيْفَ فَعَلَ رَبُّكَ بِعَادٍ","translation_en":"Have you not considered how your Lord dealt with 'Aad -","translation_id":"Apakah kamu tidak memperhatikan bagaimana Tuhanmu berbuat terhadap kaum 'Aad?"},{"number":7,"text":"إِرَمَ ذَاتِ ٱلْعِمَادِ","translation_en":"[With] Iram - who had lofty pillars,","translation_id":"(yaitu) penduduk Iram yang mempunyai bangunan-bangunan yang tinggi,"},{"number":8,"text":"ٱلَّتِى لَمْ يُخْلَقْ مِثْلُهَا فِى ٱلْبِلَٰدِ","translation_en":"The likes of whom had never been created in the land?","translation_id":"yang belum pernah dibangun (suatu kota) seperti itu, di negeri-negeri lain,"},{"number":9,"text":"وَثَمُودَ ٱلَّذِينَ جَابُوا۟ ٱلصَّخْرَ بِٱلْوَادِ","translation_en":"And [with] Thamud, who carved out the rocks in the valley?","translation_id":"dan kaum Tsamud yang memotong batu-batu besar di lembah,"},{"number":10,"text":"وَفِرْعَوْنَ ذِى ٱلْأَوْتَادِ","translation_en":"And [with] Pharaoh, owner of the stakes? -","translation_id":"dan kaum Fir'aun yang mempunyai pasak-pasak (tentara yang banyak),"},{"number":11,"text":"ٱلَّذِينَ طَغَوْا۟ فِى ٱلْبِلَٰدِ","translation_en":"[All of] whom oppressed within the lands","translation_id":"yang berbuat sewenang-wenang dalam negeri,"},{"number":12,"text":"فَأَكْثَرُوا۟ فِيهَا ٱلْفَسَادَ","translation_en":"And increased therein the corruption.","translation_id":"lalu mereka berbuat banyak kerusakan dalam negeri itu,"},{"number":13,"text":"فَصَبَّ عَلَيْهِمْ رَبُّكَ سَوْطَ عَذَابٍ","translation_en":"So your Lord poured upon them a scourge of punishment.","translation_id":"karena itu Tuhanmu menimpakan kepada mereka cemeti azab,"},{"number":14,"text":"إِنَّ رَبَّكَ لَبِٱلْمِرْصَادِ","translation_en":"Indeed, your Lord is in observation.","translation_id":"sesungguhnya Tuhanmu benar-benar mengawasi."},{"number":15,"text":"فَأَمَّا ٱلْإِنسَٰنُ إِذَا مَا ٱبْتَلَىٰهُ رَبُّهُۥ فَأَكْرَمَهُۥ وَنَعَّمَهُۥ فَيَقُولُ رَبِّىٓ أَكْرَمَنِ","translation_en":"And as for man, when his Lord tries him and [thus] is generous to him and favors him, he says, \"My Lord has honored me.\"","translation_id":"Adapun manusia apabila Tuhannya mengujinya lalu dia dimuliakan-Nya dan diberi-Nya kesenangan, maka dia akan berkata: \"Tuhanku telah memuliakanku\"."},{"number":16,"text":"وَأَمَّآ إِذَا مَا ٱبْتَلَىٰهُ فَقَدَرَ عَلَيْهِ رِزْقَهُۥ فَيَقُولُ رَبِّىٓ أَهَٰنَنِ","translation_en":"But when He tries him and restricts his provision, he says, \"My Lord has humiliated me.\"","translation_id":"Adapun bila Tuhannya mengujinya lalu membatasi rezekinya maka dia berkata: \"Tuhanku menghinakanku\"."},{"number":17,"text":"كَلَّا بَل لَّا تُكْرِمُونَ ٱلْيَتِيمَ","translation_en":"No! But you do not honor the orphan","translation_id":"Sekali-kali tidak (demikian), sebenarnya kamu tidak memuliakan anak yatim,"},{"number":18,"text":"وَلَا تَحَٰٓضُّونَ عَلَىٰ طَعَامِ ٱلْمِسْكِينِ","translation_en":"And you do not encourage one another to feed the poor.","translation_id":"dan kamu tidak saling mengajak memberi makan orang miskin,"},{"number":19,"text":"وَتَأْكُلُونَ ٱلتُّرَاثَ أَكْلًا لَّمًّا","translation_en":"And you consume inheritance, devouring [it] altogether,","translation_id":"dan kamu memakan harta pusaka dengan cara mencampur baurkan (yang halal dan yang bathil),"},{"number":20,"text":"وَتُحِبُّونَ ٱلْمَالَ حُبًّا جَمًّا","translation_en":"And you love wealth with immense love.","translation_id":"dan kamu mencintai harta benda dengan kecintaan yang berlebihan."},{"number":21,"text":"كَلَّآ إِذَا دُكَّتِ ٱلْأَرْضُ دَكًّا دَكًّا","translation_en":"No! When the earth has been leveled - pounded and crushed -","translation_id":"Jangan (berbuat demikian). Apabila bumi digoncangkan berturut-turut,"},{"number":22,"text":"وَجَآءَ رَبُّكَ وَٱلْمَلَكُ صَفًّا صَفًّا","translation_en":"And your Lord has come and the angels, rank upon rank,","translation_id":"dan datanglah Tuhanmu; sedang malaikat berbaris-baris."},{"number":23,"text":"وَجِا۟ىٓءَ يَوْمَئِذٍۭ بِجَهَنَّمَ يَوْمَئِذٍ يَتَذَكَّرُ ٱلْإِنسَٰنُ وَأَنَّىٰ لَهُ ٱلذِّكْرَىٰ","translation_en":"And brought [within view], that Day, is Hell - that Day, man will remember, but what good to him will be the remembrance?","translation_id":"Dan pada hari itu diperlihatkan neraka Jahannam; dan pada hari itu ingatlah manusia, akan tetapi tidak berguna lagi mengingat itu baginya."},{"number":24,"text":"يَقُولُ يَٰلَيْتَنِى قَدَّمْتُ لِحَيَاتِى","translation_en":"He will say, \"Oh, I wish I had sent ahead [some good] for my life.\"","translation_id":"Dia mengatakan: \"Alangkah baiknya kiranya aku dahulu mengerjakan (amal saleh) untuk hidupku ini\"."},{"number":25,"text":"فَيَوْمَئِذٍ لَّا يُعَذِّبُ عَذَابَهُۥٓ أَحَدٌ","translation_en":"So on that Day, none will punish [as severely] as His punishment,","translation_id":"Maka pada hari itu tiada seorangpun yang menyiksa seperti siksa-Nya."},{"number":26,"text":"وَلَا يُوثِقُ وَثَاقَهُۥٓ أَحَدٌ","translation_en":"And none will bind [as severely] as His binding [of the evildoers].","translation_id":"dan tiada seorangpun yang mengikat seperti ikatan-Nya."},{"number":27,"text":"يَٰٓأَيَّتُهَا ٱلنَّفْسُ ٱلْمُطْمَئِنَّةُ","translation_en":"[To the righteous it will be said], \"O reassured soul,","translation_id":"Hai jiwa yang tenang."},{"number":28,"text":"ٱرْجِعِىٓ إِلَىٰ رَبِّكِ رَاضِيَةً مَّرْضِيَّةً","translation_en":"Return to your Lord, well-pleased and pleasing [to Him],","translation_id":"Kembalilah kepada Tuhanmu dengan hati yang puas lagi diridhai-Nya."},{"number":29,"text":"فَٱدْخُلِى فِى عِبَٰدِى","translation_en":"And enter among My [righteous] servants","translation_id":"Maka masuklah ke dalam jama'ah hamba-hamba-Ku,"},{"number":30,"text":"وَٱدْخُلِى جَنَّتِى","translation_en":"And enter My Paradise.\"","translation_id":"masuklah ke dalam surga-Ku."}]}