{"number":90,"name":"سورة البلد","transliteration_en":"Al-Balad","translation_en":"The City","total_verses":20,"revelation_type":"Meccan","verses":[{"number":1,"text":"بِسْمِ ٱللَّهِ ٱلرَّحْمَٰنِ ٱلرَّحِيمِ لَآ أُقْسِمُ بِهَٰذَا ٱلْبَلَدِ","translation_en":"I swear by this city, Makkah -","translation_id":"Aku benar-benar bersumpah dengan kota ini (Mekah),"},{"number":2,"text":"وَأَنتَ حِلٌّۢ بِهَٰذَا ٱلْبَلَدِ","translation_en":"And you, [O Muhammad], are free of restriction in this city -","translation_id":"dan kamu (Muhammad) bertempat di kota Mekah ini,"},{"number":3,"text":"وَوَالِدٍ وَمَا وَلَدَ","translation_en":"And [by] the father and that which was born [of him],","translation_id":"dan demi bapak dan anaknya."},{"number":4,"text":"لَقَدْ خَلَقْنَا ٱلْإِنسَٰنَ فِى كَبَدٍ","translation_en":"We have certainly created man into hardship.","translation_id":"Sesungguhnya Kami telah menciptakan manusia berada dalam susah payah."},{"number":5,"text":"أَيَحْسَبُ أَن لَّن يَقْدِرَ عَلَيْهِ أَحَدٌ","translation_en":"Does he think that never will anyone overcome him?","translation_id":"Apakah manusia itu menyangka bahwa sekali-kali tiada seorangpun yang berkuasa atasnya?"},{"number":6,"text":"يَقُولُ أَهْلَكْتُ مَالًا لُّبَدًا","translation_en":"He says, \"I have spent wealth in abundance.\"","translation_id":"Dan mengatakan: \"Aku telah menghabiskan harta yang banyak\"."},{"number":7,"text":"أَيَحْسَبُ أَن لَّمْ يَرَهُۥٓ أَحَدٌ","translation_en":"Does he think that no one has seen him?","translation_id":"Apakah dia menyangka bahwa tiada seorangpun yang melihatnya?"},{"number":8,"text":"أَلَمْ نَجْعَل لَّهُۥ عَيْنَيْنِ","translation_en":"Have We not made for him two eyes?","translation_id":"Bukankah Kami telah memberikan kepadanya dua buah mata,"},{"number":9,"text":"وَلِسَانًا وَشَفَتَيْنِ","translation_en":"And a tongue and two lips?","translation_id":"lidah dan dua buah bibir."},{"number":10,"text":"وَهَدَيْنَٰهُ ٱلنَّجْدَيْنِ","translation_en":"And have shown him the two ways?","translation_id":"Dan Kami telah menunjukkan kepadanya dua jalan,"},{"number":11,"text":"فَلَا ٱقْتَحَمَ ٱلْعَقَبَةَ","translation_en":"But he has not broken through the difficult pass.","translation_id":"Tetapi dia tiada menempuh jalan yang mendaki lagi sukar."},{"number":12,"text":"وَمَآ أَدْرَىٰكَ مَا ٱلْعَقَبَةُ","translation_en":"And what can make you know what is [breaking through] the difficult pass?","translation_id":"Tahukah kamu apakah jalan yang mendaki lagi sukar itu?"},{"number":13,"text":"فَكُّ رَقَبَةٍ","translation_en":"It is the freeing of a slave","translation_id":"(yaitu) melepaskan budak dari perbudakan,"},{"number":14,"text":"أَوْ إِطْعَٰمٌ فِى يَوْمٍ ذِى مَسْغَبَةٍ","translation_en":"Or feeding on a day of severe hunger","translation_id":"atau memberi makan pada hari kelaparan,"},{"number":15,"text":"يَتِيمًا ذَا مَقْرَبَةٍ","translation_en":"An orphan of near relationship","translation_id":"(kepada) anak yatim yang ada hubungan kerabat,"},{"number":16,"text":"أَوْ مِسْكِينًا ذَا مَتْرَبَةٍ","translation_en":"Or a needy person in misery","translation_id":"atau kepada orang miskin yang sangat fakir."},{"number":17,"text":"ثُمَّ كَانَ مِنَ ٱلَّذِينَ ءَامَنُوا۟ وَتَوَاصَوْا۟ بِٱلصَّبْرِ وَتَوَاصَوْا۟ بِٱلْمَرْحَمَةِ","translation_en":"And then being among those who believed and advised one another to patience and advised one another to compassion.","translation_id":"Dan dia (tidak pula) termasuk orang-orang yang beriman dan saling berpesan untuk bersabar dan saling berpesan untuk berkasih sayang."},{"number":18,"text":"أُو۟لَٰٓئِكَ أَصْحَٰبُ ٱلْمَيْمَنَةِ","translation_en":"Those are the companions of the right.","translation_id":"Mereka (orang-orang yang beriman dan saling berpesan itu) adalah golongan kanan."},{"number":19,"text":"وَٱلَّذِينَ كَفَرُوا۟ بِـَٔايَٰتِنَا هُمْ أَصْحَٰبُ ٱلْمَشْـَٔمَةِ","translation_en":"But they who disbelieved in Our signs - those are the companions of the left.","translation_id":"Dan orang-orang yang kafir kepada ayat-ayat Kami, mereka itu adalah golongan kiri."},{"number":20,"text":"عَلَيْهِمْ نَارٌ مُّؤْصَدَةٌۢ","translation_en":"Over them will be fire closed in.","translation_id":"Mereka berada dalam neraka yang ditutup rapat."}]}