{"number":91,"name":"سورة الشمس","transliteration_en":"Ash-Shams","translation_en":"The Sun","total_verses":15,"revelation_type":"Meccan","verses":[{"number":1,"text":"بِسْمِ ٱللَّهِ ٱلرَّحْمَٰنِ ٱلرَّحِيمِ وَٱلشَّمْسِ وَضُحَىٰهَا","translation_en":"By the sun and its brightness","translation_id":"Demi matahari dan cahayanya di pagi hari,"},{"number":2,"text":"وَٱلْقَمَرِ إِذَا تَلَىٰهَا","translation_en":"And [by] the moon when it follows it","translation_id":"dan bulan apabila mengiringinya,"},{"number":3,"text":"وَٱلنَّهَارِ إِذَا جَلَّىٰهَا","translation_en":"And [by] the day when it displays it","translation_id":"dan siang apabila menampakkannya,"},{"number":4,"text":"وَٱلَّيْلِ إِذَا يَغْشَىٰهَا","translation_en":"And [by] the night when it covers it","translation_id":"dan malam apabila menutupinya,"},{"number":5,"text":"وَٱلسَّمَآءِ وَمَا بَنَىٰهَا","translation_en":"And [by] the sky and He who constructed it","translation_id":"dan langit serta pembinaannya,"},{"number":6,"text":"وَٱلْأَرْضِ وَمَا طَحَىٰهَا","translation_en":"And [by] the earth and He who spread it","translation_id":"dan bumi serta penghamparannya,"},{"number":7,"text":"وَنَفْسٍ وَمَا سَوَّىٰهَا","translation_en":"And [by] the soul and He who proportioned it","translation_id":"dan jiwa serta penyempurnaannya (ciptaannya),"},{"number":8,"text":"فَأَلْهَمَهَا فُجُورَهَا وَتَقْوَىٰهَا","translation_en":"And inspired it [with discernment of] its wickedness and its righteousness,","translation_id":"maka Allah mengilhamkan kepada jiwa itu (jalan) kefasikan dan ketakwaannya."},{"number":9,"text":"قَدْ أَفْلَحَ مَن زَكَّىٰهَا","translation_en":"He has succeeded who purifies it,","translation_id":"sesungguhnya beruntunglah orang yang mensucikan jiwa itu,"},{"number":10,"text":"وَقَدْ خَابَ مَن دَسَّىٰهَا","translation_en":"And he has failed who instills it [with corruption].","translation_id":"dan sesungguhnya merugilah orang yang mengotorinya."},{"number":11,"text":"كَذَّبَتْ ثَمُودُ بِطَغْوَىٰهَآ","translation_en":"Thamud denied [their prophet] by reason of their transgression,","translation_id":"(Kaum) Tsamud telah mendustakan (rasulnya) karena mereka melampaui batas,"},{"number":12,"text":"إِذِ ٱنۢبَعَثَ أَشْقَىٰهَا","translation_en":"When the most wretched of them was sent forth.","translation_id":"ketika bangkit orang yang paling celaka di antara mereka,"},{"number":13,"text":"فَقَالَ لَهُمْ رَسُولُ ٱللَّهِ نَاقَةَ ٱللَّهِ وَسُقْيَٰهَا","translation_en":"And the messenger of Allah [Salih] said to them, \"[Do not harm] the she-camel of Allah or [prevent her from] her drink.\"","translation_id":"lalu Rasul Allah (Saleh) berkata kepada mereka: (\"Biarkanlah) unta betina Allah dan minumannya\"."},{"number":14,"text":"فَكَذَّبُوهُ فَعَقَرُوهَا فَدَمْدَمَ عَلَيْهِمْ رَبُّهُم بِذَنۢبِهِمْ فَسَوَّىٰهَا","translation_en":"But they denied him and hamstrung her. So their Lord brought down upon them destruction for their sin and made it equal [upon all of them].","translation_id":"Lalu mereka mendustakannya dan menyembelih unta itu, maka Tuhan mereka membinasakan mereka disebabkan dosa mereka, lalu Allah menyama-ratakan mereka (dengan tanah),"},{"number":15,"text":"وَلَا يَخَافُ عُقْبَٰهَا","translation_en":"And He does not fear the consequence thereof.","translation_id":"dan Allah tidak takut terhadap akibat tindakan-Nya itu."}]}