{"number":92,"name":"سورة الليل","transliteration_en":"Al-Lail","translation_en":"The Night","total_verses":21,"revelation_type":"Meccan","verses":[{"number":1,"text":"بِسْمِ ٱللَّهِ ٱلرَّحْمَٰنِ ٱلرَّحِيمِ وَٱلَّيْلِ إِذَا يَغْشَىٰ","translation_en":"By the night when it covers","translation_id":"Demi malam apabila menutupi (cahaya siang),"},{"number":2,"text":"وَٱلنَّهَارِ إِذَا تَجَلَّىٰ","translation_en":"And [by] the day when it appears","translation_id":"dan siang apabila terang benderang,"},{"number":3,"text":"وَمَا خَلَقَ ٱلذَّكَرَ وَٱلْأُنثَىٰٓ","translation_en":"And [by] He who created the male and female,","translation_id":"dan penciptaan laki-laki dan perempuan,"},{"number":4,"text":"إِنَّ سَعْيَكُمْ لَشَتَّىٰ","translation_en":"Indeed, your efforts are diverse.","translation_id":"sesungguhnya usaha kamu memang berbeda-beda."},{"number":5,"text":"فَأَمَّا مَنْ أَعْطَىٰ وَٱتَّقَىٰ","translation_en":"As for he who gives and fears Allah","translation_id":"Adapun orang yang memberikan (hartanya di jalan Allah) dan bertakwa,"},{"number":6,"text":"وَصَدَّقَ بِٱلْحُسْنَىٰ","translation_en":"And believes in the best [reward],","translation_id":"dan membenarkan adanya pahala yang terbaik (surga),"},{"number":7,"text":"فَسَنُيَسِّرُهُۥ لِلْيُسْرَىٰ","translation_en":"We will ease him toward ease.","translation_id":"maka Kami kelak akan menyiapkan baginya jalan yang mudah."},{"number":8,"text":"وَأَمَّا مَنۢ بَخِلَ وَٱسْتَغْنَىٰ","translation_en":"But as for he who withholds and considers himself free of need","translation_id":"Dan adapun orang-orang yang bakhil dan merasa dirinya cukup,"},{"number":9,"text":"وَكَذَّبَ بِٱلْحُسْنَىٰ","translation_en":"And denies the best [reward],","translation_id":"serta mendustakan pahala terbaik,"},{"number":10,"text":"فَسَنُيَسِّرُهُۥ لِلْعُسْرَىٰ","translation_en":"We will ease him toward difficulty.","translation_id":"maka kelak Kami akan menyiapkan baginya (jalan) yang sukar."},{"number":11,"text":"وَمَا يُغْنِى عَنْهُ مَالُهُۥٓ إِذَا تَرَدَّىٰٓ","translation_en":"And what will his wealth avail him when he falls?","translation_id":"Dan hartanya tidak bermanfaat baginya apabila ia telah binasa."},{"number":12,"text":"إِنَّ عَلَيْنَا لَلْهُدَىٰ","translation_en":"Indeed, [incumbent] upon Us is guidance.","translation_id":"Sesungguhnya kewajiban Kamilah memberi petunjuk,"},{"number":13,"text":"وَإِنَّ لَنَا لَلْءَاخِرَةَ وَٱلْأُولَىٰ","translation_en":"And indeed, to Us belongs the Hereafter and the first [life].","translation_id":"dan sesungguhnya kepunyaan Kamilah akhirat dan dunia."},{"number":14,"text":"فَأَنذَرْتُكُمْ نَارًا تَلَظَّىٰ","translation_en":"So I have warned you of a Fire which is blazing.","translation_id":"Maka, kami memperingatkan kamu dengan neraka yang menyala-nyala."},{"number":15,"text":"لَا يَصْلَىٰهَآ إِلَّا ٱلْأَشْقَى","translation_en":"None will [enter to] burn therein except the most wretched one.","translation_id":"Tidak ada yang masuk ke dalamnya kecuali orang yang paling celaka,"},{"number":16,"text":"ٱلَّذِى كَذَّبَ وَتَوَلَّىٰ","translation_en":"Who had denied and turned away.","translation_id":"yang mendustakan (kebenaran) dan berpaling (dari iman)."},{"number":17,"text":"وَسَيُجَنَّبُهَا ٱلْأَتْقَى","translation_en":"But the righteous one will avoid it -","translation_id":"Dan kelak akan dijauhkan orang yang paling takwa dari neraka itu,"},{"number":18,"text":"ٱلَّذِى يُؤْتِى مَالَهُۥ يَتَزَكَّىٰ","translation_en":"[He] who gives [from] his wealth to purify himself","translation_id":"yang menafkahkan hartanya (di jalan Allah) untuk membersihkannya,"},{"number":19,"text":"وَمَا لِأَحَدٍ عِندَهُۥ مِن نِّعْمَةٍ تُجْزَىٰٓ","translation_en":"And not [giving] for anyone who has [done him] a favor to be rewarded","translation_id":"padahal tidak ada seseorangpun memberikan suatu nikmat kepadanya yang harus dibalasnya,"},{"number":20,"text":"إِلَّا ٱبْتِغَآءَ وَجْهِ رَبِّهِ ٱلْأَعْلَىٰ","translation_en":"But only seeking the countenance of his Lord, Most High.","translation_id":"tetapi (dia memberikan itu semata-mata) karena mencari keridhaan Tuhannya yang Maha Tinggi."},{"number":21,"text":"وَلَسَوْفَ يَرْضَىٰ","translation_en":"And he is going to be satisfied.","translation_id":"Dan kelak dia benar-benar mendapat kepuasan."}]}