{"number":93,"name":"سورة الضحى","transliteration_en":"Ad-Dhuhaa","translation_en":"The Morning Hours","total_verses":11,"revelation_type":"Meccan","verses":[{"number":1,"text":"بِسْمِ ٱللَّهِ ٱلرَّحْمَٰنِ ٱلرَّحِيمِ وَٱلضُّحَىٰ","translation_en":"By the morning brightness","translation_id":"Demi waktu matahari sepenggalahan naik,"},{"number":2,"text":"وَٱلَّيْلِ إِذَا سَجَىٰ","translation_en":"And [by] the night when it covers with darkness,","translation_id":"dan demi malam apabila telah sunyi (gelap),"},{"number":3,"text":"مَا وَدَّعَكَ رَبُّكَ وَمَا قَلَىٰ","translation_en":"Your Lord has not taken leave of you, [O Muhammad], nor has He detested [you].","translation_id":"Tuhanmu tiada meninggalkan kamu dan tiada (pula) benci kepadamu."},{"number":4,"text":"وَلَلْءَاخِرَةُ خَيْرٌ لَّكَ مِنَ ٱلْأُولَىٰ","translation_en":"And the Hereafter is better for you than the first [life].","translation_id":"Dan sesungguhnya hari kemudian itu lebih baik bagimu daripada yang sekarang (permulaan)."},{"number":5,"text":"وَلَسَوْفَ يُعْطِيكَ رَبُّكَ فَتَرْضَىٰٓ","translation_en":"And your Lord is going to give you, and you will be satisfied.","translation_id":"Dan kelak Tuhanmu pasti memberikan karunia-Nya kepadamu, lalu (hati) kamu menjadi puas."},{"number":6,"text":"أَلَمْ يَجِدْكَ يَتِيمًا فَـَٔاوَىٰ","translation_en":"Did He not find you an orphan and give [you] refuge?","translation_id":"Bukankah Dia mendapatimu sebagai seorang yatim, lalu Dia melindungimu?"},{"number":7,"text":"وَوَجَدَكَ ضَآلًّا فَهَدَىٰ","translation_en":"And He found you lost and guided [you],","translation_id":"Dan Dia mendapatimu sebagai seorang yang bingung, lalu Dia memberikan petunjuk."},{"number":8,"text":"وَوَجَدَكَ عَآئِلًا فَأَغْنَىٰ","translation_en":"And He found you poor and made [you] self-sufficient.","translation_id":"Dan Dia mendapatimu sebagai seorang yang kekurangan, lalu Dia memberikan kecukupan."},{"number":9,"text":"فَأَمَّا ٱلْيَتِيمَ فَلَا تَقْهَرْ","translation_en":"So as for the orphan, do not oppress [him].","translation_id":"Sebab itu, terhadap anak yatim janganlah kamu berlaku sewenang-wenang."},{"number":10,"text":"وَأَمَّا ٱلسَّآئِلَ فَلَا تَنْهَرْ","translation_en":"And as for the petitioner, do not repel [him].","translation_id":"Dan terhadap orang yang minta-minta, janganlah kamu menghardiknya."},{"number":11,"text":"وَأَمَّا بِنِعْمَةِ رَبِّكَ فَحَدِّثْ","translation_en":"But as for the favor of your Lord, report [it].","translation_id":"Dan terhadap nikmat Tuhanmu, maka hendaklah kamu siarkan."}]}