{"number":94,"name":"سورة الشرح","transliteration_en":"Ash-Sharh","translation_en":"The Consolation","total_verses":8,"revelation_type":"Meccan","verses":[{"number":1,"text":"بِسْمِ ٱللَّهِ ٱلرَّحْمَٰنِ ٱلرَّحِيمِ أَلَمْ نَشْرَحْ لَكَ صَدْرَكَ","translation_en":"Did We not expand for you, [O Muhammad], your breast?","translation_id":"Bukankah Kami telah melapangkan untukmu dadamu?,"},{"number":2,"text":"وَوَضَعْنَا عَنكَ وِزْرَكَ","translation_en":"And We removed from you your burden","translation_id":"dan Kami telah menghilangkan daripadamu bebanmu,"},{"number":3,"text":"ٱلَّذِىٓ أَنقَضَ ظَهْرَكَ","translation_en":"Which had weighed upon your back","translation_id":"yang memberatkan punggungmu?"},{"number":4,"text":"وَرَفَعْنَا لَكَ ذِكْرَكَ","translation_en":"And raised high for you your repute.","translation_id":"Dan Kami tinggikan bagimu sebutan (nama)mu,"},{"number":5,"text":"فَإِنَّ مَعَ ٱلْعُسْرِ يُسْرًا","translation_en":"For indeed, with hardship [will be] ease.","translation_id":"Karena sesungguhnya sesudah kesulitan itu ada kemudahan,"},{"number":6,"text":"إِنَّ مَعَ ٱلْعُسْرِ يُسْرًا","translation_en":"Indeed, with hardship [will be] ease.","translation_id":"sesungguhnya sesudah kesulitan itu ada kemudahan."},{"number":7,"text":"فَإِذَا فَرَغْتَ فَٱنصَبْ","translation_en":"So when you have finished [your duties], then stand up [for worship].","translation_id":"Maka apabila kamu telah selesai (dari sesuatu urusan), kerjakanlah dengan sungguh-sungguh (urusan) yang lain,"},{"number":8,"text":"وَإِلَىٰ رَبِّكَ فَٱرْغَب","translation_en":"And to your Lord direct [your] longing.","translation_id":"dan hanya kepada Tuhanmulah hendaknya kamu berharap."}]}