{"number":95,"name":"سورة التين","transliteration_en":"At-Tin","translation_en":"The Fig","total_verses":8,"revelation_type":"Meccan","verses":[{"number":1,"text":"بِّسْمِ ٱللَّهِ ٱلرَّحْمَٰنِ ٱلرَّحِيمِ وَٱلتِّينِ وَٱلزَّيْتُونِ","translation_en":"By the fig and the olive","translation_id":"Demi (buah) Tin dan (buah) Zaitun,"},{"number":2,"text":"وَطُورِ سِينِينَ","translation_en":"And [by] Mount Sinai","translation_id":"dan demi bukit Sinai,"},{"number":3,"text":"وَهَٰذَا ٱلْبَلَدِ ٱلْأَمِينِ","translation_en":"And [by] this secure city [Makkah],","translation_id":"dan demi kota (Mekah) ini yang aman,"},{"number":4,"text":"لَقَدْ خَلَقْنَا ٱلْإِنسَٰنَ فِىٓ أَحْسَنِ تَقْوِيمٍ","translation_en":"We have certainly created man in the best of stature;","translation_id":"sesungguhnya Kami telah menciptakan manusia dalam bentuk yang sebaik-baiknya."},{"number":5,"text":"ثُمَّ رَدَدْنَٰهُ أَسْفَلَ سَٰفِلِينَ","translation_en":"Then We return him to the lowest of the low,","translation_id":"Kemudian Kami kembalikan dia ke tempat yang serendah-rendahnya (neraka),"},{"number":6,"text":"إِلَّا ٱلَّذِينَ ءَامَنُوا۟ وَعَمِلُوا۟ ٱلصَّٰلِحَٰتِ فَلَهُمْ أَجْرٌ غَيْرُ مَمْنُونٍ","translation_en":"Except for those who believe and do righteous deeds, for they will have a reward uninterrupted.","translation_id":"kecuali orang-orang yang beriman dan mengerjakan amal saleh; maka bagi mereka pahala yang tiada putus-putusnya."},{"number":7,"text":"فَمَا يُكَذِّبُكَ بَعْدُ بِٱلدِّينِ","translation_en":"So what yet causes you to deny the Recompense?","translation_id":"Maka apakah yang menyebabkan kamu mendustakan (hari) pembalasan sesudah (adanya keterangan-keterangan) itu?"},{"number":8,"text":"أَلَيْسَ ٱللَّهُ بِأَحْكَمِ ٱلْحَٰكِمِينَ","translation_en":"Is not Allah the most just of judges?","translation_id":"Bukankah Allah Hakim yang seadil-adilnya?"}]}