{"number":97,"name":"سورة القدر","transliteration_en":"Al-Qadr","translation_en":"The Power, Fate","total_verses":5,"revelation_type":"Meccan","verses":[{"number":1,"text":"بِّسْمِ ٱللَّهِ ٱلرَّحْمَٰنِ ٱلرَّحِيمِ إِنَّآ أَنزَلْنَٰهُ فِى لَيْلَةِ ٱلْقَدْرِ","translation_en":"Indeed, We sent the Qur'an down during the Night of Decree.","translation_id":"Sesungguhnya Kami telah menurunkannya (Al Quran) pada malam kemuliaan."},{"number":2,"text":"وَمَآ أَدْرَىٰكَ مَا لَيْلَةُ ٱلْقَدْرِ","translation_en":"And what can make you know what is the Night of Decree?","translation_id":"Dan tahukah kamu apakah malam kemuliaan itu?"},{"number":3,"text":"لَيْلَةُ ٱلْقَدْرِ خَيْرٌ مِّنْ أَلْفِ شَهْرٍ","translation_en":"The Night of Decree is better than a thousand months.","translation_id":"Malam kemuliaan itu lebih baik dari seribu bulan."},{"number":4,"text":"تَنَزَّلُ ٱلْمَلَٰٓئِكَةُ وَٱلرُّوحُ فِيهَا بِإِذْنِ رَبِّهِم مِّن كُلِّ أَمْرٍ","translation_en":"The angels and the Spirit descend therein by permission of their Lord for every matter.","translation_id":"Pada malam itu turun malaikat-malaikat dan malaikat Jibril dengan izin Tuhannya untuk mengatur segala urusan."},{"number":5,"text":"سَلَٰمٌ هِىَ حَتَّىٰ مَطْلَعِ ٱلْفَجْرِ","translation_en":"Peace it is until the emergence of dawn.","translation_id":"Malam itu (penuh) kesejahteraan sampai terbit fajar."}]}