{"number":98,"name":"سورة البينة","transliteration_en":"Al-Bayyina","translation_en":"The Evidence","total_verses":8,"revelation_type":"Medinan","verses":[{"number":1,"text":"بِسْمِ ٱللَّهِ ٱلرَّحْمَٰنِ ٱلرَّحِيمِ لَمْ يَكُنِ ٱلَّذِينَ كَفَرُوا۟ مِنْ أَهْلِ ٱلْكِتَٰبِ وَٱلْمُشْرِكِينَ مُنفَكِّينَ حَتَّىٰ تَأْتِيَهُمُ ٱلْبَيِّنَةُ","translation_en":"Those who disbelieved among the People of the Scripture and the polytheists were not to be parted [from misbelief] until there came to them clear evidence -","translation_id":"Orang-orang kafir yakni ahli Kitab dan orang-orang musyrik (mengatakan bahwa mereka) tidak akan meninggalkan (agamanya) sebelum datang kepada mereka bukti yang nyata,"},{"number":2,"text":"رَسُولٌ مِّنَ ٱللَّهِ يَتْلُوا۟ صُحُفًا مُّطَهَّرَةً","translation_en":"A Messenger from Allah, reciting purified scriptures","translation_id":"(yaitu) seorang Rasul dari Allah (Muhammad) yang membacakan lembaran-lembaran yang disucikan (Al Quran),"},{"number":3,"text":"فِيهَا كُتُبٌ قَيِّمَةٌ","translation_en":"Within which are correct writings.","translation_id":"di dalamnya terdapat (isi) Kitab-kitab yang lurus."},{"number":4,"text":"وَمَا تَفَرَّقَ ٱلَّذِينَ أُوتُوا۟ ٱلْكِتَٰبَ إِلَّا مِنۢ بَعْدِ مَا جَآءَتْهُمُ ٱلْبَيِّنَةُ","translation_en":"Nor did those who were given the Scripture become divided until after there had come to them clear evidence.","translation_id":"Dan tidaklah berpecah belah orang-orang yang didatangkan Al Kitab (kepada mereka) melainkan sesudah datang kepada mereka bukti yang nyata."},{"number":5,"text":"وَمَآ أُمِرُوٓا۟ إِلَّا لِيَعْبُدُوا۟ ٱللَّهَ مُخْلِصِينَ لَهُ ٱلدِّينَ حُنَفَآءَ وَيُقِيمُوا۟ ٱلصَّلَوٰةَ وَيُؤْتُوا۟ ٱلزَّكَوٰةَ وَذَٰلِكَ دِينُ ٱلْقَيِّمَةِ","translation_en":"And they were not commanded except to worship Allah, [being] sincere to Him in religion, inclining to truth, and to establish prayer and to give zakah. And that is the correct religion.","translation_id":"Padahal mereka tidak disuruh kecuali supaya menyembah Allah dengan memurnikan ketaatan kepada-Nya dalam (menjalankan) agama yang lurus, dan supaya mereka mendirikan shalat dan menunaikan zakat; dan yang demikian itulah agama yang lurus."},{"number":6,"text":"إِنَّ ٱلَّذِينَ كَفَرُوا۟ مِنْ أَهْلِ ٱلْكِتَٰبِ وَٱلْمُشْرِكِينَ فِى نَارِ جَهَنَّمَ خَٰلِدِينَ فِيهَآ أُو۟لَٰٓئِكَ هُمْ شَرُّ ٱلْبَرِيَّةِ","translation_en":"Indeed, they who disbelieved among the People of the Scripture and the polytheists will be in the fire of Hell, abiding eternally therein. Those are the worst of creatures.","translation_id":"Sesungguhnya orang-orang yang kafir yakni ahli Kitab dan orang-orang yang musyrik (akan masuk) ke neraka Jahannam; mereka kekal di dalamnya. Mereka itu adalah seburuk-buruk makhluk."},{"number":7,"text":"إِنَّ ٱلَّذِينَ ءَامَنُوا۟ وَعَمِلُوا۟ ٱلصَّٰلِحَٰتِ أُو۟لَٰٓئِكَ هُمْ خَيْرُ ٱلْبَرِيَّةِ","translation_en":"Indeed, they who have believed and done righteous deeds - those are the best of creatures.","translation_id":"Sesungguhnya orang-orang yang beriman dan mengerjakan amal saleh, mereka itu adalah sebaik-baik makhluk."},{"number":8,"text":"جَزَآؤُهُمْ عِندَ رَبِّهِمْ جَنَّٰتُ عَدْنٍ تَجْرِى مِن تَحْتِهَا ٱلْأَنْهَٰرُ خَٰلِدِينَ فِيهَآ أَبَدًا رَّضِىَ ٱللَّهُ عَنْهُمْ وَرَضُوا۟ عَنْهُ ذَٰلِكَ لِمَنْ خَشِىَ رَبَّهُۥ","translation_en":"Their reward with Allah will be gardens of perpetual residence beneath which rivers flow, wherein they will abide forever, Allah being pleased with them and they with Him. That is for whoever has feared his Lord.","translation_id":"Balasan mereka di sisi Tuhan mereka ialah surga 'Adn yang mengalir di bawahnya sungai-sungai; mereka kekal di dalamnya selama-lamanya. Allah ridha terhadap mereka dan merekapun ridha kepada-Nya. Yang demikian itu adalah (balasan) bagi orang yang takut kepada Tuhannya."}]}