{"number":99,"name":"سورة الزلزلة","transliteration_en":"Az-Zalzala","translation_en":"The Earthquake","total_verses":8,"revelation_type":"Medinan","verses":[{"number":1,"text":"بِسْمِ ٱللَّهِ ٱلرَّحْمَٰنِ ٱلرَّحِيمِ إِذَا زُلْزِلَتِ ٱلْأَرْضُ زِلْزَالَهَا","translation_en":"When the earth is shaken with its [final] earthquake","translation_id":"Apabila bumi digoncangkan dengan goncangan (yang dahsyat),"},{"number":2,"text":"وَأَخْرَجَتِ ٱلْأَرْضُ أَثْقَالَهَا","translation_en":"And the earth discharges its burdens","translation_id":"dan bumi telah mengeluarkan beban-beban berat (yang dikandung)nya,"},{"number":3,"text":"وَقَالَ ٱلْإِنسَٰنُ مَا لَهَا","translation_en":"And man says, \"What is [wrong] with it?\" -","translation_id":"dan manusia bertanya: \"Mengapa bumi (menjadi begini)?\","},{"number":4,"text":"يَوْمَئِذٍ تُحَدِّثُ أَخْبَارَهَا","translation_en":"That Day, it will report its news","translation_id":"pada hari itu bumi menceritakan beritanya,"},{"number":5,"text":"بِأَنَّ رَبَّكَ أَوْحَىٰ لَهَا","translation_en":"Because your Lord has commanded it.","translation_id":"karena sesungguhnya Tuhanmu telah memerintahkan (yang sedemikian itu) kepadanya."},{"number":6,"text":"يَوْمَئِذٍ يَصْدُرُ ٱلنَّاسُ أَشْتَاتًا لِّيُرَوْا۟ أَعْمَٰلَهُمْ","translation_en":"That Day, the people will depart separated [into categories] to be shown [the result of] their deeds.","translation_id":"Pada hari itu manusia ke luar dari kuburnya dalam keadaan bermacam-macam, supaya diperlihatkan kepada mereka (balasan) pekerjaan mereka,"},{"number":7,"text":"فَمَن يَعْمَلْ مِثْقَالَ ذَرَّةٍ خَيْرًا يَرَهُۥ","translation_en":"So whoever does an atom's weight of good will see it,","translation_id":"Barangsiapa yang mengerjakan kebaikan seberat dzarrahpun, niscaya dia akan melihat (balasan)nya."},{"number":8,"text":"وَمَن يَعْمَلْ مِثْقَالَ ذَرَّةٍ شَرًّا يَرَهُۥ","translation_en":"And whoever does an atom's weight of evil will see it.","translation_id":"Dan barangsiapa yang mengerjakan kejahatan sebesar dzarrahpun, niscaya dia akan melihat (balasan)nya pula."}]}